Copyright 1986-2022 Xilinx, Inc. All Rights Reserved. Copyright 2022-2025 Advanced Micro Devices, Inc. All Rights Reserved.
------------------------------------------------------------------------------------------------------------------------------------------------------------------------------------------------------------------------------------------------------------
| Tool Version : Vivado v.2025.2 (win64) Build 6299465 Fri Nov 14 19:35:11 GMT 2025
| Date         : Tue Jun 16 16:55:40 2026
| Host         : devot-soul-to-hw running 64-bit major release  (build 9200)
| Command      : report_timing_summary -max_paths 10 -routable_nets -report_unconstrained -file rv32_top_wrapper_timing_summary_routed.rpt -pb rv32_top_wrapper_timing_summary_routed.pb -rpx rv32_top_wrapper_timing_summary_routed.rpx -warn_on_violation
| Design       : rv32_top_wrapper
| Device       : 7z020-clg400
| Speed File   : -1  PRODUCTION 1.12 2019-11-22
| Design State : Routed
------------------------------------------------------------------------------------------------------------------------------------------------------------------------------------------------------------------------------------------------------------

Timing Summary Report

------------------------------------------------------------------------------------------------
| Timer Settings
| --------------
------------------------------------------------------------------------------------------------

  Enable Multi Corner Analysis               :  Yes
  Enable Pessimism Removal                   :  Yes
  Pessimism Removal Resolution               :  Nearest Common Node
  Enable Input Delay Default Clock           :  No
  Enable Preset / Clear Arcs                 :  No
  Disable Flight Delays                      :  No
  Ignore I/O Paths                           :  No
  Timing Early Launch at Borrowing Latches   :  No
  Borrow Time for Max Delay Exceptions       :  Yes
  Merge Timing Exceptions                    :  Yes
  Inter-SLR Compensation                     :  Conservative

  Corner  Analyze    Analyze    
  Name    Max Paths  Min Paths  
  ------  ---------  ---------  
  Slow    Yes        Yes        
  Fast    Yes        Yes        


------------------------------------------------------------------------------------------------
| Report Methodology
| ------------------
------------------------------------------------------------------------------------------------

Rule       Severity  Description                                Violations  
---------  --------  -----------------------------------------  ----------  
HPDR-1     Warning   Port pin direction inconsistency           11          
HPDR-2     Warning   Port pin INOUT inconsistency               28          
LUTAR-1    Warning   LUT drives async reset alert               1           
TIMING-18  Warning   Missing input or output delay              92          
ULMTCS-2   Warning   Control Sets use limits require reduction  1           

Note: This report is based on the most recent report_methodology run and may not be up-to-date. Run report_methodology on the current design for the latest report.



check_timing report

Table of Contents
-----------------
1. checking no_clock (0)
2. checking constant_clock (0)
3. checking pulse_width_clock (0)
4. checking unconstrained_internal_endpoints (0)
5. checking no_input_delay (37)
6. checking no_output_delay (41)
7. checking multiple_clock (0)
8. checking generated_clocks (0)
9. checking loops (0)
10. checking partial_input_delay (0)
11. checking partial_output_delay (0)
12. checking latch_loops (0)

1. checking no_clock (0)
------------------------
 There are 0 register/latch pins with no clock.


2. checking constant_clock (0)
------------------------------
 There are 0 register/latch pins with constant_clock.


3. checking pulse_width_clock (0)
---------------------------------
 There are 0 register/latch pins which need pulse_width check


4. checking unconstrained_internal_endpoints (0)
------------------------------------------------
 There are 0 pins that are not constrained for maximum delay.

 There are 0 pins that are not constrained for maximum delay due to constant clock.


5. checking no_input_delay (37)
-------------------------------
 There are 37 input ports with no input delay specified. (HIGH)

 There are 0 input ports with no input delay but user has a false path constraint.


6. checking no_output_delay (41)
--------------------------------
 There are 41 ports with no output delay specified. (HIGH)

 There are 0 ports with no output delay but user has a false path constraint

 There are 0 ports with no output delay but with a timing clock defined on it or propagating through it


7. checking multiple_clock (0)
------------------------------
 There are 0 register/latch pins with multiple clocks.


8. checking generated_clocks (0)
--------------------------------
 There are 0 generated clocks that are not connected to a clock source.


9. checking loops (0)
---------------------
 There are 0 combinational loops in the design.


10. checking partial_input_delay (0)
------------------------------------
 There are 0 input ports with partial input delay specified.


11. checking partial_output_delay (0)
-------------------------------------
 There are 0 ports with partial output delay specified.


12. checking latch_loops (0)
----------------------------
 There are 0 combinational latch loops in the design through latch input



------------------------------------------------------------------------------------------------
| Design Timing Summary
| ---------------------
------------------------------------------------------------------------------------------------

    WNS(ns)      TNS(ns)  TNS Failing Endpoints  TNS Total Endpoints      WHS(ns)      THS(ns)  THS Failing Endpoints  THS Total Endpoints     WPWS(ns)     TPWS(ns)  TPWS Failing Endpoints  TPWS Total Endpoints  
    -------      -------  ---------------------  -------------------      -------      -------  ---------------------  -------------------     --------     --------  ----------------------  --------------------  
      2.321        0.000                      0                87385        0.031        0.000                      0                87385        8.750        0.000                       0                 39071  


All user specified timing constraints are met.


------------------------------------------------------------------------------------------------
| Clock Summary
| -------------
------------------------------------------------------------------------------------------------

Clock       Waveform(ns)       Period(ns)      Frequency(MHz)
-----       ------------       ----------      --------------
clk_fpga_0  {0.000 10.000}     20.000          50.000          


------------------------------------------------------------------------------------------------
| Intra Clock Table
| -----------------
------------------------------------------------------------------------------------------------

Clock             WNS(ns)      TNS(ns)  TNS Failing Endpoints  TNS Total Endpoints      WHS(ns)      THS(ns)  THS Failing Endpoints  THS Total Endpoints     WPWS(ns)     TPWS(ns)  TPWS Failing Endpoints  TPWS Total Endpoints  
-----             -------      -------  ---------------------  -------------------      -------      -------  ---------------------  -------------------     --------     --------  ----------------------  --------------------  
clk_fpga_0          2.321        0.000                      0                84271        0.031        0.000                      0                84271        8.750        0.000                       0                 39071  


------------------------------------------------------------------------------------------------
| Inter Clock Table
| -----------------
------------------------------------------------------------------------------------------------

From Clock    To Clock          WNS(ns)      TNS(ns)  TNS Failing Endpoints  TNS Total Endpoints      WHS(ns)      THS(ns)  THS Failing Endpoints  THS Total Endpoints  
----------    --------          -------      -------  ---------------------  -------------------      -------      -------  ---------------------  -------------------  


------------------------------------------------------------------------------------------------
| Other Path Groups Table
| -----------------------
------------------------------------------------------------------------------------------------

Path Group         From Clock         To Clock               WNS(ns)      TNS(ns)  TNS Failing Endpoints  TNS Total Endpoints      WHS(ns)      THS(ns)  THS Failing Endpoints  THS Total Endpoints  
----------         ----------         --------               -------      -------  ---------------------  -------------------      -------      -------  ---------------------  -------------------  
**async_default**  clk_fpga_0         clk_fpga_0               6.871        0.000                      0                 3114        0.737        0.000                      0                 3114  


------------------------------------------------------------------------------------------------
| User Ignored Path Table
| -----------------------
------------------------------------------------------------------------------------------------

Path Group    From Clock    To Clock    
----------    ----------    --------    
(none)                      clk_fpga_0    
(none)        clk_fpga_0    clk_fpga_0    


------------------------------------------------------------------------------------------------
| Unconstrained Path Table
| ------------------------
------------------------------------------------------------------------------------------------

Path Group    From Clock    To Clock    
----------    ----------    --------    
(none)        clk_fpga_0                  
(none)                      clk_fpga_0    


------------------------------------------------------------------------------------------------
| Timing Details
| --------------
------------------------------------------------------------------------------------------------


---------------------------------------------------------------------------------------------------
From Clock:  clk_fpga_0
  To Clock:  clk_fpga_0

Setup :            0  Failing Endpoints,  Worst Slack        2.321ns,  Total Violation        0.000ns
Hold  :            0  Failing Endpoints,  Worst Slack        0.031ns,  Total Violation        0.000ns
PW    :            0  Failing Endpoints,  Worst Slack        8.750ns,  Total Violation        0.000ns
---------------------------------------------------------------------------------------------------


Max Delay Paths
--------------------------------------------------------------------------------------
Slack (MET) :             2.321ns  (required time - arrival time)
  Source:                 rv32_top_i/plat/U0/u_core/exmem_alu_result_reg[6]/C
                            (rising edge-triggered cell FDCE clocked by clk_fpga_0  {rise@0.000ns fall@10.000ns period=20.000ns})
  Destination:            rv32_top_i/plat/U0/u_core/memwb_read_data_reg[16]/D
                            (rising edge-triggered cell FDCE clocked by clk_fpga_0  {rise@0.000ns fall@10.000ns period=20.000ns})
  Path Group:             clk_fpga_0
  Path Type:              Setup (Max at Slow Process Corner)
  Requirement:            20.000ns  (clk_fpga_0 rise@20.000ns - clk_fpga_0 rise@0.000ns)
  Data Path Delay:        17.417ns  (logic 2.580ns (14.813%)  route 14.837ns (85.187%))
  Logic Levels:           12  (LUT3=1 LUT4=2 LUT6=5 MUXF7=2 MUXF8=2)
  Clock Path Skew:        0.011ns (DCD - SCD + CPR)
    Destination Clock Delay (DCD):    2.882ns = ( 22.882 - 20.000 ) 
    Source Clock Delay      (SCD):    3.118ns
    Clock Pessimism Removal (CPR):    0.247ns
  Clock Uncertainty:      0.302ns  ((TSJ^2 + TIJ^2)^1/2 + DJ) / 2 + PE
    Total System Jitter     (TSJ):    0.071ns
    Total Input Jitter      (TIJ):    0.600ns
    Discrete Jitter          (DJ):    0.000ns
    Phase Error              (PE):    0.000ns

    Location             Delay type                Incr(ns)  Path(ns)    Netlist Resource(s)
  -------------------------------------------------------------------    -------------------
                         (clock clk_fpga_0 rise edge)
                                                      0.000     0.000 r  
    PS7_X0Y0             PS7                          0.000     0.000 r  rv32_top_i/ps7/inst/PS7_i/FCLKCLK[0]
                         net (fo=1, routed)           1.193     1.193    rv32_top_i/ps7/inst/FCLK_CLK_unbuffered[0]
    BUFGCTRL_X0Y16       BUFG (Prop_bufg_I_O)         0.101     1.294 r  rv32_top_i/ps7/inst/buffer_fclk_clk_0.FCLK_CLK_0_BUFG/O
                         net (fo=39071, routed)       1.824     3.118    rv32_top_i/plat/U0/u_core/S_AXI_ACLK
    SLICE_X51Y115        FDCE                                         r  rv32_top_i/plat/U0/u_core/exmem_alu_result_reg[6]/C
  -------------------------------------------------------------------    -------------------
    SLICE_X51Y115        FDCE (Prop_fdce_C_Q)         0.456     3.574 r  rv32_top_i/plat/U0/u_core/exmem_alu_result_reg[6]/Q
                         net (fo=8151, routed)        4.710     8.284    rv32_top_i/plat/U0/u_dcache/u_data/A[2]
    SLICE_X7Y8           MUXF7 (Prop_muxf7_S_O)       0.296     8.580 r  rv32_top_i/plat/U0/u_dcache/u_data/mem[0]_inferred__7/memwb_read_data_reg[7]_i_228/O
                         net (fo=1, routed)           0.000     8.580    rv32_top_i/plat/U0/u_dcache/u_data/mem[0]_inferred__7/memwb_read_data_reg[7]_i_228_n_0
    SLICE_X7Y8           MUXF8 (Prop_muxf8_I0_O)      0.104     8.684 r  rv32_top_i/plat/U0/u_dcache/u_data/mem[0]_inferred__7/memwb_read_data_reg[7]_i_174/O
                         net (fo=1, routed)           1.332    10.015    rv32_top_i/plat/U0/u_dcache/u_data/mem[0]_inferred__7/memwb_read_data_reg[7]_i_174_n_0
    SLICE_X16Y17         LUT6 (Prop_lut6_I3_O)        0.316    10.331 r  rv32_top_i/plat/U0/u_dcache/u_data/mem[0]_inferred__7/memwb_read_data[7]_i_85/O
                         net (fo=1, routed)           0.000    10.331    rv32_top_i/plat/U0/u_dcache/u_data/mem[0]_inferred__7/memwb_read_data[7]_i_85_n_0
    SLICE_X16Y17         MUXF7 (Prop_muxf7_I1_O)      0.247    10.578 r  rv32_top_i/plat/U0/u_dcache/u_data/mem[0]_inferred__7/memwb_read_data_reg[7]_i_46/O
                         net (fo=1, routed)           0.000    10.578    rv32_top_i/plat/U0/u_dcache/u_data/mem[0]_inferred__7/memwb_read_data_reg[7]_i_46_n_0
    SLICE_X16Y17         MUXF8 (Prop_muxf8_I0_O)      0.098    10.676 r  rv32_top_i/plat/U0/u_dcache/u_data/mem[0]_inferred__7/memwb_read_data_reg[7]_i_27/O
                         net (fo=1, routed)           1.088    11.764    rv32_top_i/plat/U0/u_dcache/u_data/p_1_in[7]
    SLICE_X24Y26         LUT4 (Prop_lut4_I0_O)        0.319    12.083 r  rv32_top_i/plat/U0/u_dcache/u_data/memwb_read_data[7]_i_20/O
                         net (fo=1, routed)           1.164    13.247    rv32_top_i/plat/U0/u_dcache/u_data/memwb_read_data[7]_i_20_n_0
    SLICE_X55Y26         LUT6 (Prop_lut6_I5_O)        0.124    13.371 r  rv32_top_i/plat/U0/u_dcache/u_data/memwb_read_data[7]_i_9/O
                         net (fo=1, routed)           3.225    16.596    rv32_top_i/plat/U0/u_core/bd_rdata[7]
    SLICE_X80Y128        LUT6 (Prop_lut6_I1_O)        0.124    16.720 r  rv32_top_i/plat/U0/u_core/memwb_read_data[7]_i_3/O
                         net (fo=1, routed)           0.904    17.624    rv32_top_i/plat/U0/u_core/memwb_read_data[7]_i_3_n_0
    SLICE_X93Y132        LUT6 (Prop_lut6_I0_O)        0.124    17.748 r  rv32_top_i/plat/U0/u_core/memwb_read_data[7]_i_2/O
                         net (fo=2, routed)           1.119    18.868    rv32_top_i/plat/U0/u_core/dmem_rdata[7]
    SLICE_X67Y128        LUT6 (Prop_lut6_I1_O)        0.124    18.992 r  rv32_top_i/plat/U0/u_core/memwb_read_data[15]_i_4/O
                         net (fo=10, routed)          0.667    19.658    rv32_top_i/plat/U0/u_core/memwb_read_data[15]_i_4_n_0
    SLICE_X66Y125        LUT4 (Prop_lut4_I2_O)        0.124    19.782 r  rv32_top_i/plat/U0/u_core/memwb_read_data[31]_i_3/O
                         net (fo=16, routed)          0.628    20.411    rv32_top_i/plat/U0/u_core/memwb_read_data[31]_i_3_n_0
    SLICE_X64Y128        LUT3 (Prop_lut3_I2_O)        0.124    20.535 r  rv32_top_i/plat/U0/u_core/memwb_read_data[16]_i_1/O
                         net (fo=1, routed)           0.000    20.535    rv32_top_i/plat/U0/u_core/mem_read_data[16]
    SLICE_X64Y128        FDCE                                         r  rv32_top_i/plat/U0/u_core/memwb_read_data_reg[16]/D
  -------------------------------------------------------------------    -------------------

                         (clock clk_fpga_0 rise edge)
                                                     20.000    20.000 r  
    PS7_X0Y0             PS7                          0.000    20.000 r  rv32_top_i/ps7/inst/PS7_i/FCLKCLK[0]
                         net (fo=1, routed)           1.088    21.088    rv32_top_i/ps7/inst/FCLK_CLK_unbuffered[0]
    BUFGCTRL_X0Y16       BUFG (Prop_bufg_I_O)         0.091    21.179 r  rv32_top_i/ps7/inst/buffer_fclk_clk_0.FCLK_CLK_0_BUFG/O
                         net (fo=39071, routed)       1.703    22.882    rv32_top_i/plat/U0/u_core/S_AXI_ACLK
    SLICE_X64Y128        FDCE                                         r  rv32_top_i/plat/U0/u_core/memwb_read_data_reg[16]/C
                         clock pessimism              0.247    23.129    
                         clock uncertainty           -0.302    22.827    
    SLICE_X64Y128        FDCE (Setup_fdce_C_D)        0.029    22.856    rv32_top_i/plat/U0/u_core/memwb_read_data_reg[16]
  -------------------------------------------------------------------
                         required time                         22.856    
                         arrival time                         -20.535    
  -------------------------------------------------------------------
                         slack                                  2.321    

Slack (MET) :             2.331ns  (required time - arrival time)
  Source:                 rv32_top_i/plat/U0/u_core/exmem_alu_result_reg[6]/C
                            (rising edge-triggered cell FDCE clocked by clk_fpga_0  {rise@0.000ns fall@10.000ns period=20.000ns})
  Destination:            rv32_top_i/plat/U0/u_core/memwb_read_data_reg[24]/D
                            (rising edge-triggered cell FDCE clocked by clk_fpga_0  {rise@0.000ns fall@10.000ns period=20.000ns})
  Path Group:             clk_fpga_0
  Path Type:              Setup (Max at Slow Process Corner)
  Requirement:            20.000ns  (clk_fpga_0 rise@20.000ns - clk_fpga_0 rise@0.000ns)
  Data Path Delay:        17.402ns  (logic 2.580ns (14.826%)  route 14.822ns (85.174%))
  Logic Levels:           12  (LUT4=3 LUT6=5 MUXF7=2 MUXF8=2)
  Clock Path Skew:        0.006ns (DCD - SCD + CPR)
    Destination Clock Delay (DCD):    2.877ns = ( 22.877 - 20.000 ) 
    Source Clock Delay      (SCD):    3.118ns
    Clock Pessimism Removal (CPR):    0.247ns
  Clock Uncertainty:      0.302ns  ((TSJ^2 + TIJ^2)^1/2 + DJ) / 2 + PE
    Total System Jitter     (TSJ):    0.071ns
    Total Input Jitter      (TIJ):    0.600ns
    Discrete Jitter          (DJ):    0.000ns
    Phase Error              (PE):    0.000ns

    Location             Delay type                Incr(ns)  Path(ns)    Netlist Resource(s)
  -------------------------------------------------------------------    -------------------
                         (clock clk_fpga_0 rise edge)
                                                      0.000     0.000 r  
    PS7_X0Y0             PS7                          0.000     0.000 r  rv32_top_i/ps7/inst/PS7_i/FCLKCLK[0]
                         net (fo=1, routed)           1.193     1.193    rv32_top_i/ps7/inst/FCLK_CLK_unbuffered[0]
    BUFGCTRL_X0Y16       BUFG (Prop_bufg_I_O)         0.101     1.294 r  rv32_top_i/ps7/inst/buffer_fclk_clk_0.FCLK_CLK_0_BUFG/O
                         net (fo=39071, routed)       1.824     3.118    rv32_top_i/plat/U0/u_core/S_AXI_ACLK
    SLICE_X51Y115        FDCE                                         r  rv32_top_i/plat/U0/u_core/exmem_alu_result_reg[6]/C
  -------------------------------------------------------------------    -------------------
    SLICE_X51Y115        FDCE (Prop_fdce_C_Q)         0.456     3.574 r  rv32_top_i/plat/U0/u_core/exmem_alu_result_reg[6]/Q
                         net (fo=8151, routed)        4.710     8.284    rv32_top_i/plat/U0/u_dcache/u_data/A[2]
    SLICE_X7Y8           MUXF7 (Prop_muxf7_S_O)       0.296     8.580 r  rv32_top_i/plat/U0/u_dcache/u_data/mem[0]_inferred__7/memwb_read_data_reg[7]_i_228/O
                         net (fo=1, routed)           0.000     8.580    rv32_top_i/plat/U0/u_dcache/u_data/mem[0]_inferred__7/memwb_read_data_reg[7]_i_228_n_0
    SLICE_X7Y8           MUXF8 (Prop_muxf8_I0_O)      0.104     8.684 r  rv32_top_i/plat/U0/u_dcache/u_data/mem[0]_inferred__7/memwb_read_data_reg[7]_i_174/O
                         net (fo=1, routed)           1.332    10.015    rv32_top_i/plat/U0/u_dcache/u_data/mem[0]_inferred__7/memwb_read_data_reg[7]_i_174_n_0
    SLICE_X16Y17         LUT6 (Prop_lut6_I3_O)        0.316    10.331 r  rv32_top_i/plat/U0/u_dcache/u_data/mem[0]_inferred__7/memwb_read_data[7]_i_85/O
                         net (fo=1, routed)           0.000    10.331    rv32_top_i/plat/U0/u_dcache/u_data/mem[0]_inferred__7/memwb_read_data[7]_i_85_n_0
    SLICE_X16Y17         MUXF7 (Prop_muxf7_I1_O)      0.247    10.578 r  rv32_top_i/plat/U0/u_dcache/u_data/mem[0]_inferred__7/memwb_read_data_reg[7]_i_46/O
                         net (fo=1, routed)           0.000    10.578    rv32_top_i/plat/U0/u_dcache/u_data/mem[0]_inferred__7/memwb_read_data_reg[7]_i_46_n_0
    SLICE_X16Y17         MUXF8 (Prop_muxf8_I0_O)      0.098    10.676 r  rv32_top_i/plat/U0/u_dcache/u_data/mem[0]_inferred__7/memwb_read_data_reg[7]_i_27/O
                         net (fo=1, routed)           1.088    11.764    rv32_top_i/plat/U0/u_dcache/u_data/p_1_in[7]
    SLICE_X24Y26         LUT4 (Prop_lut4_I0_O)        0.319    12.083 r  rv32_top_i/plat/U0/u_dcache/u_data/memwb_read_data[7]_i_20/O
                         net (fo=1, routed)           1.164    13.247    rv32_top_i/plat/U0/u_dcache/u_data/memwb_read_data[7]_i_20_n_0
    SLICE_X55Y26         LUT6 (Prop_lut6_I5_O)        0.124    13.371 r  rv32_top_i/plat/U0/u_dcache/u_data/memwb_read_data[7]_i_9/O
                         net (fo=1, routed)           3.225    16.596    rv32_top_i/plat/U0/u_core/bd_rdata[7]
    SLICE_X80Y128        LUT6 (Prop_lut6_I1_O)        0.124    16.720 r  rv32_top_i/plat/U0/u_core/memwb_read_data[7]_i_3/O
                         net (fo=1, routed)           0.904    17.624    rv32_top_i/plat/U0/u_core/memwb_read_data[7]_i_3_n_0
    SLICE_X93Y132        LUT6 (Prop_lut6_I0_O)        0.124    17.748 r  rv32_top_i/plat/U0/u_core/memwb_read_data[7]_i_2/O
                         net (fo=2, routed)           1.119    18.868    rv32_top_i/plat/U0/u_core/dmem_rdata[7]
    SLICE_X67Y128        LUT6 (Prop_lut6_I1_O)        0.124    18.992 r  rv32_top_i/plat/U0/u_core/memwb_read_data[15]_i_4/O
                         net (fo=10, routed)          0.667    19.658    rv32_top_i/plat/U0/u_core/memwb_read_data[15]_i_4_n_0
    SLICE_X66Y125        LUT4 (Prop_lut4_I2_O)        0.124    19.782 r  rv32_top_i/plat/U0/u_core/memwb_read_data[31]_i_3/O
                         net (fo=16, routed)          0.613    20.396    rv32_top_i/plat/U0/u_core/memwb_read_data[31]_i_3_n_0
    SLICE_X65Y125        LUT4 (Prop_lut4_I3_O)        0.124    20.520 r  rv32_top_i/plat/U0/u_core/memwb_read_data[24]_i_1/O
                         net (fo=1, routed)           0.000    20.520    rv32_top_i/plat/U0/u_core/mem_read_data[24]
    SLICE_X65Y125        FDCE                                         r  rv32_top_i/plat/U0/u_core/memwb_read_data_reg[24]/D
  -------------------------------------------------------------------    -------------------

                         (clock clk_fpga_0 rise edge)
                                                     20.000    20.000 r  
    PS7_X0Y0             PS7                          0.000    20.000 r  rv32_top_i/ps7/inst/PS7_i/FCLKCLK[0]
                         net (fo=1, routed)           1.088    21.088    rv32_top_i/ps7/inst/FCLK_CLK_unbuffered[0]
    BUFGCTRL_X0Y16       BUFG (Prop_bufg_I_O)         0.091    21.179 r  rv32_top_i/ps7/inst/buffer_fclk_clk_0.FCLK_CLK_0_BUFG/O
                         net (fo=39071, routed)       1.698    22.877    rv32_top_i/plat/U0/u_core/S_AXI_ACLK
    SLICE_X65Y125        FDCE                                         r  rv32_top_i/plat/U0/u_core/memwb_read_data_reg[24]/C
                         clock pessimism              0.247    23.124    
                         clock uncertainty           -0.302    22.822    
    SLICE_X65Y125        FDCE (Setup_fdce_C_D)        0.029    22.851    rv32_top_i/plat/U0/u_core/memwb_read_data_reg[24]
  -------------------------------------------------------------------
                         required time                         22.851    
                         arrival time                         -20.520    
  -------------------------------------------------------------------
                         slack                                  2.331    

Slack (MET) :             2.334ns  (required time - arrival time)
  Source:                 rv32_top_i/plat/U0/u_core/exmem_alu_result_reg[6]/C
                            (rising edge-triggered cell FDCE clocked by clk_fpga_0  {rise@0.000ns fall@10.000ns period=20.000ns})
  Destination:            rv32_top_i/plat/U0/u_core/memwb_read_data_reg[26]/D
                            (rising edge-triggered cell FDCE clocked by clk_fpga_0  {rise@0.000ns fall@10.000ns period=20.000ns})
  Path Group:             clk_fpga_0
  Path Type:              Setup (Max at Slow Process Corner)
  Requirement:            20.000ns  (clk_fpga_0 rise@20.000ns - clk_fpga_0 rise@0.000ns)
  Data Path Delay:        17.403ns  (logic 2.580ns (14.825%)  route 14.823ns (85.175%))
  Logic Levels:           12  (LUT4=3 LUT6=5 MUXF7=2 MUXF8=2)
  Clock Path Skew:        0.008ns (DCD - SCD + CPR)
    Destination Clock Delay (DCD):    2.879ns = ( 22.879 - 20.000 ) 
    Source Clock Delay      (SCD):    3.118ns
    Clock Pessimism Removal (CPR):    0.247ns
  Clock Uncertainty:      0.302ns  ((TSJ^2 + TIJ^2)^1/2 + DJ) / 2 + PE
    Total System Jitter     (TSJ):    0.071ns
    Total Input Jitter      (TIJ):    0.600ns
    Discrete Jitter          (DJ):    0.000ns
    Phase Error              (PE):    0.000ns

    Location             Delay type                Incr(ns)  Path(ns)    Netlist Resource(s)
  -------------------------------------------------------------------    -------------------
                         (clock clk_fpga_0 rise edge)
                                                      0.000     0.000 r  
    PS7_X0Y0             PS7                          0.000     0.000 r  rv32_top_i/ps7/inst/PS7_i/FCLKCLK[0]
                         net (fo=1, routed)           1.193     1.193    rv32_top_i/ps7/inst/FCLK_CLK_unbuffered[0]
    BUFGCTRL_X0Y16       BUFG (Prop_bufg_I_O)         0.101     1.294 r  rv32_top_i/ps7/inst/buffer_fclk_clk_0.FCLK_CLK_0_BUFG/O
                         net (fo=39071, routed)       1.824     3.118    rv32_top_i/plat/U0/u_core/S_AXI_ACLK
    SLICE_X51Y115        FDCE                                         r  rv32_top_i/plat/U0/u_core/exmem_alu_result_reg[6]/C
  -------------------------------------------------------------------    -------------------
    SLICE_X51Y115        FDCE (Prop_fdce_C_Q)         0.456     3.574 r  rv32_top_i/plat/U0/u_core/exmem_alu_result_reg[6]/Q
                         net (fo=8151, routed)        4.710     8.284    rv32_top_i/plat/U0/u_dcache/u_data/A[2]
    SLICE_X7Y8           MUXF7 (Prop_muxf7_S_O)       0.296     8.580 r  rv32_top_i/plat/U0/u_dcache/u_data/mem[0]_inferred__7/memwb_read_data_reg[7]_i_228/O
                         net (fo=1, routed)           0.000     8.580    rv32_top_i/plat/U0/u_dcache/u_data/mem[0]_inferred__7/memwb_read_data_reg[7]_i_228_n_0
    SLICE_X7Y8           MUXF8 (Prop_muxf8_I0_O)      0.104     8.684 r  rv32_top_i/plat/U0/u_dcache/u_data/mem[0]_inferred__7/memwb_read_data_reg[7]_i_174/O
                         net (fo=1, routed)           1.332    10.015    rv32_top_i/plat/U0/u_dcache/u_data/mem[0]_inferred__7/memwb_read_data_reg[7]_i_174_n_0
    SLICE_X16Y17         LUT6 (Prop_lut6_I3_O)        0.316    10.331 r  rv32_top_i/plat/U0/u_dcache/u_data/mem[0]_inferred__7/memwb_read_data[7]_i_85/O
                         net (fo=1, routed)           0.000    10.331    rv32_top_i/plat/U0/u_dcache/u_data/mem[0]_inferred__7/memwb_read_data[7]_i_85_n_0
    SLICE_X16Y17         MUXF7 (Prop_muxf7_I1_O)      0.247    10.578 r  rv32_top_i/plat/U0/u_dcache/u_data/mem[0]_inferred__7/memwb_read_data_reg[7]_i_46/O
                         net (fo=1, routed)           0.000    10.578    rv32_top_i/plat/U0/u_dcache/u_data/mem[0]_inferred__7/memwb_read_data_reg[7]_i_46_n_0
    SLICE_X16Y17         MUXF8 (Prop_muxf8_I0_O)      0.098    10.676 r  rv32_top_i/plat/U0/u_dcache/u_data/mem[0]_inferred__7/memwb_read_data_reg[7]_i_27/O
                         net (fo=1, routed)           1.088    11.764    rv32_top_i/plat/U0/u_dcache/u_data/p_1_in[7]
    SLICE_X24Y26         LUT4 (Prop_lut4_I0_O)        0.319    12.083 r  rv32_top_i/plat/U0/u_dcache/u_data/memwb_read_data[7]_i_20/O
                         net (fo=1, routed)           1.164    13.247    rv32_top_i/plat/U0/u_dcache/u_data/memwb_read_data[7]_i_20_n_0
    SLICE_X55Y26         LUT6 (Prop_lut6_I5_O)        0.124    13.371 r  rv32_top_i/plat/U0/u_dcache/u_data/memwb_read_data[7]_i_9/O
                         net (fo=1, routed)           3.225    16.596    rv32_top_i/plat/U0/u_core/bd_rdata[7]
    SLICE_X80Y128        LUT6 (Prop_lut6_I1_O)        0.124    16.720 r  rv32_top_i/plat/U0/u_core/memwb_read_data[7]_i_3/O
                         net (fo=1, routed)           0.904    17.624    rv32_top_i/plat/U0/u_core/memwb_read_data[7]_i_3_n_0
    SLICE_X93Y132        LUT6 (Prop_lut6_I0_O)        0.124    17.748 r  rv32_top_i/plat/U0/u_core/memwb_read_data[7]_i_2/O
                         net (fo=2, routed)           1.119    18.868    rv32_top_i/plat/U0/u_core/dmem_rdata[7]
    SLICE_X67Y128        LUT6 (Prop_lut6_I1_O)        0.124    18.992 r  rv32_top_i/plat/U0/u_core/memwb_read_data[15]_i_4/O
                         net (fo=10, routed)          0.667    19.658    rv32_top_i/plat/U0/u_core/memwb_read_data[15]_i_4_n_0
    SLICE_X66Y125        LUT4 (Prop_lut4_I2_O)        0.124    19.782 r  rv32_top_i/plat/U0/u_core/memwb_read_data[31]_i_3/O
                         net (fo=16, routed)          0.614    20.397    rv32_top_i/plat/U0/u_core/memwb_read_data[31]_i_3_n_0
    SLICE_X65Y126        LUT4 (Prop_lut4_I3_O)        0.124    20.521 r  rv32_top_i/plat/U0/u_core/memwb_read_data[26]_i_1/O
                         net (fo=1, routed)           0.000    20.521    rv32_top_i/plat/U0/u_core/mem_read_data[26]
    SLICE_X65Y126        FDCE                                         r  rv32_top_i/plat/U0/u_core/memwb_read_data_reg[26]/D
  -------------------------------------------------------------------    -------------------

                         (clock clk_fpga_0 rise edge)
                                                     20.000    20.000 r  
    PS7_X0Y0             PS7                          0.000    20.000 r  rv32_top_i/ps7/inst/PS7_i/FCLKCLK[0]
                         net (fo=1, routed)           1.088    21.088    rv32_top_i/ps7/inst/FCLK_CLK_unbuffered[0]
    BUFGCTRL_X0Y16       BUFG (Prop_bufg_I_O)         0.091    21.179 r  rv32_top_i/ps7/inst/buffer_fclk_clk_0.FCLK_CLK_0_BUFG/O
                         net (fo=39071, routed)       1.700    22.879    rv32_top_i/plat/U0/u_core/S_AXI_ACLK
    SLICE_X65Y126        FDCE                                         r  rv32_top_i/plat/U0/u_core/memwb_read_data_reg[26]/C
                         clock pessimism              0.247    23.126    
                         clock uncertainty           -0.302    22.824    
    SLICE_X65Y126        FDCE (Setup_fdce_C_D)        0.031    22.855    rv32_top_i/plat/U0/u_core/memwb_read_data_reg[26]
  -------------------------------------------------------------------
                         required time                         22.855    
                         arrival time                         -20.521    
  -------------------------------------------------------------------
                         slack                                  2.334    

Slack (MET) :             2.342ns  (required time - arrival time)
  Source:                 rv32_top_i/plat/U0/u_core/exmem_alu_result_reg[6]/C
                            (rising edge-triggered cell FDCE clocked by clk_fpga_0  {rise@0.000ns fall@10.000ns period=20.000ns})
  Destination:            rv32_top_i/plat/U0/u_core/memwb_read_data_reg[22]/D
                            (rising edge-triggered cell FDCE clocked by clk_fpga_0  {rise@0.000ns fall@10.000ns period=20.000ns})
  Path Group:             clk_fpga_0
  Path Type:              Setup (Max at Slow Process Corner)
  Requirement:            20.000ns  (clk_fpga_0 rise@20.000ns - clk_fpga_0 rise@0.000ns)
  Data Path Delay:        17.444ns  (logic 2.580ns (14.790%)  route 14.864ns (85.210%))
  Logic Levels:           12  (LUT3=1 LUT4=2 LUT6=5 MUXF7=2 MUXF8=2)
  Clock Path Skew:        0.011ns (DCD - SCD + CPR)
    Destination Clock Delay (DCD):    2.882ns = ( 22.882 - 20.000 ) 
    Source Clock Delay      (SCD):    3.118ns
    Clock Pessimism Removal (CPR):    0.247ns
  Clock Uncertainty:      0.302ns  ((TSJ^2 + TIJ^2)^1/2 + DJ) / 2 + PE
    Total System Jitter     (TSJ):    0.071ns
    Total Input Jitter      (TIJ):    0.600ns
    Discrete Jitter          (DJ):    0.000ns
    Phase Error              (PE):    0.000ns

    Location             Delay type                Incr(ns)  Path(ns)    Netlist Resource(s)
  -------------------------------------------------------------------    -------------------
                         (clock clk_fpga_0 rise edge)
                                                      0.000     0.000 r  
    PS7_X0Y0             PS7                          0.000     0.000 r  rv32_top_i/ps7/inst/PS7_i/FCLKCLK[0]
                         net (fo=1, routed)           1.193     1.193    rv32_top_i/ps7/inst/FCLK_CLK_unbuffered[0]
    BUFGCTRL_X0Y16       BUFG (Prop_bufg_I_O)         0.101     1.294 r  rv32_top_i/ps7/inst/buffer_fclk_clk_0.FCLK_CLK_0_BUFG/O
                         net (fo=39071, routed)       1.824     3.118    rv32_top_i/plat/U0/u_core/S_AXI_ACLK
    SLICE_X51Y115        FDCE                                         r  rv32_top_i/plat/U0/u_core/exmem_alu_result_reg[6]/C
  -------------------------------------------------------------------    -------------------
    SLICE_X51Y115        FDCE (Prop_fdce_C_Q)         0.456     3.574 r  rv32_top_i/plat/U0/u_core/exmem_alu_result_reg[6]/Q
                         net (fo=8151, routed)        4.710     8.284    rv32_top_i/plat/U0/u_dcache/u_data/A[2]
    SLICE_X7Y8           MUXF7 (Prop_muxf7_S_O)       0.296     8.580 r  rv32_top_i/plat/U0/u_dcache/u_data/mem[0]_inferred__7/memwb_read_data_reg[7]_i_228/O
                         net (fo=1, routed)           0.000     8.580    rv32_top_i/plat/U0/u_dcache/u_data/mem[0]_inferred__7/memwb_read_data_reg[7]_i_228_n_0
    SLICE_X7Y8           MUXF8 (Prop_muxf8_I0_O)      0.104     8.684 r  rv32_top_i/plat/U0/u_dcache/u_data/mem[0]_inferred__7/memwb_read_data_reg[7]_i_174/O
                         net (fo=1, routed)           1.332    10.015    rv32_top_i/plat/U0/u_dcache/u_data/mem[0]_inferred__7/memwb_read_data_reg[7]_i_174_n_0
    SLICE_X16Y17         LUT6 (Prop_lut6_I3_O)        0.316    10.331 r  rv32_top_i/plat/U0/u_dcache/u_data/mem[0]_inferred__7/memwb_read_data[7]_i_85/O
                         net (fo=1, routed)           0.000    10.331    rv32_top_i/plat/U0/u_dcache/u_data/mem[0]_inferred__7/memwb_read_data[7]_i_85_n_0
    SLICE_X16Y17         MUXF7 (Prop_muxf7_I1_O)      0.247    10.578 r  rv32_top_i/plat/U0/u_dcache/u_data/mem[0]_inferred__7/memwb_read_data_reg[7]_i_46/O
                         net (fo=1, routed)           0.000    10.578    rv32_top_i/plat/U0/u_dcache/u_data/mem[0]_inferred__7/memwb_read_data_reg[7]_i_46_n_0
    SLICE_X16Y17         MUXF8 (Prop_muxf8_I0_O)      0.098    10.676 r  rv32_top_i/plat/U0/u_dcache/u_data/mem[0]_inferred__7/memwb_read_data_reg[7]_i_27/O
                         net (fo=1, routed)           1.088    11.764    rv32_top_i/plat/U0/u_dcache/u_data/p_1_in[7]
    SLICE_X24Y26         LUT4 (Prop_lut4_I0_O)        0.319    12.083 r  rv32_top_i/plat/U0/u_dcache/u_data/memwb_read_data[7]_i_20/O
                         net (fo=1, routed)           1.164    13.247    rv32_top_i/plat/U0/u_dcache/u_data/memwb_read_data[7]_i_20_n_0
    SLICE_X55Y26         LUT6 (Prop_lut6_I5_O)        0.124    13.371 r  rv32_top_i/plat/U0/u_dcache/u_data/memwb_read_data[7]_i_9/O
                         net (fo=1, routed)           3.225    16.596    rv32_top_i/plat/U0/u_core/bd_rdata[7]
    SLICE_X80Y128        LUT6 (Prop_lut6_I1_O)        0.124    16.720 r  rv32_top_i/plat/U0/u_core/memwb_read_data[7]_i_3/O
                         net (fo=1, routed)           0.904    17.624    rv32_top_i/plat/U0/u_core/memwb_read_data[7]_i_3_n_0
    SLICE_X93Y132        LUT6 (Prop_lut6_I0_O)        0.124    17.748 r  rv32_top_i/plat/U0/u_core/memwb_read_data[7]_i_2/O
                         net (fo=2, routed)           1.119    18.868    rv32_top_i/plat/U0/u_core/dmem_rdata[7]
    SLICE_X67Y128        LUT6 (Prop_lut6_I1_O)        0.124    18.992 r  rv32_top_i/plat/U0/u_core/memwb_read_data[15]_i_4/O
                         net (fo=10, routed)          0.667    19.658    rv32_top_i/plat/U0/u_core/memwb_read_data[15]_i_4_n_0
    SLICE_X66Y125        LUT4 (Prop_lut4_I2_O)        0.124    19.782 r  rv32_top_i/plat/U0/u_core/memwb_read_data[31]_i_3/O
                         net (fo=16, routed)          0.656    20.438    rv32_top_i/plat/U0/u_core/memwb_read_data[31]_i_3_n_0
    SLICE_X66Y128        LUT3 (Prop_lut3_I2_O)        0.124    20.562 r  rv32_top_i/plat/U0/u_core/memwb_read_data[22]_i_1/O
                         net (fo=1, routed)           0.000    20.562    rv32_top_i/plat/U0/u_core/mem_read_data[22]
    SLICE_X66Y128        FDCE                                         r  rv32_top_i/plat/U0/u_core/memwb_read_data_reg[22]/D
  -------------------------------------------------------------------    -------------------

                         (clock clk_fpga_0 rise edge)
                                                     20.000    20.000 r  
    PS7_X0Y0             PS7                          0.000    20.000 r  rv32_top_i/ps7/inst/PS7_i/FCLKCLK[0]
                         net (fo=1, routed)           1.088    21.088    rv32_top_i/ps7/inst/FCLK_CLK_unbuffered[0]
    BUFGCTRL_X0Y16       BUFG (Prop_bufg_I_O)         0.091    21.179 r  rv32_top_i/ps7/inst/buffer_fclk_clk_0.FCLK_CLK_0_BUFG/O
                         net (fo=39071, routed)       1.703    22.882    rv32_top_i/plat/U0/u_core/S_AXI_ACLK
    SLICE_X66Y128        FDCE                                         r  rv32_top_i/plat/U0/u_core/memwb_read_data_reg[22]/C
                         clock pessimism              0.247    23.129    
                         clock uncertainty           -0.302    22.827    
    SLICE_X66Y128        FDCE (Setup_fdce_C_D)        0.077    22.904    rv32_top_i/plat/U0/u_core/memwb_read_data_reg[22]
  -------------------------------------------------------------------
                         required time                         22.904    
                         arrival time                         -20.562    
  -------------------------------------------------------------------
                         slack                                  2.342    

Slack (MET) :             2.373ns  (required time - arrival time)
  Source:                 rv32_top_i/plat/U0/u_core/exmem_alu_result_reg[6]/C
                            (rising edge-triggered cell FDCE clocked by clk_fpga_0  {rise@0.000ns fall@10.000ns period=20.000ns})
  Destination:            rv32_top_i/plat/U0/u_core/memwb_read_data_reg[17]/D
                            (rising edge-triggered cell FDCE clocked by clk_fpga_0  {rise@0.000ns fall@10.000ns period=20.000ns})
  Path Group:             clk_fpga_0
  Path Type:              Setup (Max at Slow Process Corner)
  Requirement:            20.000ns  (clk_fpga_0 rise@20.000ns - clk_fpga_0 rise@0.000ns)
  Data Path Delay:        17.411ns  (logic 2.574ns (14.784%)  route 14.837ns (85.216%))
  Logic Levels:           12  (LUT3=1 LUT4=2 LUT6=5 MUXF7=2 MUXF8=2)
  Clock Path Skew:        0.011ns (DCD - SCD + CPR)
    Destination Clock Delay (DCD):    2.882ns = ( 22.882 - 20.000 ) 
    Source Clock Delay      (SCD):    3.118ns
    Clock Pessimism Removal (CPR):    0.247ns
  Clock Uncertainty:      0.302ns  ((TSJ^2 + TIJ^2)^1/2 + DJ) / 2 + PE
    Total System Jitter     (TSJ):    0.071ns
    Total Input Jitter      (TIJ):    0.600ns
    Discrete Jitter          (DJ):    0.000ns
    Phase Error              (PE):    0.000ns

    Location             Delay type                Incr(ns)  Path(ns)    Netlist Resource(s)
  -------------------------------------------------------------------    -------------------
                         (clock clk_fpga_0 rise edge)
                                                      0.000     0.000 r  
    PS7_X0Y0             PS7                          0.000     0.000 r  rv32_top_i/ps7/inst/PS7_i/FCLKCLK[0]
                         net (fo=1, routed)           1.193     1.193    rv32_top_i/ps7/inst/FCLK_CLK_unbuffered[0]
    BUFGCTRL_X0Y16       BUFG (Prop_bufg_I_O)         0.101     1.294 r  rv32_top_i/ps7/inst/buffer_fclk_clk_0.FCLK_CLK_0_BUFG/O
                         net (fo=39071, routed)       1.824     3.118    rv32_top_i/plat/U0/u_core/S_AXI_ACLK
    SLICE_X51Y115        FDCE                                         r  rv32_top_i/plat/U0/u_core/exmem_alu_result_reg[6]/C
  -------------------------------------------------------------------    -------------------
    SLICE_X51Y115        FDCE (Prop_fdce_C_Q)         0.456     3.574 r  rv32_top_i/plat/U0/u_core/exmem_alu_result_reg[6]/Q
                         net (fo=8151, routed)        4.710     8.284    rv32_top_i/plat/U0/u_dcache/u_data/A[2]
    SLICE_X7Y8           MUXF7 (Prop_muxf7_S_O)       0.296     8.580 r  rv32_top_i/plat/U0/u_dcache/u_data/mem[0]_inferred__7/memwb_read_data_reg[7]_i_228/O
                         net (fo=1, routed)           0.000     8.580    rv32_top_i/plat/U0/u_dcache/u_data/mem[0]_inferred__7/memwb_read_data_reg[7]_i_228_n_0
    SLICE_X7Y8           MUXF8 (Prop_muxf8_I0_O)      0.104     8.684 r  rv32_top_i/plat/U0/u_dcache/u_data/mem[0]_inferred__7/memwb_read_data_reg[7]_i_174/O
                         net (fo=1, routed)           1.332    10.015    rv32_top_i/plat/U0/u_dcache/u_data/mem[0]_inferred__7/memwb_read_data_reg[7]_i_174_n_0
    SLICE_X16Y17         LUT6 (Prop_lut6_I3_O)        0.316    10.331 r  rv32_top_i/plat/U0/u_dcache/u_data/mem[0]_inferred__7/memwb_read_data[7]_i_85/O
                         net (fo=1, routed)           0.000    10.331    rv32_top_i/plat/U0/u_dcache/u_data/mem[0]_inferred__7/memwb_read_data[7]_i_85_n_0
    SLICE_X16Y17         MUXF7 (Prop_muxf7_I1_O)      0.247    10.578 r  rv32_top_i/plat/U0/u_dcache/u_data/mem[0]_inferred__7/memwb_read_data_reg[7]_i_46/O
                         net (fo=1, routed)           0.000    10.578    rv32_top_i/plat/U0/u_dcache/u_data/mem[0]_inferred__7/memwb_read_data_reg[7]_i_46_n_0
    SLICE_X16Y17         MUXF8 (Prop_muxf8_I0_O)      0.098    10.676 r  rv32_top_i/plat/U0/u_dcache/u_data/mem[0]_inferred__7/memwb_read_data_reg[7]_i_27/O
                         net (fo=1, routed)           1.088    11.764    rv32_top_i/plat/U0/u_dcache/u_data/p_1_in[7]
    SLICE_X24Y26         LUT4 (Prop_lut4_I0_O)        0.319    12.083 r  rv32_top_i/plat/U0/u_dcache/u_data/memwb_read_data[7]_i_20/O
                         net (fo=1, routed)           1.164    13.247    rv32_top_i/plat/U0/u_dcache/u_data/memwb_read_data[7]_i_20_n_0
    SLICE_X55Y26         LUT6 (Prop_lut6_I5_O)        0.124    13.371 r  rv32_top_i/plat/U0/u_dcache/u_data/memwb_read_data[7]_i_9/O
                         net (fo=1, routed)           3.225    16.596    rv32_top_i/plat/U0/u_core/bd_rdata[7]
    SLICE_X80Y128        LUT6 (Prop_lut6_I1_O)        0.124    16.720 r  rv32_top_i/plat/U0/u_core/memwb_read_data[7]_i_3/O
                         net (fo=1, routed)           0.904    17.624    rv32_top_i/plat/U0/u_core/memwb_read_data[7]_i_3_n_0
    SLICE_X93Y132        LUT6 (Prop_lut6_I0_O)        0.124    17.748 r  rv32_top_i/plat/U0/u_core/memwb_read_data[7]_i_2/O
                         net (fo=2, routed)           1.119    18.868    rv32_top_i/plat/U0/u_core/dmem_rdata[7]
    SLICE_X67Y128        LUT6 (Prop_lut6_I1_O)        0.124    18.992 r  rv32_top_i/plat/U0/u_core/memwb_read_data[15]_i_4/O
                         net (fo=10, routed)          0.667    19.658    rv32_top_i/plat/U0/u_core/memwb_read_data[15]_i_4_n_0
    SLICE_X66Y125        LUT4 (Prop_lut4_I2_O)        0.124    19.782 r  rv32_top_i/plat/U0/u_core/memwb_read_data[31]_i_3/O
                         net (fo=16, routed)          0.628    20.411    rv32_top_i/plat/U0/u_core/memwb_read_data[31]_i_3_n_0
    SLICE_X64Y128        LUT3 (Prop_lut3_I2_O)        0.118    20.529 r  rv32_top_i/plat/U0/u_core/memwb_read_data[17]_i_1/O
                         net (fo=1, routed)           0.000    20.529    rv32_top_i/plat/U0/u_core/mem_read_data[17]
    SLICE_X64Y128        FDCE                                         r  rv32_top_i/plat/U0/u_core/memwb_read_data_reg[17]/D
  -------------------------------------------------------------------    -------------------

                         (clock clk_fpga_0 rise edge)
                                                     20.000    20.000 r  
    PS7_X0Y0             PS7                          0.000    20.000 r  rv32_top_i/ps7/inst/PS7_i/FCLKCLK[0]
                         net (fo=1, routed)           1.088    21.088    rv32_top_i/ps7/inst/FCLK_CLK_unbuffered[0]
    BUFGCTRL_X0Y16       BUFG (Prop_bufg_I_O)         0.091    21.179 r  rv32_top_i/ps7/inst/buffer_fclk_clk_0.FCLK_CLK_0_BUFG/O
                         net (fo=39071, routed)       1.703    22.882    rv32_top_i/plat/U0/u_core/S_AXI_ACLK
    SLICE_X64Y128        FDCE                                         r  rv32_top_i/plat/U0/u_core/memwb_read_data_reg[17]/C
                         clock pessimism              0.247    23.129    
                         clock uncertainty           -0.302    22.827    
    SLICE_X64Y128        FDCE (Setup_fdce_C_D)        0.075    22.902    rv32_top_i/plat/U0/u_core/memwb_read_data_reg[17]
  -------------------------------------------------------------------
                         required time                         22.902    
                         arrival time                         -20.529    
  -------------------------------------------------------------------
                         slack                                  2.373    

Slack (MET) :             2.383ns  (required time - arrival time)
  Source:                 rv32_top_i/plat/U0/u_core/exmem_alu_result_reg[6]/C
                            (rising edge-triggered cell FDCE clocked by clk_fpga_0  {rise@0.000ns fall@10.000ns period=20.000ns})
  Destination:            rv32_top_i/plat/U0/u_core/memwb_read_data_reg[25]/D
                            (rising edge-triggered cell FDCE clocked by clk_fpga_0  {rise@0.000ns fall@10.000ns period=20.000ns})
  Path Group:             clk_fpga_0
  Path Type:              Setup (Max at Slow Process Corner)
  Requirement:            20.000ns  (clk_fpga_0 rise@20.000ns - clk_fpga_0 rise@0.000ns)
  Data Path Delay:        17.396ns  (logic 2.574ns (14.797%)  route 14.822ns (85.203%))
  Logic Levels:           12  (LUT4=3 LUT6=5 MUXF7=2 MUXF8=2)
  Clock Path Skew:        0.006ns (DCD - SCD + CPR)
    Destination Clock Delay (DCD):    2.877ns = ( 22.877 - 20.000 ) 
    Source Clock Delay      (SCD):    3.118ns
    Clock Pessimism Removal (CPR):    0.247ns
  Clock Uncertainty:      0.302ns  ((TSJ^2 + TIJ^2)^1/2 + DJ) / 2 + PE
    Total System Jitter     (TSJ):    0.071ns
    Total Input Jitter      (TIJ):    0.600ns
    Discrete Jitter          (DJ):    0.000ns
    Phase Error              (PE):    0.000ns

    Location             Delay type                Incr(ns)  Path(ns)    Netlist Resource(s)
  -------------------------------------------------------------------    -------------------
                         (clock clk_fpga_0 rise edge)
                                                      0.000     0.000 r  
    PS7_X0Y0             PS7                          0.000     0.000 r  rv32_top_i/ps7/inst/PS7_i/FCLKCLK[0]
                         net (fo=1, routed)           1.193     1.193    rv32_top_i/ps7/inst/FCLK_CLK_unbuffered[0]
    BUFGCTRL_X0Y16       BUFG (Prop_bufg_I_O)         0.101     1.294 r  rv32_top_i/ps7/inst/buffer_fclk_clk_0.FCLK_CLK_0_BUFG/O
                         net (fo=39071, routed)       1.824     3.118    rv32_top_i/plat/U0/u_core/S_AXI_ACLK
    SLICE_X51Y115        FDCE                                         r  rv32_top_i/plat/U0/u_core/exmem_alu_result_reg[6]/C
  -------------------------------------------------------------------    -------------------
    SLICE_X51Y115        FDCE (Prop_fdce_C_Q)         0.456     3.574 r  rv32_top_i/plat/U0/u_core/exmem_alu_result_reg[6]/Q
                         net (fo=8151, routed)        4.710     8.284    rv32_top_i/plat/U0/u_dcache/u_data/A[2]
    SLICE_X7Y8           MUXF7 (Prop_muxf7_S_O)       0.296     8.580 r  rv32_top_i/plat/U0/u_dcache/u_data/mem[0]_inferred__7/memwb_read_data_reg[7]_i_228/O
                         net (fo=1, routed)           0.000     8.580    rv32_top_i/plat/U0/u_dcache/u_data/mem[0]_inferred__7/memwb_read_data_reg[7]_i_228_n_0
    SLICE_X7Y8           MUXF8 (Prop_muxf8_I0_O)      0.104     8.684 r  rv32_top_i/plat/U0/u_dcache/u_data/mem[0]_inferred__7/memwb_read_data_reg[7]_i_174/O
                         net (fo=1, routed)           1.332    10.015    rv32_top_i/plat/U0/u_dcache/u_data/mem[0]_inferred__7/memwb_read_data_reg[7]_i_174_n_0
    SLICE_X16Y17         LUT6 (Prop_lut6_I3_O)        0.316    10.331 r  rv32_top_i/plat/U0/u_dcache/u_data/mem[0]_inferred__7/memwb_read_data[7]_i_85/O
                         net (fo=1, routed)           0.000    10.331    rv32_top_i/plat/U0/u_dcache/u_data/mem[0]_inferred__7/memwb_read_data[7]_i_85_n_0
    SLICE_X16Y17         MUXF7 (Prop_muxf7_I1_O)      0.247    10.578 r  rv32_top_i/plat/U0/u_dcache/u_data/mem[0]_inferred__7/memwb_read_data_reg[7]_i_46/O
                         net (fo=1, routed)           0.000    10.578    rv32_top_i/plat/U0/u_dcache/u_data/mem[0]_inferred__7/memwb_read_data_reg[7]_i_46_n_0
    SLICE_X16Y17         MUXF8 (Prop_muxf8_I0_O)      0.098    10.676 r  rv32_top_i/plat/U0/u_dcache/u_data/mem[0]_inferred__7/memwb_read_data_reg[7]_i_27/O
                         net (fo=1, routed)           1.088    11.764    rv32_top_i/plat/U0/u_dcache/u_data/p_1_in[7]
    SLICE_X24Y26         LUT4 (Prop_lut4_I0_O)        0.319    12.083 r  rv32_top_i/plat/U0/u_dcache/u_data/memwb_read_data[7]_i_20/O
                         net (fo=1, routed)           1.164    13.247    rv32_top_i/plat/U0/u_dcache/u_data/memwb_read_data[7]_i_20_n_0
    SLICE_X55Y26         LUT6 (Prop_lut6_I5_O)        0.124    13.371 r  rv32_top_i/plat/U0/u_dcache/u_data/memwb_read_data[7]_i_9/O
                         net (fo=1, routed)           3.225    16.596    rv32_top_i/plat/U0/u_core/bd_rdata[7]
    SLICE_X80Y128        LUT6 (Prop_lut6_I1_O)        0.124    16.720 r  rv32_top_i/plat/U0/u_core/memwb_read_data[7]_i_3/O
                         net (fo=1, routed)           0.904    17.624    rv32_top_i/plat/U0/u_core/memwb_read_data[7]_i_3_n_0
    SLICE_X93Y132        LUT6 (Prop_lut6_I0_O)        0.124    17.748 r  rv32_top_i/plat/U0/u_core/memwb_read_data[7]_i_2/O
                         net (fo=2, routed)           1.119    18.868    rv32_top_i/plat/U0/u_core/dmem_rdata[7]
    SLICE_X67Y128        LUT6 (Prop_lut6_I1_O)        0.124    18.992 r  rv32_top_i/plat/U0/u_core/memwb_read_data[15]_i_4/O
                         net (fo=10, routed)          0.667    19.658    rv32_top_i/plat/U0/u_core/memwb_read_data[15]_i_4_n_0
    SLICE_X66Y125        LUT4 (Prop_lut4_I2_O)        0.124    19.782 r  rv32_top_i/plat/U0/u_core/memwb_read_data[31]_i_3/O
                         net (fo=16, routed)          0.613    20.396    rv32_top_i/plat/U0/u_core/memwb_read_data[31]_i_3_n_0
    SLICE_X65Y125        LUT4 (Prop_lut4_I3_O)        0.118    20.514 r  rv32_top_i/plat/U0/u_core/memwb_read_data[25]_i_1/O
                         net (fo=1, routed)           0.000    20.514    rv32_top_i/plat/U0/u_core/mem_read_data[25]
    SLICE_X65Y125        FDCE                                         r  rv32_top_i/plat/U0/u_core/memwb_read_data_reg[25]/D
  -------------------------------------------------------------------    -------------------

                         (clock clk_fpga_0 rise edge)
                                                     20.000    20.000 r  
    PS7_X0Y0             PS7                          0.000    20.000 r  rv32_top_i/ps7/inst/PS7_i/FCLKCLK[0]
                         net (fo=1, routed)           1.088    21.088    rv32_top_i/ps7/inst/FCLK_CLK_unbuffered[0]
    BUFGCTRL_X0Y16       BUFG (Prop_bufg_I_O)         0.091    21.179 r  rv32_top_i/ps7/inst/buffer_fclk_clk_0.FCLK_CLK_0_BUFG/O
                         net (fo=39071, routed)       1.698    22.877    rv32_top_i/plat/U0/u_core/S_AXI_ACLK
    SLICE_X65Y125        FDCE                                         r  rv32_top_i/plat/U0/u_core/memwb_read_data_reg[25]/C
                         clock pessimism              0.247    23.124    
                         clock uncertainty           -0.302    22.822    
    SLICE_X65Y125        FDCE (Setup_fdce_C_D)        0.075    22.897    rv32_top_i/plat/U0/u_core/memwb_read_data_reg[25]
  -------------------------------------------------------------------
                         required time                         22.897    
                         arrival time                         -20.514    
  -------------------------------------------------------------------
                         slack                                  2.383    

Slack (MET) :             2.383ns  (required time - arrival time)
  Source:                 rv32_top_i/plat/U0/u_core/exmem_alu_result_reg[6]/C
                            (rising edge-triggered cell FDCE clocked by clk_fpga_0  {rise@0.000ns fall@10.000ns period=20.000ns})
  Destination:            rv32_top_i/plat/U0/u_core/memwb_read_data_reg[27]/D
                            (rising edge-triggered cell FDCE clocked by clk_fpga_0  {rise@0.000ns fall@10.000ns period=20.000ns})
  Path Group:             clk_fpga_0
  Path Type:              Setup (Max at Slow Process Corner)
  Requirement:            20.000ns  (clk_fpga_0 rise@20.000ns - clk_fpga_0 rise@0.000ns)
  Data Path Delay:        17.398ns  (logic 2.575ns (14.801%)  route 14.823ns (85.199%))
  Logic Levels:           12  (LUT4=3 LUT6=5 MUXF7=2 MUXF8=2)
  Clock Path Skew:        0.008ns (DCD - SCD + CPR)
    Destination Clock Delay (DCD):    2.879ns = ( 22.879 - 20.000 ) 
    Source Clock Delay      (SCD):    3.118ns
    Clock Pessimism Removal (CPR):    0.247ns
  Clock Uncertainty:      0.302ns  ((TSJ^2 + TIJ^2)^1/2 + DJ) / 2 + PE
    Total System Jitter     (TSJ):    0.071ns
    Total Input Jitter      (TIJ):    0.600ns
    Discrete Jitter          (DJ):    0.000ns
    Phase Error              (PE):    0.000ns

    Location             Delay type                Incr(ns)  Path(ns)    Netlist Resource(s)
  -------------------------------------------------------------------    -------------------
                         (clock clk_fpga_0 rise edge)
                                                      0.000     0.000 r  
    PS7_X0Y0             PS7                          0.000     0.000 r  rv32_top_i/ps7/inst/PS7_i/FCLKCLK[0]
                         net (fo=1, routed)           1.193     1.193    rv32_top_i/ps7/inst/FCLK_CLK_unbuffered[0]
    BUFGCTRL_X0Y16       BUFG (Prop_bufg_I_O)         0.101     1.294 r  rv32_top_i/ps7/inst/buffer_fclk_clk_0.FCLK_CLK_0_BUFG/O
                         net (fo=39071, routed)       1.824     3.118    rv32_top_i/plat/U0/u_core/S_AXI_ACLK
    SLICE_X51Y115        FDCE                                         r  rv32_top_i/plat/U0/u_core/exmem_alu_result_reg[6]/C
  -------------------------------------------------------------------    -------------------
    SLICE_X51Y115        FDCE (Prop_fdce_C_Q)         0.456     3.574 r  rv32_top_i/plat/U0/u_core/exmem_alu_result_reg[6]/Q
                         net (fo=8151, routed)        4.710     8.284    rv32_top_i/plat/U0/u_dcache/u_data/A[2]
    SLICE_X7Y8           MUXF7 (Prop_muxf7_S_O)       0.296     8.580 r  rv32_top_i/plat/U0/u_dcache/u_data/mem[0]_inferred__7/memwb_read_data_reg[7]_i_228/O
                         net (fo=1, routed)           0.000     8.580    rv32_top_i/plat/U0/u_dcache/u_data/mem[0]_inferred__7/memwb_read_data_reg[7]_i_228_n_0
    SLICE_X7Y8           MUXF8 (Prop_muxf8_I0_O)      0.104     8.684 r  rv32_top_i/plat/U0/u_dcache/u_data/mem[0]_inferred__7/memwb_read_data_reg[7]_i_174/O
                         net (fo=1, routed)           1.332    10.015    rv32_top_i/plat/U0/u_dcache/u_data/mem[0]_inferred__7/memwb_read_data_reg[7]_i_174_n_0
    SLICE_X16Y17         LUT6 (Prop_lut6_I3_O)        0.316    10.331 r  rv32_top_i/plat/U0/u_dcache/u_data/mem[0]_inferred__7/memwb_read_data[7]_i_85/O
                         net (fo=1, routed)           0.000    10.331    rv32_top_i/plat/U0/u_dcache/u_data/mem[0]_inferred__7/memwb_read_data[7]_i_85_n_0
    SLICE_X16Y17         MUXF7 (Prop_muxf7_I1_O)      0.247    10.578 r  rv32_top_i/plat/U0/u_dcache/u_data/mem[0]_inferred__7/memwb_read_data_reg[7]_i_46/O
                         net (fo=1, routed)           0.000    10.578    rv32_top_i/plat/U0/u_dcache/u_data/mem[0]_inferred__7/memwb_read_data_reg[7]_i_46_n_0
    SLICE_X16Y17         MUXF8 (Prop_muxf8_I0_O)      0.098    10.676 r  rv32_top_i/plat/U0/u_dcache/u_data/mem[0]_inferred__7/memwb_read_data_reg[7]_i_27/O
                         net (fo=1, routed)           1.088    11.764    rv32_top_i/plat/U0/u_dcache/u_data/p_1_in[7]
    SLICE_X24Y26         LUT4 (Prop_lut4_I0_O)        0.319    12.083 r  rv32_top_i/plat/U0/u_dcache/u_data/memwb_read_data[7]_i_20/O
                         net (fo=1, routed)           1.164    13.247    rv32_top_i/plat/U0/u_dcache/u_data/memwb_read_data[7]_i_20_n_0
    SLICE_X55Y26         LUT6 (Prop_lut6_I5_O)        0.124    13.371 r  rv32_top_i/plat/U0/u_dcache/u_data/memwb_read_data[7]_i_9/O
                         net (fo=1, routed)           3.225    16.596    rv32_top_i/plat/U0/u_core/bd_rdata[7]
    SLICE_X80Y128        LUT6 (Prop_lut6_I1_O)        0.124    16.720 r  rv32_top_i/plat/U0/u_core/memwb_read_data[7]_i_3/O
                         net (fo=1, routed)           0.904    17.624    rv32_top_i/plat/U0/u_core/memwb_read_data[7]_i_3_n_0
    SLICE_X93Y132        LUT6 (Prop_lut6_I0_O)        0.124    17.748 r  rv32_top_i/plat/U0/u_core/memwb_read_data[7]_i_2/O
                         net (fo=2, routed)           1.119    18.868    rv32_top_i/plat/U0/u_core/dmem_rdata[7]
    SLICE_X67Y128        LUT6 (Prop_lut6_I1_O)        0.124    18.992 r  rv32_top_i/plat/U0/u_core/memwb_read_data[15]_i_4/O
                         net (fo=10, routed)          0.667    19.658    rv32_top_i/plat/U0/u_core/memwb_read_data[15]_i_4_n_0
    SLICE_X66Y125        LUT4 (Prop_lut4_I2_O)        0.124    19.782 r  rv32_top_i/plat/U0/u_core/memwb_read_data[31]_i_3/O
                         net (fo=16, routed)          0.614    20.397    rv32_top_i/plat/U0/u_core/memwb_read_data[31]_i_3_n_0
    SLICE_X65Y126        LUT4 (Prop_lut4_I3_O)        0.119    20.516 r  rv32_top_i/plat/U0/u_core/memwb_read_data[27]_i_1/O
                         net (fo=1, routed)           0.000    20.516    rv32_top_i/plat/U0/u_core/mem_read_data[27]
    SLICE_X65Y126        FDCE                                         r  rv32_top_i/plat/U0/u_core/memwb_read_data_reg[27]/D
  -------------------------------------------------------------------    -------------------

                         (clock clk_fpga_0 rise edge)
                                                     20.000    20.000 r  
    PS7_X0Y0             PS7                          0.000    20.000 r  rv32_top_i/ps7/inst/PS7_i/FCLKCLK[0]
                         net (fo=1, routed)           1.088    21.088    rv32_top_i/ps7/inst/FCLK_CLK_unbuffered[0]
    BUFGCTRL_X0Y16       BUFG (Prop_bufg_I_O)         0.091    21.179 r  rv32_top_i/ps7/inst/buffer_fclk_clk_0.FCLK_CLK_0_BUFG/O
                         net (fo=39071, routed)       1.700    22.879    rv32_top_i/plat/U0/u_core/S_AXI_ACLK
    SLICE_X65Y126        FDCE                                         r  rv32_top_i/plat/U0/u_core/memwb_read_data_reg[27]/C
                         clock pessimism              0.247    23.126    
                         clock uncertainty           -0.302    22.824    
    SLICE_X65Y126        FDCE (Setup_fdce_C_D)        0.075    22.899    rv32_top_i/plat/U0/u_core/memwb_read_data_reg[27]
  -------------------------------------------------------------------
                         required time                         22.899    
                         arrival time                         -20.516    
  -------------------------------------------------------------------
                         slack                                  2.383    

Slack (MET) :             2.391ns  (required time - arrival time)
  Source:                 rv32_top_i/plat/U0/u_core/exmem_alu_result_reg[6]/C
                            (rising edge-triggered cell FDCE clocked by clk_fpga_0  {rise@0.000ns fall@10.000ns period=20.000ns})
  Destination:            rv32_top_i/plat/U0/u_core/memwb_read_data_reg[23]/D
                            (rising edge-triggered cell FDCE clocked by clk_fpga_0  {rise@0.000ns fall@10.000ns period=20.000ns})
  Path Group:             clk_fpga_0
  Path Type:              Setup (Max at Slow Process Corner)
  Requirement:            20.000ns  (clk_fpga_0 rise@20.000ns - clk_fpga_0 rise@0.000ns)
  Data Path Delay:        17.436ns  (logic 2.572ns (14.751%)  route 14.864ns (85.249%))
  Logic Levels:           12  (LUT3=1 LUT4=2 LUT6=5 MUXF7=2 MUXF8=2)
  Clock Path Skew:        0.011ns (DCD - SCD + CPR)
    Destination Clock Delay (DCD):    2.882ns = ( 22.882 - 20.000 ) 
    Source Clock Delay      (SCD):    3.118ns
    Clock Pessimism Removal (CPR):    0.247ns
  Clock Uncertainty:      0.302ns  ((TSJ^2 + TIJ^2)^1/2 + DJ) / 2 + PE
    Total System Jitter     (TSJ):    0.071ns
    Total Input Jitter      (TIJ):    0.600ns
    Discrete Jitter          (DJ):    0.000ns
    Phase Error              (PE):    0.000ns

    Location             Delay type                Incr(ns)  Path(ns)    Netlist Resource(s)
  -------------------------------------------------------------------    -------------------
                         (clock clk_fpga_0 rise edge)
                                                      0.000     0.000 r  
    PS7_X0Y0             PS7                          0.000     0.000 r  rv32_top_i/ps7/inst/PS7_i/FCLKCLK[0]
                         net (fo=1, routed)           1.193     1.193    rv32_top_i/ps7/inst/FCLK_CLK_unbuffered[0]
    BUFGCTRL_X0Y16       BUFG (Prop_bufg_I_O)         0.101     1.294 r  rv32_top_i/ps7/inst/buffer_fclk_clk_0.FCLK_CLK_0_BUFG/O
                         net (fo=39071, routed)       1.824     3.118    rv32_top_i/plat/U0/u_core/S_AXI_ACLK
    SLICE_X51Y115        FDCE                                         r  rv32_top_i/plat/U0/u_core/exmem_alu_result_reg[6]/C
  -------------------------------------------------------------------    -------------------
    SLICE_X51Y115        FDCE (Prop_fdce_C_Q)         0.456     3.574 r  rv32_top_i/plat/U0/u_core/exmem_alu_result_reg[6]/Q
                         net (fo=8151, routed)        4.710     8.284    rv32_top_i/plat/U0/u_dcache/u_data/A[2]
    SLICE_X7Y8           MUXF7 (Prop_muxf7_S_O)       0.296     8.580 r  rv32_top_i/plat/U0/u_dcache/u_data/mem[0]_inferred__7/memwb_read_data_reg[7]_i_228/O
                         net (fo=1, routed)           0.000     8.580    rv32_top_i/plat/U0/u_dcache/u_data/mem[0]_inferred__7/memwb_read_data_reg[7]_i_228_n_0
    SLICE_X7Y8           MUXF8 (Prop_muxf8_I0_O)      0.104     8.684 r  rv32_top_i/plat/U0/u_dcache/u_data/mem[0]_inferred__7/memwb_read_data_reg[7]_i_174/O
                         net (fo=1, routed)           1.332    10.015    rv32_top_i/plat/U0/u_dcache/u_data/mem[0]_inferred__7/memwb_read_data_reg[7]_i_174_n_0
    SLICE_X16Y17         LUT6 (Prop_lut6_I3_O)        0.316    10.331 r  rv32_top_i/plat/U0/u_dcache/u_data/mem[0]_inferred__7/memwb_read_data[7]_i_85/O
                         net (fo=1, routed)           0.000    10.331    rv32_top_i/plat/U0/u_dcache/u_data/mem[0]_inferred__7/memwb_read_data[7]_i_85_n_0
    SLICE_X16Y17         MUXF7 (Prop_muxf7_I1_O)      0.247    10.578 r  rv32_top_i/plat/U0/u_dcache/u_data/mem[0]_inferred__7/memwb_read_data_reg[7]_i_46/O
                         net (fo=1, routed)           0.000    10.578    rv32_top_i/plat/U0/u_dcache/u_data/mem[0]_inferred__7/memwb_read_data_reg[7]_i_46_n_0
    SLICE_X16Y17         MUXF8 (Prop_muxf8_I0_O)      0.098    10.676 r  rv32_top_i/plat/U0/u_dcache/u_data/mem[0]_inferred__7/memwb_read_data_reg[7]_i_27/O
                         net (fo=1, routed)           1.088    11.764    rv32_top_i/plat/U0/u_dcache/u_data/p_1_in[7]
    SLICE_X24Y26         LUT4 (Prop_lut4_I0_O)        0.319    12.083 r  rv32_top_i/plat/U0/u_dcache/u_data/memwb_read_data[7]_i_20/O
                         net (fo=1, routed)           1.164    13.247    rv32_top_i/plat/U0/u_dcache/u_data/memwb_read_data[7]_i_20_n_0
    SLICE_X55Y26         LUT6 (Prop_lut6_I5_O)        0.124    13.371 r  rv32_top_i/plat/U0/u_dcache/u_data/memwb_read_data[7]_i_9/O
                         net (fo=1, routed)           3.225    16.596    rv32_top_i/plat/U0/u_core/bd_rdata[7]
    SLICE_X80Y128        LUT6 (Prop_lut6_I1_O)        0.124    16.720 r  rv32_top_i/plat/U0/u_core/memwb_read_data[7]_i_3/O
                         net (fo=1, routed)           0.904    17.624    rv32_top_i/plat/U0/u_core/memwb_read_data[7]_i_3_n_0
    SLICE_X93Y132        LUT6 (Prop_lut6_I0_O)        0.124    17.748 r  rv32_top_i/plat/U0/u_core/memwb_read_data[7]_i_2/O
                         net (fo=2, routed)           1.119    18.868    rv32_top_i/plat/U0/u_core/dmem_rdata[7]
    SLICE_X67Y128        LUT6 (Prop_lut6_I1_O)        0.124    18.992 r  rv32_top_i/plat/U0/u_core/memwb_read_data[15]_i_4/O
                         net (fo=10, routed)          0.667    19.658    rv32_top_i/plat/U0/u_core/memwb_read_data[15]_i_4_n_0
    SLICE_X66Y125        LUT4 (Prop_lut4_I2_O)        0.124    19.782 r  rv32_top_i/plat/U0/u_core/memwb_read_data[31]_i_3/O
                         net (fo=16, routed)          0.656    20.438    rv32_top_i/plat/U0/u_core/memwb_read_data[31]_i_3_n_0
    SLICE_X66Y128        LUT3 (Prop_lut3_I2_O)        0.116    20.554 r  rv32_top_i/plat/U0/u_core/memwb_read_data[23]_i_1/O
                         net (fo=1, routed)           0.000    20.554    rv32_top_i/plat/U0/u_core/mem_read_data[23]
    SLICE_X66Y128        FDCE                                         r  rv32_top_i/plat/U0/u_core/memwb_read_data_reg[23]/D
  -------------------------------------------------------------------    -------------------

                         (clock clk_fpga_0 rise edge)
                                                     20.000    20.000 r  
    PS7_X0Y0             PS7                          0.000    20.000 r  rv32_top_i/ps7/inst/PS7_i/FCLKCLK[0]
                         net (fo=1, routed)           1.088    21.088    rv32_top_i/ps7/inst/FCLK_CLK_unbuffered[0]
    BUFGCTRL_X0Y16       BUFG (Prop_bufg_I_O)         0.091    21.179 r  rv32_top_i/ps7/inst/buffer_fclk_clk_0.FCLK_CLK_0_BUFG/O
                         net (fo=39071, routed)       1.703    22.882    rv32_top_i/plat/U0/u_core/S_AXI_ACLK
    SLICE_X66Y128        FDCE                                         r  rv32_top_i/plat/U0/u_core/memwb_read_data_reg[23]/C
                         clock pessimism              0.247    23.129    
                         clock uncertainty           -0.302    22.827    
    SLICE_X66Y128        FDCE (Setup_fdce_C_D)        0.118    22.945    rv32_top_i/plat/U0/u_core/memwb_read_data_reg[23]
  -------------------------------------------------------------------
                         required time                         22.945    
                         arrival time                         -20.554    
  -------------------------------------------------------------------
                         slack                                  2.391    

Slack (MET) :             2.411ns  (required time - arrival time)
  Source:                 rv32_top_i/plat/U0/u_core/exmem_alu_result_reg[6]/C
                            (rising edge-triggered cell FDCE clocked by clk_fpga_0  {rise@0.000ns fall@10.000ns period=20.000ns})
  Destination:            rv32_top_i/plat/U0/u_core/memwb_read_data_reg[28]/D
                            (rising edge-triggered cell FDCE clocked by clk_fpga_0  {rise@0.000ns fall@10.000ns period=20.000ns})
  Path Group:             clk_fpga_0
  Path Type:              Setup (Max at Slow Process Corner)
  Requirement:            20.000ns  (clk_fpga_0 rise@20.000ns - clk_fpga_0 rise@0.000ns)
  Data Path Delay:        17.322ns  (logic 2.580ns (14.894%)  route 14.742ns (85.106%))
  Logic Levels:           12  (LUT4=3 LUT6=5 MUXF7=2 MUXF8=2)
  Clock Path Skew:        0.006ns (DCD - SCD + CPR)
    Destination Clock Delay (DCD):    2.877ns = ( 22.877 - 20.000 ) 
    Source Clock Delay      (SCD):    3.118ns
    Clock Pessimism Removal (CPR):    0.247ns
  Clock Uncertainty:      0.302ns  ((TSJ^2 + TIJ^2)^1/2 + DJ) / 2 + PE
    Total System Jitter     (TSJ):    0.071ns
    Total Input Jitter      (TIJ):    0.600ns
    Discrete Jitter          (DJ):    0.000ns
    Phase Error              (PE):    0.000ns

    Location             Delay type                Incr(ns)  Path(ns)    Netlist Resource(s)
  -------------------------------------------------------------------    -------------------
                         (clock clk_fpga_0 rise edge)
                                                      0.000     0.000 r  
    PS7_X0Y0             PS7                          0.000     0.000 r  rv32_top_i/ps7/inst/PS7_i/FCLKCLK[0]
                         net (fo=1, routed)           1.193     1.193    rv32_top_i/ps7/inst/FCLK_CLK_unbuffered[0]
    BUFGCTRL_X0Y16       BUFG (Prop_bufg_I_O)         0.101     1.294 r  rv32_top_i/ps7/inst/buffer_fclk_clk_0.FCLK_CLK_0_BUFG/O
                         net (fo=39071, routed)       1.824     3.118    rv32_top_i/plat/U0/u_core/S_AXI_ACLK
    SLICE_X51Y115        FDCE                                         r  rv32_top_i/plat/U0/u_core/exmem_alu_result_reg[6]/C
  -------------------------------------------------------------------    -------------------
    SLICE_X51Y115        FDCE (Prop_fdce_C_Q)         0.456     3.574 r  rv32_top_i/plat/U0/u_core/exmem_alu_result_reg[6]/Q
                         net (fo=8151, routed)        4.710     8.284    rv32_top_i/plat/U0/u_dcache/u_data/A[2]
    SLICE_X7Y8           MUXF7 (Prop_muxf7_S_O)       0.296     8.580 r  rv32_top_i/plat/U0/u_dcache/u_data/mem[0]_inferred__7/memwb_read_data_reg[7]_i_228/O
                         net (fo=1, routed)           0.000     8.580    rv32_top_i/plat/U0/u_dcache/u_data/mem[0]_inferred__7/memwb_read_data_reg[7]_i_228_n_0
    SLICE_X7Y8           MUXF8 (Prop_muxf8_I0_O)      0.104     8.684 r  rv32_top_i/plat/U0/u_dcache/u_data/mem[0]_inferred__7/memwb_read_data_reg[7]_i_174/O
                         net (fo=1, routed)           1.332    10.015    rv32_top_i/plat/U0/u_dcache/u_data/mem[0]_inferred__7/memwb_read_data_reg[7]_i_174_n_0
    SLICE_X16Y17         LUT6 (Prop_lut6_I3_O)        0.316    10.331 r  rv32_top_i/plat/U0/u_dcache/u_data/mem[0]_inferred__7/memwb_read_data[7]_i_85/O
                         net (fo=1, routed)           0.000    10.331    rv32_top_i/plat/U0/u_dcache/u_data/mem[0]_inferred__7/memwb_read_data[7]_i_85_n_0
    SLICE_X16Y17         MUXF7 (Prop_muxf7_I1_O)      0.247    10.578 r  rv32_top_i/plat/U0/u_dcache/u_data/mem[0]_inferred__7/memwb_read_data_reg[7]_i_46/O
                         net (fo=1, routed)           0.000    10.578    rv32_top_i/plat/U0/u_dcache/u_data/mem[0]_inferred__7/memwb_read_data_reg[7]_i_46_n_0
    SLICE_X16Y17         MUXF8 (Prop_muxf8_I0_O)      0.098    10.676 r  rv32_top_i/plat/U0/u_dcache/u_data/mem[0]_inferred__7/memwb_read_data_reg[7]_i_27/O
                         net (fo=1, routed)           1.088    11.764    rv32_top_i/plat/U0/u_dcache/u_data/p_1_in[7]
    SLICE_X24Y26         LUT4 (Prop_lut4_I0_O)        0.319    12.083 r  rv32_top_i/plat/U0/u_dcache/u_data/memwb_read_data[7]_i_20/O
                         net (fo=1, routed)           1.164    13.247    rv32_top_i/plat/U0/u_dcache/u_data/memwb_read_data[7]_i_20_n_0
    SLICE_X55Y26         LUT6 (Prop_lut6_I5_O)        0.124    13.371 r  rv32_top_i/plat/U0/u_dcache/u_data/memwb_read_data[7]_i_9/O
                         net (fo=1, routed)           3.225    16.596    rv32_top_i/plat/U0/u_core/bd_rdata[7]
    SLICE_X80Y128        LUT6 (Prop_lut6_I1_O)        0.124    16.720 r  rv32_top_i/plat/U0/u_core/memwb_read_data[7]_i_3/O
                         net (fo=1, routed)           0.904    17.624    rv32_top_i/plat/U0/u_core/memwb_read_data[7]_i_3_n_0
    SLICE_X93Y132        LUT6 (Prop_lut6_I0_O)        0.124    17.748 r  rv32_top_i/plat/U0/u_core/memwb_read_data[7]_i_2/O
                         net (fo=2, routed)           1.119    18.868    rv32_top_i/plat/U0/u_core/dmem_rdata[7]
    SLICE_X67Y128        LUT6 (Prop_lut6_I1_O)        0.124    18.992 r  rv32_top_i/plat/U0/u_core/memwb_read_data[15]_i_4/O
                         net (fo=10, routed)          0.667    19.658    rv32_top_i/plat/U0/u_core/memwb_read_data[15]_i_4_n_0
    SLICE_X66Y125        LUT4 (Prop_lut4_I2_O)        0.124    19.782 r  rv32_top_i/plat/U0/u_core/memwb_read_data[31]_i_3/O
                         net (fo=16, routed)          0.534    20.316    rv32_top_i/plat/U0/u_core/memwb_read_data[31]_i_3_n_0
    SLICE_X64Y125        LUT4 (Prop_lut4_I3_O)        0.124    20.440 r  rv32_top_i/plat/U0/u_core/memwb_read_data[28]_i_1/O
                         net (fo=1, routed)           0.000    20.440    rv32_top_i/plat/U0/u_core/mem_read_data[28]
    SLICE_X64Y125        FDCE                                         r  rv32_top_i/plat/U0/u_core/memwb_read_data_reg[28]/D
  -------------------------------------------------------------------    -------------------

                         (clock clk_fpga_0 rise edge)
                                                     20.000    20.000 r  
    PS7_X0Y0             PS7                          0.000    20.000 r  rv32_top_i/ps7/inst/PS7_i/FCLKCLK[0]
                         net (fo=1, routed)           1.088    21.088    rv32_top_i/ps7/inst/FCLK_CLK_unbuffered[0]
    BUFGCTRL_X0Y16       BUFG (Prop_bufg_I_O)         0.091    21.179 r  rv32_top_i/ps7/inst/buffer_fclk_clk_0.FCLK_CLK_0_BUFG/O
                         net (fo=39071, routed)       1.698    22.877    rv32_top_i/plat/U0/u_core/S_AXI_ACLK
    SLICE_X64Y125        FDCE                                         r  rv32_top_i/plat/U0/u_core/memwb_read_data_reg[28]/C
                         clock pessimism              0.247    23.124    
                         clock uncertainty           -0.302    22.822    
    SLICE_X64Y125        FDCE (Setup_fdce_C_D)        0.029    22.851    rv32_top_i/plat/U0/u_core/memwb_read_data_reg[28]
  -------------------------------------------------------------------
                         required time                         22.851    
                         arrival time                         -20.440    
  -------------------------------------------------------------------
                         slack                                  2.411    

Slack (MET) :             2.426ns  (required time - arrival time)
  Source:                 rv32_top_i/plat/U0/u_core/exmem_alu_result_reg[4]/C
                            (rising edge-triggered cell FDCE clocked by clk_fpga_0  {rise@0.000ns fall@10.000ns period=20.000ns})
  Destination:            rv32_top_i/plat/U0/u_core/memwb_read_data_reg[10]/D
                            (rising edge-triggered cell FDCE clocked by clk_fpga_0  {rise@0.000ns fall@10.000ns period=20.000ns})
  Path Group:             clk_fpga_0
  Path Type:              Setup (Max at Slow Process Corner)
  Requirement:            20.000ns  (clk_fpga_0 rise@20.000ns - clk_fpga_0 rise@0.000ns)
  Data Path Delay:        17.363ns  (logic 2.610ns (15.032%)  route 14.753ns (84.968%))
  Logic Levels:           13  (LUT4=2 LUT6=7 MUXF7=2 MUXF8=2)
  Clock Path Skew:        0.010ns (DCD - SCD + CPR)
    Destination Clock Delay (DCD):    2.879ns = ( 22.879 - 20.000 ) 
    Source Clock Delay      (SCD):    3.116ns
    Clock Pessimism Removal (CPR):    0.247ns
  Clock Uncertainty:      0.302ns  ((TSJ^2 + TIJ^2)^1/2 + DJ) / 2 + PE
    Total System Jitter     (TSJ):    0.071ns
    Total Input Jitter      (TIJ):    0.600ns
    Discrete Jitter          (DJ):    0.000ns
    Phase Error              (PE):    0.000ns

    Location             Delay type                Incr(ns)  Path(ns)    Netlist Resource(s)
  -------------------------------------------------------------------    -------------------
                         (clock clk_fpga_0 rise edge)
                                                      0.000     0.000 r  
    PS7_X0Y0             PS7                          0.000     0.000 r  rv32_top_i/ps7/inst/PS7_i/FCLKCLK[0]
                         net (fo=1, routed)           1.193     1.193    rv32_top_i/ps7/inst/FCLK_CLK_unbuffered[0]
    BUFGCTRL_X0Y16       BUFG (Prop_bufg_I_O)         0.101     1.294 r  rv32_top_i/ps7/inst/buffer_fclk_clk_0.FCLK_CLK_0_BUFG/O
                         net (fo=39071, routed)       1.822     3.116    rv32_top_i/plat/U0/u_core/S_AXI_ACLK
    SLICE_X51Y117        FDCE                                         r  rv32_top_i/plat/U0/u_core/exmem_alu_result_reg[4]/C
  -------------------------------------------------------------------    -------------------
    SLICE_X51Y117        FDCE (Prop_fdce_C_Q)         0.456     3.572 r  rv32_top_i/plat/U0/u_core/exmem_alu_result_reg[4]/Q
                         net (fo=15943, routed)       5.074     8.646    rv32_top_i/plat/U0/u_dcache/u_data/A[0]
    SLICE_X112Y2         LUT6 (Prop_lut6_I4_O)        0.124     8.770 r  rv32_top_i/plat/U0/u_dcache/u_data/mem[0]_inferred__6/mem_reg_1_1_i_3208/O
                         net (fo=1, routed)           0.000     8.770    rv32_top_i/plat/U0/u_dcache/u_data/mem[0]_inferred__6/mem_reg_1_1_i_3208_n_0
    SLICE_X112Y2         MUXF7 (Prop_muxf7_I1_O)      0.214     8.984 r  rv32_top_i/plat/U0/u_dcache/u_data/mem[0]_inferred__6/mem_reg_1_1_i_1468/O
                         net (fo=1, routed)           0.000     8.984    rv32_top_i/plat/U0/u_dcache/u_data/mem[0]_inferred__6/mem_reg_1_1_i_1468_n_0
    SLICE_X112Y2         MUXF8 (Prop_muxf8_I1_O)      0.088     9.072 r  rv32_top_i/plat/U0/u_dcache/u_data/mem[0]_inferred__6/mem_reg_1_1_i_598/O
                         net (fo=1, routed)           1.554    10.626    rv32_top_i/plat/U0/u_dcache/u_data/mem[0]_inferred__6/mem_reg_1_1_i_598_n_0
    SLICE_X84Y4          LUT6 (Prop_lut6_I1_O)        0.319    10.945 r  rv32_top_i/plat/U0/u_dcache/u_data/mem[0]_inferred__6/mem_reg_1_1_i_202/O
                         net (fo=1, routed)           0.000    10.945    rv32_top_i/plat/U0/u_dcache/u_data/mem[0]_inferred__6/mem_reg_1_1_i_202_n_0
    SLICE_X84Y4          MUXF7 (Prop_muxf7_I1_O)      0.245    11.190 r  rv32_top_i/plat/U0/u_dcache/u_data/mem[0]_inferred__6/mem_reg_1_1_i_93/O
                         net (fo=1, routed)           0.000    11.190    rv32_top_i/plat/U0/u_dcache/u_data/mem[0]_inferred__6/mem_reg_1_1_i_93_n_0
    SLICE_X84Y4          MUXF8 (Prop_muxf8_I0_O)      0.104    11.294 r  rv32_top_i/plat/U0/u_dcache/u_data/mem[0]_inferred__6/mem_reg_1_1_i_39/O
                         net (fo=2, routed)           1.556    12.850    rv32_top_i/plat/U0/u_dcache/u_data/wb_line[106]
    SLICE_X86Y33         LUT4 (Prop_lut4_I3_O)        0.316    13.166 r  rv32_top_i/plat/U0/u_dcache/u_data/memwb_read_data[10]_i_14/O
                         net (fo=1, routed)           0.596    13.762    rv32_top_i/plat/U0/u_dcache/u_data/memwb_read_data[10]_i_14_n_0
    SLICE_X86Y37         LUT6 (Prop_lut6_I5_O)        0.124    13.886 r  rv32_top_i/plat/U0/u_dcache/u_data/memwb_read_data[10]_i_9/O
                         net (fo=1, routed)           2.463    16.349    rv32_top_i/plat/U0/u_core/bd_rdata[10]
    SLICE_X90Y124        LUT6 (Prop_lut6_I4_O)        0.124    16.473 r  rv32_top_i/plat/U0/u_core/memwb_read_data[10]_i_7/O
                         net (fo=1, routed)           1.074    17.547    rv32_top_i/plat/U0/u_core/memwb_read_data[10]_i_7_n_0
    SLICE_X94Y140        LUT6 (Prop_lut6_I0_O)        0.124    17.671 r  rv32_top_i/plat/U0/u_core/memwb_read_data[10]_i_5/O
                         net (fo=1, routed)           0.820    18.491    rv32_top_i/plat/U0/u_core/memwb_read_data[10]_i_5_n_0
    SLICE_X91Y131        LUT6 (Prop_lut6_I5_O)        0.124    18.615 r  rv32_top_i/plat/U0/u_core/memwb_read_data[10]_i_2/O
                         net (fo=3, routed)           1.075    19.691    rv32_top_i/plat/U0/u_core/dmem_rdata[10]
    SLICE_X66Y126        LUT4 (Prop_lut4_I3_O)        0.124    19.815 r  rv32_top_i/plat/U0/u_core/memwb_read_data[10]_i_3/O
                         net (fo=1, routed)           0.541    20.355    rv32_top_i/plat/U0/u_core/memwb_read_data[10]_i_3_n_0
    SLICE_X66Y126        LUT6 (Prop_lut6_I3_O)        0.124    20.479 r  rv32_top_i/plat/U0/u_core/memwb_read_data[10]_i_1/O
                         net (fo=1, routed)           0.000    20.479    rv32_top_i/plat/U0/u_core/mem_read_data[10]
    SLICE_X66Y126        FDCE                                         r  rv32_top_i/plat/U0/u_core/memwb_read_data_reg[10]/D
  -------------------------------------------------------------------    -------------------

                         (clock clk_fpga_0 rise edge)
                                                     20.000    20.000 r  
    PS7_X0Y0             PS7                          0.000    20.000 r  rv32_top_i/ps7/inst/PS7_i/FCLKCLK[0]
                         net (fo=1, routed)           1.088    21.088    rv32_top_i/ps7/inst/FCLK_CLK_unbuffered[0]
    BUFGCTRL_X0Y16       BUFG (Prop_bufg_I_O)         0.091    21.179 r  rv32_top_i/ps7/inst/buffer_fclk_clk_0.FCLK_CLK_0_BUFG/O
                         net (fo=39071, routed)       1.700    22.879    rv32_top_i/plat/U0/u_core/S_AXI_ACLK
    SLICE_X66Y126        FDCE                                         r  rv32_top_i/plat/U0/u_core/memwb_read_data_reg[10]/C
                         clock pessimism              0.247    23.126    
                         clock uncertainty           -0.302    22.824    
    SLICE_X66Y126        FDCE (Setup_fdce_C_D)        0.081    22.905    rv32_top_i/plat/U0/u_core/memwb_read_data_reg[10]
  -------------------------------------------------------------------
                         required time                         22.905    
                         arrival time                         -20.479    
  -------------------------------------------------------------------
                         slack                                  2.426    





Min Delay Paths
--------------------------------------------------------------------------------------
Slack (MET) :             0.031ns  (arrival time - required time)
  Source:                 rv32_top_i/plat/U0/u_icache/u_adp/buf_reg[17]/C
                            (rising edge-triggered cell FDCE clocked by clk_fpga_0  {rise@0.000ns fall@10.000ns period=20.000ns})
  Destination:            rv32_top_i/plat/U0/u_icache/u_data/mem_reg_0_255_17_17/RAMS64E_D/I
                            (rising edge-triggered cell RAMS64E clocked by clk_fpga_0  {rise@0.000ns fall@10.000ns period=20.000ns})
  Path Group:             clk_fpga_0
  Path Type:              Hold (Min at Fast Process Corner)
  Requirement:            0.000ns  (clk_fpga_0 rise@0.000ns - clk_fpga_0 rise@0.000ns)
  Data Path Delay:        0.430ns  (logic 0.141ns (32.776%)  route 0.289ns (67.224%))
  Logic Levels:           0  
  Clock Path Skew:        0.255ns (DCD - SCD - CPR)
    Destination Clock Delay (DCD):    1.262ns
    Source Clock Delay      (SCD):    0.968ns
    Clock Pessimism Removal (CPR):    0.039ns

    Location             Delay type                Incr(ns)  Path(ns)    Netlist Resource(s)
  -------------------------------------------------------------------    -------------------
                         (clock clk_fpga_0 rise edge)
                                                      0.000     0.000 r  
    PS7_X0Y0             PS7                          0.000     0.000 r  rv32_top_i/ps7/inst/PS7_i/FCLKCLK[0]
                         net (fo=1, routed)           0.310     0.310    rv32_top_i/ps7/inst/FCLK_CLK_unbuffered[0]
    BUFGCTRL_X0Y16       BUFG (Prop_bufg_I_O)         0.026     0.336 r  rv32_top_i/ps7/inst/buffer_fclk_clk_0.FCLK_CLK_0_BUFG/O
                         net (fo=39071, routed)       0.632     0.968    rv32_top_i/plat/U0/u_icache/u_adp/S_AXI_ACLK
    SLICE_X40Y117        FDCE                                         r  rv32_top_i/plat/U0/u_icache/u_adp/buf_reg[17]/C
  -------------------------------------------------------------------    -------------------
    SLICE_X40Y117        FDCE (Prop_fdce_C_Q)         0.141     1.109 r  rv32_top_i/plat/U0/u_icache/u_adp/buf_reg[17]/Q
                         net (fo=4, routed)           0.289     1.398    rv32_top_i/plat/U0/u_icache/u_data/mem_reg_0_255_17_17/D
    SLICE_X50Y119        RAMS64E                                      r  rv32_top_i/plat/U0/u_icache/u_data/mem_reg_0_255_17_17/RAMS64E_D/I
  -------------------------------------------------------------------    -------------------

                         (clock clk_fpga_0 rise edge)
                                                      0.000     0.000 r  
    PS7_X0Y0             PS7                          0.000     0.000 r  rv32_top_i/ps7/inst/PS7_i/FCLKCLK[0]
                         net (fo=1, routed)           0.337     0.337    rv32_top_i/ps7/inst/FCLK_CLK_unbuffered[0]
    BUFGCTRL_X0Y16       BUFG (Prop_bufg_I_O)         0.029     0.366 r  rv32_top_i/ps7/inst/buffer_fclk_clk_0.FCLK_CLK_0_BUFG/O
                         net (fo=39071, routed)       0.896     1.262    rv32_top_i/plat/U0/u_icache/u_data/mem_reg_0_255_17_17/WCLK
    SLICE_X50Y119        RAMS64E                                      r  rv32_top_i/plat/U0/u_icache/u_data/mem_reg_0_255_17_17/RAMS64E_D/CLK
                         clock pessimism             -0.039     1.223    
    SLICE_X50Y119        RAMS64E (Hold_rams64e_CLK_I)
                                                      0.144     1.367    rv32_top_i/plat/U0/u_icache/u_data/mem_reg_0_255_17_17/RAMS64E_D
  -------------------------------------------------------------------
                         required time                         -1.367    
                         arrival time                           1.398    
  -------------------------------------------------------------------
                         slack                                  0.031    

Slack (MET) :             0.033ns  (arrival time - required time)
  Source:                 rv32_top_i/plat/U0/u_dcache/u_axi/rbuf_reg[24]/C
                            (rising edge-triggered cell FDCE clocked by clk_fpga_0  {rise@0.000ns fall@10.000ns period=20.000ns})
  Destination:            rv32_top_i/plat/U0/u_dcache/u_data/mem_reg[121][24]/D
                            (rising edge-triggered cell FDRE clocked by clk_fpga_0  {rise@0.000ns fall@10.000ns period=20.000ns})
  Path Group:             clk_fpga_0
  Path Type:              Hold (Min at Fast Process Corner)
  Requirement:            0.000ns  (clk_fpga_0 rise@0.000ns - clk_fpga_0 rise@0.000ns)
  Data Path Delay:        0.388ns  (logic 0.186ns (47.967%)  route 0.202ns (52.033%))
  Logic Levels:           1  (LUT5=1)
  Clock Path Skew:        0.263ns (DCD - SCD - CPR)
    Destination Clock Delay (DCD):    1.179ns
    Source Clock Delay      (SCD):    0.881ns
    Clock Pessimism Removal (CPR):    0.035ns

    Location             Delay type                Incr(ns)  Path(ns)    Netlist Resource(s)
  -------------------------------------------------------------------    -------------------
                         (clock clk_fpga_0 rise edge)
                                                      0.000     0.000 r  
    PS7_X0Y0             PS7                          0.000     0.000 r  rv32_top_i/ps7/inst/PS7_i/FCLKCLK[0]
                         net (fo=1, routed)           0.310     0.310    rv32_top_i/ps7/inst/FCLK_CLK_unbuffered[0]
    BUFGCTRL_X0Y16       BUFG (Prop_bufg_I_O)         0.026     0.336 r  rv32_top_i/ps7/inst/buffer_fclk_clk_0.FCLK_CLK_0_BUFG/O
                         net (fo=39071, routed)       0.545     0.881    rv32_top_i/plat/U0/u_dcache/u_axi/S_AXI_ACLK
    SLICE_X51Y81         FDCE                                         r  rv32_top_i/plat/U0/u_dcache/u_axi/rbuf_reg[24]/C
  -------------------------------------------------------------------    -------------------
    SLICE_X51Y81         FDCE (Prop_fdce_C_Q)         0.141     1.022 r  rv32_top_i/plat/U0/u_dcache/u_axi/rbuf_reg[24]/Q
                         net (fo=5, routed)           0.202     1.223    rv32_top_i/plat/U0/u_dcache/u_axi/fill_line[24]
    SLICE_X49Y79         LUT5 (Prop_lut5_I0_O)        0.045     1.268 r  rv32_top_i/plat/U0/u_dcache/u_axi/mem[121][24]_i_1/O
                         net (fo=1, routed)           0.000     1.268    rv32_top_i/plat/U0/u_dcache/u_data/mem_reg[121][24]_1
    SLICE_X49Y79         FDRE                                         r  rv32_top_i/plat/U0/u_dcache/u_data/mem_reg[121][24]/D
  -------------------------------------------------------------------    -------------------

                         (clock clk_fpga_0 rise edge)
                                                      0.000     0.000 r  
    PS7_X0Y0             PS7                          0.000     0.000 r  rv32_top_i/ps7/inst/PS7_i/FCLKCLK[0]
                         net (fo=1, routed)           0.337     0.337    rv32_top_i/ps7/inst/FCLK_CLK_unbuffered[0]
    BUFGCTRL_X0Y16       BUFG (Prop_bufg_I_O)         0.029     0.366 r  rv32_top_i/ps7/inst/buffer_fclk_clk_0.FCLK_CLK_0_BUFG/O
                         net (fo=39071, routed)       0.813     1.179    rv32_top_i/plat/U0/u_dcache/u_data/S_AXI_ACLK
    SLICE_X49Y79         FDRE                                         r  rv32_top_i/plat/U0/u_dcache/u_data/mem_reg[121][24]/C
                         clock pessimism             -0.035     1.144    
    SLICE_X49Y79         FDRE (Hold_fdre_C_D)         0.091     1.235    rv32_top_i/plat/U0/u_dcache/u_data/mem_reg[121][24]
  -------------------------------------------------------------------
                         required time                         -1.235    
                         arrival time                           1.268    
  -------------------------------------------------------------------
                         slack                                  0.033    

Slack (MET) :             0.067ns  (arrival time - required time)
  Source:                 rv32_top_i/plat/U0/u_icache/u_adp/buf_reg[51]/C
                            (rising edge-triggered cell FDCE clocked by clk_fpga_0  {rise@0.000ns fall@10.000ns period=20.000ns})
  Destination:            rv32_top_i/plat/U0/u_icache/u_data/mem_reg_0_255_51_51/RAMS64E_D/I
                            (rising edge-triggered cell RAMS64E clocked by clk_fpga_0  {rise@0.000ns fall@10.000ns period=20.000ns})
  Path Group:             clk_fpga_0
  Path Type:              Hold (Min at Fast Process Corner)
  Requirement:            0.000ns  (clk_fpga_0 rise@0.000ns - clk_fpga_0 rise@0.000ns)
  Data Path Delay:        0.414ns  (logic 0.128ns (30.895%)  route 0.286ns (69.105%))
  Logic Levels:           0  
  Clock Path Skew:        0.257ns (DCD - SCD - CPR)
    Destination Clock Delay (DCD):    1.265ns
    Source Clock Delay      (SCD):    0.969ns
    Clock Pessimism Removal (CPR):    0.039ns

    Location             Delay type                Incr(ns)  Path(ns)    Netlist Resource(s)
  -------------------------------------------------------------------    -------------------
                         (clock clk_fpga_0 rise edge)
                                                      0.000     0.000 r  
    PS7_X0Y0             PS7                          0.000     0.000 r  rv32_top_i/ps7/inst/PS7_i/FCLKCLK[0]
                         net (fo=1, routed)           0.310     0.310    rv32_top_i/ps7/inst/FCLK_CLK_unbuffered[0]
    BUFGCTRL_X0Y16       BUFG (Prop_bufg_I_O)         0.026     0.336 r  rv32_top_i/ps7/inst/buffer_fclk_clk_0.FCLK_CLK_0_BUFG/O
                         net (fo=39071, routed)       0.633     0.969    rv32_top_i/plat/U0/u_icache/u_adp/S_AXI_ACLK
    SLICE_X40Y116        FDCE                                         r  rv32_top_i/plat/U0/u_icache/u_adp/buf_reg[51]/C
  -------------------------------------------------------------------    -------------------
    SLICE_X40Y116        FDCE (Prop_fdce_C_Q)         0.128     1.097 r  rv32_top_i/plat/U0/u_icache/u_adp/buf_reg[51]/Q
                         net (fo=4, routed)           0.286     1.383    rv32_top_i/plat/U0/u_icache/u_data/mem_reg_0_255_51_51/D
    SLICE_X50Y116        RAMS64E                                      r  rv32_top_i/plat/U0/u_icache/u_data/mem_reg_0_255_51_51/RAMS64E_D/I
  -------------------------------------------------------------------    -------------------

                         (clock clk_fpga_0 rise edge)
                                                      0.000     0.000 r  
    PS7_X0Y0             PS7                          0.000     0.000 r  rv32_top_i/ps7/inst/PS7_i/FCLKCLK[0]
                         net (fo=1, routed)           0.337     0.337    rv32_top_i/ps7/inst/FCLK_CLK_unbuffered[0]
    BUFGCTRL_X0Y16       BUFG (Prop_bufg_I_O)         0.029     0.366 r  rv32_top_i/ps7/inst/buffer_fclk_clk_0.FCLK_CLK_0_BUFG/O
                         net (fo=39071, routed)       0.899     1.265    rv32_top_i/plat/U0/u_icache/u_data/mem_reg_0_255_51_51/WCLK
    SLICE_X50Y116        RAMS64E                                      r  rv32_top_i/plat/U0/u_icache/u_data/mem_reg_0_255_51_51/RAMS64E_D/CLK
                         clock pessimism             -0.039     1.226    
    SLICE_X50Y116        RAMS64E (Hold_rams64e_CLK_I)
                                                      0.090     1.316    rv32_top_i/plat/U0/u_icache/u_data/mem_reg_0_255_51_51/RAMS64E_D
  -------------------------------------------------------------------
                         required time                         -1.316    
                         arrival time                           1.383    
  -------------------------------------------------------------------
                         slack                                  0.067    

Slack (MET) :             0.070ns  (arrival time - required time)
  Source:                 rv32_top_i/plat/U0/u_icache/u_adp/buf_reg[17]/C
                            (rising edge-triggered cell FDCE clocked by clk_fpga_0  {rise@0.000ns fall@10.000ns period=20.000ns})
  Destination:            rv32_top_i/plat/U0/u_icache/u_data/mem_reg_0_255_17_17/RAMS64E_B/I
                            (rising edge-triggered cell RAMS64E clocked by clk_fpga_0  {rise@0.000ns fall@10.000ns period=20.000ns})
  Path Group:             clk_fpga_0
  Path Type:              Hold (Min at Fast Process Corner)
  Requirement:            0.000ns  (clk_fpga_0 rise@0.000ns - clk_fpga_0 rise@0.000ns)
  Data Path Delay:        0.430ns  (logic 0.141ns (32.776%)  route 0.289ns (67.224%))
  Logic Levels:           0  
  Clock Path Skew:        0.255ns (DCD - SCD - CPR)
    Destination Clock Delay (DCD):    1.262ns
    Source Clock Delay      (SCD):    0.968ns
    Clock Pessimism Removal (CPR):    0.039ns

    Location             Delay type                Incr(ns)  Path(ns)    Netlist Resource(s)
  -------------------------------------------------------------------    -------------------
                         (clock clk_fpga_0 rise edge)
                                                      0.000     0.000 r  
    PS7_X0Y0             PS7                          0.000     0.000 r  rv32_top_i/ps7/inst/PS7_i/FCLKCLK[0]
                         net (fo=1, routed)           0.310     0.310    rv32_top_i/ps7/inst/FCLK_CLK_unbuffered[0]
    BUFGCTRL_X0Y16       BUFG (Prop_bufg_I_O)         0.026     0.336 r  rv32_top_i/ps7/inst/buffer_fclk_clk_0.FCLK_CLK_0_BUFG/O
                         net (fo=39071, routed)       0.632     0.968    rv32_top_i/plat/U0/u_icache/u_adp/S_AXI_ACLK
    SLICE_X40Y117        FDCE                                         r  rv32_top_i/plat/U0/u_icache/u_adp/buf_reg[17]/C
  -------------------------------------------------------------------    -------------------
    SLICE_X40Y117        FDCE (Prop_fdce_C_Q)         0.141     1.109 r  rv32_top_i/plat/U0/u_icache/u_adp/buf_reg[17]/Q
                         net (fo=4, routed)           0.289     1.398    rv32_top_i/plat/U0/u_icache/u_data/mem_reg_0_255_17_17/D
    SLICE_X50Y119        RAMS64E                                      r  rv32_top_i/plat/U0/u_icache/u_data/mem_reg_0_255_17_17/RAMS64E_B/I
  -------------------------------------------------------------------    -------------------

                         (clock clk_fpga_0 rise edge)
                                                      0.000     0.000 r  
    PS7_X0Y0             PS7                          0.000     0.000 r  rv32_top_i/ps7/inst/PS7_i/FCLKCLK[0]
                         net (fo=1, routed)           0.337     0.337    rv32_top_i/ps7/inst/FCLK_CLK_unbuffered[0]
    BUFGCTRL_X0Y16       BUFG (Prop_bufg_I_O)         0.029     0.366 r  rv32_top_i/ps7/inst/buffer_fclk_clk_0.FCLK_CLK_0_BUFG/O
                         net (fo=39071, routed)       0.896     1.262    rv32_top_i/plat/U0/u_icache/u_data/mem_reg_0_255_17_17/WCLK
    SLICE_X50Y119        RAMS64E                                      r  rv32_top_i/plat/U0/u_icache/u_data/mem_reg_0_255_17_17/RAMS64E_B/CLK
                         clock pessimism             -0.039     1.223    
    SLICE_X50Y119        RAMS64E (Hold_rams64e_CLK_I)
                                                      0.105     1.328    rv32_top_i/plat/U0/u_icache/u_data/mem_reg_0_255_17_17/RAMS64E_B
  -------------------------------------------------------------------
                         required time                         -1.328    
                         arrival time                           1.398    
  -------------------------------------------------------------------
                         slack                                  0.070    

Slack (MET) :             0.074ns  (arrival time - required time)
  Source:                 rv32_top_i/plat/U0/u_icache/u_adp/buf_reg[17]/C
                            (rising edge-triggered cell FDCE clocked by clk_fpga_0  {rise@0.000ns fall@10.000ns period=20.000ns})
  Destination:            rv32_top_i/plat/U0/u_icache/u_data/mem_reg_0_255_17_17/RAMS64E_C/I
                            (rising edge-triggered cell RAMS64E clocked by clk_fpga_0  {rise@0.000ns fall@10.000ns period=20.000ns})
  Path Group:             clk_fpga_0
  Path Type:              Hold (Min at Fast Process Corner)
  Requirement:            0.000ns  (clk_fpga_0 rise@0.000ns - clk_fpga_0 rise@0.000ns)
  Data Path Delay:        0.430ns  (logic 0.141ns (32.776%)  route 0.289ns (67.224%))
  Logic Levels:           0  
  Clock Path Skew:        0.255ns (DCD - SCD - CPR)
    Destination Clock Delay (DCD):    1.262ns
    Source Clock Delay      (SCD):    0.968ns
    Clock Pessimism Removal (CPR):    0.039ns

    Location             Delay type                Incr(ns)  Path(ns)    Netlist Resource(s)
  -------------------------------------------------------------------    -------------------
                         (clock clk_fpga_0 rise edge)
                                                      0.000     0.000 r  
    PS7_X0Y0             PS7                          0.000     0.000 r  rv32_top_i/ps7/inst/PS7_i/FCLKCLK[0]
                         net (fo=1, routed)           0.310     0.310    rv32_top_i/ps7/inst/FCLK_CLK_unbuffered[0]
    BUFGCTRL_X0Y16       BUFG (Prop_bufg_I_O)         0.026     0.336 r  rv32_top_i/ps7/inst/buffer_fclk_clk_0.FCLK_CLK_0_BUFG/O
                         net (fo=39071, routed)       0.632     0.968    rv32_top_i/plat/U0/u_icache/u_adp/S_AXI_ACLK
    SLICE_X40Y117        FDCE                                         r  rv32_top_i/plat/U0/u_icache/u_adp/buf_reg[17]/C
  -------------------------------------------------------------------    -------------------
    SLICE_X40Y117        FDCE (Prop_fdce_C_Q)         0.141     1.109 r  rv32_top_i/plat/U0/u_icache/u_adp/buf_reg[17]/Q
                         net (fo=4, routed)           0.289     1.398    rv32_top_i/plat/U0/u_icache/u_data/mem_reg_0_255_17_17/D
    SLICE_X50Y119        RAMS64E                                      r  rv32_top_i/plat/U0/u_icache/u_data/mem_reg_0_255_17_17/RAMS64E_C/I
  -------------------------------------------------------------------    -------------------

                         (clock clk_fpga_0 rise edge)
                                                      0.000     0.000 r  
    PS7_X0Y0             PS7                          0.000     0.000 r  rv32_top_i/ps7/inst/PS7_i/FCLKCLK[0]
                         net (fo=1, routed)           0.337     0.337    rv32_top_i/ps7/inst/FCLK_CLK_unbuffered[0]
    BUFGCTRL_X0Y16       BUFG (Prop_bufg_I_O)         0.029     0.366 r  rv32_top_i/ps7/inst/buffer_fclk_clk_0.FCLK_CLK_0_BUFG/O
                         net (fo=39071, routed)       0.896     1.262    rv32_top_i/plat/U0/u_icache/u_data/mem_reg_0_255_17_17/WCLK
    SLICE_X50Y119        RAMS64E                                      r  rv32_top_i/plat/U0/u_icache/u_data/mem_reg_0_255_17_17/RAMS64E_C/CLK
                         clock pessimism             -0.039     1.223    
    SLICE_X50Y119        RAMS64E (Hold_rams64e_CLK_I)
                                                      0.101     1.324    rv32_top_i/plat/U0/u_icache/u_data/mem_reg_0_255_17_17/RAMS64E_C
  -------------------------------------------------------------------
                         required time                         -1.324    
                         arrival time                           1.398    
  -------------------------------------------------------------------
                         slack                                  0.074    

Slack (MET) :             0.077ns  (arrival time - required time)
  Source:                 rv32_top_i/plat/U0/u_icache/u_adp/buf_reg[12]/C
                            (rising edge-triggered cell FDCE clocked by clk_fpga_0  {rise@0.000ns fall@10.000ns period=20.000ns})
  Destination:            rv32_top_i/plat/U0/u_icache/u_data/mem_reg_0_255_12_12/RAMS64E_D/I
                            (rising edge-triggered cell RAMS64E clocked by clk_fpga_0  {rise@0.000ns fall@10.000ns period=20.000ns})
  Path Group:             clk_fpga_0
  Path Type:              Hold (Min at Fast Process Corner)
  Requirement:            0.000ns  (clk_fpga_0 rise@0.000ns - clk_fpga_0 rise@0.000ns)
  Data Path Delay:        0.254ns  (logic 0.141ns (55.522%)  route 0.113ns (44.478%))
  Logic Levels:           0  
  Clock Path Skew:        0.033ns (DCD - SCD - CPR)
    Destination Clock Delay (DCD):    1.273ns
    Source Clock Delay      (SCD):    0.972ns
    Clock Pessimism Removal (CPR):    0.268ns

    Location             Delay type                Incr(ns)  Path(ns)    Netlist Resource(s)
  -------------------------------------------------------------------    -------------------
                         (clock clk_fpga_0 rise edge)
                                                      0.000     0.000 r  
    PS7_X0Y0             PS7                          0.000     0.000 r  rv32_top_i/ps7/inst/PS7_i/FCLKCLK[0]
                         net (fo=1, routed)           0.310     0.310    rv32_top_i/ps7/inst/FCLK_CLK_unbuffered[0]
    BUFGCTRL_X0Y16       BUFG (Prop_bufg_I_O)         0.026     0.336 r  rv32_top_i/ps7/inst/buffer_fclk_clk_0.FCLK_CLK_0_BUFG/O
                         net (fo=39071, routed)       0.636     0.972    rv32_top_i/plat/U0/u_icache/u_adp/S_AXI_ACLK
    SLICE_X33Y113        FDCE                                         r  rv32_top_i/plat/U0/u_icache/u_adp/buf_reg[12]/C
  -------------------------------------------------------------------    -------------------
    SLICE_X33Y113        FDCE (Prop_fdce_C_Q)         0.141     1.113 r  rv32_top_i/plat/U0/u_icache/u_adp/buf_reg[12]/Q
                         net (fo=4, routed)           0.113     1.226    rv32_top_i/plat/U0/u_icache/u_data/mem_reg_0_255_12_12/D
    SLICE_X34Y112        RAMS64E                                      r  rv32_top_i/plat/U0/u_icache/u_data/mem_reg_0_255_12_12/RAMS64E_D/I
  -------------------------------------------------------------------    -------------------

                         (clock clk_fpga_0 rise edge)
                                                      0.000     0.000 r  
    PS7_X0Y0             PS7                          0.000     0.000 r  rv32_top_i/ps7/inst/PS7_i/FCLKCLK[0]
                         net (fo=1, routed)           0.337     0.337    rv32_top_i/ps7/inst/FCLK_CLK_unbuffered[0]
    BUFGCTRL_X0Y16       BUFG (Prop_bufg_I_O)         0.029     0.366 r  rv32_top_i/ps7/inst/buffer_fclk_clk_0.FCLK_CLK_0_BUFG/O
                         net (fo=39071, routed)       0.907     1.273    rv32_top_i/plat/U0/u_icache/u_data/mem_reg_0_255_12_12/WCLK
    SLICE_X34Y112        RAMS64E                                      r  rv32_top_i/plat/U0/u_icache/u_data/mem_reg_0_255_12_12/RAMS64E_D/CLK
                         clock pessimism             -0.268     1.005    
    SLICE_X34Y112        RAMS64E (Hold_rams64e_CLK_I)
                                                      0.144     1.149    rv32_top_i/plat/U0/u_icache/u_data/mem_reg_0_255_12_12/RAMS64E_D
  -------------------------------------------------------------------
                         required time                         -1.149    
                         arrival time                           1.226    
  -------------------------------------------------------------------
                         slack                                  0.077    

Slack (MET) :             0.081ns  (arrival time - required time)
  Source:                 rv32_top_i/plat/U0/u_icache/u_adp/buf_reg[95]/C
                            (rising edge-triggered cell FDCE clocked by clk_fpga_0  {rise@0.000ns fall@10.000ns period=20.000ns})
  Destination:            rv32_top_i/plat/U0/u_icache/u_data/mem_reg_0_255_95_95/RAMS64E_D/I
                            (rising edge-triggered cell RAMS64E clocked by clk_fpga_0  {rise@0.000ns fall@10.000ns period=20.000ns})
  Path Group:             clk_fpga_0
  Path Type:              Hold (Min at Fast Process Corner)
  Requirement:            0.000ns  (clk_fpga_0 rise@0.000ns - clk_fpga_0 rise@0.000ns)
  Data Path Delay:        0.256ns  (logic 0.141ns (55.042%)  route 0.115ns (44.958%))
  Logic Levels:           0  
  Clock Path Skew:        0.031ns (DCD - SCD - CPR)
    Destination Clock Delay (DCD):    1.269ns
    Source Clock Delay      (SCD):    0.970ns
    Clock Pessimism Removal (CPR):    0.268ns

    Location             Delay type                Incr(ns)  Path(ns)    Netlist Resource(s)
  -------------------------------------------------------------------    -------------------
                         (clock clk_fpga_0 rise edge)
                                                      0.000     0.000 r  
    PS7_X0Y0             PS7                          0.000     0.000 r  rv32_top_i/ps7/inst/PS7_i/FCLKCLK[0]
                         net (fo=1, routed)           0.310     0.310    rv32_top_i/ps7/inst/FCLK_CLK_unbuffered[0]
    BUFGCTRL_X0Y16       BUFG (Prop_bufg_I_O)         0.026     0.336 r  rv32_top_i/ps7/inst/buffer_fclk_clk_0.FCLK_CLK_0_BUFG/O
                         net (fo=39071, routed)       0.634     0.970    rv32_top_i/plat/U0/u_icache/u_adp/S_AXI_ACLK
    SLICE_X35Y117        FDCE                                         r  rv32_top_i/plat/U0/u_icache/u_adp/buf_reg[95]/C
  -------------------------------------------------------------------    -------------------
    SLICE_X35Y117        FDCE (Prop_fdce_C_Q)         0.141     1.111 r  rv32_top_i/plat/U0/u_icache/u_adp/buf_reg[95]/Q
                         net (fo=4, routed)           0.115     1.226    rv32_top_i/plat/U0/u_icache/u_data/mem_reg_0_255_95_95/D
    SLICE_X32Y117        RAMS64E                                      r  rv32_top_i/plat/U0/u_icache/u_data/mem_reg_0_255_95_95/RAMS64E_D/I
  -------------------------------------------------------------------    -------------------

                         (clock clk_fpga_0 rise edge)
                                                      0.000     0.000 r  
    PS7_X0Y0             PS7                          0.000     0.000 r  rv32_top_i/ps7/inst/PS7_i/FCLKCLK[0]
                         net (fo=1, routed)           0.337     0.337    rv32_top_i/ps7/inst/FCLK_CLK_unbuffered[0]
    BUFGCTRL_X0Y16       BUFG (Prop_bufg_I_O)         0.029     0.366 r  rv32_top_i/ps7/inst/buffer_fclk_clk_0.FCLK_CLK_0_BUFG/O
                         net (fo=39071, routed)       0.903     1.269    rv32_top_i/plat/U0/u_icache/u_data/mem_reg_0_255_95_95/WCLK
    SLICE_X32Y117        RAMS64E                                      r  rv32_top_i/plat/U0/u_icache/u_data/mem_reg_0_255_95_95/RAMS64E_D/CLK
                         clock pessimism             -0.268     1.001    
    SLICE_X32Y117        RAMS64E (Hold_rams64e_CLK_I)
                                                      0.144     1.145    rv32_top_i/plat/U0/u_icache/u_data/mem_reg_0_255_95_95/RAMS64E_D
  -------------------------------------------------------------------
                         required time                         -1.145    
                         arrival time                           1.226    
  -------------------------------------------------------------------
                         slack                                  0.081    

Slack (MET) :             0.082ns  (arrival time - required time)
  Source:                 rv32_top_i/axi_smc/inst/s00_entry_pipeline/s00_si_converter/inst/gen_axilite_conv.axilite_conv_inst/aw_addr_reg[3]/C
                            (rising edge-triggered cell FDRE clocked by clk_fpga_0  {rise@0.000ns fall@10.000ns period=20.000ns})
  Destination:            rv32_top_i/axi_smc/inst/s00_nodes/s00_aw_node/inst/inst_mi_handler/gen_normal_area.inst_fifo_node_payld/gen_reg_fifo.inst_reg_fifo/gen_single_rank.data_reg[97]/D
                            (rising edge-triggered cell FDRE clocked by clk_fpga_0  {rise@0.000ns fall@10.000ns period=20.000ns})
  Path Group:             clk_fpga_0
  Path Type:              Hold (Min at Fast Process Corner)
  Requirement:            0.000ns  (clk_fpga_0 rise@0.000ns - clk_fpga_0 rise@0.000ns)
  Data Path Delay:        0.500ns  (logic 0.141ns (28.177%)  route 0.359ns (71.823%))
  Logic Levels:           0  
  Clock Path Skew:        0.346ns (DCD - SCD - CPR)
    Destination Clock Delay (DCD):    1.294ns
    Source Clock Delay      (SCD):    0.913ns
    Clock Pessimism Removal (CPR):    0.035ns

    Location             Delay type                Incr(ns)  Path(ns)    Netlist Resource(s)
  -------------------------------------------------------------------    -------------------
                         (clock clk_fpga_0 rise edge)
                                                      0.000     0.000 r  
    PS7_X0Y0             PS7                          0.000     0.000 r  rv32_top_i/ps7/inst/PS7_i/FCLKCLK[0]
                         net (fo=1, routed)           0.310     0.310    rv32_top_i/ps7/inst/FCLK_CLK_unbuffered[0]
    BUFGCTRL_X0Y16       BUFG (Prop_bufg_I_O)         0.026     0.336 r  rv32_top_i/ps7/inst/buffer_fclk_clk_0.FCLK_CLK_0_BUFG/O
                         net (fo=39071, routed)       0.577     0.913    rv32_top_i/axi_smc/inst/s00_entry_pipeline/s00_si_converter/inst/gen_axilite_conv.axilite_conv_inst/aclk
    SLICE_X29Y99         FDRE                                         r  rv32_top_i/axi_smc/inst/s00_entry_pipeline/s00_si_converter/inst/gen_axilite_conv.axilite_conv_inst/aw_addr_reg[3]/C
  -------------------------------------------------------------------    -------------------
    SLICE_X29Y99         FDRE (Prop_fdre_C_Q)         0.141     1.054 r  rv32_top_i/axi_smc/inst/s00_entry_pipeline/s00_si_converter/inst/gen_axilite_conv.axilite_conv_inst/aw_addr_reg[3]/Q
                         net (fo=2, routed)           0.359     1.413    rv32_top_i/axi_smc/inst/s00_nodes/s00_aw_node/inst/inst_mi_handler/gen_normal_area.inst_fifo_node_payld/gen_reg_fifo.inst_reg_fifo/s_sc_payld[1]
    SLICE_X29Y111        FDRE                                         r  rv32_top_i/axi_smc/inst/s00_nodes/s00_aw_node/inst/inst_mi_handler/gen_normal_area.inst_fifo_node_payld/gen_reg_fifo.inst_reg_fifo/gen_single_rank.data_reg[97]/D
  -------------------------------------------------------------------    -------------------

                         (clock clk_fpga_0 rise edge)
                                                      0.000     0.000 r  
    PS7_X0Y0             PS7                          0.000     0.000 r  rv32_top_i/ps7/inst/PS7_i/FCLKCLK[0]
                         net (fo=1, routed)           0.337     0.337    rv32_top_i/ps7/inst/FCLK_CLK_unbuffered[0]
    BUFGCTRL_X0Y16       BUFG (Prop_bufg_I_O)         0.029     0.366 r  rv32_top_i/ps7/inst/buffer_fclk_clk_0.FCLK_CLK_0_BUFG/O
                         net (fo=39071, routed)       0.928     1.294    rv32_top_i/axi_smc/inst/s00_nodes/s00_aw_node/inst/inst_mi_handler/gen_normal_area.inst_fifo_node_payld/gen_reg_fifo.inst_reg_fifo/s_sc_aclk
    SLICE_X29Y111        FDRE                                         r  rv32_top_i/axi_smc/inst/s00_nodes/s00_aw_node/inst/inst_mi_handler/gen_normal_area.inst_fifo_node_payld/gen_reg_fifo.inst_reg_fifo/gen_single_rank.data_reg[97]/C
                         clock pessimism             -0.035     1.259    
    SLICE_X29Y111        FDRE (Hold_fdre_C_D)         0.072     1.331    rv32_top_i/axi_smc/inst/s00_nodes/s00_aw_node/inst/inst_mi_handler/gen_normal_area.inst_fifo_node_payld/gen_reg_fifo.inst_reg_fifo/gen_single_rank.data_reg[97]
  -------------------------------------------------------------------
                         required time                         -1.331    
                         arrival time                           1.413    
  -------------------------------------------------------------------
                         slack                                  0.082    

Slack (MET) :             0.083ns  (arrival time - required time)
  Source:                 rv32_top_i/plat/U0/u_icache/u_adp/buf_reg[77]/C
                            (rising edge-triggered cell FDCE clocked by clk_fpga_0  {rise@0.000ns fall@10.000ns period=20.000ns})
  Destination:            rv32_top_i/plat/U0/u_icache/u_data/mem_reg_0_255_77_77/RAMS64E_D/I
                            (rising edge-triggered cell RAMS64E clocked by clk_fpga_0  {rise@0.000ns fall@10.000ns period=20.000ns})
  Path Group:             clk_fpga_0
  Path Type:              Hold (Min at Fast Process Corner)
  Requirement:            0.000ns  (clk_fpga_0 rise@0.000ns - clk_fpga_0 rise@0.000ns)
  Data Path Delay:        0.260ns  (logic 0.141ns (54.185%)  route 0.119ns (45.815%))
  Logic Levels:           0  
  Clock Path Skew:        0.033ns (DCD - SCD - CPR)
    Destination Clock Delay (DCD):    1.271ns
    Source Clock Delay      (SCD):    0.970ns
    Clock Pessimism Removal (CPR):    0.268ns

    Location             Delay type                Incr(ns)  Path(ns)    Netlist Resource(s)
  -------------------------------------------------------------------    -------------------
                         (clock clk_fpga_0 rise edge)
                                                      0.000     0.000 r  
    PS7_X0Y0             PS7                          0.000     0.000 r  rv32_top_i/ps7/inst/PS7_i/FCLKCLK[0]
                         net (fo=1, routed)           0.310     0.310    rv32_top_i/ps7/inst/FCLK_CLK_unbuffered[0]
    BUFGCTRL_X0Y16       BUFG (Prop_bufg_I_O)         0.026     0.336 r  rv32_top_i/ps7/inst/buffer_fclk_clk_0.FCLK_CLK_0_BUFG/O
                         net (fo=39071, routed)       0.634     0.970    rv32_top_i/plat/U0/u_icache/u_adp/S_AXI_ACLK
    SLICE_X40Y113        FDCE                                         r  rv32_top_i/plat/U0/u_icache/u_adp/buf_reg[77]/C
  -------------------------------------------------------------------    -------------------
    SLICE_X40Y113        FDCE (Prop_fdce_C_Q)         0.141     1.111 r  rv32_top_i/plat/U0/u_icache/u_adp/buf_reg[77]/Q
                         net (fo=4, routed)           0.119     1.230    rv32_top_i/plat/U0/u_icache/u_data/mem_reg_0_255_77_77/D
    SLICE_X38Y113        RAMS64E                                      r  rv32_top_i/plat/U0/u_icache/u_data/mem_reg_0_255_77_77/RAMS64E_D/I
  -------------------------------------------------------------------    -------------------

                         (clock clk_fpga_0 rise edge)
                                                      0.000     0.000 r  
    PS7_X0Y0             PS7                          0.000     0.000 r  rv32_top_i/ps7/inst/PS7_i/FCLKCLK[0]
                         net (fo=1, routed)           0.337     0.337    rv32_top_i/ps7/inst/FCLK_CLK_unbuffered[0]
    BUFGCTRL_X0Y16       BUFG (Prop_bufg_I_O)         0.029     0.366 r  rv32_top_i/ps7/inst/buffer_fclk_clk_0.FCLK_CLK_0_BUFG/O
                         net (fo=39071, routed)       0.905     1.271    rv32_top_i/plat/U0/u_icache/u_data/mem_reg_0_255_77_77/WCLK
    SLICE_X38Y113        RAMS64E                                      r  rv32_top_i/plat/U0/u_icache/u_data/mem_reg_0_255_77_77/RAMS64E_D/CLK
                         clock pessimism             -0.268     1.003    
    SLICE_X38Y113        RAMS64E (Hold_rams64e_CLK_I)
                                                      0.144     1.147    rv32_top_i/plat/U0/u_icache/u_data/mem_reg_0_255_77_77/RAMS64E_D
  -------------------------------------------------------------------
                         required time                         -1.147    
                         arrival time                           1.230    
  -------------------------------------------------------------------
                         slack                                  0.083    

Slack (MET) :             0.086ns  (arrival time - required time)
  Source:                 rv32_top_i/plat/U0/u_icache/u_adp/buf_reg[60]/C
                            (rising edge-triggered cell FDCE clocked by clk_fpga_0  {rise@0.000ns fall@10.000ns period=20.000ns})
  Destination:            rv32_top_i/plat/U0/u_icache/u_data/mem_reg_0_255_60_60/RAMS64E_D/I
                            (rising edge-triggered cell RAMS64E clocked by clk_fpga_0  {rise@0.000ns fall@10.000ns period=20.000ns})
  Path Group:             clk_fpga_0
  Path Type:              Hold (Min at Fast Process Corner)
  Requirement:            0.000ns  (clk_fpga_0 rise@0.000ns - clk_fpga_0 rise@0.000ns)
  Data Path Delay:        0.246ns  (logic 0.141ns (57.415%)  route 0.105ns (42.585%))
  Logic Levels:           0  
  Clock Path Skew:        0.016ns (DCD - SCD - CPR)
    Destination Clock Delay (DCD):    1.294ns
    Source Clock Delay      (SCD):    0.992ns
    Clock Pessimism Removal (CPR):    0.286ns

    Location             Delay type                Incr(ns)  Path(ns)    Netlist Resource(s)
  -------------------------------------------------------------------    -------------------
                         (clock clk_fpga_0 rise edge)
                                                      0.000     0.000 r  
    PS7_X0Y0             PS7                          0.000     0.000 r  rv32_top_i/ps7/inst/PS7_i/FCLKCLK[0]
                         net (fo=1, routed)           0.310     0.310    rv32_top_i/ps7/inst/FCLK_CLK_unbuffered[0]
    BUFGCTRL_X0Y16       BUFG (Prop_bufg_I_O)         0.026     0.336 r  rv32_top_i/ps7/inst/buffer_fclk_clk_0.FCLK_CLK_0_BUFG/O
                         net (fo=39071, routed)       0.656     0.992    rv32_top_i/plat/U0/u_icache/u_adp/S_AXI_ACLK
    SLICE_X28Y111        FDCE                                         r  rv32_top_i/plat/U0/u_icache/u_adp/buf_reg[60]/C
  -------------------------------------------------------------------    -------------------
    SLICE_X28Y111        FDCE (Prop_fdce_C_Q)         0.141     1.133 r  rv32_top_i/plat/U0/u_icache/u_adp/buf_reg[60]/Q
                         net (fo=4, routed)           0.105     1.238    rv32_top_i/plat/U0/u_icache/u_data/mem_reg_0_255_60_60/D
    SLICE_X30Y110        RAMS64E                                      r  rv32_top_i/plat/U0/u_icache/u_data/mem_reg_0_255_60_60/RAMS64E_D/I
  -------------------------------------------------------------------    -------------------

                         (clock clk_fpga_0 rise edge)
                                                      0.000     0.000 r  
    PS7_X0Y0             PS7                          0.000     0.000 r  rv32_top_i/ps7/inst/PS7_i/FCLKCLK[0]
                         net (fo=1, routed)           0.337     0.337    rv32_top_i/ps7/inst/FCLK_CLK_unbuffered[0]
    BUFGCTRL_X0Y16       BUFG (Prop_bufg_I_O)         0.029     0.366 r  rv32_top_i/ps7/inst/buffer_fclk_clk_0.FCLK_CLK_0_BUFG/O
                         net (fo=39071, routed)       0.928     1.294    rv32_top_i/plat/U0/u_icache/u_data/mem_reg_0_255_60_60/WCLK
    SLICE_X30Y110        RAMS64E                                      r  rv32_top_i/plat/U0/u_icache/u_data/mem_reg_0_255_60_60/RAMS64E_D/CLK
                         clock pessimism             -0.286     1.008    
    SLICE_X30Y110        RAMS64E (Hold_rams64e_CLK_I)
                                                      0.144     1.152    rv32_top_i/plat/U0/u_icache/u_data/mem_reg_0_255_60_60/RAMS64E_D
  -------------------------------------------------------------------
                         required time                         -1.152    
                         arrival time                           1.238    
  -------------------------------------------------------------------
                         slack                                  0.086    





Pulse Width Checks
--------------------------------------------------------------------------------------
Clock Name:         clk_fpga_0
Waveform(ns):       { 0.000 10.000 }
Period(ns):         20.000
Sources:            { rv32_top_i/ps7/inst/PS7_i/FCLKCLK[0] }

Check Type        Corner  Lib Pin             Reference Pin  Required(ns)  Actual(ns)  Slack(ns)  Location       Pin
Min Period        n/a     RAMB36E1/CLKARDCLK  n/a            2.944         20.000      17.056     RAMB36_X2Y20   rv32_top_i/plat/U0/u_dmem/mem_reg_1_0/CLKARDCLK
Min Period        n/a     RAMB36E1/CLKARDCLK  n/a            2.944         20.000      17.056     RAMB36_X3Y21   rv32_top_i/plat/U0/u_dmem/mem_reg_1_1/CLKARDCLK
Min Period        n/a     RAMB36E1/CLKARDCLK  n/a            2.944         20.000      17.056     RAMB36_X3Y22   rv32_top_i/plat/U0/u_dmem/mem_reg_1_2/CLKARDCLK
Min Period        n/a     RAMB36E1/CLKARDCLK  n/a            2.944         20.000      17.056     RAMB36_X2Y21   rv32_top_i/plat/U0/u_dmem/mem_reg_1_3/CLKARDCLK
Min Period        n/a     RAMB36E1/CLKARDCLK  n/a            2.944         20.000      17.056     RAMB36_X2Y18   rv32_top_i/plat/U0/u_dmem/mem_reg_2_0/CLKARDCLK
Min Period        n/a     RAMB36E1/CLKARDCLK  n/a            2.944         20.000      17.056     RAMB36_X3Y19   rv32_top_i/plat/U0/u_dmem/mem_reg_2_1/CLKARDCLK
Min Period        n/a     RAMB36E1/CLKARDCLK  n/a            2.944         20.000      17.056     RAMB36_X3Y20   rv32_top_i/plat/U0/u_dmem/mem_reg_2_2/CLKARDCLK
Min Period        n/a     RAMB36E1/CLKARDCLK  n/a            2.944         20.000      17.056     RAMB36_X2Y19   rv32_top_i/plat/U0/u_dmem/mem_reg_2_3/CLKARDCLK
Min Period        n/a     RAMB36E1/CLKARDCLK  n/a            2.944         20.000      17.056     RAMB36_X2Y24   rv32_top_i/plat/U0/u_imem/mem_reg_0/CLKARDCLK
Min Period        n/a     RAMB36E1/CLKARDCLK  n/a            2.944         20.000      17.056     RAMB36_X2Y22   rv32_top_i/plat/U0/u_imem/mem_reg_1/CLKARDCLK
Low Pulse Width   Slow    RAMS64E/CLK         n/a            1.250         10.000      8.750      SLICE_X58Y118  rv32_top_i/plat/U0/u_dcache/u_tag/tag_mem_reg_0_255_0_0/RAMS64E_A/CLK
Low Pulse Width   Fast    RAMS64E/CLK         n/a            1.250         10.000      8.750      SLICE_X58Y118  rv32_top_i/plat/U0/u_dcache/u_tag/tag_mem_reg_0_255_0_0/RAMS64E_A/CLK
Low Pulse Width   Slow    RAMS64E/CLK         n/a            1.250         10.000      8.750      SLICE_X58Y118  rv32_top_i/plat/U0/u_dcache/u_tag/tag_mem_reg_0_255_0_0/RAMS64E_B/CLK
Low Pulse Width   Fast    RAMS64E/CLK         n/a            1.250         10.000      8.750      SLICE_X58Y118  rv32_top_i/plat/U0/u_dcache/u_tag/tag_mem_reg_0_255_0_0/RAMS64E_B/CLK
Low Pulse Width   Slow    RAMS64E/CLK         n/a            1.250         10.000      8.750      SLICE_X58Y118  rv32_top_i/plat/U0/u_dcache/u_tag/tag_mem_reg_0_255_0_0/RAMS64E_C/CLK
Low Pulse Width   Fast    RAMS64E/CLK         n/a            1.250         10.000      8.750      SLICE_X58Y118  rv32_top_i/plat/U0/u_dcache/u_tag/tag_mem_reg_0_255_0_0/RAMS64E_C/CLK
Low Pulse Width   Slow    RAMS64E/CLK         n/a            1.250         10.000      8.750      SLICE_X58Y118  rv32_top_i/plat/U0/u_dcache/u_tag/tag_mem_reg_0_255_0_0/RAMS64E_D/CLK
Low Pulse Width   Fast    RAMS64E/CLK         n/a            1.250         10.000      8.750      SLICE_X58Y118  rv32_top_i/plat/U0/u_dcache/u_tag/tag_mem_reg_0_255_0_0/RAMS64E_D/CLK
Low Pulse Width   Slow    RAMS64E/CLK         n/a            1.250         10.000      8.750      SLICE_X62Y124  rv32_top_i/plat/U0/u_dcache/u_tag/tag_mem_reg_0_255_10_10/RAMS64E_A/CLK
Low Pulse Width   Fast    RAMS64E/CLK         n/a            1.250         10.000      8.750      SLICE_X62Y124  rv32_top_i/plat/U0/u_dcache/u_tag/tag_mem_reg_0_255_10_10/RAMS64E_A/CLK
High Pulse Width  Slow    RAMS64E/CLK         n/a            1.250         10.000      8.750      SLICE_X58Y118  rv32_top_i/plat/U0/u_dcache/u_tag/tag_mem_reg_0_255_0_0/RAMS64E_A/CLK
High Pulse Width  Fast    RAMS64E/CLK         n/a            1.250         10.000      8.750      SLICE_X58Y118  rv32_top_i/plat/U0/u_dcache/u_tag/tag_mem_reg_0_255_0_0/RAMS64E_A/CLK
High Pulse Width  Slow    RAMS64E/CLK         n/a            1.250         10.000      8.750      SLICE_X58Y118  rv32_top_i/plat/U0/u_dcache/u_tag/tag_mem_reg_0_255_0_0/RAMS64E_B/CLK
High Pulse Width  Fast    RAMS64E/CLK         n/a            1.250         10.000      8.750      SLICE_X58Y118  rv32_top_i/plat/U0/u_dcache/u_tag/tag_mem_reg_0_255_0_0/RAMS64E_B/CLK
High Pulse Width  Slow    RAMS64E/CLK         n/a            1.250         10.000      8.750      SLICE_X58Y118  rv32_top_i/plat/U0/u_dcache/u_tag/tag_mem_reg_0_255_0_0/RAMS64E_C/CLK
High Pulse Width  Fast    RAMS64E/CLK         n/a            1.250         10.000      8.750      SLICE_X58Y118  rv32_top_i/plat/U0/u_dcache/u_tag/tag_mem_reg_0_255_0_0/RAMS64E_C/CLK
High Pulse Width  Slow    RAMS64E/CLK         n/a            1.250         10.000      8.750      SLICE_X58Y118  rv32_top_i/plat/U0/u_dcache/u_tag/tag_mem_reg_0_255_0_0/RAMS64E_D/CLK
High Pulse Width  Fast    RAMS64E/CLK         n/a            1.250         10.000      8.750      SLICE_X58Y118  rv32_top_i/plat/U0/u_dcache/u_tag/tag_mem_reg_0_255_0_0/RAMS64E_D/CLK
High Pulse Width  Slow    RAMS64E/CLK         n/a            1.250         10.000      8.750      SLICE_X62Y124  rv32_top_i/plat/U0/u_dcache/u_tag/tag_mem_reg_0_255_10_10/RAMS64E_A/CLK
High Pulse Width  Fast    RAMS64E/CLK         n/a            1.250         10.000      8.750      SLICE_X62Y124  rv32_top_i/plat/U0/u_dcache/u_tag/tag_mem_reg_0_255_10_10/RAMS64E_A/CLK



---------------------------------------------------------------------------------------------------
Path Group:  **async_default**
From Clock:  clk_fpga_0
  To Clock:  clk_fpga_0

Setup :            0  Failing Endpoints,  Worst Slack        6.871ns,  Total Violation        0.000ns
Hold  :            0  Failing Endpoints,  Worst Slack        0.737ns,  Total Violation        0.000ns
---------------------------------------------------------------------------------------------------


Max Delay Paths
--------------------------------------------------------------------------------------
Slack (MET) :             6.871ns  (required time - arrival time)
  Source:                 rv32_top_i/rst_ps7_50M/U0/ACTIVE_LOW_PR_OUT_DFF[0].FDRE_PER_N/C
                            (rising edge-triggered cell FDRE clocked by clk_fpga_0  {rise@0.000ns fall@10.000ns period=20.000ns})
  Destination:            rv32_top_i/plat/U0/u_core/idex_rs1d_reg[14]/CLR
                            (recovery check against rising-edge clock clk_fpga_0  {rise@0.000ns fall@10.000ns period=20.000ns})
  Path Group:             **async_default**
  Path Type:              Recovery (Max at Slow Process Corner)
  Requirement:            20.000ns  (clk_fpga_0 rise@20.000ns - clk_fpga_0 rise@0.000ns)
  Data Path Delay:        12.279ns  (logic 0.580ns (4.723%)  route 11.699ns (95.277%))
  Logic Levels:           1  (LUT2=1)
  Clock Path Skew:        -0.142ns (DCD - SCD + CPR)
    Destination Clock Delay (DCD):    2.879ns = ( 22.879 - 20.000 ) 
    Source Clock Delay      (SCD):    3.168ns
    Clock Pessimism Removal (CPR):    0.147ns
  Clock Uncertainty:      0.302ns  ((TSJ^2 + TIJ^2)^1/2 + DJ) / 2 + PE
    Total System Jitter     (TSJ):    0.071ns
    Total Input Jitter      (TIJ):    0.600ns
    Discrete Jitter          (DJ):    0.000ns
    Phase Error              (PE):    0.000ns

    Location             Delay type                Incr(ns)  Path(ns)    Netlist Resource(s)
  -------------------------------------------------------------------    -------------------
                         (clock clk_fpga_0 rise edge)
                                                      0.000     0.000 r  
    PS7_X0Y0             PS7                          0.000     0.000 r  rv32_top_i/ps7/inst/PS7_i/FCLKCLK[0]
                         net (fo=1, routed)           1.193     1.193    rv32_top_i/ps7/inst/FCLK_CLK_unbuffered[0]
    BUFGCTRL_X0Y16       BUFG (Prop_bufg_I_O)         0.101     1.294 r  rv32_top_i/ps7/inst/buffer_fclk_clk_0.FCLK_CLK_0_BUFG/O
                         net (fo=39071, routed)       1.874     3.168    rv32_top_i/rst_ps7_50M/U0/slowest_sync_clk
    SLICE_X29Y127        FDRE                                         r  rv32_top_i/rst_ps7_50M/U0/ACTIVE_LOW_PR_OUT_DFF[0].FDRE_PER_N/C
  -------------------------------------------------------------------    -------------------
    SLICE_X29Y127        FDRE (Prop_fdre_C_Q)         0.456     3.624 r  rv32_top_i/rst_ps7_50M/U0/ACTIVE_LOW_PR_OUT_DFF[0].FDRE_PER_N/Q
                         net (fo=20, routed)          0.684     4.308    rv32_top_i/plat/U0/u_ctrl/S_AXI_ARESETN
    SLICE_X29Y119        LUT2 (Prop_lut2_I1_O)        0.124     4.432 f  rv32_top_i/plat/U0/u_ctrl/valid_mem[255]_i_2/O
                         net (fo=4114, routed)       11.016    15.447    rv32_top_i/plat/U0/u_core/core_rst
    SLICE_X56Y129        FDCE                                         f  rv32_top_i/plat/U0/u_core/idex_rs1d_reg[14]/CLR
  -------------------------------------------------------------------    -------------------

                         (clock clk_fpga_0 rise edge)
                                                     20.000    20.000 r  
    PS7_X0Y0             PS7                          0.000    20.000 r  rv32_top_i/ps7/inst/PS7_i/FCLKCLK[0]
                         net (fo=1, routed)           1.088    21.088    rv32_top_i/ps7/inst/FCLK_CLK_unbuffered[0]
    BUFGCTRL_X0Y16       BUFG (Prop_bufg_I_O)         0.091    21.179 r  rv32_top_i/ps7/inst/buffer_fclk_clk_0.FCLK_CLK_0_BUFG/O
                         net (fo=39071, routed)       1.700    22.879    rv32_top_i/plat/U0/u_core/S_AXI_ACLK
    SLICE_X56Y129        FDCE                                         r  rv32_top_i/plat/U0/u_core/idex_rs1d_reg[14]/C
                         clock pessimism              0.147    23.026    
                         clock uncertainty           -0.302    22.724    
    SLICE_X56Y129        FDCE (Recov_fdce_C_CLR)     -0.405    22.319    rv32_top_i/plat/U0/u_core/idex_rs1d_reg[14]
  -------------------------------------------------------------------
                         required time                         22.319    
                         arrival time                         -15.447    
  -------------------------------------------------------------------
                         slack                                  6.871    

Slack (MET) :             6.871ns  (required time - arrival time)
  Source:                 rv32_top_i/rst_ps7_50M/U0/ACTIVE_LOW_PR_OUT_DFF[0].FDRE_PER_N/C
                            (rising edge-triggered cell FDRE clocked by clk_fpga_0  {rise@0.000ns fall@10.000ns period=20.000ns})
  Destination:            rv32_top_i/plat/U0/u_core/idex_rs1d_reg[27]/CLR
                            (recovery check against rising-edge clock clk_fpga_0  {rise@0.000ns fall@10.000ns period=20.000ns})
  Path Group:             **async_default**
  Path Type:              Recovery (Max at Slow Process Corner)
  Requirement:            20.000ns  (clk_fpga_0 rise@20.000ns - clk_fpga_0 rise@0.000ns)
  Data Path Delay:        12.279ns  (logic 0.580ns (4.723%)  route 11.699ns (95.277%))
  Logic Levels:           1  (LUT2=1)
  Clock Path Skew:        -0.142ns (DCD - SCD + CPR)
    Destination Clock Delay (DCD):    2.879ns = ( 22.879 - 20.000 ) 
    Source Clock Delay      (SCD):    3.168ns
    Clock Pessimism Removal (CPR):    0.147ns
  Clock Uncertainty:      0.302ns  ((TSJ^2 + TIJ^2)^1/2 + DJ) / 2 + PE
    Total System Jitter     (TSJ):    0.071ns
    Total Input Jitter      (TIJ):    0.600ns
    Discrete Jitter          (DJ):    0.000ns
    Phase Error              (PE):    0.000ns

    Location             Delay type                Incr(ns)  Path(ns)    Netlist Resource(s)
  -------------------------------------------------------------------    -------------------
                         (clock clk_fpga_0 rise edge)
                                                      0.000     0.000 r  
    PS7_X0Y0             PS7                          0.000     0.000 r  rv32_top_i/ps7/inst/PS7_i/FCLKCLK[0]
                         net (fo=1, routed)           1.193     1.193    rv32_top_i/ps7/inst/FCLK_CLK_unbuffered[0]
    BUFGCTRL_X0Y16       BUFG (Prop_bufg_I_O)         0.101     1.294 r  rv32_top_i/ps7/inst/buffer_fclk_clk_0.FCLK_CLK_0_BUFG/O
                         net (fo=39071, routed)       1.874     3.168    rv32_top_i/rst_ps7_50M/U0/slowest_sync_clk
    SLICE_X29Y127        FDRE                                         r  rv32_top_i/rst_ps7_50M/U0/ACTIVE_LOW_PR_OUT_DFF[0].FDRE_PER_N/C
  -------------------------------------------------------------------    -------------------
    SLICE_X29Y127        FDRE (Prop_fdre_C_Q)         0.456     3.624 r  rv32_top_i/rst_ps7_50M/U0/ACTIVE_LOW_PR_OUT_DFF[0].FDRE_PER_N/Q
                         net (fo=20, routed)          0.684     4.308    rv32_top_i/plat/U0/u_ctrl/S_AXI_ARESETN
    SLICE_X29Y119        LUT2 (Prop_lut2_I1_O)        0.124     4.432 f  rv32_top_i/plat/U0/u_ctrl/valid_mem[255]_i_2/O
                         net (fo=4114, routed)       11.016    15.447    rv32_top_i/plat/U0/u_core/core_rst
    SLICE_X56Y129        FDCE                                         f  rv32_top_i/plat/U0/u_core/idex_rs1d_reg[27]/CLR
  -------------------------------------------------------------------    -------------------

                         (clock clk_fpga_0 rise edge)
                                                     20.000    20.000 r  
    PS7_X0Y0             PS7                          0.000    20.000 r  rv32_top_i/ps7/inst/PS7_i/FCLKCLK[0]
                         net (fo=1, routed)           1.088    21.088    rv32_top_i/ps7/inst/FCLK_CLK_unbuffered[0]
    BUFGCTRL_X0Y16       BUFG (Prop_bufg_I_O)         0.091    21.179 r  rv32_top_i/ps7/inst/buffer_fclk_clk_0.FCLK_CLK_0_BUFG/O
                         net (fo=39071, routed)       1.700    22.879    rv32_top_i/plat/U0/u_core/S_AXI_ACLK
    SLICE_X56Y129        FDCE                                         r  rv32_top_i/plat/U0/u_core/idex_rs1d_reg[27]/C
                         clock pessimism              0.147    23.026    
                         clock uncertainty           -0.302    22.724    
    SLICE_X56Y129        FDCE (Recov_fdce_C_CLR)     -0.405    22.319    rv32_top_i/plat/U0/u_core/idex_rs1d_reg[27]
  -------------------------------------------------------------------
                         required time                         22.319    
                         arrival time                         -15.447    
  -------------------------------------------------------------------
                         slack                                  6.871    

Slack (MET) :             6.871ns  (required time - arrival time)
  Source:                 rv32_top_i/rst_ps7_50M/U0/ACTIVE_LOW_PR_OUT_DFF[0].FDRE_PER_N/C
                            (rising edge-triggered cell FDRE clocked by clk_fpga_0  {rise@0.000ns fall@10.000ns period=20.000ns})
  Destination:            rv32_top_i/plat/U0/u_core/idex_rs1d_reg[2]/CLR
                            (recovery check against rising-edge clock clk_fpga_0  {rise@0.000ns fall@10.000ns period=20.000ns})
  Path Group:             **async_default**
  Path Type:              Recovery (Max at Slow Process Corner)
  Requirement:            20.000ns  (clk_fpga_0 rise@20.000ns - clk_fpga_0 rise@0.000ns)
  Data Path Delay:        12.279ns  (logic 0.580ns (4.723%)  route 11.699ns (95.277%))
  Logic Levels:           1  (LUT2=1)
  Clock Path Skew:        -0.142ns (DCD - SCD + CPR)
    Destination Clock Delay (DCD):    2.879ns = ( 22.879 - 20.000 ) 
    Source Clock Delay      (SCD):    3.168ns
    Clock Pessimism Removal (CPR):    0.147ns
  Clock Uncertainty:      0.302ns  ((TSJ^2 + TIJ^2)^1/2 + DJ) / 2 + PE
    Total System Jitter     (TSJ):    0.071ns
    Total Input Jitter      (TIJ):    0.600ns
    Discrete Jitter          (DJ):    0.000ns
    Phase Error              (PE):    0.000ns

    Location             Delay type                Incr(ns)  Path(ns)    Netlist Resource(s)
  -------------------------------------------------------------------    -------------------
                         (clock clk_fpga_0 rise edge)
                                                      0.000     0.000 r  
    PS7_X0Y0             PS7                          0.000     0.000 r  rv32_top_i/ps7/inst/PS7_i/FCLKCLK[0]
                         net (fo=1, routed)           1.193     1.193    rv32_top_i/ps7/inst/FCLK_CLK_unbuffered[0]
    BUFGCTRL_X0Y16       BUFG (Prop_bufg_I_O)         0.101     1.294 r  rv32_top_i/ps7/inst/buffer_fclk_clk_0.FCLK_CLK_0_BUFG/O
                         net (fo=39071, routed)       1.874     3.168    rv32_top_i/rst_ps7_50M/U0/slowest_sync_clk
    SLICE_X29Y127        FDRE                                         r  rv32_top_i/rst_ps7_50M/U0/ACTIVE_LOW_PR_OUT_DFF[0].FDRE_PER_N/C
  -------------------------------------------------------------------    -------------------
    SLICE_X29Y127        FDRE (Prop_fdre_C_Q)         0.456     3.624 r  rv32_top_i/rst_ps7_50M/U0/ACTIVE_LOW_PR_OUT_DFF[0].FDRE_PER_N/Q
                         net (fo=20, routed)          0.684     4.308    rv32_top_i/plat/U0/u_ctrl/S_AXI_ARESETN
    SLICE_X29Y119        LUT2 (Prop_lut2_I1_O)        0.124     4.432 f  rv32_top_i/plat/U0/u_ctrl/valid_mem[255]_i_2/O
                         net (fo=4114, routed)       11.016    15.447    rv32_top_i/plat/U0/u_core/core_rst
    SLICE_X56Y129        FDCE                                         f  rv32_top_i/plat/U0/u_core/idex_rs1d_reg[2]/CLR
  -------------------------------------------------------------------    -------------------

                         (clock clk_fpga_0 rise edge)
                                                     20.000    20.000 r  
    PS7_X0Y0             PS7                          0.000    20.000 r  rv32_top_i/ps7/inst/PS7_i/FCLKCLK[0]
                         net (fo=1, routed)           1.088    21.088    rv32_top_i/ps7/inst/FCLK_CLK_unbuffered[0]
    BUFGCTRL_X0Y16       BUFG (Prop_bufg_I_O)         0.091    21.179 r  rv32_top_i/ps7/inst/buffer_fclk_clk_0.FCLK_CLK_0_BUFG/O
                         net (fo=39071, routed)       1.700    22.879    rv32_top_i/plat/U0/u_core/S_AXI_ACLK
    SLICE_X56Y129        FDCE                                         r  rv32_top_i/plat/U0/u_core/idex_rs1d_reg[2]/C
                         clock pessimism              0.147    23.026    
                         clock uncertainty           -0.302    22.724    
    SLICE_X56Y129        FDCE (Recov_fdce_C_CLR)     -0.405    22.319    rv32_top_i/plat/U0/u_core/idex_rs1d_reg[2]
  -------------------------------------------------------------------
                         required time                         22.319    
                         arrival time                         -15.447    
  -------------------------------------------------------------------
                         slack                                  6.871    

Slack (MET) :             6.871ns  (required time - arrival time)
  Source:                 rv32_top_i/rst_ps7_50M/U0/ACTIVE_LOW_PR_OUT_DFF[0].FDRE_PER_N/C
                            (rising edge-triggered cell FDRE clocked by clk_fpga_0  {rise@0.000ns fall@10.000ns period=20.000ns})
  Destination:            rv32_top_i/plat/U0/u_core/idex_rs1d_reg[30]/CLR
                            (recovery check against rising-edge clock clk_fpga_0  {rise@0.000ns fall@10.000ns period=20.000ns})
  Path Group:             **async_default**
  Path Type:              Recovery (Max at Slow Process Corner)
  Requirement:            20.000ns  (clk_fpga_0 rise@20.000ns - clk_fpga_0 rise@0.000ns)
  Data Path Delay:        12.279ns  (logic 0.580ns (4.723%)  route 11.699ns (95.277%))
  Logic Levels:           1  (LUT2=1)
  Clock Path Skew:        -0.142ns (DCD - SCD + CPR)
    Destination Clock Delay (DCD):    2.879ns = ( 22.879 - 20.000 ) 
    Source Clock Delay      (SCD):    3.168ns
    Clock Pessimism Removal (CPR):    0.147ns
  Clock Uncertainty:      0.302ns  ((TSJ^2 + TIJ^2)^1/2 + DJ) / 2 + PE
    Total System Jitter     (TSJ):    0.071ns
    Total Input Jitter      (TIJ):    0.600ns
    Discrete Jitter          (DJ):    0.000ns
    Phase Error              (PE):    0.000ns

    Location             Delay type                Incr(ns)  Path(ns)    Netlist Resource(s)
  -------------------------------------------------------------------    -------------------
                         (clock clk_fpga_0 rise edge)
                                                      0.000     0.000 r  
    PS7_X0Y0             PS7                          0.000     0.000 r  rv32_top_i/ps7/inst/PS7_i/FCLKCLK[0]
                         net (fo=1, routed)           1.193     1.193    rv32_top_i/ps7/inst/FCLK_CLK_unbuffered[0]
    BUFGCTRL_X0Y16       BUFG (Prop_bufg_I_O)         0.101     1.294 r  rv32_top_i/ps7/inst/buffer_fclk_clk_0.FCLK_CLK_0_BUFG/O
                         net (fo=39071, routed)       1.874     3.168    rv32_top_i/rst_ps7_50M/U0/slowest_sync_clk
    SLICE_X29Y127        FDRE                                         r  rv32_top_i/rst_ps7_50M/U0/ACTIVE_LOW_PR_OUT_DFF[0].FDRE_PER_N/C
  -------------------------------------------------------------------    -------------------
    SLICE_X29Y127        FDRE (Prop_fdre_C_Q)         0.456     3.624 r  rv32_top_i/rst_ps7_50M/U0/ACTIVE_LOW_PR_OUT_DFF[0].FDRE_PER_N/Q
                         net (fo=20, routed)          0.684     4.308    rv32_top_i/plat/U0/u_ctrl/S_AXI_ARESETN
    SLICE_X29Y119        LUT2 (Prop_lut2_I1_O)        0.124     4.432 f  rv32_top_i/plat/U0/u_ctrl/valid_mem[255]_i_2/O
                         net (fo=4114, routed)       11.016    15.447    rv32_top_i/plat/U0/u_core/core_rst
    SLICE_X56Y129        FDCE                                         f  rv32_top_i/plat/U0/u_core/idex_rs1d_reg[30]/CLR
  -------------------------------------------------------------------    -------------------

                         (clock clk_fpga_0 rise edge)
                                                     20.000    20.000 r  
    PS7_X0Y0             PS7                          0.000    20.000 r  rv32_top_i/ps7/inst/PS7_i/FCLKCLK[0]
                         net (fo=1, routed)           1.088    21.088    rv32_top_i/ps7/inst/FCLK_CLK_unbuffered[0]
    BUFGCTRL_X0Y16       BUFG (Prop_bufg_I_O)         0.091    21.179 r  rv32_top_i/ps7/inst/buffer_fclk_clk_0.FCLK_CLK_0_BUFG/O
                         net (fo=39071, routed)       1.700    22.879    rv32_top_i/plat/U0/u_core/S_AXI_ACLK
    SLICE_X56Y129        FDCE                                         r  rv32_top_i/plat/U0/u_core/idex_rs1d_reg[30]/C
                         clock pessimism              0.147    23.026    
                         clock uncertainty           -0.302    22.724    
    SLICE_X56Y129        FDCE (Recov_fdce_C_CLR)     -0.405    22.319    rv32_top_i/plat/U0/u_core/idex_rs1d_reg[30]
  -------------------------------------------------------------------
                         required time                         22.319    
                         arrival time                         -15.447    
  -------------------------------------------------------------------
                         slack                                  6.871    

Slack (MET) :             6.980ns  (required time - arrival time)
  Source:                 rv32_top_i/rst_ps7_50M/U0/ACTIVE_LOW_PR_OUT_DFF[0].FDRE_PER_N/C
                            (rising edge-triggered cell FDRE clocked by clk_fpga_0  {rise@0.000ns fall@10.000ns period=20.000ns})
  Destination:            rv32_top_i/plat/U0/u_core/idex_rs2d_reg[14]/CLR
                            (recovery check against rising-edge clock clk_fpga_0  {rise@0.000ns fall@10.000ns period=20.000ns})
  Path Group:             **async_default**
  Path Type:              Recovery (Max at Slow Process Corner)
  Requirement:            20.000ns  (clk_fpga_0 rise@20.000ns - clk_fpga_0 rise@0.000ns)
  Data Path Delay:        12.257ns  (logic 0.580ns (4.732%)  route 11.677ns (95.268%))
  Logic Levels:           1  (LUT2=1)
  Clock Path Skew:        -0.142ns (DCD - SCD + CPR)
    Destination Clock Delay (DCD):    2.879ns = ( 22.879 - 20.000 ) 
    Source Clock Delay      (SCD):    3.168ns
    Clock Pessimism Removal (CPR):    0.147ns
  Clock Uncertainty:      0.302ns  ((TSJ^2 + TIJ^2)^1/2 + DJ) / 2 + PE
    Total System Jitter     (TSJ):    0.071ns
    Total Input Jitter      (TIJ):    0.600ns
    Discrete Jitter          (DJ):    0.000ns
    Phase Error              (PE):    0.000ns

    Location             Delay type                Incr(ns)  Path(ns)    Netlist Resource(s)
  -------------------------------------------------------------------    -------------------
                         (clock clk_fpga_0 rise edge)
                                                      0.000     0.000 r  
    PS7_X0Y0             PS7                          0.000     0.000 r  rv32_top_i/ps7/inst/PS7_i/FCLKCLK[0]
                         net (fo=1, routed)           1.193     1.193    rv32_top_i/ps7/inst/FCLK_CLK_unbuffered[0]
    BUFGCTRL_X0Y16       BUFG (Prop_bufg_I_O)         0.101     1.294 r  rv32_top_i/ps7/inst/buffer_fclk_clk_0.FCLK_CLK_0_BUFG/O
                         net (fo=39071, routed)       1.874     3.168    rv32_top_i/rst_ps7_50M/U0/slowest_sync_clk
    SLICE_X29Y127        FDRE                                         r  rv32_top_i/rst_ps7_50M/U0/ACTIVE_LOW_PR_OUT_DFF[0].FDRE_PER_N/C
  -------------------------------------------------------------------    -------------------
    SLICE_X29Y127        FDRE (Prop_fdre_C_Q)         0.456     3.624 r  rv32_top_i/rst_ps7_50M/U0/ACTIVE_LOW_PR_OUT_DFF[0].FDRE_PER_N/Q
                         net (fo=20, routed)          0.684     4.308    rv32_top_i/plat/U0/u_ctrl/S_AXI_ARESETN
    SLICE_X29Y119        LUT2 (Prop_lut2_I1_O)        0.124     4.432 f  rv32_top_i/plat/U0/u_ctrl/valid_mem[255]_i_2/O
                         net (fo=4114, routed)       10.993    15.425    rv32_top_i/plat/U0/u_core/core_rst
    SLICE_X58Y130        FDCE                                         f  rv32_top_i/plat/U0/u_core/idex_rs2d_reg[14]/CLR
  -------------------------------------------------------------------    -------------------

                         (clock clk_fpga_0 rise edge)
                                                     20.000    20.000 r  
    PS7_X0Y0             PS7                          0.000    20.000 r  rv32_top_i/ps7/inst/PS7_i/FCLKCLK[0]
                         net (fo=1, routed)           1.088    21.088    rv32_top_i/ps7/inst/FCLK_CLK_unbuffered[0]
    BUFGCTRL_X0Y16       BUFG (Prop_bufg_I_O)         0.091    21.179 r  rv32_top_i/ps7/inst/buffer_fclk_clk_0.FCLK_CLK_0_BUFG/O
                         net (fo=39071, routed)       1.700    22.879    rv32_top_i/plat/U0/u_core/S_AXI_ACLK
    SLICE_X58Y130        FDCE                                         r  rv32_top_i/plat/U0/u_core/idex_rs2d_reg[14]/C
                         clock pessimism              0.147    23.026    
                         clock uncertainty           -0.302    22.724    
    SLICE_X58Y130        FDCE (Recov_fdce_C_CLR)     -0.319    22.405    rv32_top_i/plat/U0/u_core/idex_rs2d_reg[14]
  -------------------------------------------------------------------
                         required time                         22.405    
                         arrival time                         -15.425    
  -------------------------------------------------------------------
                         slack                                  6.980    

Slack (MET) :             6.980ns  (required time - arrival time)
  Source:                 rv32_top_i/rst_ps7_50M/U0/ACTIVE_LOW_PR_OUT_DFF[0].FDRE_PER_N/C
                            (rising edge-triggered cell FDRE clocked by clk_fpga_0  {rise@0.000ns fall@10.000ns period=20.000ns})
  Destination:            rv32_top_i/plat/U0/u_core/idex_rs2d_reg[2]/CLR
                            (recovery check against rising-edge clock clk_fpga_0  {rise@0.000ns fall@10.000ns period=20.000ns})
  Path Group:             **async_default**
  Path Type:              Recovery (Max at Slow Process Corner)
  Requirement:            20.000ns  (clk_fpga_0 rise@20.000ns - clk_fpga_0 rise@0.000ns)
  Data Path Delay:        12.257ns  (logic 0.580ns (4.732%)  route 11.677ns (95.268%))
  Logic Levels:           1  (LUT2=1)
  Clock Path Skew:        -0.142ns (DCD - SCD + CPR)
    Destination Clock Delay (DCD):    2.879ns = ( 22.879 - 20.000 ) 
    Source Clock Delay      (SCD):    3.168ns
    Clock Pessimism Removal (CPR):    0.147ns
  Clock Uncertainty:      0.302ns  ((TSJ^2 + TIJ^2)^1/2 + DJ) / 2 + PE
    Total System Jitter     (TSJ):    0.071ns
    Total Input Jitter      (TIJ):    0.600ns
    Discrete Jitter          (DJ):    0.000ns
    Phase Error              (PE):    0.000ns

    Location             Delay type                Incr(ns)  Path(ns)    Netlist Resource(s)
  -------------------------------------------------------------------    -------------------
                         (clock clk_fpga_0 rise edge)
                                                      0.000     0.000 r  
    PS7_X0Y0             PS7                          0.000     0.000 r  rv32_top_i/ps7/inst/PS7_i/FCLKCLK[0]
                         net (fo=1, routed)           1.193     1.193    rv32_top_i/ps7/inst/FCLK_CLK_unbuffered[0]
    BUFGCTRL_X0Y16       BUFG (Prop_bufg_I_O)         0.101     1.294 r  rv32_top_i/ps7/inst/buffer_fclk_clk_0.FCLK_CLK_0_BUFG/O
                         net (fo=39071, routed)       1.874     3.168    rv32_top_i/rst_ps7_50M/U0/slowest_sync_clk
    SLICE_X29Y127        FDRE                                         r  rv32_top_i/rst_ps7_50M/U0/ACTIVE_LOW_PR_OUT_DFF[0].FDRE_PER_N/C
  -------------------------------------------------------------------    -------------------
    SLICE_X29Y127        FDRE (Prop_fdre_C_Q)         0.456     3.624 r  rv32_top_i/rst_ps7_50M/U0/ACTIVE_LOW_PR_OUT_DFF[0].FDRE_PER_N/Q
                         net (fo=20, routed)          0.684     4.308    rv32_top_i/plat/U0/u_ctrl/S_AXI_ARESETN
    SLICE_X29Y119        LUT2 (Prop_lut2_I1_O)        0.124     4.432 f  rv32_top_i/plat/U0/u_ctrl/valid_mem[255]_i_2/O
                         net (fo=4114, routed)       10.993    15.425    rv32_top_i/plat/U0/u_core/core_rst
    SLICE_X58Y130        FDCE                                         f  rv32_top_i/plat/U0/u_core/idex_rs2d_reg[2]/CLR
  -------------------------------------------------------------------    -------------------

                         (clock clk_fpga_0 rise edge)
                                                     20.000    20.000 r  
    PS7_X0Y0             PS7                          0.000    20.000 r  rv32_top_i/ps7/inst/PS7_i/FCLKCLK[0]
                         net (fo=1, routed)           1.088    21.088    rv32_top_i/ps7/inst/FCLK_CLK_unbuffered[0]
    BUFGCTRL_X0Y16       BUFG (Prop_bufg_I_O)         0.091    21.179 r  rv32_top_i/ps7/inst/buffer_fclk_clk_0.FCLK_CLK_0_BUFG/O
                         net (fo=39071, routed)       1.700    22.879    rv32_top_i/plat/U0/u_core/S_AXI_ACLK
    SLICE_X58Y130        FDCE                                         r  rv32_top_i/plat/U0/u_core/idex_rs2d_reg[2]/C
                         clock pessimism              0.147    23.026    
                         clock uncertainty           -0.302    22.724    
    SLICE_X58Y130        FDCE (Recov_fdce_C_CLR)     -0.319    22.405    rv32_top_i/plat/U0/u_core/idex_rs2d_reg[2]
  -------------------------------------------------------------------
                         required time                         22.405    
                         arrival time                         -15.425    
  -------------------------------------------------------------------
                         slack                                  6.980    

Slack (MET) :             7.194ns  (required time - arrival time)
  Source:                 rv32_top_i/rst_ps7_50M/U0/ACTIVE_LOW_PR_OUT_DFF[0].FDRE_PER_N/C
                            (rising edge-triggered cell FDRE clocked by clk_fpga_0  {rise@0.000ns fall@10.000ns period=20.000ns})
  Destination:            rv32_top_i/plat/U0/u_core/idex_rs1d_reg[22]/CLR
                            (recovery check against rising-edge clock clk_fpga_0  {rise@0.000ns fall@10.000ns period=20.000ns})
  Path Group:             **async_default**
  Path Type:              Recovery (Max at Slow Process Corner)
  Requirement:            20.000ns  (clk_fpga_0 rise@20.000ns - clk_fpga_0 rise@0.000ns)
  Data Path Delay:        11.958ns  (logic 0.580ns (4.850%)  route 11.378ns (95.150%))
  Logic Levels:           1  (LUT2=1)
  Clock Path Skew:        -0.141ns (DCD - SCD + CPR)
    Destination Clock Delay (DCD):    2.880ns = ( 22.880 - 20.000 ) 
    Source Clock Delay      (SCD):    3.168ns
    Clock Pessimism Removal (CPR):    0.147ns
  Clock Uncertainty:      0.302ns  ((TSJ^2 + TIJ^2)^1/2 + DJ) / 2 + PE
    Total System Jitter     (TSJ):    0.071ns
    Total Input Jitter      (TIJ):    0.600ns
    Discrete Jitter          (DJ):    0.000ns
    Phase Error              (PE):    0.000ns

    Location             Delay type                Incr(ns)  Path(ns)    Netlist Resource(s)
  -------------------------------------------------------------------    -------------------
                         (clock clk_fpga_0 rise edge)
                                                      0.000     0.000 r  
    PS7_X0Y0             PS7                          0.000     0.000 r  rv32_top_i/ps7/inst/PS7_i/FCLKCLK[0]
                         net (fo=1, routed)           1.193     1.193    rv32_top_i/ps7/inst/FCLK_CLK_unbuffered[0]
    BUFGCTRL_X0Y16       BUFG (Prop_bufg_I_O)         0.101     1.294 r  rv32_top_i/ps7/inst/buffer_fclk_clk_0.FCLK_CLK_0_BUFG/O
                         net (fo=39071, routed)       1.874     3.168    rv32_top_i/rst_ps7_50M/U0/slowest_sync_clk
    SLICE_X29Y127        FDRE                                         r  rv32_top_i/rst_ps7_50M/U0/ACTIVE_LOW_PR_OUT_DFF[0].FDRE_PER_N/C
  -------------------------------------------------------------------    -------------------
    SLICE_X29Y127        FDRE (Prop_fdre_C_Q)         0.456     3.624 r  rv32_top_i/rst_ps7_50M/U0/ACTIVE_LOW_PR_OUT_DFF[0].FDRE_PER_N/Q
                         net (fo=20, routed)          0.684     4.308    rv32_top_i/plat/U0/u_ctrl/S_AXI_ARESETN
    SLICE_X29Y119        LUT2 (Prop_lut2_I1_O)        0.124     4.432 f  rv32_top_i/plat/U0/u_ctrl/valid_mem[255]_i_2/O
                         net (fo=4114, routed)       10.694    15.126    rv32_top_i/plat/U0/u_core/core_rst
    SLICE_X56Y131        FDCE                                         f  rv32_top_i/plat/U0/u_core/idex_rs1d_reg[22]/CLR
  -------------------------------------------------------------------    -------------------

                         (clock clk_fpga_0 rise edge)
                                                     20.000    20.000 r  
    PS7_X0Y0             PS7                          0.000    20.000 r  rv32_top_i/ps7/inst/PS7_i/FCLKCLK[0]
                         net (fo=1, routed)           1.088    21.088    rv32_top_i/ps7/inst/FCLK_CLK_unbuffered[0]
    BUFGCTRL_X0Y16       BUFG (Prop_bufg_I_O)         0.091    21.179 r  rv32_top_i/ps7/inst/buffer_fclk_clk_0.FCLK_CLK_0_BUFG/O
                         net (fo=39071, routed)       1.701    22.880    rv32_top_i/plat/U0/u_core/S_AXI_ACLK
    SLICE_X56Y131        FDCE                                         r  rv32_top_i/plat/U0/u_core/idex_rs1d_reg[22]/C
                         clock pessimism              0.147    23.027    
                         clock uncertainty           -0.302    22.725    
    SLICE_X56Y131        FDCE (Recov_fdce_C_CLR)     -0.405    22.320    rv32_top_i/plat/U0/u_core/idex_rs1d_reg[22]
  -------------------------------------------------------------------
                         required time                         22.320    
                         arrival time                         -15.126    
  -------------------------------------------------------------------
                         slack                                  7.194    

Slack (MET) :             7.194ns  (required time - arrival time)
  Source:                 rv32_top_i/rst_ps7_50M/U0/ACTIVE_LOW_PR_OUT_DFF[0].FDRE_PER_N/C
                            (rising edge-triggered cell FDRE clocked by clk_fpga_0  {rise@0.000ns fall@10.000ns period=20.000ns})
  Destination:            rv32_top_i/plat/U0/u_core/idex_rs1d_reg[26]/CLR
                            (recovery check against rising-edge clock clk_fpga_0  {rise@0.000ns fall@10.000ns period=20.000ns})
  Path Group:             **async_default**
  Path Type:              Recovery (Max at Slow Process Corner)
  Requirement:            20.000ns  (clk_fpga_0 rise@20.000ns - clk_fpga_0 rise@0.000ns)
  Data Path Delay:        11.958ns  (logic 0.580ns (4.850%)  route 11.378ns (95.150%))
  Logic Levels:           1  (LUT2=1)
  Clock Path Skew:        -0.141ns (DCD - SCD + CPR)
    Destination Clock Delay (DCD):    2.880ns = ( 22.880 - 20.000 ) 
    Source Clock Delay      (SCD):    3.168ns
    Clock Pessimism Removal (CPR):    0.147ns
  Clock Uncertainty:      0.302ns  ((TSJ^2 + TIJ^2)^1/2 + DJ) / 2 + PE
    Total System Jitter     (TSJ):    0.071ns
    Total Input Jitter      (TIJ):    0.600ns
    Discrete Jitter          (DJ):    0.000ns
    Phase Error              (PE):    0.000ns

    Location             Delay type                Incr(ns)  Path(ns)    Netlist Resource(s)
  -------------------------------------------------------------------    -------------------
                         (clock clk_fpga_0 rise edge)
                                                      0.000     0.000 r  
    PS7_X0Y0             PS7                          0.000     0.000 r  rv32_top_i/ps7/inst/PS7_i/FCLKCLK[0]
                         net (fo=1, routed)           1.193     1.193    rv32_top_i/ps7/inst/FCLK_CLK_unbuffered[0]
    BUFGCTRL_X0Y16       BUFG (Prop_bufg_I_O)         0.101     1.294 r  rv32_top_i/ps7/inst/buffer_fclk_clk_0.FCLK_CLK_0_BUFG/O
                         net (fo=39071, routed)       1.874     3.168    rv32_top_i/rst_ps7_50M/U0/slowest_sync_clk
    SLICE_X29Y127        FDRE                                         r  rv32_top_i/rst_ps7_50M/U0/ACTIVE_LOW_PR_OUT_DFF[0].FDRE_PER_N/C
  -------------------------------------------------------------------    -------------------
    SLICE_X29Y127        FDRE (Prop_fdre_C_Q)         0.456     3.624 r  rv32_top_i/rst_ps7_50M/U0/ACTIVE_LOW_PR_OUT_DFF[0].FDRE_PER_N/Q
                         net (fo=20, routed)          0.684     4.308    rv32_top_i/plat/U0/u_ctrl/S_AXI_ARESETN
    SLICE_X29Y119        LUT2 (Prop_lut2_I1_O)        0.124     4.432 f  rv32_top_i/plat/U0/u_ctrl/valid_mem[255]_i_2/O
                         net (fo=4114, routed)       10.694    15.126    rv32_top_i/plat/U0/u_core/core_rst
    SLICE_X56Y131        FDCE                                         f  rv32_top_i/plat/U0/u_core/idex_rs1d_reg[26]/CLR
  -------------------------------------------------------------------    -------------------

                         (clock clk_fpga_0 rise edge)
                                                     20.000    20.000 r  
    PS7_X0Y0             PS7                          0.000    20.000 r  rv32_top_i/ps7/inst/PS7_i/FCLKCLK[0]
                         net (fo=1, routed)           1.088    21.088    rv32_top_i/ps7/inst/FCLK_CLK_unbuffered[0]
    BUFGCTRL_X0Y16       BUFG (Prop_bufg_I_O)         0.091    21.179 r  rv32_top_i/ps7/inst/buffer_fclk_clk_0.FCLK_CLK_0_BUFG/O
                         net (fo=39071, routed)       1.701    22.880    rv32_top_i/plat/U0/u_core/S_AXI_ACLK
    SLICE_X56Y131        FDCE                                         r  rv32_top_i/plat/U0/u_core/idex_rs1d_reg[26]/C
                         clock pessimism              0.147    23.027    
                         clock uncertainty           -0.302    22.725    
    SLICE_X56Y131        FDCE (Recov_fdce_C_CLR)     -0.405    22.320    rv32_top_i/plat/U0/u_core/idex_rs1d_reg[26]
  -------------------------------------------------------------------
                         required time                         22.320    
                         arrival time                         -15.126    
  -------------------------------------------------------------------
                         slack                                  7.194    

Slack (MET) :             7.779ns  (required time - arrival time)
  Source:                 rv32_top_i/rst_ps7_50M/U0/ACTIVE_LOW_PR_OUT_DFF[0].FDRE_PER_N/C
                            (rising edge-triggered cell FDRE clocked by clk_fpga_0  {rise@0.000ns fall@10.000ns period=20.000ns})
  Destination:            rv32_top_i/plat/U0/u_core/idex_rs2d_reg[26]/CLR
                            (recovery check against rising-edge clock clk_fpga_0  {rise@0.000ns fall@10.000ns period=20.000ns})
  Path Group:             **async_default**
  Path Type:              Recovery (Max at Slow Process Corner)
  Requirement:            20.000ns  (clk_fpga_0 rise@20.000ns - clk_fpga_0 rise@0.000ns)
  Data Path Delay:        11.464ns  (logic 0.580ns (5.059%)  route 10.884ns (94.941%))
  Logic Levels:           1  (LUT2=1)
  Clock Path Skew:        -0.136ns (DCD - SCD + CPR)
    Destination Clock Delay (DCD):    2.885ns = ( 22.885 - 20.000 ) 
    Source Clock Delay      (SCD):    3.168ns
    Clock Pessimism Removal (CPR):    0.147ns
  Clock Uncertainty:      0.302ns  ((TSJ^2 + TIJ^2)^1/2 + DJ) / 2 + PE
    Total System Jitter     (TSJ):    0.071ns
    Total Input Jitter      (TIJ):    0.600ns
    Discrete Jitter          (DJ):    0.000ns
    Phase Error              (PE):    0.000ns

    Location             Delay type                Incr(ns)  Path(ns)    Netlist Resource(s)
  -------------------------------------------------------------------    -------------------
                         (clock clk_fpga_0 rise edge)
                                                      0.000     0.000 r  
    PS7_X0Y0             PS7                          0.000     0.000 r  rv32_top_i/ps7/inst/PS7_i/FCLKCLK[0]
                         net (fo=1, routed)           1.193     1.193    rv32_top_i/ps7/inst/FCLK_CLK_unbuffered[0]
    BUFGCTRL_X0Y16       BUFG (Prop_bufg_I_O)         0.101     1.294 r  rv32_top_i/ps7/inst/buffer_fclk_clk_0.FCLK_CLK_0_BUFG/O
                         net (fo=39071, routed)       1.874     3.168    rv32_top_i/rst_ps7_50M/U0/slowest_sync_clk
    SLICE_X29Y127        FDRE                                         r  rv32_top_i/rst_ps7_50M/U0/ACTIVE_LOW_PR_OUT_DFF[0].FDRE_PER_N/C
  -------------------------------------------------------------------    -------------------
    SLICE_X29Y127        FDRE (Prop_fdre_C_Q)         0.456     3.624 r  rv32_top_i/rst_ps7_50M/U0/ACTIVE_LOW_PR_OUT_DFF[0].FDRE_PER_N/Q
                         net (fo=20, routed)          0.684     4.308    rv32_top_i/plat/U0/u_ctrl/S_AXI_ARESETN
    SLICE_X29Y119        LUT2 (Prop_lut2_I1_O)        0.124     4.432 f  rv32_top_i/plat/U0/u_ctrl/valid_mem[255]_i_2/O
                         net (fo=4114, routed)       10.200    14.632    rv32_top_i/plat/U0/u_core/core_rst
    SLICE_X58Y135        FDCE                                         f  rv32_top_i/plat/U0/u_core/idex_rs2d_reg[26]/CLR
  -------------------------------------------------------------------    -------------------

                         (clock clk_fpga_0 rise edge)
                                                     20.000    20.000 r  
    PS7_X0Y0             PS7                          0.000    20.000 r  rv32_top_i/ps7/inst/PS7_i/FCLKCLK[0]
                         net (fo=1, routed)           1.088    21.088    rv32_top_i/ps7/inst/FCLK_CLK_unbuffered[0]
    BUFGCTRL_X0Y16       BUFG (Prop_bufg_I_O)         0.091    21.179 r  rv32_top_i/ps7/inst/buffer_fclk_clk_0.FCLK_CLK_0_BUFG/O
                         net (fo=39071, routed)       1.706    22.885    rv32_top_i/plat/U0/u_core/S_AXI_ACLK
    SLICE_X58Y135        FDCE                                         r  rv32_top_i/plat/U0/u_core/idex_rs2d_reg[26]/C
                         clock pessimism              0.147    23.032    
                         clock uncertainty           -0.302    22.730    
    SLICE_X58Y135        FDCE (Recov_fdce_C_CLR)     -0.319    22.411    rv32_top_i/plat/U0/u_core/idex_rs2d_reg[26]
  -------------------------------------------------------------------
                         required time                         22.411    
                         arrival time                         -14.632    
  -------------------------------------------------------------------
                         slack                                  7.779    

Slack (MET) :             7.779ns  (required time - arrival time)
  Source:                 rv32_top_i/rst_ps7_50M/U0/ACTIVE_LOW_PR_OUT_DFF[0].FDRE_PER_N/C
                            (rising edge-triggered cell FDRE clocked by clk_fpga_0  {rise@0.000ns fall@10.000ns period=20.000ns})
  Destination:            rv32_top_i/plat/U0/u_core/idex_rs2d_reg[31]/CLR
                            (recovery check against rising-edge clock clk_fpga_0  {rise@0.000ns fall@10.000ns period=20.000ns})
  Path Group:             **async_default**
  Path Type:              Recovery (Max at Slow Process Corner)
  Requirement:            20.000ns  (clk_fpga_0 rise@20.000ns - clk_fpga_0 rise@0.000ns)
  Data Path Delay:        11.464ns  (logic 0.580ns (5.059%)  route 10.884ns (94.941%))
  Logic Levels:           1  (LUT2=1)
  Clock Path Skew:        -0.136ns (DCD - SCD + CPR)
    Destination Clock Delay (DCD):    2.885ns = ( 22.885 - 20.000 ) 
    Source Clock Delay      (SCD):    3.168ns
    Clock Pessimism Removal (CPR):    0.147ns
  Clock Uncertainty:      0.302ns  ((TSJ^2 + TIJ^2)^1/2 + DJ) / 2 + PE
    Total System Jitter     (TSJ):    0.071ns
    Total Input Jitter      (TIJ):    0.600ns
    Discrete Jitter          (DJ):    0.000ns
    Phase Error              (PE):    0.000ns

    Location             Delay type                Incr(ns)  Path(ns)    Netlist Resource(s)
  -------------------------------------------------------------------    -------------------
                         (clock clk_fpga_0 rise edge)
                                                      0.000     0.000 r  
    PS7_X0Y0             PS7                          0.000     0.000 r  rv32_top_i/ps7/inst/PS7_i/FCLKCLK[0]
                         net (fo=1, routed)           1.193     1.193    rv32_top_i/ps7/inst/FCLK_CLK_unbuffered[0]
    BUFGCTRL_X0Y16       BUFG (Prop_bufg_I_O)         0.101     1.294 r  rv32_top_i/ps7/inst/buffer_fclk_clk_0.FCLK_CLK_0_BUFG/O
                         net (fo=39071, routed)       1.874     3.168    rv32_top_i/rst_ps7_50M/U0/slowest_sync_clk
    SLICE_X29Y127        FDRE                                         r  rv32_top_i/rst_ps7_50M/U0/ACTIVE_LOW_PR_OUT_DFF[0].FDRE_PER_N/C
  -------------------------------------------------------------------    -------------------
    SLICE_X29Y127        FDRE (Prop_fdre_C_Q)         0.456     3.624 r  rv32_top_i/rst_ps7_50M/U0/ACTIVE_LOW_PR_OUT_DFF[0].FDRE_PER_N/Q
                         net (fo=20, routed)          0.684     4.308    rv32_top_i/plat/U0/u_ctrl/S_AXI_ARESETN
    SLICE_X29Y119        LUT2 (Prop_lut2_I1_O)        0.124     4.432 f  rv32_top_i/plat/U0/u_ctrl/valid_mem[255]_i_2/O
                         net (fo=4114, routed)       10.200    14.632    rv32_top_i/plat/U0/u_core/core_rst
    SLICE_X58Y135        FDCE                                         f  rv32_top_i/plat/U0/u_core/idex_rs2d_reg[31]/CLR
  -------------------------------------------------------------------    -------------------

                         (clock clk_fpga_0 rise edge)
                                                     20.000    20.000 r  
    PS7_X0Y0             PS7                          0.000    20.000 r  rv32_top_i/ps7/inst/PS7_i/FCLKCLK[0]
                         net (fo=1, routed)           1.088    21.088    rv32_top_i/ps7/inst/FCLK_CLK_unbuffered[0]
    BUFGCTRL_X0Y16       BUFG (Prop_bufg_I_O)         0.091    21.179 r  rv32_top_i/ps7/inst/buffer_fclk_clk_0.FCLK_CLK_0_BUFG/O
                         net (fo=39071, routed)       1.706    22.885    rv32_top_i/plat/U0/u_core/S_AXI_ACLK
    SLICE_X58Y135        FDCE                                         r  rv32_top_i/plat/U0/u_core/idex_rs2d_reg[31]/C
                         clock pessimism              0.147    23.032    
                         clock uncertainty           -0.302    22.730    
    SLICE_X58Y135        FDCE (Recov_fdce_C_CLR)     -0.319    22.411    rv32_top_i/plat/U0/u_core/idex_rs2d_reg[31]
  -------------------------------------------------------------------
                         required time                         22.411    
                         arrival time                         -14.632    
  -------------------------------------------------------------------
                         slack                                  7.779    





Min Delay Paths
--------------------------------------------------------------------------------------
Slack (MET) :             0.737ns  (arrival time - required time)
  Source:                 rv32_top_i/plat/U0/u_ctrl/r_ctrl_reg[0]/C
                            (rising edge-triggered cell FDRE clocked by clk_fpga_0  {rise@0.000ns fall@10.000ns period=20.000ns})
  Destination:            rv32_top_i/plat/U0/u_icache/u_adp/buf_reg[91]/CLR
                            (removal check against rising-edge clock clk_fpga_0  {rise@0.000ns fall@10.000ns period=20.000ns})
  Path Group:             **async_default**
  Path Type:              Removal (Min at Fast Process Corner)
  Requirement:            0.000ns  (clk_fpga_0 rise@0.000ns - clk_fpga_0 rise@0.000ns)
  Data Path Delay:        0.675ns  (logic 0.186ns (27.538%)  route 0.489ns (72.462%))
  Logic Levels:           1  (LUT2=1)
  Clock Path Skew:        0.030ns (DCD - SCD - CPR)
    Destination Clock Delay (DCD):    1.284ns
    Source Clock Delay      (SCD):    0.986ns
    Clock Pessimism Removal (CPR):    0.268ns

    Location             Delay type                Incr(ns)  Path(ns)    Netlist Resource(s)
  -------------------------------------------------------------------    -------------------
                         (clock clk_fpga_0 rise edge)
                                                      0.000     0.000 r  
    PS7_X0Y0             PS7                          0.000     0.000 r  rv32_top_i/ps7/inst/PS7_i/FCLKCLK[0]
                         net (fo=1, routed)           0.310     0.310    rv32_top_i/ps7/inst/FCLK_CLK_unbuffered[0]
    BUFGCTRL_X0Y16       BUFG (Prop_bufg_I_O)         0.026     0.336 r  rv32_top_i/ps7/inst/buffer_fclk_clk_0.FCLK_CLK_0_BUFG/O
                         net (fo=39071, routed)       0.650     0.986    rv32_top_i/plat/U0/u_ctrl/S_AXI_ACLK
    SLICE_X31Y119        FDRE                                         r  rv32_top_i/plat/U0/u_ctrl/r_ctrl_reg[0]/C
  -------------------------------------------------------------------    -------------------
    SLICE_X31Y119        FDRE (Prop_fdre_C_Q)         0.141     1.127 f  rv32_top_i/plat/U0/u_ctrl/r_ctrl_reg[0]/Q
                         net (fo=2, routed)           0.190     1.317    rv32_top_i/plat/U0/u_ctrl/cpu_reset
    SLICE_X29Y119        LUT2 (Prop_lut2_I0_O)        0.045     1.362 f  rv32_top_i/plat/U0/u_ctrl/valid_mem[255]_i_2/O
                         net (fo=4114, routed)        0.299     1.661    rv32_top_i/plat/U0/u_icache/u_adp/AR[0]
    SLICE_X27Y120        FDCE                                         f  rv32_top_i/plat/U0/u_icache/u_adp/buf_reg[91]/CLR
  -------------------------------------------------------------------    -------------------

                         (clock clk_fpga_0 rise edge)
                                                      0.000     0.000 r  
    PS7_X0Y0             PS7                          0.000     0.000 r  rv32_top_i/ps7/inst/PS7_i/FCLKCLK[0]
                         net (fo=1, routed)           0.337     0.337    rv32_top_i/ps7/inst/FCLK_CLK_unbuffered[0]
    BUFGCTRL_X0Y16       BUFG (Prop_bufg_I_O)         0.029     0.366 r  rv32_top_i/ps7/inst/buffer_fclk_clk_0.FCLK_CLK_0_BUFG/O
                         net (fo=39071, routed)       0.918     1.284    rv32_top_i/plat/U0/u_icache/u_adp/S_AXI_ACLK
    SLICE_X27Y120        FDCE                                         r  rv32_top_i/plat/U0/u_icache/u_adp/buf_reg[91]/C
                         clock pessimism             -0.268     1.016    
    SLICE_X27Y120        FDCE (Remov_fdce_C_CLR)     -0.092     0.924    rv32_top_i/plat/U0/u_icache/u_adp/buf_reg[91]
  -------------------------------------------------------------------
                         required time                         -0.924    
                         arrival time                           1.661    
  -------------------------------------------------------------------
                         slack                                  0.737    

Slack (MET) :             0.799ns  (arrival time - required time)
  Source:                 rv32_top_i/plat/U0/u_ctrl/r_ctrl_reg[0]/C
                            (rising edge-triggered cell FDRE clocked by clk_fpga_0  {rise@0.000ns fall@10.000ns period=20.000ns})
  Destination:            rv32_top_i/plat/U0/u_icache/u_adp/buf_reg[123]/CLR
                            (removal check against rising-edge clock clk_fpga_0  {rise@0.000ns fall@10.000ns period=20.000ns})
  Path Group:             **async_default**
  Path Type:              Removal (Min at Fast Process Corner)
  Requirement:            0.000ns  (clk_fpga_0 rise@0.000ns - clk_fpga_0 rise@0.000ns)
  Data Path Delay:        0.720ns  (logic 0.186ns (25.841%)  route 0.534ns (74.159%))
  Logic Levels:           1  (LUT2=1)
  Clock Path Skew:        0.013ns (DCD - SCD - CPR)
    Destination Clock Delay (DCD):    1.285ns
    Source Clock Delay      (SCD):    0.986ns
    Clock Pessimism Removal (CPR):    0.286ns

    Location             Delay type                Incr(ns)  Path(ns)    Netlist Resource(s)
  -------------------------------------------------------------------    -------------------
                         (clock clk_fpga_0 rise edge)
                                                      0.000     0.000 r  
    PS7_X0Y0             PS7                          0.000     0.000 r  rv32_top_i/ps7/inst/PS7_i/FCLKCLK[0]
                         net (fo=1, routed)           0.310     0.310    rv32_top_i/ps7/inst/FCLK_CLK_unbuffered[0]
    BUFGCTRL_X0Y16       BUFG (Prop_bufg_I_O)         0.026     0.336 r  rv32_top_i/ps7/inst/buffer_fclk_clk_0.FCLK_CLK_0_BUFG/O
                         net (fo=39071, routed)       0.650     0.986    rv32_top_i/plat/U0/u_ctrl/S_AXI_ACLK
    SLICE_X31Y119        FDRE                                         r  rv32_top_i/plat/U0/u_ctrl/r_ctrl_reg[0]/C
  -------------------------------------------------------------------    -------------------
    SLICE_X31Y119        FDRE (Prop_fdre_C_Q)         0.141     1.127 f  rv32_top_i/plat/U0/u_ctrl/r_ctrl_reg[0]/Q
                         net (fo=2, routed)           0.190     1.317    rv32_top_i/plat/U0/u_ctrl/cpu_reset
    SLICE_X29Y119        LUT2 (Prop_lut2_I0_O)        0.045     1.362 f  rv32_top_i/plat/U0/u_ctrl/valid_mem[255]_i_2/O
                         net (fo=4114, routed)        0.344     1.706    rv32_top_i/plat/U0/u_icache/u_adp/AR[0]
    SLICE_X31Y120        FDCE                                         f  rv32_top_i/plat/U0/u_icache/u_adp/buf_reg[123]/CLR
  -------------------------------------------------------------------    -------------------

                         (clock clk_fpga_0 rise edge)
                                                      0.000     0.000 r  
    PS7_X0Y0             PS7                          0.000     0.000 r  rv32_top_i/ps7/inst/PS7_i/FCLKCLK[0]
                         net (fo=1, routed)           0.337     0.337    rv32_top_i/ps7/inst/FCLK_CLK_unbuffered[0]
    BUFGCTRL_X0Y16       BUFG (Prop_bufg_I_O)         0.029     0.366 r  rv32_top_i/ps7/inst/buffer_fclk_clk_0.FCLK_CLK_0_BUFG/O
                         net (fo=39071, routed)       0.919     1.285    rv32_top_i/plat/U0/u_icache/u_adp/S_AXI_ACLK
    SLICE_X31Y120        FDCE                                         r  rv32_top_i/plat/U0/u_icache/u_adp/buf_reg[123]/C
                         clock pessimism             -0.286     0.999    
    SLICE_X31Y120        FDCE (Remov_fdce_C_CLR)     -0.092     0.907    rv32_top_i/plat/U0/u_icache/u_adp/buf_reg[123]
  -------------------------------------------------------------------
                         required time                         -0.907    
                         arrival time                           1.706    
  -------------------------------------------------------------------
                         slack                                  0.799    

Slack (MET) :             0.799ns  (arrival time - required time)
  Source:                 rv32_top_i/plat/U0/u_ctrl/r_ctrl_reg[0]/C
                            (rising edge-triggered cell FDRE clocked by clk_fpga_0  {rise@0.000ns fall@10.000ns period=20.000ns})
  Destination:            rv32_top_i/plat/U0/u_icache/u_adp/buf_reg[98]/CLR
                            (removal check against rising-edge clock clk_fpga_0  {rise@0.000ns fall@10.000ns period=20.000ns})
  Path Group:             **async_default**
  Path Type:              Removal (Min at Fast Process Corner)
  Requirement:            0.000ns  (clk_fpga_0 rise@0.000ns - clk_fpga_0 rise@0.000ns)
  Data Path Delay:        0.720ns  (logic 0.186ns (25.841%)  route 0.534ns (74.159%))
  Logic Levels:           1  (LUT2=1)
  Clock Path Skew:        0.013ns (DCD - SCD - CPR)
    Destination Clock Delay (DCD):    1.285ns
    Source Clock Delay      (SCD):    0.986ns
    Clock Pessimism Removal (CPR):    0.286ns

    Location             Delay type                Incr(ns)  Path(ns)    Netlist Resource(s)
  -------------------------------------------------------------------    -------------------
                         (clock clk_fpga_0 rise edge)
                                                      0.000     0.000 r  
    PS7_X0Y0             PS7                          0.000     0.000 r  rv32_top_i/ps7/inst/PS7_i/FCLKCLK[0]
                         net (fo=1, routed)           0.310     0.310    rv32_top_i/ps7/inst/FCLK_CLK_unbuffered[0]
    BUFGCTRL_X0Y16       BUFG (Prop_bufg_I_O)         0.026     0.336 r  rv32_top_i/ps7/inst/buffer_fclk_clk_0.FCLK_CLK_0_BUFG/O
                         net (fo=39071, routed)       0.650     0.986    rv32_top_i/plat/U0/u_ctrl/S_AXI_ACLK
    SLICE_X31Y119        FDRE                                         r  rv32_top_i/plat/U0/u_ctrl/r_ctrl_reg[0]/C
  -------------------------------------------------------------------    -------------------
    SLICE_X31Y119        FDRE (Prop_fdre_C_Q)         0.141     1.127 f  rv32_top_i/plat/U0/u_ctrl/r_ctrl_reg[0]/Q
                         net (fo=2, routed)           0.190     1.317    rv32_top_i/plat/U0/u_ctrl/cpu_reset
    SLICE_X29Y119        LUT2 (Prop_lut2_I0_O)        0.045     1.362 f  rv32_top_i/plat/U0/u_ctrl/valid_mem[255]_i_2/O
                         net (fo=4114, routed)        0.344     1.706    rv32_top_i/plat/U0/u_icache/u_adp/AR[0]
    SLICE_X31Y120        FDCE                                         f  rv32_top_i/plat/U0/u_icache/u_adp/buf_reg[98]/CLR
  -------------------------------------------------------------------    -------------------

                         (clock clk_fpga_0 rise edge)
                                                      0.000     0.000 r  
    PS7_X0Y0             PS7                          0.000     0.000 r  rv32_top_i/ps7/inst/PS7_i/FCLKCLK[0]
                         net (fo=1, routed)           0.337     0.337    rv32_top_i/ps7/inst/FCLK_CLK_unbuffered[0]
    BUFGCTRL_X0Y16       BUFG (Prop_bufg_I_O)         0.029     0.366 r  rv32_top_i/ps7/inst/buffer_fclk_clk_0.FCLK_CLK_0_BUFG/O
                         net (fo=39071, routed)       0.919     1.285    rv32_top_i/plat/U0/u_icache/u_adp/S_AXI_ACLK
    SLICE_X31Y120        FDCE                                         r  rv32_top_i/plat/U0/u_icache/u_adp/buf_reg[98]/C
                         clock pessimism             -0.286     0.999    
    SLICE_X31Y120        FDCE (Remov_fdce_C_CLR)     -0.092     0.907    rv32_top_i/plat/U0/u_icache/u_adp/buf_reg[98]
  -------------------------------------------------------------------
                         required time                         -0.907    
                         arrival time                           1.706    
  -------------------------------------------------------------------
                         slack                                  0.799    

Slack (MET) :             0.811ns  (arrival time - required time)
  Source:                 rv32_top_i/plat/U0/u_ctrl/r_ctrl_reg[0]/C
                            (rising edge-triggered cell FDRE clocked by clk_fpga_0  {rise@0.000ns fall@10.000ns period=20.000ns})
  Destination:            rv32_top_i/plat/U0/u_icache/u_adp/FSM_sequential_st_reg[0]/CLR
                            (removal check against rising-edge clock clk_fpga_0  {rise@0.000ns fall@10.000ns period=20.000ns})
  Path Group:             **async_default**
  Path Type:              Removal (Min at Fast Process Corner)
  Requirement:            0.000ns  (clk_fpga_0 rise@0.000ns - clk_fpga_0 rise@0.000ns)
  Data Path Delay:        0.747ns  (logic 0.186ns (24.885%)  route 0.561ns (75.115%))
  Logic Levels:           1  (LUT2=1)
  Clock Path Skew:        0.028ns (DCD - SCD - CPR)
    Destination Clock Delay (DCD):    1.282ns
    Source Clock Delay      (SCD):    0.986ns
    Clock Pessimism Removal (CPR):    0.268ns

    Location             Delay type                Incr(ns)  Path(ns)    Netlist Resource(s)
  -------------------------------------------------------------------    -------------------
                         (clock clk_fpga_0 rise edge)
                                                      0.000     0.000 r  
    PS7_X0Y0             PS7                          0.000     0.000 r  rv32_top_i/ps7/inst/PS7_i/FCLKCLK[0]
                         net (fo=1, routed)           0.310     0.310    rv32_top_i/ps7/inst/FCLK_CLK_unbuffered[0]
    BUFGCTRL_X0Y16       BUFG (Prop_bufg_I_O)         0.026     0.336 r  rv32_top_i/ps7/inst/buffer_fclk_clk_0.FCLK_CLK_0_BUFG/O
                         net (fo=39071, routed)       0.650     0.986    rv32_top_i/plat/U0/u_ctrl/S_AXI_ACLK
    SLICE_X31Y119        FDRE                                         r  rv32_top_i/plat/U0/u_ctrl/r_ctrl_reg[0]/C
  -------------------------------------------------------------------    -------------------
    SLICE_X31Y119        FDRE (Prop_fdre_C_Q)         0.141     1.127 f  rv32_top_i/plat/U0/u_ctrl/r_ctrl_reg[0]/Q
                         net (fo=2, routed)           0.190     1.317    rv32_top_i/plat/U0/u_ctrl/cpu_reset
    SLICE_X29Y119        LUT2 (Prop_lut2_I0_O)        0.045     1.362 f  rv32_top_i/plat/U0/u_ctrl/valid_mem[255]_i_2/O
                         net (fo=4114, routed)        0.371     1.733    rv32_top_i/plat/U0/u_icache/u_adp/AR[0]
    SLICE_X27Y122        FDCE                                         f  rv32_top_i/plat/U0/u_icache/u_adp/FSM_sequential_st_reg[0]/CLR
  -------------------------------------------------------------------    -------------------

                         (clock clk_fpga_0 rise edge)
                                                      0.000     0.000 r  
    PS7_X0Y0             PS7                          0.000     0.000 r  rv32_top_i/ps7/inst/PS7_i/FCLKCLK[0]
                         net (fo=1, routed)           0.337     0.337    rv32_top_i/ps7/inst/FCLK_CLK_unbuffered[0]
    BUFGCTRL_X0Y16       BUFG (Prop_bufg_I_O)         0.029     0.366 r  rv32_top_i/ps7/inst/buffer_fclk_clk_0.FCLK_CLK_0_BUFG/O
                         net (fo=39071, routed)       0.916     1.282    rv32_top_i/plat/U0/u_icache/u_adp/S_AXI_ACLK
    SLICE_X27Y122        FDCE                                         r  rv32_top_i/plat/U0/u_icache/u_adp/FSM_sequential_st_reg[0]/C
                         clock pessimism             -0.268     1.014    
    SLICE_X27Y122        FDCE (Remov_fdce_C_CLR)     -0.092     0.922    rv32_top_i/plat/U0/u_icache/u_adp/FSM_sequential_st_reg[0]
  -------------------------------------------------------------------
                         required time                         -0.922    
                         arrival time                           1.733    
  -------------------------------------------------------------------
                         slack                                  0.811    

Slack (MET) :             0.814ns  (arrival time - required time)
  Source:                 rv32_top_i/plat/U0/u_ctrl/r_ctrl_reg[0]/C
                            (rising edge-triggered cell FDRE clocked by clk_fpga_0  {rise@0.000ns fall@10.000ns period=20.000ns})
  Destination:            rv32_top_i/plat/U0/u_icache/u_adp/buf_reg[100]/CLR
                            (removal check against rising-edge clock clk_fpga_0  {rise@0.000ns fall@10.000ns period=20.000ns})
  Path Group:             **async_default**
  Path Type:              Removal (Min at Fast Process Corner)
  Requirement:            0.000ns  (clk_fpga_0 rise@0.000ns - clk_fpga_0 rise@0.000ns)
  Data Path Delay:        0.751ns  (logic 0.186ns (24.767%)  route 0.565ns (75.233%))
  Logic Levels:           1  (LUT2=1)
  Clock Path Skew:        0.029ns (DCD - SCD - CPR)
    Destination Clock Delay (DCD):    1.283ns
    Source Clock Delay      (SCD):    0.986ns
    Clock Pessimism Removal (CPR):    0.268ns

    Location             Delay type                Incr(ns)  Path(ns)    Netlist Resource(s)
  -------------------------------------------------------------------    -------------------
                         (clock clk_fpga_0 rise edge)
                                                      0.000     0.000 r  
    PS7_X0Y0             PS7                          0.000     0.000 r  rv32_top_i/ps7/inst/PS7_i/FCLKCLK[0]
                         net (fo=1, routed)           0.310     0.310    rv32_top_i/ps7/inst/FCLK_CLK_unbuffered[0]
    BUFGCTRL_X0Y16       BUFG (Prop_bufg_I_O)         0.026     0.336 r  rv32_top_i/ps7/inst/buffer_fclk_clk_0.FCLK_CLK_0_BUFG/O
                         net (fo=39071, routed)       0.650     0.986    rv32_top_i/plat/U0/u_ctrl/S_AXI_ACLK
    SLICE_X31Y119        FDRE                                         r  rv32_top_i/plat/U0/u_ctrl/r_ctrl_reg[0]/C
  -------------------------------------------------------------------    -------------------
    SLICE_X31Y119        FDRE (Prop_fdre_C_Q)         0.141     1.127 f  rv32_top_i/plat/U0/u_ctrl/r_ctrl_reg[0]/Q
                         net (fo=2, routed)           0.190     1.317    rv32_top_i/plat/U0/u_ctrl/cpu_reset
    SLICE_X29Y119        LUT2 (Prop_lut2_I0_O)        0.045     1.362 f  rv32_top_i/plat/U0/u_ctrl/valid_mem[255]_i_2/O
                         net (fo=4114, routed)        0.375     1.737    rv32_top_i/plat/U0/u_icache/u_adp/AR[0]
    SLICE_X27Y121        FDCE                                         f  rv32_top_i/plat/U0/u_icache/u_adp/buf_reg[100]/CLR
  -------------------------------------------------------------------    -------------------

                         (clock clk_fpga_0 rise edge)
                                                      0.000     0.000 r  
    PS7_X0Y0             PS7                          0.000     0.000 r  rv32_top_i/ps7/inst/PS7_i/FCLKCLK[0]
                         net (fo=1, routed)           0.337     0.337    rv32_top_i/ps7/inst/FCLK_CLK_unbuffered[0]
    BUFGCTRL_X0Y16       BUFG (Prop_bufg_I_O)         0.029     0.366 r  rv32_top_i/ps7/inst/buffer_fclk_clk_0.FCLK_CLK_0_BUFG/O
                         net (fo=39071, routed)       0.917     1.283    rv32_top_i/plat/U0/u_icache/u_adp/S_AXI_ACLK
    SLICE_X27Y121        FDCE                                         r  rv32_top_i/plat/U0/u_icache/u_adp/buf_reg[100]/C
                         clock pessimism             -0.268     1.015    
    SLICE_X27Y121        FDCE (Remov_fdce_C_CLR)     -0.092     0.923    rv32_top_i/plat/U0/u_icache/u_adp/buf_reg[100]
  -------------------------------------------------------------------
                         required time                         -0.923    
                         arrival time                           1.737    
  -------------------------------------------------------------------
                         slack                                  0.814    

Slack (MET) :             0.851ns  (arrival time - required time)
  Source:                 rv32_top_i/plat/U0/u_ctrl/r_ctrl_reg[0]/C
                            (rising edge-triggered cell FDRE clocked by clk_fpga_0  {rise@0.000ns fall@10.000ns period=20.000ns})
  Destination:            rv32_top_i/plat/U0/u_icache/u_adp/araddr_q_reg[10]/CLR
                            (removal check against rising-edge clock clk_fpga_0  {rise@0.000ns fall@10.000ns period=20.000ns})
  Path Group:             **async_default**
  Path Type:              Removal (Min at Fast Process Corner)
  Requirement:            0.000ns  (clk_fpga_0 rise@0.000ns - clk_fpga_0 rise@0.000ns)
  Data Path Delay:        0.771ns  (logic 0.186ns (24.137%)  route 0.585ns (75.863%))
  Logic Levels:           1  (LUT2=1)
  Clock Path Skew:        0.012ns (DCD - SCD - CPR)
    Destination Clock Delay (DCD):    1.284ns
    Source Clock Delay      (SCD):    0.986ns
    Clock Pessimism Removal (CPR):    0.286ns

    Location             Delay type                Incr(ns)  Path(ns)    Netlist Resource(s)
  -------------------------------------------------------------------    -------------------
                         (clock clk_fpga_0 rise edge)
                                                      0.000     0.000 r  
    PS7_X0Y0             PS7                          0.000     0.000 r  rv32_top_i/ps7/inst/PS7_i/FCLKCLK[0]
                         net (fo=1, routed)           0.310     0.310    rv32_top_i/ps7/inst/FCLK_CLK_unbuffered[0]
    BUFGCTRL_X0Y16       BUFG (Prop_bufg_I_O)         0.026     0.336 r  rv32_top_i/ps7/inst/buffer_fclk_clk_0.FCLK_CLK_0_BUFG/O
                         net (fo=39071, routed)       0.650     0.986    rv32_top_i/plat/U0/u_ctrl/S_AXI_ACLK
    SLICE_X31Y119        FDRE                                         r  rv32_top_i/plat/U0/u_ctrl/r_ctrl_reg[0]/C
  -------------------------------------------------------------------    -------------------
    SLICE_X31Y119        FDRE (Prop_fdre_C_Q)         0.141     1.127 f  rv32_top_i/plat/U0/u_ctrl/r_ctrl_reg[0]/Q
                         net (fo=2, routed)           0.190     1.317    rv32_top_i/plat/U0/u_ctrl/cpu_reset
    SLICE_X29Y119        LUT2 (Prop_lut2_I0_O)        0.045     1.362 f  rv32_top_i/plat/U0/u_ctrl/valid_mem[255]_i_2/O
                         net (fo=4114, routed)        0.394     1.757    rv32_top_i/plat/U0/u_icache/u_adp/AR[0]
    SLICE_X28Y121        FDCE                                         f  rv32_top_i/plat/U0/u_icache/u_adp/araddr_q_reg[10]/CLR
  -------------------------------------------------------------------    -------------------

                         (clock clk_fpga_0 rise edge)
                                                      0.000     0.000 r  
    PS7_X0Y0             PS7                          0.000     0.000 r  rv32_top_i/ps7/inst/PS7_i/FCLKCLK[0]
                         net (fo=1, routed)           0.337     0.337    rv32_top_i/ps7/inst/FCLK_CLK_unbuffered[0]
    BUFGCTRL_X0Y16       BUFG (Prop_bufg_I_O)         0.029     0.366 r  rv32_top_i/ps7/inst/buffer_fclk_clk_0.FCLK_CLK_0_BUFG/O
                         net (fo=39071, routed)       0.918     1.284    rv32_top_i/plat/U0/u_icache/u_adp/S_AXI_ACLK
    SLICE_X28Y121        FDCE                                         r  rv32_top_i/plat/U0/u_icache/u_adp/araddr_q_reg[10]/C
                         clock pessimism             -0.286     0.998    
    SLICE_X28Y121        FDCE (Remov_fdce_C_CLR)     -0.092     0.906    rv32_top_i/plat/U0/u_icache/u_adp/araddr_q_reg[10]
  -------------------------------------------------------------------
                         required time                         -0.906    
                         arrival time                           1.757    
  -------------------------------------------------------------------
                         slack                                  0.851    

Slack (MET) :             0.851ns  (arrival time - required time)
  Source:                 rv32_top_i/plat/U0/u_ctrl/r_ctrl_reg[0]/C
                            (rising edge-triggered cell FDRE clocked by clk_fpga_0  {rise@0.000ns fall@10.000ns period=20.000ns})
  Destination:            rv32_top_i/plat/U0/u_icache/u_adp/araddr_q_reg[4]/CLR
                            (removal check against rising-edge clock clk_fpga_0  {rise@0.000ns fall@10.000ns period=20.000ns})
  Path Group:             **async_default**
  Path Type:              Removal (Min at Fast Process Corner)
  Requirement:            0.000ns  (clk_fpga_0 rise@0.000ns - clk_fpga_0 rise@0.000ns)
  Data Path Delay:        0.771ns  (logic 0.186ns (24.137%)  route 0.585ns (75.863%))
  Logic Levels:           1  (LUT2=1)
  Clock Path Skew:        0.012ns (DCD - SCD - CPR)
    Destination Clock Delay (DCD):    1.284ns
    Source Clock Delay      (SCD):    0.986ns
    Clock Pessimism Removal (CPR):    0.286ns

    Location             Delay type                Incr(ns)  Path(ns)    Netlist Resource(s)
  -------------------------------------------------------------------    -------------------
                         (clock clk_fpga_0 rise edge)
                                                      0.000     0.000 r  
    PS7_X0Y0             PS7                          0.000     0.000 r  rv32_top_i/ps7/inst/PS7_i/FCLKCLK[0]
                         net (fo=1, routed)           0.310     0.310    rv32_top_i/ps7/inst/FCLK_CLK_unbuffered[0]
    BUFGCTRL_X0Y16       BUFG (Prop_bufg_I_O)         0.026     0.336 r  rv32_top_i/ps7/inst/buffer_fclk_clk_0.FCLK_CLK_0_BUFG/O
                         net (fo=39071, routed)       0.650     0.986    rv32_top_i/plat/U0/u_ctrl/S_AXI_ACLK
    SLICE_X31Y119        FDRE                                         r  rv32_top_i/plat/U0/u_ctrl/r_ctrl_reg[0]/C
  -------------------------------------------------------------------    -------------------
    SLICE_X31Y119        FDRE (Prop_fdre_C_Q)         0.141     1.127 f  rv32_top_i/plat/U0/u_ctrl/r_ctrl_reg[0]/Q
                         net (fo=2, routed)           0.190     1.317    rv32_top_i/plat/U0/u_ctrl/cpu_reset
    SLICE_X29Y119        LUT2 (Prop_lut2_I0_O)        0.045     1.362 f  rv32_top_i/plat/U0/u_ctrl/valid_mem[255]_i_2/O
                         net (fo=4114, routed)        0.394     1.757    rv32_top_i/plat/U0/u_icache/u_adp/AR[0]
    SLICE_X28Y121        FDCE                                         f  rv32_top_i/plat/U0/u_icache/u_adp/araddr_q_reg[4]/CLR
  -------------------------------------------------------------------    -------------------

                         (clock clk_fpga_0 rise edge)
                                                      0.000     0.000 r  
    PS7_X0Y0             PS7                          0.000     0.000 r  rv32_top_i/ps7/inst/PS7_i/FCLKCLK[0]
                         net (fo=1, routed)           0.337     0.337    rv32_top_i/ps7/inst/FCLK_CLK_unbuffered[0]
    BUFGCTRL_X0Y16       BUFG (Prop_bufg_I_O)         0.029     0.366 r  rv32_top_i/ps7/inst/buffer_fclk_clk_0.FCLK_CLK_0_BUFG/O
                         net (fo=39071, routed)       0.918     1.284    rv32_top_i/plat/U0/u_icache/u_adp/S_AXI_ACLK
    SLICE_X28Y121        FDCE                                         r  rv32_top_i/plat/U0/u_icache/u_adp/araddr_q_reg[4]/C
                         clock pessimism             -0.286     0.998    
    SLICE_X28Y121        FDCE (Remov_fdce_C_CLR)     -0.092     0.906    rv32_top_i/plat/U0/u_icache/u_adp/araddr_q_reg[4]
  -------------------------------------------------------------------
                         required time                         -0.906    
                         arrival time                           1.757    
  -------------------------------------------------------------------
                         slack                                  0.851    

Slack (MET) :             0.851ns  (arrival time - required time)
  Source:                 rv32_top_i/plat/U0/u_ctrl/r_ctrl_reg[0]/C
                            (rising edge-triggered cell FDRE clocked by clk_fpga_0  {rise@0.000ns fall@10.000ns period=20.000ns})
  Destination:            rv32_top_i/plat/U0/u_icache/u_adp/araddr_q_reg[5]/CLR
                            (removal check against rising-edge clock clk_fpga_0  {rise@0.000ns fall@10.000ns period=20.000ns})
  Path Group:             **async_default**
  Path Type:              Removal (Min at Fast Process Corner)
  Requirement:            0.000ns  (clk_fpga_0 rise@0.000ns - clk_fpga_0 rise@0.000ns)
  Data Path Delay:        0.771ns  (logic 0.186ns (24.137%)  route 0.585ns (75.863%))
  Logic Levels:           1  (LUT2=1)
  Clock Path Skew:        0.012ns (DCD - SCD - CPR)
    Destination Clock Delay (DCD):    1.284ns
    Source Clock Delay      (SCD):    0.986ns
    Clock Pessimism Removal (CPR):    0.286ns

    Location             Delay type                Incr(ns)  Path(ns)    Netlist Resource(s)
  -------------------------------------------------------------------    -------------------
                         (clock clk_fpga_0 rise edge)
                                                      0.000     0.000 r  
    PS7_X0Y0             PS7                          0.000     0.000 r  rv32_top_i/ps7/inst/PS7_i/FCLKCLK[0]
                         net (fo=1, routed)           0.310     0.310    rv32_top_i/ps7/inst/FCLK_CLK_unbuffered[0]
    BUFGCTRL_X0Y16       BUFG (Prop_bufg_I_O)         0.026     0.336 r  rv32_top_i/ps7/inst/buffer_fclk_clk_0.FCLK_CLK_0_BUFG/O
                         net (fo=39071, routed)       0.650     0.986    rv32_top_i/plat/U0/u_ctrl/S_AXI_ACLK
    SLICE_X31Y119        FDRE                                         r  rv32_top_i/plat/U0/u_ctrl/r_ctrl_reg[0]/C
  -------------------------------------------------------------------    -------------------
    SLICE_X31Y119        FDRE (Prop_fdre_C_Q)         0.141     1.127 f  rv32_top_i/plat/U0/u_ctrl/r_ctrl_reg[0]/Q
                         net (fo=2, routed)           0.190     1.317    rv32_top_i/plat/U0/u_ctrl/cpu_reset
    SLICE_X29Y119        LUT2 (Prop_lut2_I0_O)        0.045     1.362 f  rv32_top_i/plat/U0/u_ctrl/valid_mem[255]_i_2/O
                         net (fo=4114, routed)        0.394     1.757    rv32_top_i/plat/U0/u_icache/u_adp/AR[0]
    SLICE_X28Y121        FDCE                                         f  rv32_top_i/plat/U0/u_icache/u_adp/araddr_q_reg[5]/CLR
  -------------------------------------------------------------------    -------------------

                         (clock clk_fpga_0 rise edge)
                                                      0.000     0.000 r  
    PS7_X0Y0             PS7                          0.000     0.000 r  rv32_top_i/ps7/inst/PS7_i/FCLKCLK[0]
                         net (fo=1, routed)           0.337     0.337    rv32_top_i/ps7/inst/FCLK_CLK_unbuffered[0]
    BUFGCTRL_X0Y16       BUFG (Prop_bufg_I_O)         0.029     0.366 r  rv32_top_i/ps7/inst/buffer_fclk_clk_0.FCLK_CLK_0_BUFG/O
                         net (fo=39071, routed)       0.918     1.284    rv32_top_i/plat/U0/u_icache/u_adp/S_AXI_ACLK
    SLICE_X28Y121        FDCE                                         r  rv32_top_i/plat/U0/u_icache/u_adp/araddr_q_reg[5]/C
                         clock pessimism             -0.286     0.998    
    SLICE_X28Y121        FDCE (Remov_fdce_C_CLR)     -0.092     0.906    rv32_top_i/plat/U0/u_icache/u_adp/araddr_q_reg[5]
  -------------------------------------------------------------------
                         required time                         -0.906    
                         arrival time                           1.757    
  -------------------------------------------------------------------
                         slack                                  0.851    

Slack (MET) :             0.851ns  (arrival time - required time)
  Source:                 rv32_top_i/plat/U0/u_ctrl/r_ctrl_reg[0]/C
                            (rising edge-triggered cell FDRE clocked by clk_fpga_0  {rise@0.000ns fall@10.000ns period=20.000ns})
  Destination:            rv32_top_i/plat/U0/u_icache/u_adp/araddr_q_reg[6]/CLR
                            (removal check against rising-edge clock clk_fpga_0  {rise@0.000ns fall@10.000ns period=20.000ns})
  Path Group:             **async_default**
  Path Type:              Removal (Min at Fast Process Corner)
  Requirement:            0.000ns  (clk_fpga_0 rise@0.000ns - clk_fpga_0 rise@0.000ns)
  Data Path Delay:        0.771ns  (logic 0.186ns (24.137%)  route 0.585ns (75.863%))
  Logic Levels:           1  (LUT2=1)
  Clock Path Skew:        0.012ns (DCD - SCD - CPR)
    Destination Clock Delay (DCD):    1.284ns
    Source Clock Delay      (SCD):    0.986ns
    Clock Pessimism Removal (CPR):    0.286ns

    Location             Delay type                Incr(ns)  Path(ns)    Netlist Resource(s)
  -------------------------------------------------------------------    -------------------
                         (clock clk_fpga_0 rise edge)
                                                      0.000     0.000 r  
    PS7_X0Y0             PS7                          0.000     0.000 r  rv32_top_i/ps7/inst/PS7_i/FCLKCLK[0]
                         net (fo=1, routed)           0.310     0.310    rv32_top_i/ps7/inst/FCLK_CLK_unbuffered[0]
    BUFGCTRL_X0Y16       BUFG (Prop_bufg_I_O)         0.026     0.336 r  rv32_top_i/ps7/inst/buffer_fclk_clk_0.FCLK_CLK_0_BUFG/O
                         net (fo=39071, routed)       0.650     0.986    rv32_top_i/plat/U0/u_ctrl/S_AXI_ACLK
    SLICE_X31Y119        FDRE                                         r  rv32_top_i/plat/U0/u_ctrl/r_ctrl_reg[0]/C
  -------------------------------------------------------------------    -------------------
    SLICE_X31Y119        FDRE (Prop_fdre_C_Q)         0.141     1.127 f  rv32_top_i/plat/U0/u_ctrl/r_ctrl_reg[0]/Q
                         net (fo=2, routed)           0.190     1.317    rv32_top_i/plat/U0/u_ctrl/cpu_reset
    SLICE_X29Y119        LUT2 (Prop_lut2_I0_O)        0.045     1.362 f  rv32_top_i/plat/U0/u_ctrl/valid_mem[255]_i_2/O
                         net (fo=4114, routed)        0.394     1.757    rv32_top_i/plat/U0/u_icache/u_adp/AR[0]
    SLICE_X28Y121        FDCE                                         f  rv32_top_i/plat/U0/u_icache/u_adp/araddr_q_reg[6]/CLR
  -------------------------------------------------------------------    -------------------

                         (clock clk_fpga_0 rise edge)
                                                      0.000     0.000 r  
    PS7_X0Y0             PS7                          0.000     0.000 r  rv32_top_i/ps7/inst/PS7_i/FCLKCLK[0]
                         net (fo=1, routed)           0.337     0.337    rv32_top_i/ps7/inst/FCLK_CLK_unbuffered[0]
    BUFGCTRL_X0Y16       BUFG (Prop_bufg_I_O)         0.029     0.366 r  rv32_top_i/ps7/inst/buffer_fclk_clk_0.FCLK_CLK_0_BUFG/O
                         net (fo=39071, routed)       0.918     1.284    rv32_top_i/plat/U0/u_icache/u_adp/S_AXI_ACLK
    SLICE_X28Y121        FDCE                                         r  rv32_top_i/plat/U0/u_icache/u_adp/araddr_q_reg[6]/C
                         clock pessimism             -0.286     0.998    
    SLICE_X28Y121        FDCE (Remov_fdce_C_CLR)     -0.092     0.906    rv32_top_i/plat/U0/u_icache/u_adp/araddr_q_reg[6]
  -------------------------------------------------------------------
                         required time                         -0.906    
                         arrival time                           1.757    
  -------------------------------------------------------------------
                         slack                                  0.851    

Slack (MET) :             0.855ns  (arrival time - required time)
  Source:                 rv32_top_i/plat/U0/u_ctrl/r_ctrl_reg[0]/C
                            (rising edge-triggered cell FDRE clocked by clk_fpga_0  {rise@0.000ns fall@10.000ns period=20.000ns})
  Destination:            rv32_top_i/plat/U0/u_icache/u_adp/buf_reg[34]/CLR
                            (removal check against rising-edge clock clk_fpga_0  {rise@0.000ns fall@10.000ns period=20.000ns})
  Path Group:             **async_default**
  Path Type:              Removal (Min at Fast Process Corner)
  Requirement:            0.000ns  (clk_fpga_0 rise@0.000ns - clk_fpga_0 rise@0.000ns)
  Data Path Delay:        0.775ns  (logic 0.186ns (24.014%)  route 0.589ns (75.986%))
  Logic Levels:           1  (LUT2=1)
  Clock Path Skew:        0.012ns (DCD - SCD - CPR)
    Destination Clock Delay (DCD):    1.284ns
    Source Clock Delay      (SCD):    0.986ns
    Clock Pessimism Removal (CPR):    0.286ns

    Location             Delay type                Incr(ns)  Path(ns)    Netlist Resource(s)
  -------------------------------------------------------------------    -------------------
                         (clock clk_fpga_0 rise edge)
                                                      0.000     0.000 r  
    PS7_X0Y0             PS7                          0.000     0.000 r  rv32_top_i/ps7/inst/PS7_i/FCLKCLK[0]
                         net (fo=1, routed)           0.310     0.310    rv32_top_i/ps7/inst/FCLK_CLK_unbuffered[0]
    BUFGCTRL_X0Y16       BUFG (Prop_bufg_I_O)         0.026     0.336 r  rv32_top_i/ps7/inst/buffer_fclk_clk_0.FCLK_CLK_0_BUFG/O
                         net (fo=39071, routed)       0.650     0.986    rv32_top_i/plat/U0/u_ctrl/S_AXI_ACLK
    SLICE_X31Y119        FDRE                                         r  rv32_top_i/plat/U0/u_ctrl/r_ctrl_reg[0]/C
  -------------------------------------------------------------------    -------------------
    SLICE_X31Y119        FDRE (Prop_fdre_C_Q)         0.141     1.127 f  rv32_top_i/plat/U0/u_ctrl/r_ctrl_reg[0]/Q
                         net (fo=2, routed)           0.190     1.317    rv32_top_i/plat/U0/u_ctrl/cpu_reset
    SLICE_X29Y119        LUT2 (Prop_lut2_I0_O)        0.045     1.362 f  rv32_top_i/plat/U0/u_ctrl/valid_mem[255]_i_2/O
                         net (fo=4114, routed)        0.398     1.761    rv32_top_i/plat/U0/u_icache/u_adp/AR[0]
    SLICE_X31Y121        FDCE                                         f  rv32_top_i/plat/U0/u_icache/u_adp/buf_reg[34]/CLR
  -------------------------------------------------------------------    -------------------

                         (clock clk_fpga_0 rise edge)
                                                      0.000     0.000 r  
    PS7_X0Y0             PS7                          0.000     0.000 r  rv32_top_i/ps7/inst/PS7_i/FCLKCLK[0]
                         net (fo=1, routed)           0.337     0.337    rv32_top_i/ps7/inst/FCLK_CLK_unbuffered[0]
    BUFGCTRL_X0Y16       BUFG (Prop_bufg_I_O)         0.029     0.366 r  rv32_top_i/ps7/inst/buffer_fclk_clk_0.FCLK_CLK_0_BUFG/O
                         net (fo=39071, routed)       0.918     1.284    rv32_top_i/plat/U0/u_icache/u_adp/S_AXI_ACLK
    SLICE_X31Y121        FDCE                                         r  rv32_top_i/plat/U0/u_icache/u_adp/buf_reg[34]/C
                         clock pessimism             -0.286     0.998    
    SLICE_X31Y121        FDCE (Remov_fdce_C_CLR)     -0.092     0.906    rv32_top_i/plat/U0/u_icache/u_adp/buf_reg[34]
  -------------------------------------------------------------------
                         required time                         -0.906    
                         arrival time                           1.761    
  -------------------------------------------------------------------
                         slack                                  0.855    





--------------------------------------------------------------------------------------
Path Group:  (none)
From Clock:  
  To Clock:  clk_fpga_0

Max Delay             1 Endpoint
Min Delay             1 Endpoint
--------------------------------------------------------------------------------------


Max Delay Paths
--------------------------------------------------------------------------------------
Slack:                    inf
  Source:                 rv32_top_i/ps7/inst/PS7_i/FCLKRESETN[0]
                            (internal pin)
  Destination:            rv32_top_i/rst_ps7_50M/U0/EXT_LPF/ACTIVE_LOW_EXT.ACT_LO_EXT/syncstages_ff_reg[0]/D
                            (rising edge-triggered cell FDRE clocked by clk_fpga_0  {rise@0.000ns fall@10.000ns period=20.000ns})
  Path Group:             (none)
  Path Type:              Setup (Max at Slow Process Corner)
  Data Path Delay:        2.607ns  (logic 0.124ns (4.756%)  route 2.483ns (95.244%))
  Logic Levels:           1  (LUT1=1)
  Clock Uncertainty:      0.301ns  ((TSJ^2 + TIJ^2)^1/2 + DJ) / 2 + PE
    Total System Jitter     (TSJ):    0.050ns
    Total Input Jitter      (TIJ):    0.600ns
    Discrete Jitter          (DJ):    0.000ns
    Phase Error              (PE):    0.000ns
  Timing Exception:       False Path

    Location             Delay type                Incr(ns)  Path(ns)    Netlist Resource(s)
  -------------------------------------------------------------------    -------------------
    PS7_X0Y0             PS7                          0.000     0.000 f  rv32_top_i/ps7/inst/PS7_i/FCLKRESETN[0]
                         net (fo=1, routed)           0.767     0.767    rv32_top_i/rst_ps7_50M/U0/EXT_LPF/ext_reset_in
    SLICE_X26Y89         LUT1 (Prop_lut1_I0_O)        0.124     0.891 r  rv32_top_i/rst_ps7_50M/U0/EXT_LPF/ACTIVE_LOW_EXT.ACT_LO_EXT_i_1/O
                         net (fo=1, routed)           1.716     2.607    rv32_top_i/rst_ps7_50M/U0/EXT_LPF/ACTIVE_LOW_EXT.ACT_LO_EXT/src_in
    SLICE_X27Y119        FDRE                                         r  rv32_top_i/rst_ps7_50M/U0/EXT_LPF/ACTIVE_LOW_EXT.ACT_LO_EXT/syncstages_ff_reg[0]/D
  -------------------------------------------------------------------    -------------------

                         (clock clk_fpga_0 rise edge)
                                                      0.000     0.000 r  
    PS7_X0Y0             PS7                          0.000     0.000 r  rv32_top_i/ps7/inst/PS7_i/FCLKCLK[0]
                         net (fo=1, routed)           1.088     1.088    rv32_top_i/ps7/inst/FCLK_CLK_unbuffered[0]
    BUFGCTRL_X0Y16       BUFG (Prop_bufg_I_O)         0.091     1.179 r  rv32_top_i/ps7/inst/buffer_fclk_clk_0.FCLK_CLK_0_BUFG/O
                         net (fo=39071, routed)       1.684     2.863    rv32_top_i/rst_ps7_50M/U0/EXT_LPF/ACTIVE_LOW_EXT.ACT_LO_EXT/dest_clk
    SLICE_X27Y119        FDRE                                         r  rv32_top_i/rst_ps7_50M/U0/EXT_LPF/ACTIVE_LOW_EXT.ACT_LO_EXT/syncstages_ff_reg[0]/C





Min Delay Paths
--------------------------------------------------------------------------------------
Slack:                    inf
  Source:                 rv32_top_i/ps7/inst/PS7_i/FCLKRESETN[0]
                            (internal pin)
  Destination:            rv32_top_i/rst_ps7_50M/U0/EXT_LPF/ACTIVE_LOW_EXT.ACT_LO_EXT/syncstages_ff_reg[0]/D
                            (rising edge-triggered cell FDRE clocked by clk_fpga_0  {rise@0.000ns fall@10.000ns period=20.000ns})
  Path Group:             (none)
  Path Type:              Hold (Min at Fast Process Corner)
  Data Path Delay:        0.952ns  (logic 0.045ns (4.726%)  route 0.907ns (95.274%))
  Logic Levels:           1  (LUT1=1)
  Clock Uncertainty:      0.301ns  ((TSJ^2 + TIJ^2)^1/2 + DJ) / 2 + PE
    Total System Jitter     (TSJ):    0.050ns
    Total Input Jitter      (TIJ):    0.600ns
    Discrete Jitter          (DJ):    0.000ns
    Phase Error              (PE):    0.000ns
  Timing Exception:       False Path

    Location             Delay type                Incr(ns)  Path(ns)    Netlist Resource(s)
  -------------------------------------------------------------------    -------------------
    PS7_X0Y0             PS7                          0.000     0.000 f  rv32_top_i/ps7/inst/PS7_i/FCLKRESETN[0]
                         net (fo=1, routed)           0.239     0.239    rv32_top_i/rst_ps7_50M/U0/EXT_LPF/ext_reset_in
    SLICE_X26Y89         LUT1 (Prop_lut1_I0_O)        0.045     0.284 r  rv32_top_i/rst_ps7_50M/U0/EXT_LPF/ACTIVE_LOW_EXT.ACT_LO_EXT_i_1/O
                         net (fo=1, routed)           0.668     0.952    rv32_top_i/rst_ps7_50M/U0/EXT_LPF/ACTIVE_LOW_EXT.ACT_LO_EXT/src_in
    SLICE_X27Y119        FDRE                                         r  rv32_top_i/rst_ps7_50M/U0/EXT_LPF/ACTIVE_LOW_EXT.ACT_LO_EXT/syncstages_ff_reg[0]/D
  -------------------------------------------------------------------    -------------------

                         (clock clk_fpga_0 rise edge)
                                                      0.000     0.000 r  
    PS7_X0Y0             PS7                          0.000     0.000 r  rv32_top_i/ps7/inst/PS7_i/FCLKCLK[0]
                         net (fo=1, routed)           0.337     0.337    rv32_top_i/ps7/inst/FCLK_CLK_unbuffered[0]
    BUFGCTRL_X0Y16       BUFG (Prop_bufg_I_O)         0.029     0.366 r  rv32_top_i/ps7/inst/buffer_fclk_clk_0.FCLK_CLK_0_BUFG/O
                         net (fo=39071, routed)       0.919     1.285    rv32_top_i/rst_ps7_50M/U0/EXT_LPF/ACTIVE_LOW_EXT.ACT_LO_EXT/dest_clk
    SLICE_X27Y119        FDRE                                         r  rv32_top_i/rst_ps7_50M/U0/EXT_LPF/ACTIVE_LOW_EXT.ACT_LO_EXT/syncstages_ff_reg[0]/C





--------------------------------------------------------------------------------------
Path Group:  (none)
From Clock:  clk_fpga_0
  To Clock:  clk_fpga_0

Max Delay            28 Endpoints
Min Delay            28 Endpoints
--------------------------------------------------------------------------------------


Max Delay Paths
--------------------------------------------------------------------------------------
Slack:                    inf
  Source:                 rv32_top_i/axi_smc/inst/clk_map/psr_aclk/U0/ACTIVE_LOW_BSR_OUT_DFF[0].FDRE_BSR_N/C
                            (rising edge-triggered cell FDRE clocked by clk_fpga_0  {rise@0.000ns fall@10.000ns period=20.000ns})
  Destination:            rv32_top_i/axi_smc/inst/s00_entry_pipeline/s00_transaction_regulator/inst/xpm_cdc_async_rst_inst/arststages_ff_reg[0]/CLR
                            (recovery check against rising-edge clock clk_fpga_0  {rise@0.000ns fall@10.000ns period=20.000ns})
  Path Group:             (none)
  Path Type:              Recovery (Max at Slow Process Corner)
  Data Path Delay:        2.360ns  (logic 0.642ns (27.207%)  route 1.718ns (72.793%))
  Logic Levels:           1  (LUT1=1)
  Clock Path Skew:        -0.299ns (DCD - SCD + CPR)
    Destination Clock Delay (DCD):    2.873ns
    Source Clock Delay      (SCD):    3.172ns
    Clock Pessimism Removal (CPR):    0.000ns
  Clock Uncertainty:      0.302ns  ((TSJ^2 + TIJ^2)^1/2 + DJ) / 2 + PE
    Total System Jitter     (TSJ):    0.071ns
    Total Input Jitter      (TIJ):    0.600ns
    Discrete Jitter          (DJ):    0.000ns
    Phase Error              (PE):    0.000ns
  Timing Exception:       False Path

    Location             Delay type                Incr(ns)  Path(ns)    Netlist Resource(s)
  -------------------------------------------------------------------    -------------------
                         (clock clk_fpga_0 rise edge)
                                                      0.000     0.000 r  
    PS7_X0Y0             PS7                          0.000     0.000 r  rv32_top_i/ps7/inst/PS7_i/FCLKCLK[0]
                         net (fo=1, routed)           1.193     1.193    rv32_top_i/ps7/inst/FCLK_CLK_unbuffered[0]
    BUFGCTRL_X0Y16       BUFG (Prop_bufg_I_O)         0.101     1.294 r  rv32_top_i/ps7/inst/buffer_fclk_clk_0.FCLK_CLK_0_BUFG/O
                         net (fo=39071, routed)       1.878     3.172    rv32_top_i/axi_smc/inst/clk_map/psr_aclk/U0/aclk
    SLICE_X26Y117        FDRE                                         r  rv32_top_i/axi_smc/inst/clk_map/psr_aclk/U0/ACTIVE_LOW_BSR_OUT_DFF[0].FDRE_BSR_N/C
  -------------------------------------------------------------------    -------------------
    SLICE_X26Y117        FDRE (Prop_fdre_C_Q)         0.518     3.690 r  rv32_top_i/axi_smc/inst/clk_map/psr_aclk/U0/ACTIVE_LOW_BSR_OUT_DFF[0].FDRE_BSR_N/Q
                         net (fo=9, routed)           1.190     4.880    rv32_top_i/axi_smc/inst/s00_entry_pipeline/s00_transaction_regulator/inst/xpm_cdc_async_rst_inst/src_arst
    SLICE_X27Y108        LUT1 (Prop_lut1_I0_O)        0.124     5.004 f  rv32_top_i/axi_smc/inst/s00_entry_pipeline/s00_transaction_regulator/inst/xpm_cdc_async_rst_inst/arststages_ff[2]_i_1/O
                         net (fo=3, routed)           0.528     5.532    rv32_top_i/axi_smc/inst/s00_entry_pipeline/s00_transaction_regulator/inst/xpm_cdc_async_rst_inst/reset_pol
    SLICE_X27Y108        FDCE                                         f  rv32_top_i/axi_smc/inst/s00_entry_pipeline/s00_transaction_regulator/inst/xpm_cdc_async_rst_inst/arststages_ff_reg[0]/CLR
  -------------------------------------------------------------------    -------------------

                         (clock clk_fpga_0 rise edge)
                                                      0.000     0.000 r  
    PS7_X0Y0             PS7                          0.000     0.000 r  rv32_top_i/ps7/inst/PS7_i/FCLKCLK[0]
                         net (fo=1, routed)           1.088     1.088    rv32_top_i/ps7/inst/FCLK_CLK_unbuffered[0]
    BUFGCTRL_X0Y16       BUFG (Prop_bufg_I_O)         0.091     1.179 r  rv32_top_i/ps7/inst/buffer_fclk_clk_0.FCLK_CLK_0_BUFG/O
                         net (fo=39071, routed)       1.694     2.873    rv32_top_i/axi_smc/inst/s00_entry_pipeline/s00_transaction_regulator/inst/xpm_cdc_async_rst_inst/dest_clk
    SLICE_X27Y108        FDCE                                         r  rv32_top_i/axi_smc/inst/s00_entry_pipeline/s00_transaction_regulator/inst/xpm_cdc_async_rst_inst/arststages_ff_reg[0]/C

Slack:                    inf
  Source:                 rv32_top_i/axi_smc/inst/clk_map/psr_aclk/U0/ACTIVE_LOW_BSR_OUT_DFF[0].FDRE_BSR_N/C
                            (rising edge-triggered cell FDRE clocked by clk_fpga_0  {rise@0.000ns fall@10.000ns period=20.000ns})
  Destination:            rv32_top_i/axi_smc/inst/s00_entry_pipeline/s00_transaction_regulator/inst/xpm_cdc_async_rst_inst/arststages_ff_reg[1]/CLR
                            (recovery check against rising-edge clock clk_fpga_0  {rise@0.000ns fall@10.000ns period=20.000ns})
  Path Group:             (none)
  Path Type:              Recovery (Max at Slow Process Corner)
  Data Path Delay:        2.360ns  (logic 0.642ns (27.207%)  route 1.718ns (72.793%))
  Logic Levels:           1  (LUT1=1)
  Clock Path Skew:        -0.299ns (DCD - SCD + CPR)
    Destination Clock Delay (DCD):    2.873ns
    Source Clock Delay      (SCD):    3.172ns
    Clock Pessimism Removal (CPR):    0.000ns
  Clock Uncertainty:      0.302ns  ((TSJ^2 + TIJ^2)^1/2 + DJ) / 2 + PE
    Total System Jitter     (TSJ):    0.071ns
    Total Input Jitter      (TIJ):    0.600ns
    Discrete Jitter          (DJ):    0.000ns
    Phase Error              (PE):    0.000ns
  Timing Exception:       False Path

    Location             Delay type                Incr(ns)  Path(ns)    Netlist Resource(s)
  -------------------------------------------------------------------    -------------------
                         (clock clk_fpga_0 rise edge)
                                                      0.000     0.000 r  
    PS7_X0Y0             PS7                          0.000     0.000 r  rv32_top_i/ps7/inst/PS7_i/FCLKCLK[0]
                         net (fo=1, routed)           1.193     1.193    rv32_top_i/ps7/inst/FCLK_CLK_unbuffered[0]
    BUFGCTRL_X0Y16       BUFG (Prop_bufg_I_O)         0.101     1.294 r  rv32_top_i/ps7/inst/buffer_fclk_clk_0.FCLK_CLK_0_BUFG/O
                         net (fo=39071, routed)       1.878     3.172    rv32_top_i/axi_smc/inst/clk_map/psr_aclk/U0/aclk
    SLICE_X26Y117        FDRE                                         r  rv32_top_i/axi_smc/inst/clk_map/psr_aclk/U0/ACTIVE_LOW_BSR_OUT_DFF[0].FDRE_BSR_N/C
  -------------------------------------------------------------------    -------------------
    SLICE_X26Y117        FDRE (Prop_fdre_C_Q)         0.518     3.690 r  rv32_top_i/axi_smc/inst/clk_map/psr_aclk/U0/ACTIVE_LOW_BSR_OUT_DFF[0].FDRE_BSR_N/Q
                         net (fo=9, routed)           1.190     4.880    rv32_top_i/axi_smc/inst/s00_entry_pipeline/s00_transaction_regulator/inst/xpm_cdc_async_rst_inst/src_arst
    SLICE_X27Y108        LUT1 (Prop_lut1_I0_O)        0.124     5.004 f  rv32_top_i/axi_smc/inst/s00_entry_pipeline/s00_transaction_regulator/inst/xpm_cdc_async_rst_inst/arststages_ff[2]_i_1/O
                         net (fo=3, routed)           0.528     5.532    rv32_top_i/axi_smc/inst/s00_entry_pipeline/s00_transaction_regulator/inst/xpm_cdc_async_rst_inst/reset_pol
    SLICE_X27Y108        FDCE                                         f  rv32_top_i/axi_smc/inst/s00_entry_pipeline/s00_transaction_regulator/inst/xpm_cdc_async_rst_inst/arststages_ff_reg[1]/CLR
  -------------------------------------------------------------------    -------------------

                         (clock clk_fpga_0 rise edge)
                                                      0.000     0.000 r  
    PS7_X0Y0             PS7                          0.000     0.000 r  rv32_top_i/ps7/inst/PS7_i/FCLKCLK[0]
                         net (fo=1, routed)           1.088     1.088    rv32_top_i/ps7/inst/FCLK_CLK_unbuffered[0]
    BUFGCTRL_X0Y16       BUFG (Prop_bufg_I_O)         0.091     1.179 r  rv32_top_i/ps7/inst/buffer_fclk_clk_0.FCLK_CLK_0_BUFG/O
                         net (fo=39071, routed)       1.694     2.873    rv32_top_i/axi_smc/inst/s00_entry_pipeline/s00_transaction_regulator/inst/xpm_cdc_async_rst_inst/dest_clk
    SLICE_X27Y108        FDCE                                         r  rv32_top_i/axi_smc/inst/s00_entry_pipeline/s00_transaction_regulator/inst/xpm_cdc_async_rst_inst/arststages_ff_reg[1]/C

Slack:                    inf
  Source:                 rv32_top_i/axi_smc/inst/clk_map/psr_aclk/U0/ACTIVE_LOW_BSR_OUT_DFF[0].FDRE_BSR_N/C
                            (rising edge-triggered cell FDRE clocked by clk_fpga_0  {rise@0.000ns fall@10.000ns period=20.000ns})
  Destination:            rv32_top_i/axi_smc/inst/s00_entry_pipeline/s00_transaction_regulator/inst/xpm_cdc_async_rst_inst/arststages_ff_reg[2]/CLR
                            (recovery check against rising-edge clock clk_fpga_0  {rise@0.000ns fall@10.000ns period=20.000ns})
  Path Group:             (none)
  Path Type:              Recovery (Max at Slow Process Corner)
  Data Path Delay:        2.360ns  (logic 0.642ns (27.207%)  route 1.718ns (72.793%))
  Logic Levels:           1  (LUT1=1)
  Clock Path Skew:        -0.299ns (DCD - SCD + CPR)
    Destination Clock Delay (DCD):    2.873ns
    Source Clock Delay      (SCD):    3.172ns
    Clock Pessimism Removal (CPR):    0.000ns
  Clock Uncertainty:      0.302ns  ((TSJ^2 + TIJ^2)^1/2 + DJ) / 2 + PE
    Total System Jitter     (TSJ):    0.071ns
    Total Input Jitter      (TIJ):    0.600ns
    Discrete Jitter          (DJ):    0.000ns
    Phase Error              (PE):    0.000ns
  Timing Exception:       False Path

    Location             Delay type                Incr(ns)  Path(ns)    Netlist Resource(s)
  -------------------------------------------------------------------    -------------------
                         (clock clk_fpga_0 rise edge)
                                                      0.000     0.000 r  
    PS7_X0Y0             PS7                          0.000     0.000 r  rv32_top_i/ps7/inst/PS7_i/FCLKCLK[0]
                         net (fo=1, routed)           1.193     1.193    rv32_top_i/ps7/inst/FCLK_CLK_unbuffered[0]
    BUFGCTRL_X0Y16       BUFG (Prop_bufg_I_O)         0.101     1.294 r  rv32_top_i/ps7/inst/buffer_fclk_clk_0.FCLK_CLK_0_BUFG/O
                         net (fo=39071, routed)       1.878     3.172    rv32_top_i/axi_smc/inst/clk_map/psr_aclk/U0/aclk
    SLICE_X26Y117        FDRE                                         r  rv32_top_i/axi_smc/inst/clk_map/psr_aclk/U0/ACTIVE_LOW_BSR_OUT_DFF[0].FDRE_BSR_N/C
  -------------------------------------------------------------------    -------------------
    SLICE_X26Y117        FDRE (Prop_fdre_C_Q)         0.518     3.690 r  rv32_top_i/axi_smc/inst/clk_map/psr_aclk/U0/ACTIVE_LOW_BSR_OUT_DFF[0].FDRE_BSR_N/Q
                         net (fo=9, routed)           1.190     4.880    rv32_top_i/axi_smc/inst/s00_entry_pipeline/s00_transaction_regulator/inst/xpm_cdc_async_rst_inst/src_arst
    SLICE_X27Y108        LUT1 (Prop_lut1_I0_O)        0.124     5.004 f  rv32_top_i/axi_smc/inst/s00_entry_pipeline/s00_transaction_regulator/inst/xpm_cdc_async_rst_inst/arststages_ff[2]_i_1/O
                         net (fo=3, routed)           0.528     5.532    rv32_top_i/axi_smc/inst/s00_entry_pipeline/s00_transaction_regulator/inst/xpm_cdc_async_rst_inst/reset_pol
    SLICE_X27Y108        FDCE                                         f  rv32_top_i/axi_smc/inst/s00_entry_pipeline/s00_transaction_regulator/inst/xpm_cdc_async_rst_inst/arststages_ff_reg[2]/CLR
  -------------------------------------------------------------------    -------------------

                         (clock clk_fpga_0 rise edge)
                                                      0.000     0.000 r  
    PS7_X0Y0             PS7                          0.000     0.000 r  rv32_top_i/ps7/inst/PS7_i/FCLKCLK[0]
                         net (fo=1, routed)           1.088     1.088    rv32_top_i/ps7/inst/FCLK_CLK_unbuffered[0]
    BUFGCTRL_X0Y16       BUFG (Prop_bufg_I_O)         0.091     1.179 r  rv32_top_i/ps7/inst/buffer_fclk_clk_0.FCLK_CLK_0_BUFG/O
                         net (fo=39071, routed)       1.694     2.873    rv32_top_i/axi_smc/inst/s00_entry_pipeline/s00_transaction_regulator/inst/xpm_cdc_async_rst_inst/dest_clk
    SLICE_X27Y108        FDCE                                         r  rv32_top_i/axi_smc/inst/s00_entry_pipeline/s00_transaction_regulator/inst/xpm_cdc_async_rst_inst/arststages_ff_reg[2]/C

Slack:                    inf
  Source:                 rv32_top_i/axi_smc/inst/clk_map/psr_aclk/U0/ACTIVE_LOW_BSR_OUT_DFF[0].FDRE_BSR_N/C
                            (rising edge-triggered cell FDRE clocked by clk_fpga_0  {rise@0.000ns fall@10.000ns period=20.000ns})
  Destination:            rv32_top_i/axi_smc/inst/s00_nodes/s00_ar_node/inst/s_sc_xpm_cdc_async_rst_inst/arststages_ff_reg[0]/CLR
                            (recovery check against rising-edge clock clk_fpga_0  {rise@0.000ns fall@10.000ns period=20.000ns})
  Path Group:             (none)
  Path Type:              Recovery (Max at Slow Process Corner)
  Data Path Delay:        2.351ns  (logic 0.642ns (27.303%)  route 1.709ns (72.697%))
  Logic Levels:           1  (LUT1=1)
  Clock Path Skew:        -0.302ns (DCD - SCD + CPR)
    Destination Clock Delay (DCD):    2.870ns
    Source Clock Delay      (SCD):    3.172ns
    Clock Pessimism Removal (CPR):    0.000ns
  Clock Uncertainty:      0.302ns  ((TSJ^2 + TIJ^2)^1/2 + DJ) / 2 + PE
    Total System Jitter     (TSJ):    0.071ns
    Total Input Jitter      (TIJ):    0.600ns
    Discrete Jitter          (DJ):    0.000ns
    Phase Error              (PE):    0.000ns
  Timing Exception:       False Path

    Location             Delay type                Incr(ns)  Path(ns)    Netlist Resource(s)
  -------------------------------------------------------------------    -------------------
                         (clock clk_fpga_0 rise edge)
                                                      0.000     0.000 r  
    PS7_X0Y0             PS7                          0.000     0.000 r  rv32_top_i/ps7/inst/PS7_i/FCLKCLK[0]
                         net (fo=1, routed)           1.193     1.193    rv32_top_i/ps7/inst/FCLK_CLK_unbuffered[0]
    BUFGCTRL_X0Y16       BUFG (Prop_bufg_I_O)         0.101     1.294 r  rv32_top_i/ps7/inst/buffer_fclk_clk_0.FCLK_CLK_0_BUFG/O
                         net (fo=39071, routed)       1.878     3.172    rv32_top_i/axi_smc/inst/clk_map/psr_aclk/U0/aclk
    SLICE_X26Y117        FDRE                                         r  rv32_top_i/axi_smc/inst/clk_map/psr_aclk/U0/ACTIVE_LOW_BSR_OUT_DFF[0].FDRE_BSR_N/C
  -------------------------------------------------------------------    -------------------
    SLICE_X26Y117        FDRE (Prop_fdre_C_Q)         0.518     3.690 r  rv32_top_i/axi_smc/inst/clk_map/psr_aclk/U0/ACTIVE_LOW_BSR_OUT_DFF[0].FDRE_BSR_N/Q
                         net (fo=9, routed)           1.047     4.737    rv32_top_i/axi_smc/inst/s00_nodes/s00_ar_node/inst/s_sc_xpm_cdc_async_rst_inst/src_arst
    SLICE_X27Y110        LUT1 (Prop_lut1_I0_O)        0.124     4.861 f  rv32_top_i/axi_smc/inst/s00_nodes/s00_ar_node/inst/s_sc_xpm_cdc_async_rst_inst/arststages_ff[2]_i_1/O
                         net (fo=3, routed)           0.662     5.523    rv32_top_i/axi_smc/inst/s00_nodes/s00_ar_node/inst/s_sc_xpm_cdc_async_rst_inst/reset_pol
    SLICE_X27Y112        FDCE                                         f  rv32_top_i/axi_smc/inst/s00_nodes/s00_ar_node/inst/s_sc_xpm_cdc_async_rst_inst/arststages_ff_reg[0]/CLR
  -------------------------------------------------------------------    -------------------

                         (clock clk_fpga_0 rise edge)
                                                      0.000     0.000 r  
    PS7_X0Y0             PS7                          0.000     0.000 r  rv32_top_i/ps7/inst/PS7_i/FCLKCLK[0]
                         net (fo=1, routed)           1.088     1.088    rv32_top_i/ps7/inst/FCLK_CLK_unbuffered[0]
    BUFGCTRL_X0Y16       BUFG (Prop_bufg_I_O)         0.091     1.179 r  rv32_top_i/ps7/inst/buffer_fclk_clk_0.FCLK_CLK_0_BUFG/O
                         net (fo=39071, routed)       1.691     2.870    rv32_top_i/axi_smc/inst/s00_nodes/s00_ar_node/inst/s_sc_xpm_cdc_async_rst_inst/dest_clk
    SLICE_X27Y112        FDCE                                         r  rv32_top_i/axi_smc/inst/s00_nodes/s00_ar_node/inst/s_sc_xpm_cdc_async_rst_inst/arststages_ff_reg[0]/C

Slack:                    inf
  Source:                 rv32_top_i/axi_smc/inst/clk_map/psr_aclk/U0/ACTIVE_LOW_BSR_OUT_DFF[0].FDRE_BSR_N/C
                            (rising edge-triggered cell FDRE clocked by clk_fpga_0  {rise@0.000ns fall@10.000ns period=20.000ns})
  Destination:            rv32_top_i/axi_smc/inst/s00_nodes/s00_ar_node/inst/s_sc_xpm_cdc_async_rst_inst/arststages_ff_reg[1]/CLR
                            (recovery check against rising-edge clock clk_fpga_0  {rise@0.000ns fall@10.000ns period=20.000ns})
  Path Group:             (none)
  Path Type:              Recovery (Max at Slow Process Corner)
  Data Path Delay:        2.351ns  (logic 0.642ns (27.303%)  route 1.709ns (72.697%))
  Logic Levels:           1  (LUT1=1)
  Clock Path Skew:        -0.302ns (DCD - SCD + CPR)
    Destination Clock Delay (DCD):    2.870ns
    Source Clock Delay      (SCD):    3.172ns
    Clock Pessimism Removal (CPR):    0.000ns
  Clock Uncertainty:      0.302ns  ((TSJ^2 + TIJ^2)^1/2 + DJ) / 2 + PE
    Total System Jitter     (TSJ):    0.071ns
    Total Input Jitter      (TIJ):    0.600ns
    Discrete Jitter          (DJ):    0.000ns
    Phase Error              (PE):    0.000ns
  Timing Exception:       False Path

    Location             Delay type                Incr(ns)  Path(ns)    Netlist Resource(s)
  -------------------------------------------------------------------    -------------------
                         (clock clk_fpga_0 rise edge)
                                                      0.000     0.000 r  
    PS7_X0Y0             PS7                          0.000     0.000 r  rv32_top_i/ps7/inst/PS7_i/FCLKCLK[0]
                         net (fo=1, routed)           1.193     1.193    rv32_top_i/ps7/inst/FCLK_CLK_unbuffered[0]
    BUFGCTRL_X0Y16       BUFG (Prop_bufg_I_O)         0.101     1.294 r  rv32_top_i/ps7/inst/buffer_fclk_clk_0.FCLK_CLK_0_BUFG/O
                         net (fo=39071, routed)       1.878     3.172    rv32_top_i/axi_smc/inst/clk_map/psr_aclk/U0/aclk
    SLICE_X26Y117        FDRE                                         r  rv32_top_i/axi_smc/inst/clk_map/psr_aclk/U0/ACTIVE_LOW_BSR_OUT_DFF[0].FDRE_BSR_N/C
  -------------------------------------------------------------------    -------------------
    SLICE_X26Y117        FDRE (Prop_fdre_C_Q)         0.518     3.690 r  rv32_top_i/axi_smc/inst/clk_map/psr_aclk/U0/ACTIVE_LOW_BSR_OUT_DFF[0].FDRE_BSR_N/Q
                         net (fo=9, routed)           1.047     4.737    rv32_top_i/axi_smc/inst/s00_nodes/s00_ar_node/inst/s_sc_xpm_cdc_async_rst_inst/src_arst
    SLICE_X27Y110        LUT1 (Prop_lut1_I0_O)        0.124     4.861 f  rv32_top_i/axi_smc/inst/s00_nodes/s00_ar_node/inst/s_sc_xpm_cdc_async_rst_inst/arststages_ff[2]_i_1/O
                         net (fo=3, routed)           0.662     5.523    rv32_top_i/axi_smc/inst/s00_nodes/s00_ar_node/inst/s_sc_xpm_cdc_async_rst_inst/reset_pol
    SLICE_X27Y112        FDCE                                         f  rv32_top_i/axi_smc/inst/s00_nodes/s00_ar_node/inst/s_sc_xpm_cdc_async_rst_inst/arststages_ff_reg[1]/CLR
  -------------------------------------------------------------------    -------------------

                         (clock clk_fpga_0 rise edge)
                                                      0.000     0.000 r  
    PS7_X0Y0             PS7                          0.000     0.000 r  rv32_top_i/ps7/inst/PS7_i/FCLKCLK[0]
                         net (fo=1, routed)           1.088     1.088    rv32_top_i/ps7/inst/FCLK_CLK_unbuffered[0]
    BUFGCTRL_X0Y16       BUFG (Prop_bufg_I_O)         0.091     1.179 r  rv32_top_i/ps7/inst/buffer_fclk_clk_0.FCLK_CLK_0_BUFG/O
                         net (fo=39071, routed)       1.691     2.870    rv32_top_i/axi_smc/inst/s00_nodes/s00_ar_node/inst/s_sc_xpm_cdc_async_rst_inst/dest_clk
    SLICE_X27Y112        FDCE                                         r  rv32_top_i/axi_smc/inst/s00_nodes/s00_ar_node/inst/s_sc_xpm_cdc_async_rst_inst/arststages_ff_reg[1]/C

Slack:                    inf
  Source:                 rv32_top_i/axi_smc/inst/clk_map/psr_aclk/U0/ACTIVE_LOW_BSR_OUT_DFF[0].FDRE_BSR_N/C
                            (rising edge-triggered cell FDRE clocked by clk_fpga_0  {rise@0.000ns fall@10.000ns period=20.000ns})
  Destination:            rv32_top_i/axi_smc/inst/s00_nodes/s00_ar_node/inst/s_sc_xpm_cdc_async_rst_inst/arststages_ff_reg[2]/CLR
                            (recovery check against rising-edge clock clk_fpga_0  {rise@0.000ns fall@10.000ns period=20.000ns})
  Path Group:             (none)
  Path Type:              Recovery (Max at Slow Process Corner)
  Data Path Delay:        2.351ns  (logic 0.642ns (27.303%)  route 1.709ns (72.697%))
  Logic Levels:           1  (LUT1=1)
  Clock Path Skew:        -0.302ns (DCD - SCD + CPR)
    Destination Clock Delay (DCD):    2.870ns
    Source Clock Delay      (SCD):    3.172ns
    Clock Pessimism Removal (CPR):    0.000ns
  Clock Uncertainty:      0.302ns  ((TSJ^2 + TIJ^2)^1/2 + DJ) / 2 + PE
    Total System Jitter     (TSJ):    0.071ns
    Total Input Jitter      (TIJ):    0.600ns
    Discrete Jitter          (DJ):    0.000ns
    Phase Error              (PE):    0.000ns
  Timing Exception:       False Path

    Location             Delay type                Incr(ns)  Path(ns)    Netlist Resource(s)
  -------------------------------------------------------------------    -------------------
                         (clock clk_fpga_0 rise edge)
                                                      0.000     0.000 r  
    PS7_X0Y0             PS7                          0.000     0.000 r  rv32_top_i/ps7/inst/PS7_i/FCLKCLK[0]
                         net (fo=1, routed)           1.193     1.193    rv32_top_i/ps7/inst/FCLK_CLK_unbuffered[0]
    BUFGCTRL_X0Y16       BUFG (Prop_bufg_I_O)         0.101     1.294 r  rv32_top_i/ps7/inst/buffer_fclk_clk_0.FCLK_CLK_0_BUFG/O
                         net (fo=39071, routed)       1.878     3.172    rv32_top_i/axi_smc/inst/clk_map/psr_aclk/U0/aclk
    SLICE_X26Y117        FDRE                                         r  rv32_top_i/axi_smc/inst/clk_map/psr_aclk/U0/ACTIVE_LOW_BSR_OUT_DFF[0].FDRE_BSR_N/C
  -------------------------------------------------------------------    -------------------
    SLICE_X26Y117        FDRE (Prop_fdre_C_Q)         0.518     3.690 r  rv32_top_i/axi_smc/inst/clk_map/psr_aclk/U0/ACTIVE_LOW_BSR_OUT_DFF[0].FDRE_BSR_N/Q
                         net (fo=9, routed)           1.047     4.737    rv32_top_i/axi_smc/inst/s00_nodes/s00_ar_node/inst/s_sc_xpm_cdc_async_rst_inst/src_arst
    SLICE_X27Y110        LUT1 (Prop_lut1_I0_O)        0.124     4.861 f  rv32_top_i/axi_smc/inst/s00_nodes/s00_ar_node/inst/s_sc_xpm_cdc_async_rst_inst/arststages_ff[2]_i_1/O
                         net (fo=3, routed)           0.662     5.523    rv32_top_i/axi_smc/inst/s00_nodes/s00_ar_node/inst/s_sc_xpm_cdc_async_rst_inst/reset_pol
    SLICE_X27Y112        FDCE                                         f  rv32_top_i/axi_smc/inst/s00_nodes/s00_ar_node/inst/s_sc_xpm_cdc_async_rst_inst/arststages_ff_reg[2]/CLR
  -------------------------------------------------------------------    -------------------

                         (clock clk_fpga_0 rise edge)
                                                      0.000     0.000 r  
    PS7_X0Y0             PS7                          0.000     0.000 r  rv32_top_i/ps7/inst/PS7_i/FCLKCLK[0]
                         net (fo=1, routed)           1.088     1.088    rv32_top_i/ps7/inst/FCLK_CLK_unbuffered[0]
    BUFGCTRL_X0Y16       BUFG (Prop_bufg_I_O)         0.091     1.179 r  rv32_top_i/ps7/inst/buffer_fclk_clk_0.FCLK_CLK_0_BUFG/O
                         net (fo=39071, routed)       1.691     2.870    rv32_top_i/axi_smc/inst/s00_nodes/s00_ar_node/inst/s_sc_xpm_cdc_async_rst_inst/dest_clk
    SLICE_X27Y112        FDCE                                         r  rv32_top_i/axi_smc/inst/s00_nodes/s00_ar_node/inst/s_sc_xpm_cdc_async_rst_inst/arststages_ff_reg[2]/C

Slack:                    inf
  Source:                 rv32_top_i/axi_smc/inst/clk_map/psr_aclk/U0/ACTIVE_LOW_BSR_OUT_DFF[0].FDRE_BSR_N/C
                            (rising edge-triggered cell FDRE clocked by clk_fpga_0  {rise@0.000ns fall@10.000ns period=20.000ns})
  Destination:            rv32_top_i/axi_smc/inst/s00_nodes/s00_r_node/inst/s_sc_xpm_cdc_async_rst_inst/arststages_ff_reg[0]/CLR
                            (recovery check against rising-edge clock clk_fpga_0  {rise@0.000ns fall@10.000ns period=20.000ns})
  Path Group:             (none)
  Path Type:              Recovery (Max at Slow Process Corner)
  Data Path Delay:        2.326ns  (logic 0.672ns (28.886%)  route 1.654ns (71.114%))
  Logic Levels:           1  (LUT1=1)
  Clock Path Skew:        -0.304ns (DCD - SCD + CPR)
    Destination Clock Delay (DCD):    2.868ns
    Source Clock Delay      (SCD):    3.172ns
    Clock Pessimism Removal (CPR):    0.000ns
  Clock Uncertainty:      0.302ns  ((TSJ^2 + TIJ^2)^1/2 + DJ) / 2 + PE
    Total System Jitter     (TSJ):    0.071ns
    Total Input Jitter      (TIJ):    0.600ns
    Discrete Jitter          (DJ):    0.000ns
    Phase Error              (PE):    0.000ns
  Timing Exception:       False Path

    Location             Delay type                Incr(ns)  Path(ns)    Netlist Resource(s)
  -------------------------------------------------------------------    -------------------
                         (clock clk_fpga_0 rise edge)
                                                      0.000     0.000 r  
    PS7_X0Y0             PS7                          0.000     0.000 r  rv32_top_i/ps7/inst/PS7_i/FCLKCLK[0]
                         net (fo=1, routed)           1.193     1.193    rv32_top_i/ps7/inst/FCLK_CLK_unbuffered[0]
    BUFGCTRL_X0Y16       BUFG (Prop_bufg_I_O)         0.101     1.294 r  rv32_top_i/ps7/inst/buffer_fclk_clk_0.FCLK_CLK_0_BUFG/O
                         net (fo=39071, routed)       1.878     3.172    rv32_top_i/axi_smc/inst/clk_map/psr_aclk/U0/aclk
    SLICE_X26Y117        FDRE                                         r  rv32_top_i/axi_smc/inst/clk_map/psr_aclk/U0/ACTIVE_LOW_BSR_OUT_DFF[0].FDRE_BSR_N/C
  -------------------------------------------------------------------    -------------------
    SLICE_X26Y117        FDRE (Prop_fdre_C_Q)         0.518     3.690 r  rv32_top_i/axi_smc/inst/clk_map/psr_aclk/U0/ACTIVE_LOW_BSR_OUT_DFF[0].FDRE_BSR_N/Q
                         net (fo=9, routed)           0.834     4.524    rv32_top_i/axi_smc/inst/s00_nodes/s00_r_node/inst/s_sc_xpm_cdc_async_rst_inst/src_arst
    SLICE_X27Y116        LUT1 (Prop_lut1_I0_O)        0.154     4.678 f  rv32_top_i/axi_smc/inst/s00_nodes/s00_r_node/inst/s_sc_xpm_cdc_async_rst_inst/arststages_ff[2]_i_1/O
                         net (fo=3, routed)           0.821     5.498    rv32_top_i/axi_smc/inst/s00_nodes/s00_r_node/inst/s_sc_xpm_cdc_async_rst_inst/reset_pol
    SLICE_X28Y118        FDCE                                         f  rv32_top_i/axi_smc/inst/s00_nodes/s00_r_node/inst/s_sc_xpm_cdc_async_rst_inst/arststages_ff_reg[0]/CLR
  -------------------------------------------------------------------    -------------------

                         (clock clk_fpga_0 rise edge)
                                                      0.000     0.000 r  
    PS7_X0Y0             PS7                          0.000     0.000 r  rv32_top_i/ps7/inst/PS7_i/FCLKCLK[0]
                         net (fo=1, routed)           1.088     1.088    rv32_top_i/ps7/inst/FCLK_CLK_unbuffered[0]
    BUFGCTRL_X0Y16       BUFG (Prop_bufg_I_O)         0.091     1.179 r  rv32_top_i/ps7/inst/buffer_fclk_clk_0.FCLK_CLK_0_BUFG/O
                         net (fo=39071, routed)       1.689     2.868    rv32_top_i/axi_smc/inst/s00_nodes/s00_r_node/inst/s_sc_xpm_cdc_async_rst_inst/dest_clk
    SLICE_X28Y118        FDCE                                         r  rv32_top_i/axi_smc/inst/s00_nodes/s00_r_node/inst/s_sc_xpm_cdc_async_rst_inst/arststages_ff_reg[0]/C

Slack:                    inf
  Source:                 rv32_top_i/axi_smc/inst/clk_map/psr_aclk/U0/ACTIVE_LOW_BSR_OUT_DFF[0].FDRE_BSR_N/C
                            (rising edge-triggered cell FDRE clocked by clk_fpga_0  {rise@0.000ns fall@10.000ns period=20.000ns})
  Destination:            rv32_top_i/axi_smc/inst/s00_nodes/s00_r_node/inst/s_sc_xpm_cdc_async_rst_inst/arststages_ff_reg[1]/CLR
                            (recovery check against rising-edge clock clk_fpga_0  {rise@0.000ns fall@10.000ns period=20.000ns})
  Path Group:             (none)
  Path Type:              Recovery (Max at Slow Process Corner)
  Data Path Delay:        2.326ns  (logic 0.672ns (28.886%)  route 1.654ns (71.114%))
  Logic Levels:           1  (LUT1=1)
  Clock Path Skew:        -0.304ns (DCD - SCD + CPR)
    Destination Clock Delay (DCD):    2.868ns
    Source Clock Delay      (SCD):    3.172ns
    Clock Pessimism Removal (CPR):    0.000ns
  Clock Uncertainty:      0.302ns  ((TSJ^2 + TIJ^2)^1/2 + DJ) / 2 + PE
    Total System Jitter     (TSJ):    0.071ns
    Total Input Jitter      (TIJ):    0.600ns
    Discrete Jitter          (DJ):    0.000ns
    Phase Error              (PE):    0.000ns
  Timing Exception:       False Path

    Location             Delay type                Incr(ns)  Path(ns)    Netlist Resource(s)
  -------------------------------------------------------------------    -------------------
                         (clock clk_fpga_0 rise edge)
                                                      0.000     0.000 r  
    PS7_X0Y0             PS7                          0.000     0.000 r  rv32_top_i/ps7/inst/PS7_i/FCLKCLK[0]
                         net (fo=1, routed)           1.193     1.193    rv32_top_i/ps7/inst/FCLK_CLK_unbuffered[0]
    BUFGCTRL_X0Y16       BUFG (Prop_bufg_I_O)         0.101     1.294 r  rv32_top_i/ps7/inst/buffer_fclk_clk_0.FCLK_CLK_0_BUFG/O
                         net (fo=39071, routed)       1.878     3.172    rv32_top_i/axi_smc/inst/clk_map/psr_aclk/U0/aclk
    SLICE_X26Y117        FDRE                                         r  rv32_top_i/axi_smc/inst/clk_map/psr_aclk/U0/ACTIVE_LOW_BSR_OUT_DFF[0].FDRE_BSR_N/C
  -------------------------------------------------------------------    -------------------
    SLICE_X26Y117        FDRE (Prop_fdre_C_Q)         0.518     3.690 r  rv32_top_i/axi_smc/inst/clk_map/psr_aclk/U0/ACTIVE_LOW_BSR_OUT_DFF[0].FDRE_BSR_N/Q
                         net (fo=9, routed)           0.834     4.524    rv32_top_i/axi_smc/inst/s00_nodes/s00_r_node/inst/s_sc_xpm_cdc_async_rst_inst/src_arst
    SLICE_X27Y116        LUT1 (Prop_lut1_I0_O)        0.154     4.678 f  rv32_top_i/axi_smc/inst/s00_nodes/s00_r_node/inst/s_sc_xpm_cdc_async_rst_inst/arststages_ff[2]_i_1/O
                         net (fo=3, routed)           0.821     5.498    rv32_top_i/axi_smc/inst/s00_nodes/s00_r_node/inst/s_sc_xpm_cdc_async_rst_inst/reset_pol
    SLICE_X28Y118        FDCE                                         f  rv32_top_i/axi_smc/inst/s00_nodes/s00_r_node/inst/s_sc_xpm_cdc_async_rst_inst/arststages_ff_reg[1]/CLR
  -------------------------------------------------------------------    -------------------

                         (clock clk_fpga_0 rise edge)
                                                      0.000     0.000 r  
    PS7_X0Y0             PS7                          0.000     0.000 r  rv32_top_i/ps7/inst/PS7_i/FCLKCLK[0]
                         net (fo=1, routed)           1.088     1.088    rv32_top_i/ps7/inst/FCLK_CLK_unbuffered[0]
    BUFGCTRL_X0Y16       BUFG (Prop_bufg_I_O)         0.091     1.179 r  rv32_top_i/ps7/inst/buffer_fclk_clk_0.FCLK_CLK_0_BUFG/O
                         net (fo=39071, routed)       1.689     2.868    rv32_top_i/axi_smc/inst/s00_nodes/s00_r_node/inst/s_sc_xpm_cdc_async_rst_inst/dest_clk
    SLICE_X28Y118        FDCE                                         r  rv32_top_i/axi_smc/inst/s00_nodes/s00_r_node/inst/s_sc_xpm_cdc_async_rst_inst/arststages_ff_reg[1]/C

Slack:                    inf
  Source:                 rv32_top_i/axi_smc/inst/clk_map/psr_aclk/U0/ACTIVE_LOW_BSR_OUT_DFF[0].FDRE_BSR_N/C
                            (rising edge-triggered cell FDRE clocked by clk_fpga_0  {rise@0.000ns fall@10.000ns period=20.000ns})
  Destination:            rv32_top_i/axi_smc/inst/s00_nodes/s00_r_node/inst/s_sc_xpm_cdc_async_rst_inst/arststages_ff_reg[2]/CLR
                            (recovery check against rising-edge clock clk_fpga_0  {rise@0.000ns fall@10.000ns period=20.000ns})
  Path Group:             (none)
  Path Type:              Recovery (Max at Slow Process Corner)
  Data Path Delay:        2.326ns  (logic 0.672ns (28.886%)  route 1.654ns (71.114%))
  Logic Levels:           1  (LUT1=1)
  Clock Path Skew:        -0.304ns (DCD - SCD + CPR)
    Destination Clock Delay (DCD):    2.868ns
    Source Clock Delay      (SCD):    3.172ns
    Clock Pessimism Removal (CPR):    0.000ns
  Clock Uncertainty:      0.302ns  ((TSJ^2 + TIJ^2)^1/2 + DJ) / 2 + PE
    Total System Jitter     (TSJ):    0.071ns
    Total Input Jitter      (TIJ):    0.600ns
    Discrete Jitter          (DJ):    0.000ns
    Phase Error              (PE):    0.000ns
  Timing Exception:       False Path

    Location             Delay type                Incr(ns)  Path(ns)    Netlist Resource(s)
  -------------------------------------------------------------------    -------------------
                         (clock clk_fpga_0 rise edge)
                                                      0.000     0.000 r  
    PS7_X0Y0             PS7                          0.000     0.000 r  rv32_top_i/ps7/inst/PS7_i/FCLKCLK[0]
                         net (fo=1, routed)           1.193     1.193    rv32_top_i/ps7/inst/FCLK_CLK_unbuffered[0]
    BUFGCTRL_X0Y16       BUFG (Prop_bufg_I_O)         0.101     1.294 r  rv32_top_i/ps7/inst/buffer_fclk_clk_0.FCLK_CLK_0_BUFG/O
                         net (fo=39071, routed)       1.878     3.172    rv32_top_i/axi_smc/inst/clk_map/psr_aclk/U0/aclk
    SLICE_X26Y117        FDRE                                         r  rv32_top_i/axi_smc/inst/clk_map/psr_aclk/U0/ACTIVE_LOW_BSR_OUT_DFF[0].FDRE_BSR_N/C
  -------------------------------------------------------------------    -------------------
    SLICE_X26Y117        FDRE (Prop_fdre_C_Q)         0.518     3.690 r  rv32_top_i/axi_smc/inst/clk_map/psr_aclk/U0/ACTIVE_LOW_BSR_OUT_DFF[0].FDRE_BSR_N/Q
                         net (fo=9, routed)           0.834     4.524    rv32_top_i/axi_smc/inst/s00_nodes/s00_r_node/inst/s_sc_xpm_cdc_async_rst_inst/src_arst
    SLICE_X27Y116        LUT1 (Prop_lut1_I0_O)        0.154     4.678 f  rv32_top_i/axi_smc/inst/s00_nodes/s00_r_node/inst/s_sc_xpm_cdc_async_rst_inst/arststages_ff[2]_i_1/O
                         net (fo=3, routed)           0.821     5.498    rv32_top_i/axi_smc/inst/s00_nodes/s00_r_node/inst/s_sc_xpm_cdc_async_rst_inst/reset_pol
    SLICE_X28Y118        FDCE                                         f  rv32_top_i/axi_smc/inst/s00_nodes/s00_r_node/inst/s_sc_xpm_cdc_async_rst_inst/arststages_ff_reg[2]/CLR
  -------------------------------------------------------------------    -------------------

                         (clock clk_fpga_0 rise edge)
                                                      0.000     0.000 r  
    PS7_X0Y0             PS7                          0.000     0.000 r  rv32_top_i/ps7/inst/PS7_i/FCLKCLK[0]
                         net (fo=1, routed)           1.088     1.088    rv32_top_i/ps7/inst/FCLK_CLK_unbuffered[0]
    BUFGCTRL_X0Y16       BUFG (Prop_bufg_I_O)         0.091     1.179 r  rv32_top_i/ps7/inst/buffer_fclk_clk_0.FCLK_CLK_0_BUFG/O
                         net (fo=39071, routed)       1.689     2.868    rv32_top_i/axi_smc/inst/s00_nodes/s00_r_node/inst/s_sc_xpm_cdc_async_rst_inst/dest_clk
    SLICE_X28Y118        FDCE                                         r  rv32_top_i/axi_smc/inst/s00_nodes/s00_r_node/inst/s_sc_xpm_cdc_async_rst_inst/arststages_ff_reg[2]/C

Slack:                    inf
  Source:                 rv32_top_i/axi_smc/inst/clk_map/psr_aclk/U0/ACTIVE_LOW_BSR_OUT_DFF[0].FDRE_BSR_N/C
                            (rising edge-triggered cell FDRE clocked by clk_fpga_0  {rise@0.000ns fall@10.000ns period=20.000ns})
  Destination:            rv32_top_i/axi_smc/inst/s00_entry_pipeline/s00_mmu/inst/xpm_cdc_async_rst_inst/arststages_ff_reg[0]/CLR
                            (recovery check against rising-edge clock clk_fpga_0  {rise@0.000ns fall@10.000ns period=20.000ns})
  Path Group:             (none)
  Path Type:              Recovery (Max at Slow Process Corner)
  Data Path Delay:        2.295ns  (logic 0.642ns (27.970%)  route 1.653ns (72.030%))
  Logic Levels:           1  (LUT1=1)
  Clock Path Skew:        -0.296ns (DCD - SCD + CPR)
    Destination Clock Delay (DCD):    2.876ns
    Source Clock Delay      (SCD):    3.172ns
    Clock Pessimism Removal (CPR):    0.000ns
  Clock Uncertainty:      0.302ns  ((TSJ^2 + TIJ^2)^1/2 + DJ) / 2 + PE
    Total System Jitter     (TSJ):    0.071ns
    Total Input Jitter      (TIJ):    0.600ns
    Discrete Jitter          (DJ):    0.000ns
    Phase Error              (PE):    0.000ns
  Timing Exception:       False Path

    Location             Delay type                Incr(ns)  Path(ns)    Netlist Resource(s)
  -------------------------------------------------------------------    -------------------
                         (clock clk_fpga_0 rise edge)
                                                      0.000     0.000 r  
    PS7_X0Y0             PS7                          0.000     0.000 r  rv32_top_i/ps7/inst/PS7_i/FCLKCLK[0]
                         net (fo=1, routed)           1.193     1.193    rv32_top_i/ps7/inst/FCLK_CLK_unbuffered[0]
    BUFGCTRL_X0Y16       BUFG (Prop_bufg_I_O)         0.101     1.294 r  rv32_top_i/ps7/inst/buffer_fclk_clk_0.FCLK_CLK_0_BUFG/O
                         net (fo=39071, routed)       1.878     3.172    rv32_top_i/axi_smc/inst/clk_map/psr_aclk/U0/aclk
    SLICE_X26Y117        FDRE                                         r  rv32_top_i/axi_smc/inst/clk_map/psr_aclk/U0/ACTIVE_LOW_BSR_OUT_DFF[0].FDRE_BSR_N/C
  -------------------------------------------------------------------    -------------------
    SLICE_X26Y117        FDRE (Prop_fdre_C_Q)         0.518     3.690 r  rv32_top_i/axi_smc/inst/clk_map/psr_aclk/U0/ACTIVE_LOW_BSR_OUT_DFF[0].FDRE_BSR_N/Q
                         net (fo=9, routed)           0.967     4.657    rv32_top_i/axi_smc/inst/s00_entry_pipeline/s00_mmu/inst/xpm_cdc_async_rst_inst/src_arst
    SLICE_X29Y110        LUT1 (Prop_lut1_I0_O)        0.124     4.781 f  rv32_top_i/axi_smc/inst/s00_entry_pipeline/s00_mmu/inst/xpm_cdc_async_rst_inst/arststages_ff[2]_i_1/O
                         net (fo=3, routed)           0.687     5.467    rv32_top_i/axi_smc/inst/s00_entry_pipeline/s00_mmu/inst/xpm_cdc_async_rst_inst/reset_pol
    SLICE_X29Y110        FDCE                                         f  rv32_top_i/axi_smc/inst/s00_entry_pipeline/s00_mmu/inst/xpm_cdc_async_rst_inst/arststages_ff_reg[0]/CLR
  -------------------------------------------------------------------    -------------------

                         (clock clk_fpga_0 rise edge)
                                                      0.000     0.000 r  
    PS7_X0Y0             PS7                          0.000     0.000 r  rv32_top_i/ps7/inst/PS7_i/FCLKCLK[0]
                         net (fo=1, routed)           1.088     1.088    rv32_top_i/ps7/inst/FCLK_CLK_unbuffered[0]
    BUFGCTRL_X0Y16       BUFG (Prop_bufg_I_O)         0.091     1.179 r  rv32_top_i/ps7/inst/buffer_fclk_clk_0.FCLK_CLK_0_BUFG/O
                         net (fo=39071, routed)       1.697     2.876    rv32_top_i/axi_smc/inst/s00_entry_pipeline/s00_mmu/inst/xpm_cdc_async_rst_inst/dest_clk
    SLICE_X29Y110        FDCE                                         r  rv32_top_i/axi_smc/inst/s00_entry_pipeline/s00_mmu/inst/xpm_cdc_async_rst_inst/arststages_ff_reg[0]/C





Min Delay Paths
--------------------------------------------------------------------------------------
Slack:                    inf
  Source:                 rv32_top_i/rst_ps7_50M/U0/ACTIVE_LOW_PR_OUT_DFF[0].FDRE_PER_N/C
                            (rising edge-triggered cell FDRE clocked by clk_fpga_0  {rise@0.000ns fall@10.000ns period=20.000ns})
  Destination:            rv32_top_i/axi_smc/inst/clk_map/psr_aclk/U0/EXT_LPF/ACTIVE_LOW_AUX.ACT_LO_AUX/syncstages_ff_reg[0]/D
                            (rising edge-triggered cell FDRE clocked by clk_fpga_0  {rise@0.000ns fall@10.000ns period=20.000ns})
  Path Group:             (none)
  Path Type:              Hold (Min at Fast Process Corner)
  Data Path Delay:        0.491ns  (logic 0.189ns (38.520%)  route 0.302ns (61.480%))
  Logic Levels:           1  (LUT1=1)
  Clock Path Skew:        0.302ns (DCD - SCD - CPR)
    Destination Clock Delay (DCD):    1.286ns
    Source Clock Delay      (SCD):    0.984ns
    Clock Pessimism Removal (CPR):    -0.000ns
  Clock Uncertainty:      0.302ns  ((TSJ^2 + TIJ^2)^1/2 + DJ) / 2 + PE
    Total System Jitter     (TSJ):    0.071ns
    Total Input Jitter      (TIJ):    0.600ns
    Discrete Jitter          (DJ):    0.000ns
    Phase Error              (PE):    0.000ns
  Timing Exception:       False Path

    Location             Delay type                Incr(ns)  Path(ns)    Netlist Resource(s)
  -------------------------------------------------------------------    -------------------
                         (clock clk_fpga_0 rise edge)
                                                      0.000     0.000 r  
    PS7_X0Y0             PS7                          0.000     0.000 r  rv32_top_i/ps7/inst/PS7_i/FCLKCLK[0]
                         net (fo=1, routed)           0.310     0.310    rv32_top_i/ps7/inst/FCLK_CLK_unbuffered[0]
    BUFGCTRL_X0Y16       BUFG (Prop_bufg_I_O)         0.026     0.336 r  rv32_top_i/ps7/inst/buffer_fclk_clk_0.FCLK_CLK_0_BUFG/O
                         net (fo=39071, routed)       0.648     0.984    rv32_top_i/rst_ps7_50M/U0/slowest_sync_clk
    SLICE_X29Y127        FDRE                                         r  rv32_top_i/rst_ps7_50M/U0/ACTIVE_LOW_PR_OUT_DFF[0].FDRE_PER_N/C
  -------------------------------------------------------------------    -------------------
    SLICE_X29Y127        FDRE (Prop_fdre_C_Q)         0.141     1.125 f  rv32_top_i/rst_ps7_50M/U0/ACTIVE_LOW_PR_OUT_DFF[0].FDRE_PER_N/Q
                         net (fo=20, routed)          0.302     1.427    rv32_top_i/axi_smc/inst/clk_map/psr_aclk/U0/EXT_LPF/aresetn
    SLICE_X29Y119        LUT1 (Prop_lut1_I0_O)        0.048     1.475 r  rv32_top_i/axi_smc/inst/clk_map/psr_aclk/U0/EXT_LPF/ACTIVE_LOW_AUX.ACT_LO_AUX_i_1/O
                         net (fo=1, routed)           0.000     1.475    rv32_top_i/axi_smc/inst/clk_map/psr_aclk/U0/EXT_LPF/ACTIVE_LOW_AUX.ACT_LO_AUX/src_in
    SLICE_X29Y119        FDRE                                         r  rv32_top_i/axi_smc/inst/clk_map/psr_aclk/U0/EXT_LPF/ACTIVE_LOW_AUX.ACT_LO_AUX/syncstages_ff_reg[0]/D
  -------------------------------------------------------------------    -------------------

                         (clock clk_fpga_0 rise edge)
                                                      0.000     0.000 r  
    PS7_X0Y0             PS7                          0.000     0.000 r  rv32_top_i/ps7/inst/PS7_i/FCLKCLK[0]
                         net (fo=1, routed)           0.337     0.337    rv32_top_i/ps7/inst/FCLK_CLK_unbuffered[0]
    BUFGCTRL_X0Y16       BUFG (Prop_bufg_I_O)         0.029     0.366 r  rv32_top_i/ps7/inst/buffer_fclk_clk_0.FCLK_CLK_0_BUFG/O
                         net (fo=39071, routed)       0.920     1.286    rv32_top_i/axi_smc/inst/clk_map/psr_aclk/U0/EXT_LPF/ACTIVE_LOW_AUX.ACT_LO_AUX/dest_clk
    SLICE_X29Y119        FDRE                                         r  rv32_top_i/axi_smc/inst/clk_map/psr_aclk/U0/EXT_LPF/ACTIVE_LOW_AUX.ACT_LO_AUX/syncstages_ff_reg[0]/C

Slack:                    inf
  Source:                 rv32_top_i/axi_smc/inst/clk_map/psr_aclk/U0/ACTIVE_LOW_BSR_OUT_DFF[0].FDRE_BSR_N/C
                            (rising edge-triggered cell FDRE clocked by clk_fpga_0  {rise@0.000ns fall@10.000ns period=20.000ns})
  Destination:            rv32_top_i/axi_smc/inst/s00_nodes/s00_b_node/inst/s_sc_xpm_cdc_async_rst_inst/arststages_ff_reg[0]/CLR
                            (removal check against rising-edge clock clk_fpga_0  {rise@0.000ns fall@10.000ns period=20.000ns})
  Path Group:             (none)
  Path Type:              Removal (Min at Fast Process Corner)
  Data Path Delay:        0.742ns  (logic 0.209ns (28.150%)  route 0.533ns (71.850%))
  Logic Levels:           1  (LUT1=1)
  Clock Path Skew:        0.303ns (DCD - SCD - CPR)
    Destination Clock Delay (DCD):    1.288ns
    Source Clock Delay      (SCD):    0.985ns
    Clock Pessimism Removal (CPR):    -0.000ns
  Clock Uncertainty:      0.302ns  ((TSJ^2 + TIJ^2)^1/2 + DJ) / 2 + PE
    Total System Jitter     (TSJ):    0.071ns
    Total Input Jitter      (TIJ):    0.600ns
    Discrete Jitter          (DJ):    0.000ns
    Phase Error              (PE):    0.000ns
  Timing Exception:       False Path

    Location             Delay type                Incr(ns)  Path(ns)    Netlist Resource(s)
  -------------------------------------------------------------------    -------------------
                         (clock clk_fpga_0 rise edge)
                                                      0.000     0.000 r  
    PS7_X0Y0             PS7                          0.000     0.000 r  rv32_top_i/ps7/inst/PS7_i/FCLKCLK[0]
                         net (fo=1, routed)           0.310     0.310    rv32_top_i/ps7/inst/FCLK_CLK_unbuffered[0]
    BUFGCTRL_X0Y16       BUFG (Prop_bufg_I_O)         0.026     0.336 r  rv32_top_i/ps7/inst/buffer_fclk_clk_0.FCLK_CLK_0_BUFG/O
                         net (fo=39071, routed)       0.649     0.985    rv32_top_i/axi_smc/inst/clk_map/psr_aclk/U0/aclk
    SLICE_X26Y117        FDRE                                         r  rv32_top_i/axi_smc/inst/clk_map/psr_aclk/U0/ACTIVE_LOW_BSR_OUT_DFF[0].FDRE_BSR_N/C
  -------------------------------------------------------------------    -------------------
    SLICE_X26Y117        FDRE (Prop_fdre_C_Q)         0.164     1.149 r  rv32_top_i/axi_smc/inst/clk_map/psr_aclk/U0/ACTIVE_LOW_BSR_OUT_DFF[0].FDRE_BSR_N/Q
                         net (fo=9, routed)           0.303     1.452    rv32_top_i/axi_smc/inst/s00_nodes/s00_b_node/inst/s_sc_xpm_cdc_async_rst_inst/src_arst
    SLICE_X27Y116        LUT1 (Prop_lut1_I0_O)        0.045     1.497 f  rv32_top_i/axi_smc/inst/s00_nodes/s00_b_node/inst/s_sc_xpm_cdc_async_rst_inst/arststages_ff[2]_i_1/O
                         net (fo=3, routed)           0.231     1.727    rv32_top_i/axi_smc/inst/s00_nodes/s00_b_node/inst/s_sc_xpm_cdc_async_rst_inst/reset_pol
    SLICE_X27Y116        FDCE                                         f  rv32_top_i/axi_smc/inst/s00_nodes/s00_b_node/inst/s_sc_xpm_cdc_async_rst_inst/arststages_ff_reg[0]/CLR
  -------------------------------------------------------------------    -------------------

                         (clock clk_fpga_0 rise edge)
                                                      0.000     0.000 r  
    PS7_X0Y0             PS7                          0.000     0.000 r  rv32_top_i/ps7/inst/PS7_i/FCLKCLK[0]
                         net (fo=1, routed)           0.337     0.337    rv32_top_i/ps7/inst/FCLK_CLK_unbuffered[0]
    BUFGCTRL_X0Y16       BUFG (Prop_bufg_I_O)         0.029     0.366 r  rv32_top_i/ps7/inst/buffer_fclk_clk_0.FCLK_CLK_0_BUFG/O
                         net (fo=39071, routed)       0.922     1.288    rv32_top_i/axi_smc/inst/s00_nodes/s00_b_node/inst/s_sc_xpm_cdc_async_rst_inst/dest_clk
    SLICE_X27Y116        FDCE                                         r  rv32_top_i/axi_smc/inst/s00_nodes/s00_b_node/inst/s_sc_xpm_cdc_async_rst_inst/arststages_ff_reg[0]/C

Slack:                    inf
  Source:                 rv32_top_i/axi_smc/inst/clk_map/psr_aclk/U0/ACTIVE_LOW_BSR_OUT_DFF[0].FDRE_BSR_N/C
                            (rising edge-triggered cell FDRE clocked by clk_fpga_0  {rise@0.000ns fall@10.000ns period=20.000ns})
  Destination:            rv32_top_i/axi_smc/inst/s00_nodes/s00_b_node/inst/s_sc_xpm_cdc_async_rst_inst/arststages_ff_reg[1]/CLR
                            (removal check against rising-edge clock clk_fpga_0  {rise@0.000ns fall@10.000ns period=20.000ns})
  Path Group:             (none)
  Path Type:              Removal (Min at Fast Process Corner)
  Data Path Delay:        0.742ns  (logic 0.209ns (28.150%)  route 0.533ns (71.850%))
  Logic Levels:           1  (LUT1=1)
  Clock Path Skew:        0.303ns (DCD - SCD - CPR)
    Destination Clock Delay (DCD):    1.288ns
    Source Clock Delay      (SCD):    0.985ns
    Clock Pessimism Removal (CPR):    -0.000ns
  Clock Uncertainty:      0.302ns  ((TSJ^2 + TIJ^2)^1/2 + DJ) / 2 + PE
    Total System Jitter     (TSJ):    0.071ns
    Total Input Jitter      (TIJ):    0.600ns
    Discrete Jitter          (DJ):    0.000ns
    Phase Error              (PE):    0.000ns
  Timing Exception:       False Path

    Location             Delay type                Incr(ns)  Path(ns)    Netlist Resource(s)
  -------------------------------------------------------------------    -------------------
                         (clock clk_fpga_0 rise edge)
                                                      0.000     0.000 r  
    PS7_X0Y0             PS7                          0.000     0.000 r  rv32_top_i/ps7/inst/PS7_i/FCLKCLK[0]
                         net (fo=1, routed)           0.310     0.310    rv32_top_i/ps7/inst/FCLK_CLK_unbuffered[0]
    BUFGCTRL_X0Y16       BUFG (Prop_bufg_I_O)         0.026     0.336 r  rv32_top_i/ps7/inst/buffer_fclk_clk_0.FCLK_CLK_0_BUFG/O
                         net (fo=39071, routed)       0.649     0.985    rv32_top_i/axi_smc/inst/clk_map/psr_aclk/U0/aclk
    SLICE_X26Y117        FDRE                                         r  rv32_top_i/axi_smc/inst/clk_map/psr_aclk/U0/ACTIVE_LOW_BSR_OUT_DFF[0].FDRE_BSR_N/C
  -------------------------------------------------------------------    -------------------
    SLICE_X26Y117        FDRE (Prop_fdre_C_Q)         0.164     1.149 r  rv32_top_i/axi_smc/inst/clk_map/psr_aclk/U0/ACTIVE_LOW_BSR_OUT_DFF[0].FDRE_BSR_N/Q
                         net (fo=9, routed)           0.303     1.452    rv32_top_i/axi_smc/inst/s00_nodes/s00_b_node/inst/s_sc_xpm_cdc_async_rst_inst/src_arst
    SLICE_X27Y116        LUT1 (Prop_lut1_I0_O)        0.045     1.497 f  rv32_top_i/axi_smc/inst/s00_nodes/s00_b_node/inst/s_sc_xpm_cdc_async_rst_inst/arststages_ff[2]_i_1/O
                         net (fo=3, routed)           0.231     1.727    rv32_top_i/axi_smc/inst/s00_nodes/s00_b_node/inst/s_sc_xpm_cdc_async_rst_inst/reset_pol
    SLICE_X27Y116        FDCE                                         f  rv32_top_i/axi_smc/inst/s00_nodes/s00_b_node/inst/s_sc_xpm_cdc_async_rst_inst/arststages_ff_reg[1]/CLR
  -------------------------------------------------------------------    -------------------

                         (clock clk_fpga_0 rise edge)
                                                      0.000     0.000 r  
    PS7_X0Y0             PS7                          0.000     0.000 r  rv32_top_i/ps7/inst/PS7_i/FCLKCLK[0]
                         net (fo=1, routed)           0.337     0.337    rv32_top_i/ps7/inst/FCLK_CLK_unbuffered[0]
    BUFGCTRL_X0Y16       BUFG (Prop_bufg_I_O)         0.029     0.366 r  rv32_top_i/ps7/inst/buffer_fclk_clk_0.FCLK_CLK_0_BUFG/O
                         net (fo=39071, routed)       0.922     1.288    rv32_top_i/axi_smc/inst/s00_nodes/s00_b_node/inst/s_sc_xpm_cdc_async_rst_inst/dest_clk
    SLICE_X27Y116        FDCE                                         r  rv32_top_i/axi_smc/inst/s00_nodes/s00_b_node/inst/s_sc_xpm_cdc_async_rst_inst/arststages_ff_reg[1]/C

Slack:                    inf
  Source:                 rv32_top_i/axi_smc/inst/clk_map/psr_aclk/U0/ACTIVE_LOW_BSR_OUT_DFF[0].FDRE_BSR_N/C
                            (rising edge-triggered cell FDRE clocked by clk_fpga_0  {rise@0.000ns fall@10.000ns period=20.000ns})
  Destination:            rv32_top_i/axi_smc/inst/s00_nodes/s00_b_node/inst/s_sc_xpm_cdc_async_rst_inst/arststages_ff_reg[2]/CLR
                            (removal check against rising-edge clock clk_fpga_0  {rise@0.000ns fall@10.000ns period=20.000ns})
  Path Group:             (none)
  Path Type:              Removal (Min at Fast Process Corner)
  Data Path Delay:        0.742ns  (logic 0.209ns (28.150%)  route 0.533ns (71.850%))
  Logic Levels:           1  (LUT1=1)
  Clock Path Skew:        0.303ns (DCD - SCD - CPR)
    Destination Clock Delay (DCD):    1.288ns
    Source Clock Delay      (SCD):    0.985ns
    Clock Pessimism Removal (CPR):    -0.000ns
  Clock Uncertainty:      0.302ns  ((TSJ^2 + TIJ^2)^1/2 + DJ) / 2 + PE
    Total System Jitter     (TSJ):    0.071ns
    Total Input Jitter      (TIJ):    0.600ns
    Discrete Jitter          (DJ):    0.000ns
    Phase Error              (PE):    0.000ns
  Timing Exception:       False Path

    Location             Delay type                Incr(ns)  Path(ns)    Netlist Resource(s)
  -------------------------------------------------------------------    -------------------
                         (clock clk_fpga_0 rise edge)
                                                      0.000     0.000 r  
    PS7_X0Y0             PS7                          0.000     0.000 r  rv32_top_i/ps7/inst/PS7_i/FCLKCLK[0]
                         net (fo=1, routed)           0.310     0.310    rv32_top_i/ps7/inst/FCLK_CLK_unbuffered[0]
    BUFGCTRL_X0Y16       BUFG (Prop_bufg_I_O)         0.026     0.336 r  rv32_top_i/ps7/inst/buffer_fclk_clk_0.FCLK_CLK_0_BUFG/O
                         net (fo=39071, routed)       0.649     0.985    rv32_top_i/axi_smc/inst/clk_map/psr_aclk/U0/aclk
    SLICE_X26Y117        FDRE                                         r  rv32_top_i/axi_smc/inst/clk_map/psr_aclk/U0/ACTIVE_LOW_BSR_OUT_DFF[0].FDRE_BSR_N/C
  -------------------------------------------------------------------    -------------------
    SLICE_X26Y117        FDRE (Prop_fdre_C_Q)         0.164     1.149 r  rv32_top_i/axi_smc/inst/clk_map/psr_aclk/U0/ACTIVE_LOW_BSR_OUT_DFF[0].FDRE_BSR_N/Q
                         net (fo=9, routed)           0.303     1.452    rv32_top_i/axi_smc/inst/s00_nodes/s00_b_node/inst/s_sc_xpm_cdc_async_rst_inst/src_arst
    SLICE_X27Y116        LUT1 (Prop_lut1_I0_O)        0.045     1.497 f  rv32_top_i/axi_smc/inst/s00_nodes/s00_b_node/inst/s_sc_xpm_cdc_async_rst_inst/arststages_ff[2]_i_1/O
                         net (fo=3, routed)           0.231     1.727    rv32_top_i/axi_smc/inst/s00_nodes/s00_b_node/inst/s_sc_xpm_cdc_async_rst_inst/reset_pol
    SLICE_X27Y116        FDCE                                         f  rv32_top_i/axi_smc/inst/s00_nodes/s00_b_node/inst/s_sc_xpm_cdc_async_rst_inst/arststages_ff_reg[2]/CLR
  -------------------------------------------------------------------    -------------------

                         (clock clk_fpga_0 rise edge)
                                                      0.000     0.000 r  
    PS7_X0Y0             PS7                          0.000     0.000 r  rv32_top_i/ps7/inst/PS7_i/FCLKCLK[0]
                         net (fo=1, routed)           0.337     0.337    rv32_top_i/ps7/inst/FCLK_CLK_unbuffered[0]
    BUFGCTRL_X0Y16       BUFG (Prop_bufg_I_O)         0.029     0.366 r  rv32_top_i/ps7/inst/buffer_fclk_clk_0.FCLK_CLK_0_BUFG/O
                         net (fo=39071, routed)       0.922     1.288    rv32_top_i/axi_smc/inst/s00_nodes/s00_b_node/inst/s_sc_xpm_cdc_async_rst_inst/dest_clk
    SLICE_X27Y116        FDCE                                         r  rv32_top_i/axi_smc/inst/s00_nodes/s00_b_node/inst/s_sc_xpm_cdc_async_rst_inst/arststages_ff_reg[2]/C

Slack:                    inf
  Source:                 rv32_top_i/axi_smc/inst/clk_map/psr_aclk/U0/ACTIVE_LOW_BSR_OUT_DFF[0].FDRE_BSR_N/C
                            (rising edge-triggered cell FDRE clocked by clk_fpga_0  {rise@0.000ns fall@10.000ns period=20.000ns})
  Destination:            rv32_top_i/axi_smc/inst/s00_nodes/s00_aw_node/inst/s_sc_xpm_cdc_async_rst_inst/arststages_ff_reg[0]/CLR
                            (removal check against rising-edge clock clk_fpga_0  {rise@0.000ns fall@10.000ns period=20.000ns})
  Path Group:             (none)
  Path Type:              Removal (Min at Fast Process Corner)
  Data Path Delay:        0.744ns  (logic 0.209ns (28.097%)  route 0.535ns (71.903%))
  Logic Levels:           1  (LUT1=1)
  Clock Path Skew:        0.302ns (DCD - SCD - CPR)
    Destination Clock Delay (DCD):    1.287ns
    Source Clock Delay      (SCD):    0.985ns
    Clock Pessimism Removal (CPR):    -0.000ns
  Clock Uncertainty:      0.302ns  ((TSJ^2 + TIJ^2)^1/2 + DJ) / 2 + PE
    Total System Jitter     (TSJ):    0.071ns
    Total Input Jitter      (TIJ):    0.600ns
    Discrete Jitter          (DJ):    0.000ns
    Phase Error              (PE):    0.000ns
  Timing Exception:       False Path

    Location             Delay type                Incr(ns)  Path(ns)    Netlist Resource(s)
  -------------------------------------------------------------------    -------------------
                         (clock clk_fpga_0 rise edge)
                                                      0.000     0.000 r  
    PS7_X0Y0             PS7                          0.000     0.000 r  rv32_top_i/ps7/inst/PS7_i/FCLKCLK[0]
                         net (fo=1, routed)           0.310     0.310    rv32_top_i/ps7/inst/FCLK_CLK_unbuffered[0]
    BUFGCTRL_X0Y16       BUFG (Prop_bufg_I_O)         0.026     0.336 r  rv32_top_i/ps7/inst/buffer_fclk_clk_0.FCLK_CLK_0_BUFG/O
                         net (fo=39071, routed)       0.649     0.985    rv32_top_i/axi_smc/inst/clk_map/psr_aclk/U0/aclk
    SLICE_X26Y117        FDRE                                         r  rv32_top_i/axi_smc/inst/clk_map/psr_aclk/U0/ACTIVE_LOW_BSR_OUT_DFF[0].FDRE_BSR_N/C
  -------------------------------------------------------------------    -------------------
    SLICE_X26Y117        FDRE (Prop_fdre_C_Q)         0.164     1.149 r  rv32_top_i/axi_smc/inst/clk_map/psr_aclk/U0/ACTIVE_LOW_BSR_OUT_DFF[0].FDRE_BSR_N/Q
                         net (fo=9, routed)           0.306     1.455    rv32_top_i/axi_smc/inst/s00_nodes/s00_aw_node/inst/s_sc_xpm_cdc_async_rst_inst/src_arst
    SLICE_X29Y117        LUT1 (Prop_lut1_I0_O)        0.045     1.500 f  rv32_top_i/axi_smc/inst/s00_nodes/s00_aw_node/inst/s_sc_xpm_cdc_async_rst_inst/arststages_ff[2]_i_1/O
                         net (fo=3, routed)           0.228     1.729    rv32_top_i/axi_smc/inst/s00_nodes/s00_aw_node/inst/s_sc_xpm_cdc_async_rst_inst/reset_pol
    SLICE_X29Y118        FDCE                                         f  rv32_top_i/axi_smc/inst/s00_nodes/s00_aw_node/inst/s_sc_xpm_cdc_async_rst_inst/arststages_ff_reg[0]/CLR
  -------------------------------------------------------------------    -------------------

                         (clock clk_fpga_0 rise edge)
                                                      0.000     0.000 r  
    PS7_X0Y0             PS7                          0.000     0.000 r  rv32_top_i/ps7/inst/PS7_i/FCLKCLK[0]
                         net (fo=1, routed)           0.337     0.337    rv32_top_i/ps7/inst/FCLK_CLK_unbuffered[0]
    BUFGCTRL_X0Y16       BUFG (Prop_bufg_I_O)         0.029     0.366 r  rv32_top_i/ps7/inst/buffer_fclk_clk_0.FCLK_CLK_0_BUFG/O
                         net (fo=39071, routed)       0.921     1.287    rv32_top_i/axi_smc/inst/s00_nodes/s00_aw_node/inst/s_sc_xpm_cdc_async_rst_inst/dest_clk
    SLICE_X29Y118        FDCE                                         r  rv32_top_i/axi_smc/inst/s00_nodes/s00_aw_node/inst/s_sc_xpm_cdc_async_rst_inst/arststages_ff_reg[0]/C

Slack:                    inf
  Source:                 rv32_top_i/axi_smc/inst/clk_map/psr_aclk/U0/ACTIVE_LOW_BSR_OUT_DFF[0].FDRE_BSR_N/C
                            (rising edge-triggered cell FDRE clocked by clk_fpga_0  {rise@0.000ns fall@10.000ns period=20.000ns})
  Destination:            rv32_top_i/axi_smc/inst/s00_nodes/s00_aw_node/inst/s_sc_xpm_cdc_async_rst_inst/arststages_ff_reg[1]/CLR
                            (removal check against rising-edge clock clk_fpga_0  {rise@0.000ns fall@10.000ns period=20.000ns})
  Path Group:             (none)
  Path Type:              Removal (Min at Fast Process Corner)
  Data Path Delay:        0.744ns  (logic 0.209ns (28.097%)  route 0.535ns (71.903%))
  Logic Levels:           1  (LUT1=1)
  Clock Path Skew:        0.302ns (DCD - SCD - CPR)
    Destination Clock Delay (DCD):    1.287ns
    Source Clock Delay      (SCD):    0.985ns
    Clock Pessimism Removal (CPR):    -0.000ns
  Clock Uncertainty:      0.302ns  ((TSJ^2 + TIJ^2)^1/2 + DJ) / 2 + PE
    Total System Jitter     (TSJ):    0.071ns
    Total Input Jitter      (TIJ):    0.600ns
    Discrete Jitter          (DJ):    0.000ns
    Phase Error              (PE):    0.000ns
  Timing Exception:       False Path

    Location             Delay type                Incr(ns)  Path(ns)    Netlist Resource(s)
  -------------------------------------------------------------------    -------------------
                         (clock clk_fpga_0 rise edge)
                                                      0.000     0.000 r  
    PS7_X0Y0             PS7                          0.000     0.000 r  rv32_top_i/ps7/inst/PS7_i/FCLKCLK[0]
                         net (fo=1, routed)           0.310     0.310    rv32_top_i/ps7/inst/FCLK_CLK_unbuffered[0]
    BUFGCTRL_X0Y16       BUFG (Prop_bufg_I_O)         0.026     0.336 r  rv32_top_i/ps7/inst/buffer_fclk_clk_0.FCLK_CLK_0_BUFG/O
                         net (fo=39071, routed)       0.649     0.985    rv32_top_i/axi_smc/inst/clk_map/psr_aclk/U0/aclk
    SLICE_X26Y117        FDRE                                         r  rv32_top_i/axi_smc/inst/clk_map/psr_aclk/U0/ACTIVE_LOW_BSR_OUT_DFF[0].FDRE_BSR_N/C
  -------------------------------------------------------------------    -------------------
    SLICE_X26Y117        FDRE (Prop_fdre_C_Q)         0.164     1.149 r  rv32_top_i/axi_smc/inst/clk_map/psr_aclk/U0/ACTIVE_LOW_BSR_OUT_DFF[0].FDRE_BSR_N/Q
                         net (fo=9, routed)           0.306     1.455    rv32_top_i/axi_smc/inst/s00_nodes/s00_aw_node/inst/s_sc_xpm_cdc_async_rst_inst/src_arst
    SLICE_X29Y117        LUT1 (Prop_lut1_I0_O)        0.045     1.500 f  rv32_top_i/axi_smc/inst/s00_nodes/s00_aw_node/inst/s_sc_xpm_cdc_async_rst_inst/arststages_ff[2]_i_1/O
                         net (fo=3, routed)           0.228     1.729    rv32_top_i/axi_smc/inst/s00_nodes/s00_aw_node/inst/s_sc_xpm_cdc_async_rst_inst/reset_pol
    SLICE_X29Y118        FDCE                                         f  rv32_top_i/axi_smc/inst/s00_nodes/s00_aw_node/inst/s_sc_xpm_cdc_async_rst_inst/arststages_ff_reg[1]/CLR
  -------------------------------------------------------------------    -------------------

                         (clock clk_fpga_0 rise edge)
                                                      0.000     0.000 r  
    PS7_X0Y0             PS7                          0.000     0.000 r  rv32_top_i/ps7/inst/PS7_i/FCLKCLK[0]
                         net (fo=1, routed)           0.337     0.337    rv32_top_i/ps7/inst/FCLK_CLK_unbuffered[0]
    BUFGCTRL_X0Y16       BUFG (Prop_bufg_I_O)         0.029     0.366 r  rv32_top_i/ps7/inst/buffer_fclk_clk_0.FCLK_CLK_0_BUFG/O
                         net (fo=39071, routed)       0.921     1.287    rv32_top_i/axi_smc/inst/s00_nodes/s00_aw_node/inst/s_sc_xpm_cdc_async_rst_inst/dest_clk
    SLICE_X29Y118        FDCE                                         r  rv32_top_i/axi_smc/inst/s00_nodes/s00_aw_node/inst/s_sc_xpm_cdc_async_rst_inst/arststages_ff_reg[1]/C

Slack:                    inf
  Source:                 rv32_top_i/axi_smc/inst/clk_map/psr_aclk/U0/ACTIVE_LOW_BSR_OUT_DFF[0].FDRE_BSR_N/C
                            (rising edge-triggered cell FDRE clocked by clk_fpga_0  {rise@0.000ns fall@10.000ns period=20.000ns})
  Destination:            rv32_top_i/axi_smc/inst/s00_nodes/s00_aw_node/inst/s_sc_xpm_cdc_async_rst_inst/arststages_ff_reg[2]/CLR
                            (removal check against rising-edge clock clk_fpga_0  {rise@0.000ns fall@10.000ns period=20.000ns})
  Path Group:             (none)
  Path Type:              Removal (Min at Fast Process Corner)
  Data Path Delay:        0.744ns  (logic 0.209ns (28.097%)  route 0.535ns (71.903%))
  Logic Levels:           1  (LUT1=1)
  Clock Path Skew:        0.302ns (DCD - SCD - CPR)
    Destination Clock Delay (DCD):    1.287ns
    Source Clock Delay      (SCD):    0.985ns
    Clock Pessimism Removal (CPR):    -0.000ns
  Clock Uncertainty:      0.302ns  ((TSJ^2 + TIJ^2)^1/2 + DJ) / 2 + PE
    Total System Jitter     (TSJ):    0.071ns
    Total Input Jitter      (TIJ):    0.600ns
    Discrete Jitter          (DJ):    0.000ns
    Phase Error              (PE):    0.000ns
  Timing Exception:       False Path

    Location             Delay type                Incr(ns)  Path(ns)    Netlist Resource(s)
  -------------------------------------------------------------------    -------------------
                         (clock clk_fpga_0 rise edge)
                                                      0.000     0.000 r  
    PS7_X0Y0             PS7                          0.000     0.000 r  rv32_top_i/ps7/inst/PS7_i/FCLKCLK[0]
                         net (fo=1, routed)           0.310     0.310    rv32_top_i/ps7/inst/FCLK_CLK_unbuffered[0]
    BUFGCTRL_X0Y16       BUFG (Prop_bufg_I_O)         0.026     0.336 r  rv32_top_i/ps7/inst/buffer_fclk_clk_0.FCLK_CLK_0_BUFG/O
                         net (fo=39071, routed)       0.649     0.985    rv32_top_i/axi_smc/inst/clk_map/psr_aclk/U0/aclk
    SLICE_X26Y117        FDRE                                         r  rv32_top_i/axi_smc/inst/clk_map/psr_aclk/U0/ACTIVE_LOW_BSR_OUT_DFF[0].FDRE_BSR_N/C
  -------------------------------------------------------------------    -------------------
    SLICE_X26Y117        FDRE (Prop_fdre_C_Q)         0.164     1.149 r  rv32_top_i/axi_smc/inst/clk_map/psr_aclk/U0/ACTIVE_LOW_BSR_OUT_DFF[0].FDRE_BSR_N/Q
                         net (fo=9, routed)           0.306     1.455    rv32_top_i/axi_smc/inst/s00_nodes/s00_aw_node/inst/s_sc_xpm_cdc_async_rst_inst/src_arst
    SLICE_X29Y117        LUT1 (Prop_lut1_I0_O)        0.045     1.500 f  rv32_top_i/axi_smc/inst/s00_nodes/s00_aw_node/inst/s_sc_xpm_cdc_async_rst_inst/arststages_ff[2]_i_1/O
                         net (fo=3, routed)           0.228     1.729    rv32_top_i/axi_smc/inst/s00_nodes/s00_aw_node/inst/s_sc_xpm_cdc_async_rst_inst/reset_pol
    SLICE_X29Y118        FDCE                                         f  rv32_top_i/axi_smc/inst/s00_nodes/s00_aw_node/inst/s_sc_xpm_cdc_async_rst_inst/arststages_ff_reg[2]/CLR
  -------------------------------------------------------------------    -------------------

                         (clock clk_fpga_0 rise edge)
                                                      0.000     0.000 r  
    PS7_X0Y0             PS7                          0.000     0.000 r  rv32_top_i/ps7/inst/PS7_i/FCLKCLK[0]
                         net (fo=1, routed)           0.337     0.337    rv32_top_i/ps7/inst/FCLK_CLK_unbuffered[0]
    BUFGCTRL_X0Y16       BUFG (Prop_bufg_I_O)         0.029     0.366 r  rv32_top_i/ps7/inst/buffer_fclk_clk_0.FCLK_CLK_0_BUFG/O
                         net (fo=39071, routed)       0.921     1.287    rv32_top_i/axi_smc/inst/s00_nodes/s00_aw_node/inst/s_sc_xpm_cdc_async_rst_inst/dest_clk
    SLICE_X29Y118        FDCE                                         r  rv32_top_i/axi_smc/inst/s00_nodes/s00_aw_node/inst/s_sc_xpm_cdc_async_rst_inst/arststages_ff_reg[2]/C

Slack:                    inf
  Source:                 rv32_top_i/axi_smc/inst/clk_map/psr_aclk/U0/ACTIVE_LOW_BSR_OUT_DFF[0].FDRE_BSR_N/C
                            (rising edge-triggered cell FDRE clocked by clk_fpga_0  {rise@0.000ns fall@10.000ns period=20.000ns})
  Destination:            rv32_top_i/axi_smc/inst/m00_exit_pipeline/m00_exit/inst/xpm_cdc_async_rst_inst/arststages_ff_reg[0]/CLR
                            (removal check against rising-edge clock clk_fpga_0  {rise@0.000ns fall@10.000ns period=20.000ns})
  Path Group:             (none)
  Path Type:              Removal (Min at Fast Process Corner)
  Data Path Delay:        0.753ns  (logic 0.208ns (27.624%)  route 0.545ns (72.376%))
  Logic Levels:           1  (LUT1=1)
  Clock Path Skew:        0.303ns (DCD - SCD - CPR)
    Destination Clock Delay (DCD):    1.288ns
    Source Clock Delay      (SCD):    0.985ns
    Clock Pessimism Removal (CPR):    -0.000ns
  Clock Uncertainty:      0.302ns  ((TSJ^2 + TIJ^2)^1/2 + DJ) / 2 + PE
    Total System Jitter     (TSJ):    0.071ns
    Total Input Jitter      (TIJ):    0.600ns
    Discrete Jitter          (DJ):    0.000ns
    Phase Error              (PE):    0.000ns
  Timing Exception:       False Path

    Location             Delay type                Incr(ns)  Path(ns)    Netlist Resource(s)
  -------------------------------------------------------------------    -------------------
                         (clock clk_fpga_0 rise edge)
                                                      0.000     0.000 r  
    PS7_X0Y0             PS7                          0.000     0.000 r  rv32_top_i/ps7/inst/PS7_i/FCLKCLK[0]
                         net (fo=1, routed)           0.310     0.310    rv32_top_i/ps7/inst/FCLK_CLK_unbuffered[0]
    BUFGCTRL_X0Y16       BUFG (Prop_bufg_I_O)         0.026     0.336 r  rv32_top_i/ps7/inst/buffer_fclk_clk_0.FCLK_CLK_0_BUFG/O
                         net (fo=39071, routed)       0.649     0.985    rv32_top_i/axi_smc/inst/clk_map/psr_aclk/U0/aclk
    SLICE_X26Y117        FDRE                                         r  rv32_top_i/axi_smc/inst/clk_map/psr_aclk/U0/ACTIVE_LOW_BSR_OUT_DFF[0].FDRE_BSR_N/C
  -------------------------------------------------------------------    -------------------
    SLICE_X26Y117        FDRE (Prop_fdre_C_Q)         0.164     1.149 r  rv32_top_i/axi_smc/inst/clk_map/psr_aclk/U0/ACTIVE_LOW_BSR_OUT_DFF[0].FDRE_BSR_N/Q
                         net (fo=9, routed)           0.306     1.455    rv32_top_i/axi_smc/inst/m00_exit_pipeline/m00_exit/inst/xpm_cdc_async_rst_inst/src_arst
    SLICE_X29Y117        LUT1 (Prop_lut1_I0_O)        0.044     1.499 f  rv32_top_i/axi_smc/inst/m00_exit_pipeline/m00_exit/inst/xpm_cdc_async_rst_inst/arststages_ff[2]_i_1/O
                         net (fo=3, routed)           0.239     1.738    rv32_top_i/axi_smc/inst/m00_exit_pipeline/m00_exit/inst/xpm_cdc_async_rst_inst/reset_pol
    SLICE_X28Y117        FDCE                                         f  rv32_top_i/axi_smc/inst/m00_exit_pipeline/m00_exit/inst/xpm_cdc_async_rst_inst/arststages_ff_reg[0]/CLR
  -------------------------------------------------------------------    -------------------

                         (clock clk_fpga_0 rise edge)
                                                      0.000     0.000 r  
    PS7_X0Y0             PS7                          0.000     0.000 r  rv32_top_i/ps7/inst/PS7_i/FCLKCLK[0]
                         net (fo=1, routed)           0.337     0.337    rv32_top_i/ps7/inst/FCLK_CLK_unbuffered[0]
    BUFGCTRL_X0Y16       BUFG (Prop_bufg_I_O)         0.029     0.366 r  rv32_top_i/ps7/inst/buffer_fclk_clk_0.FCLK_CLK_0_BUFG/O
                         net (fo=39071, routed)       0.922     1.288    rv32_top_i/axi_smc/inst/m00_exit_pipeline/m00_exit/inst/xpm_cdc_async_rst_inst/dest_clk
    SLICE_X28Y117        FDCE                                         r  rv32_top_i/axi_smc/inst/m00_exit_pipeline/m00_exit/inst/xpm_cdc_async_rst_inst/arststages_ff_reg[0]/C

Slack:                    inf
  Source:                 rv32_top_i/axi_smc/inst/clk_map/psr_aclk/U0/ACTIVE_LOW_BSR_OUT_DFF[0].FDRE_BSR_N/C
                            (rising edge-triggered cell FDRE clocked by clk_fpga_0  {rise@0.000ns fall@10.000ns period=20.000ns})
  Destination:            rv32_top_i/axi_smc/inst/m00_exit_pipeline/m00_exit/inst/xpm_cdc_async_rst_inst/arststages_ff_reg[1]/CLR
                            (removal check against rising-edge clock clk_fpga_0  {rise@0.000ns fall@10.000ns period=20.000ns})
  Path Group:             (none)
  Path Type:              Removal (Min at Fast Process Corner)
  Data Path Delay:        0.753ns  (logic 0.208ns (27.624%)  route 0.545ns (72.376%))
  Logic Levels:           1  (LUT1=1)
  Clock Path Skew:        0.303ns (DCD - SCD - CPR)
    Destination Clock Delay (DCD):    1.288ns
    Source Clock Delay      (SCD):    0.985ns
    Clock Pessimism Removal (CPR):    -0.000ns
  Clock Uncertainty:      0.302ns  ((TSJ^2 + TIJ^2)^1/2 + DJ) / 2 + PE
    Total System Jitter     (TSJ):    0.071ns
    Total Input Jitter      (TIJ):    0.600ns
    Discrete Jitter          (DJ):    0.000ns
    Phase Error              (PE):    0.000ns
  Timing Exception:       False Path

    Location             Delay type                Incr(ns)  Path(ns)    Netlist Resource(s)
  -------------------------------------------------------------------    -------------------
                         (clock clk_fpga_0 rise edge)
                                                      0.000     0.000 r  
    PS7_X0Y0             PS7                          0.000     0.000 r  rv32_top_i/ps7/inst/PS7_i/FCLKCLK[0]
                         net (fo=1, routed)           0.310     0.310    rv32_top_i/ps7/inst/FCLK_CLK_unbuffered[0]
    BUFGCTRL_X0Y16       BUFG (Prop_bufg_I_O)         0.026     0.336 r  rv32_top_i/ps7/inst/buffer_fclk_clk_0.FCLK_CLK_0_BUFG/O
                         net (fo=39071, routed)       0.649     0.985    rv32_top_i/axi_smc/inst/clk_map/psr_aclk/U0/aclk
    SLICE_X26Y117        FDRE                                         r  rv32_top_i/axi_smc/inst/clk_map/psr_aclk/U0/ACTIVE_LOW_BSR_OUT_DFF[0].FDRE_BSR_N/C
  -------------------------------------------------------------------    -------------------
    SLICE_X26Y117        FDRE (Prop_fdre_C_Q)         0.164     1.149 r  rv32_top_i/axi_smc/inst/clk_map/psr_aclk/U0/ACTIVE_LOW_BSR_OUT_DFF[0].FDRE_BSR_N/Q
                         net (fo=9, routed)           0.306     1.455    rv32_top_i/axi_smc/inst/m00_exit_pipeline/m00_exit/inst/xpm_cdc_async_rst_inst/src_arst
    SLICE_X29Y117        LUT1 (Prop_lut1_I0_O)        0.044     1.499 f  rv32_top_i/axi_smc/inst/m00_exit_pipeline/m00_exit/inst/xpm_cdc_async_rst_inst/arststages_ff[2]_i_1/O
                         net (fo=3, routed)           0.239     1.738    rv32_top_i/axi_smc/inst/m00_exit_pipeline/m00_exit/inst/xpm_cdc_async_rst_inst/reset_pol
    SLICE_X28Y117        FDCE                                         f  rv32_top_i/axi_smc/inst/m00_exit_pipeline/m00_exit/inst/xpm_cdc_async_rst_inst/arststages_ff_reg[1]/CLR
  -------------------------------------------------------------------    -------------------

                         (clock clk_fpga_0 rise edge)
                                                      0.000     0.000 r  
    PS7_X0Y0             PS7                          0.000     0.000 r  rv32_top_i/ps7/inst/PS7_i/FCLKCLK[0]
                         net (fo=1, routed)           0.337     0.337    rv32_top_i/ps7/inst/FCLK_CLK_unbuffered[0]
    BUFGCTRL_X0Y16       BUFG (Prop_bufg_I_O)         0.029     0.366 r  rv32_top_i/ps7/inst/buffer_fclk_clk_0.FCLK_CLK_0_BUFG/O
                         net (fo=39071, routed)       0.922     1.288    rv32_top_i/axi_smc/inst/m00_exit_pipeline/m00_exit/inst/xpm_cdc_async_rst_inst/dest_clk
    SLICE_X28Y117        FDCE                                         r  rv32_top_i/axi_smc/inst/m00_exit_pipeline/m00_exit/inst/xpm_cdc_async_rst_inst/arststages_ff_reg[1]/C

Slack:                    inf
  Source:                 rv32_top_i/axi_smc/inst/clk_map/psr_aclk/U0/ACTIVE_LOW_BSR_OUT_DFF[0].FDRE_BSR_N/C
                            (rising edge-triggered cell FDRE clocked by clk_fpga_0  {rise@0.000ns fall@10.000ns period=20.000ns})
  Destination:            rv32_top_i/axi_smc/inst/m00_exit_pipeline/m00_exit/inst/xpm_cdc_async_rst_inst/arststages_ff_reg[2]/CLR
                            (removal check against rising-edge clock clk_fpga_0  {rise@0.000ns fall@10.000ns period=20.000ns})
  Path Group:             (none)
  Path Type:              Removal (Min at Fast Process Corner)
  Data Path Delay:        0.753ns  (logic 0.208ns (27.624%)  route 0.545ns (72.376%))
  Logic Levels:           1  (LUT1=1)
  Clock Path Skew:        0.303ns (DCD - SCD - CPR)
    Destination Clock Delay (DCD):    1.288ns
    Source Clock Delay      (SCD):    0.985ns
    Clock Pessimism Removal (CPR):    -0.000ns
  Clock Uncertainty:      0.302ns  ((TSJ^2 + TIJ^2)^1/2 + DJ) / 2 + PE
    Total System Jitter     (TSJ):    0.071ns
    Total Input Jitter      (TIJ):    0.600ns
    Discrete Jitter          (DJ):    0.000ns
    Phase Error              (PE):    0.000ns
  Timing Exception:       False Path

    Location             Delay type                Incr(ns)  Path(ns)    Netlist Resource(s)
  -------------------------------------------------------------------    -------------------
                         (clock clk_fpga_0 rise edge)
                                                      0.000     0.000 r  
    PS7_X0Y0             PS7                          0.000     0.000 r  rv32_top_i/ps7/inst/PS7_i/FCLKCLK[0]
                         net (fo=1, routed)           0.310     0.310    rv32_top_i/ps7/inst/FCLK_CLK_unbuffered[0]
    BUFGCTRL_X0Y16       BUFG (Prop_bufg_I_O)         0.026     0.336 r  rv32_top_i/ps7/inst/buffer_fclk_clk_0.FCLK_CLK_0_BUFG/O
                         net (fo=39071, routed)       0.649     0.985    rv32_top_i/axi_smc/inst/clk_map/psr_aclk/U0/aclk
    SLICE_X26Y117        FDRE                                         r  rv32_top_i/axi_smc/inst/clk_map/psr_aclk/U0/ACTIVE_LOW_BSR_OUT_DFF[0].FDRE_BSR_N/C
  -------------------------------------------------------------------    -------------------
    SLICE_X26Y117        FDRE (Prop_fdre_C_Q)         0.164     1.149 r  rv32_top_i/axi_smc/inst/clk_map/psr_aclk/U0/ACTIVE_LOW_BSR_OUT_DFF[0].FDRE_BSR_N/Q
                         net (fo=9, routed)           0.306     1.455    rv32_top_i/axi_smc/inst/m00_exit_pipeline/m00_exit/inst/xpm_cdc_async_rst_inst/src_arst
    SLICE_X29Y117        LUT1 (Prop_lut1_I0_O)        0.044     1.499 f  rv32_top_i/axi_smc/inst/m00_exit_pipeline/m00_exit/inst/xpm_cdc_async_rst_inst/arststages_ff[2]_i_1/O
                         net (fo=3, routed)           0.239     1.738    rv32_top_i/axi_smc/inst/m00_exit_pipeline/m00_exit/inst/xpm_cdc_async_rst_inst/reset_pol
    SLICE_X28Y117        FDCE                                         f  rv32_top_i/axi_smc/inst/m00_exit_pipeline/m00_exit/inst/xpm_cdc_async_rst_inst/arststages_ff_reg[2]/CLR
  -------------------------------------------------------------------    -------------------

                         (clock clk_fpga_0 rise edge)
                                                      0.000     0.000 r  
    PS7_X0Y0             PS7                          0.000     0.000 r  rv32_top_i/ps7/inst/PS7_i/FCLKCLK[0]
                         net (fo=1, routed)           0.337     0.337    rv32_top_i/ps7/inst/FCLK_CLK_unbuffered[0]
    BUFGCTRL_X0Y16       BUFG (Prop_bufg_I_O)         0.029     0.366 r  rv32_top_i/ps7/inst/buffer_fclk_clk_0.FCLK_CLK_0_BUFG/O
                         net (fo=39071, routed)       0.922     1.288    rv32_top_i/axi_smc/inst/m00_exit_pipeline/m00_exit/inst/xpm_cdc_async_rst_inst/dest_clk
    SLICE_X28Y117        FDCE                                         r  rv32_top_i/axi_smc/inst/m00_exit_pipeline/m00_exit/inst/xpm_cdc_async_rst_inst/arststages_ff_reg[2]/C





--------------------------------------------------------------------------------------
Path Group:  (none)
From Clock:  clk_fpga_0
  To Clock:  

Max Delay            41 Endpoints
Min Delay            41 Endpoints
--------------------------------------------------------------------------------------


Max Delay Paths
--------------------------------------------------------------------------------------
Slack:                    inf
  Source:                 rv32_top_i/plat/U0/u_mmio/u_spi1/idx_reg[1]/C
                            (rising edge-triggered cell FDSE clocked by clk_fpga_0  {rise@0.000ns fall@10.000ns period=20.000ns})
  Destination:            jb_io_0[1]
                            (output port)
  Path Group:             (none)
  Path Type:              Max at Slow Process Corner
  Data Path Delay:        14.055ns  (logic 4.651ns (33.093%)  route 9.404ns (66.907%))
  Logic Levels:           3  (LUT6=1 MUXF7=1 OBUF=1)
  Clock Uncertainty:      0.301ns  ((TSJ^2 + TIJ^2)^1/2 + DJ) / 2 + PE
    Total System Jitter     (TSJ):    0.050ns
    Total Input Jitter      (TIJ):    0.600ns
    Discrete Jitter          (DJ):    0.000ns
    Phase Error              (PE):    0.000ns

    Location             Delay type                Incr(ns)  Path(ns)    Netlist Resource(s)
  -------------------------------------------------------------------    -------------------
                         (clock clk_fpga_0 rise edge)
                                                      0.000     0.000 r  
    PS7_X0Y0             PS7                          0.000     0.000 r  rv32_top_i/ps7/inst/PS7_i/FCLKCLK[0]
                         net (fo=1, routed)           1.193     1.193    rv32_top_i/ps7/inst/FCLK_CLK_unbuffered[0]
    BUFGCTRL_X0Y16       BUFG (Prop_bufg_I_O)         0.101     1.294 r  rv32_top_i/ps7/inst/buffer_fclk_clk_0.FCLK_CLK_0_BUFG/O
                         net (fo=39071, routed)       1.966     3.260    rv32_top_i/plat/U0/u_mmio/u_spi1/S_AXI_ACLK
    SLICE_X90Y134        FDSE                                         r  rv32_top_i/plat/U0/u_mmio/u_spi1/idx_reg[1]/C
  -------------------------------------------------------------------    -------------------
    SLICE_X90Y134        FDSE (Prop_fdse_C_Q)         0.518     3.778 r  rv32_top_i/plat/U0/u_mmio/u_spi1/idx_reg[1]/Q
                         net (fo=11, routed)          1.692     5.470    rv32_top_i/plat/U0/u_mmio/u_spi1/idx_reg_n_0_[1]
    SLICE_X89Y138        LUT6 (Prop_lut6_I2_O)        0.124     5.594 r  rv32_top_i/plat/U0/u_mmio/u_spi1/jb_io[1]_INST_0_i_1/O
                         net (fo=1, routed)           0.000     5.594    rv32_top_i/plat/U0/u_mmio/u_spi1/jb_io[1]_INST_0_i_1_n_0
    SLICE_X89Y138        MUXF7 (Prop_muxf7_I0_O)      0.212     5.806 r  rv32_top_i/plat/U0/u_mmio/u_spi1/jb_io[1]_INST_0/O
                         net (fo=1, routed)           7.712    13.518    jb_io_0_IBUF__0[1]
    W8                   OBUF (Prop_obuf_I_O)         3.797    17.315 r  jb_io_0_OBUF[1]_inst/O
                         net (fo=0)                   0.000    17.315    jb_io_0[1]
    W8                                                                r  jb_io_0[1] (INOUT)
  -------------------------------------------------------------------    -------------------

Slack:                    inf
  Source:                 rv32_top_i/plat/U0/u_mmio/u_pwm/cnt_reg[16]/C
                            (rising edge-triggered cell FDRE clocked by clk_fpga_0  {rise@0.000ns fall@10.000ns period=20.000ns})
  Destination:            je_io_0[6]
                            (output port)
  Path Group:             (none)
  Path Type:              Max at Slow Process Corner
  Data Path Delay:        12.438ns  (logic 4.773ns (38.373%)  route 7.665ns (61.627%))
  Logic Levels:           4  (CARRY4=1 LUT2=1 LUT4=1 OBUF=1)
  Clock Uncertainty:      0.301ns  ((TSJ^2 + TIJ^2)^1/2 + DJ) / 2 + PE
    Total System Jitter     (TSJ):    0.050ns
    Total Input Jitter      (TIJ):    0.600ns
    Discrete Jitter          (DJ):    0.000ns
    Phase Error              (PE):    0.000ns

    Location             Delay type                Incr(ns)  Path(ns)    Netlist Resource(s)
  -------------------------------------------------------------------    -------------------
                         (clock clk_fpga_0 rise edge)
                                                      0.000     0.000 r  
    PS7_X0Y0             PS7                          0.000     0.000 r  rv32_top_i/ps7/inst/PS7_i/FCLKCLK[0]
                         net (fo=1, routed)           1.193     1.193    rv32_top_i/ps7/inst/FCLK_CLK_unbuffered[0]
    BUFGCTRL_X0Y16       BUFG (Prop_bufg_I_O)         0.101     1.294 r  rv32_top_i/ps7/inst/buffer_fclk_clk_0.FCLK_CLK_0_BUFG/O
                         net (fo=39071, routed)       1.970     3.264    rv32_top_i/plat/U0/u_mmio/u_pwm/S_AXI_ACLK
    SLICE_X99Y134        FDRE                                         r  rv32_top_i/plat/U0/u_mmio/u_pwm/cnt_reg[16]/C
  -------------------------------------------------------------------    -------------------
    SLICE_X99Y134        FDRE (Prop_fdre_C_Q)         0.456     3.720 r  rv32_top_i/plat/U0/u_mmio/u_pwm/cnt_reg[16]/Q
                         net (fo=11, routed)          1.598     5.318    rv32_top_i/plat/U0/u_mmio/u_pwm/cnt_reg[16]
    SLICE_X95Y134        LUT4 (Prop_lut4_I3_O)        0.124     5.442 r  rv32_top_i/plat/U0/u_mmio/u_pwm/i__carry__1_i_8__0/O
                         net (fo=1, routed)           0.000     5.442    rv32_top_i/plat/U0/u_mmio/u_pwm/i__carry__1_i_8__0_n_0
    SLICE_X95Y134        CARRY4 (Prop_carry4_S[0]_CO[3])
                                                      0.532     5.974 r  rv32_top_i/plat/U0/u_mmio/u_pwm/pwm_o1_inferred__1/i__carry__1/CO[3]
                         net (fo=1, routed)           1.467     7.441    rv32_top_i/plat/U0/u_mmio/u_pwm/pwm_o11_in
    SLICE_X100Y131       LUT2 (Prop_lut2_I0_O)        0.124     7.565 r  rv32_top_i/plat/U0/u_mmio/u_pwm/je_io[6]_INST_0/O
                         net (fo=1, routed)           4.600    12.165    je_io_0_IBUF__0[6]
    T17                  OBUF (Prop_obuf_I_O)         3.537    15.702 r  je_io_0_OBUF[6]_inst/O
                         net (fo=0)                   0.000    15.702    je_io_0[6]
    T17                                                               r  je_io_0[6] (INOUT)
  -------------------------------------------------------------------    -------------------

Slack:                    inf
  Source:                 rv32_top_i/plat/U0/u_mmio/u_spi1/ss_manual_reg/C
                            (rising edge-triggered cell FDRE clocked by clk_fpga_0  {rise@0.000ns fall@10.000ns period=20.000ns})
  Destination:            jb_io_0[0]
                            (output port)
  Path Group:             (none)
  Path Type:              Max at Slow Process Corner
  Data Path Delay:        11.828ns  (logic 4.202ns (35.524%)  route 7.626ns (64.476%))
  Logic Levels:           2  (LUT3=1 OBUF=1)
  Clock Uncertainty:      0.301ns  ((TSJ^2 + TIJ^2)^1/2 + DJ) / 2 + PE
    Total System Jitter     (TSJ):    0.050ns
    Total Input Jitter      (TIJ):    0.600ns
    Discrete Jitter          (DJ):    0.000ns
    Phase Error              (PE):    0.000ns

    Location             Delay type                Incr(ns)  Path(ns)    Netlist Resource(s)
  -------------------------------------------------------------------    -------------------
                         (clock clk_fpga_0 rise edge)
                                                      0.000     0.000 r  
    PS7_X0Y0             PS7                          0.000     0.000 r  rv32_top_i/ps7/inst/PS7_i/FCLKCLK[0]
                         net (fo=1, routed)           1.193     1.193    rv32_top_i/ps7/inst/FCLK_CLK_unbuffered[0]
    BUFGCTRL_X0Y16       BUFG (Prop_bufg_I_O)         0.101     1.294 r  rv32_top_i/ps7/inst/buffer_fclk_clk_0.FCLK_CLK_0_BUFG/O
                         net (fo=39071, routed)       1.970     3.264    rv32_top_i/plat/U0/u_mmio/u_spi1/S_AXI_ACLK
    SLICE_X93Y136        FDRE                                         r  rv32_top_i/plat/U0/u_mmio/u_spi1/ss_manual_reg/C
  -------------------------------------------------------------------    -------------------
    SLICE_X93Y136        FDRE (Prop_fdre_C_Q)         0.456     3.720 r  rv32_top_i/plat/U0/u_mmio/u_spi1/ss_manual_reg/Q
                         net (fo=2, routed)           0.725     4.445    rv32_top_i/plat/U0/u_mmio/u_spi1/ss_manual_reg_0
    SLICE_X93Y135        LUT3 (Prop_lut3_I1_O)        0.124     4.569 r  rv32_top_i/plat/U0/u_mmio/u_spi1/jb_io[0]_INST_0/O
                         net (fo=1, routed)           6.901    11.470    jb_io_0_IBUF__0[0]
    V8                   OBUF (Prop_obuf_I_O)         3.622    15.092 r  jb_io_0_OBUF[0]_inst/O
                         net (fo=0)                   0.000    15.092    jb_io_0[0]
    V8                                                                r  jb_io_0[0] (INOUT)
  -------------------------------------------------------------------    -------------------

Slack:                    inf
  Source:                 rv32_top_i/plat/U0/u_mmio/u_pwm/cnt_reg[2]/C
                            (rising edge-triggered cell FDRE clocked by clk_fpga_0  {rise@0.000ns fall@10.000ns period=20.000ns})
  Destination:            je_io_0[4]
                            (output port)
  Path Group:             (none)
  Path Type:              Max at Slow Process Corner
  Data Path Delay:        11.618ns  (logic 5.096ns (43.861%)  route 6.522ns (56.139%))
  Logic Levels:           6  (CARRY4=3 LUT2=1 LUT4=1 OBUF=1)
  Clock Uncertainty:      0.301ns  ((TSJ^2 + TIJ^2)^1/2 + DJ) / 2 + PE
    Total System Jitter     (TSJ):    0.050ns
    Total Input Jitter      (TIJ):    0.600ns
    Discrete Jitter          (DJ):    0.000ns
    Phase Error              (PE):    0.000ns

    Location             Delay type                Incr(ns)  Path(ns)    Netlist Resource(s)
  -------------------------------------------------------------------    -------------------
                         (clock clk_fpga_0 rise edge)
                                                      0.000     0.000 r  
    PS7_X0Y0             PS7                          0.000     0.000 r  rv32_top_i/ps7/inst/PS7_i/FCLKCLK[0]
                         net (fo=1, routed)           1.193     1.193    rv32_top_i/ps7/inst/FCLK_CLK_unbuffered[0]
    BUFGCTRL_X0Y16       BUFG (Prop_bufg_I_O)         0.101     1.294 r  rv32_top_i/ps7/inst/buffer_fclk_clk_0.FCLK_CLK_0_BUFG/O
                         net (fo=39071, routed)       1.965     3.259    rv32_top_i/plat/U0/u_mmio/u_pwm/S_AXI_ACLK
    SLICE_X99Y130        FDRE                                         r  rv32_top_i/plat/U0/u_mmio/u_pwm/cnt_reg[2]/C
  -------------------------------------------------------------------    -------------------
    SLICE_X99Y130        FDRE (Prop_fdre_C_Q)         0.456     3.715 r  rv32_top_i/plat/U0/u_mmio/u_pwm/cnt_reg[2]/Q
                         net (fo=11, routed)          1.720     5.435    rv32_top_i/plat/U0/u_mmio/u_pwm/cnt_reg[2]
    SLICE_X100Y133       LUT4 (Prop_lut4_I3_O)        0.124     5.559 r  rv32_top_i/plat/U0/u_mmio/u_pwm/pwm_o1_carry_i_7/O
                         net (fo=1, routed)           0.000     5.559    rv32_top_i/plat/U0/u_mmio/u_pwm/pwm_o1_carry_i_7_n_0
    SLICE_X100Y133       CARRY4 (Prop_carry4_S[1]_CO[3])
                                                      0.533     6.092 r  rv32_top_i/plat/U0/u_mmio/u_pwm/pwm_o1_carry/CO[3]
                         net (fo=1, routed)           0.000     6.092    rv32_top_i/plat/U0/u_mmio/u_pwm/pwm_o1_carry_n_0
    SLICE_X100Y134       CARRY4 (Prop_carry4_CI_CO[3])
                                                      0.117     6.209 r  rv32_top_i/plat/U0/u_mmio/u_pwm/pwm_o1_carry__0/CO[3]
                         net (fo=1, routed)           0.000     6.209    rv32_top_i/plat/U0/u_mmio/u_pwm/pwm_o1_carry__0_n_0
    SLICE_X100Y135       CARRY4 (Prop_carry4_CI_CO[3])
                                                      0.117     6.326 r  rv32_top_i/plat/U0/u_mmio/u_pwm/pwm_o1_carry__1/CO[3]
                         net (fo=1, routed)           1.404     7.730    rv32_top_i/plat/U0/u_mmio/u_pwm/pwm_o1__11
    SLICE_X101Y131       LUT2 (Prop_lut2_I0_O)        0.124     7.854 r  rv32_top_i/plat/U0/u_mmio/u_pwm/je_io[4]_INST_0/O
                         net (fo=1, routed)           3.398    11.252    je_io_0_IBUF__0[4]
    V13                  OBUF (Prop_obuf_I_O)         3.625    14.877 r  je_io_0_OBUF[4]_inst/O
                         net (fo=0)                   0.000    14.877    je_io_0[4]
    V13                                                               r  je_io_0[4] (INOUT)
  -------------------------------------------------------------------    -------------------

Slack:                    inf
  Source:                 rv32_top_i/plat/U0/u_mmio/u_pwm/cnt_reg[2]/C
                            (rising edge-triggered cell FDRE clocked by clk_fpga_0  {rise@0.000ns fall@10.000ns period=20.000ns})
  Destination:            je_io_0[5]
                            (output port)
  Path Group:             (none)
  Path Type:              Max at Slow Process Corner
  Data Path Delay:        11.426ns  (logic 5.074ns (44.406%)  route 6.352ns (55.594%))
  Logic Levels:           6  (CARRY4=3 LUT2=1 LUT4=1 OBUF=1)
  Clock Uncertainty:      0.301ns  ((TSJ^2 + TIJ^2)^1/2 + DJ) / 2 + PE
    Total System Jitter     (TSJ):    0.050ns
    Total Input Jitter      (TIJ):    0.600ns
    Discrete Jitter          (DJ):    0.000ns
    Phase Error              (PE):    0.000ns

    Location             Delay type                Incr(ns)  Path(ns)    Netlist Resource(s)
  -------------------------------------------------------------------    -------------------
                         (clock clk_fpga_0 rise edge)
                                                      0.000     0.000 r  
    PS7_X0Y0             PS7                          0.000     0.000 r  rv32_top_i/ps7/inst/PS7_i/FCLKCLK[0]
                         net (fo=1, routed)           1.193     1.193    rv32_top_i/ps7/inst/FCLK_CLK_unbuffered[0]
    BUFGCTRL_X0Y16       BUFG (Prop_bufg_I_O)         0.101     1.294 r  rv32_top_i/ps7/inst/buffer_fclk_clk_0.FCLK_CLK_0_BUFG/O
                         net (fo=39071, routed)       1.965     3.259    rv32_top_i/plat/U0/u_mmio/u_pwm/S_AXI_ACLK
    SLICE_X99Y130        FDRE                                         r  rv32_top_i/plat/U0/u_mmio/u_pwm/cnt_reg[2]/C
  -------------------------------------------------------------------    -------------------
    SLICE_X99Y130        FDRE (Prop_fdre_C_Q)         0.456     3.715 r  rv32_top_i/plat/U0/u_mmio/u_pwm/cnt_reg[2]/Q
                         net (fo=11, routed)          1.414     5.129    rv32_top_i/plat/U0/u_mmio/u_pwm/cnt_reg[2]
    SLICE_X96Y131        LUT4 (Prop_lut4_I3_O)        0.124     5.253 r  rv32_top_i/plat/U0/u_mmio/u_pwm/i__carry_i_7/O
                         net (fo=1, routed)           0.000     5.253    rv32_top_i/plat/U0/u_mmio/u_pwm/i__carry_i_7_n_0
    SLICE_X96Y131        CARRY4 (Prop_carry4_S[1]_CO[3])
                                                      0.533     5.786 r  rv32_top_i/plat/U0/u_mmio/u_pwm/pwm_o1_inferred__0/i__carry/CO[3]
                         net (fo=1, routed)           0.000     5.786    rv32_top_i/plat/U0/u_mmio/u_pwm/pwm_o1_inferred__0/i__carry_n_0
    SLICE_X96Y132        CARRY4 (Prop_carry4_CI_CO[3])
                                                      0.117     5.903 r  rv32_top_i/plat/U0/u_mmio/u_pwm/pwm_o1_inferred__0/i__carry__0/CO[3]
                         net (fo=1, routed)           0.000     5.903    rv32_top_i/plat/U0/u_mmio/u_pwm/pwm_o1_inferred__0/i__carry__0_n_0
    SLICE_X96Y133        CARRY4 (Prop_carry4_CI_CO[3])
                                                      0.117     6.020 r  rv32_top_i/plat/U0/u_mmio/u_pwm/pwm_o1_inferred__0/i__carry__1/CO[3]
                         net (fo=1, routed)           1.115     7.135    rv32_top_i/plat/U0/u_mmio/u_pwm/pwm_o10_in
    SLICE_X100Y132       LUT2 (Prop_lut2_I0_O)        0.124     7.259 r  rv32_top_i/plat/U0/u_mmio/u_pwm/je_io[5]_INST_0/O
                         net (fo=1, routed)           3.823    11.082    je_io_0_IBUF__0[5]
    U17                  OBUF (Prop_obuf_I_O)         3.603    14.685 r  je_io_0_OBUF[5]_inst/O
                         net (fo=0)                   0.000    14.685    je_io_0[5]
    U17                                                               r  je_io_0[5] (INOUT)
  -------------------------------------------------------------------    -------------------

Slack:                    inf
  Source:                 rv32_top_i/plat/U0/u_mmio/u_pwm/cnt_reg[2]/C
                            (rising edge-triggered cell FDRE clocked by clk_fpga_0  {rise@0.000ns fall@10.000ns period=20.000ns})
  Destination:            je_io_0[7]
                            (output port)
  Path Group:             (none)
  Path Type:              Max at Slow Process Corner
  Data Path Delay:        11.389ns  (logic 5.093ns (44.714%)  route 6.297ns (55.286%))
  Logic Levels:           6  (CARRY4=3 LUT2=1 LUT4=1 OBUF=1)
  Clock Uncertainty:      0.301ns  ((TSJ^2 + TIJ^2)^1/2 + DJ) / 2 + PE
    Total System Jitter     (TSJ):    0.050ns
    Total Input Jitter      (TIJ):    0.600ns
    Discrete Jitter          (DJ):    0.000ns
    Phase Error              (PE):    0.000ns

    Location             Delay type                Incr(ns)  Path(ns)    Netlist Resource(s)
  -------------------------------------------------------------------    -------------------
                         (clock clk_fpga_0 rise edge)
                                                      0.000     0.000 r  
    PS7_X0Y0             PS7                          0.000     0.000 r  rv32_top_i/ps7/inst/PS7_i/FCLKCLK[0]
                         net (fo=1, routed)           1.193     1.193    rv32_top_i/ps7/inst/FCLK_CLK_unbuffered[0]
    BUFGCTRL_X0Y16       BUFG (Prop_bufg_I_O)         0.101     1.294 r  rv32_top_i/ps7/inst/buffer_fclk_clk_0.FCLK_CLK_0_BUFG/O
                         net (fo=39071, routed)       1.965     3.259    rv32_top_i/plat/U0/u_mmio/u_pwm/S_AXI_ACLK
    SLICE_X99Y130        FDRE                                         r  rv32_top_i/plat/U0/u_mmio/u_pwm/cnt_reg[2]/C
  -------------------------------------------------------------------    -------------------
    SLICE_X99Y130        FDRE (Prop_fdre_C_Q)         0.456     3.715 r  rv32_top_i/plat/U0/u_mmio/u_pwm/cnt_reg[2]/Q
                         net (fo=11, routed)          1.637     5.352    rv32_top_i/plat/U0/u_mmio/u_pwm/cnt_reg[2]
    SLICE_X94Y131        LUT4 (Prop_lut4_I3_O)        0.124     5.476 r  rv32_top_i/plat/U0/u_mmio/u_pwm/i__carry_i_7__1/O
                         net (fo=1, routed)           0.000     5.476    rv32_top_i/plat/U0/u_mmio/u_pwm/i__carry_i_7__1_n_0
    SLICE_X94Y131        CARRY4 (Prop_carry4_S[1]_CO[3])
                                                      0.533     6.009 r  rv32_top_i/plat/U0/u_mmio/u_pwm/pwm_o1_inferred__2/i__carry/CO[3]
                         net (fo=1, routed)           0.000     6.009    rv32_top_i/plat/U0/u_mmio/u_pwm/pwm_o1_inferred__2/i__carry_n_0
    SLICE_X94Y132        CARRY4 (Prop_carry4_CI_CO[3])
                                                      0.117     6.126 r  rv32_top_i/plat/U0/u_mmio/u_pwm/pwm_o1_inferred__2/i__carry__0/CO[3]
                         net (fo=1, routed)           0.000     6.126    rv32_top_i/plat/U0/u_mmio/u_pwm/pwm_o1_inferred__2/i__carry__0_n_0
    SLICE_X94Y133        CARRY4 (Prop_carry4_CI_CO[3])
                                                      0.117     6.243 r  rv32_top_i/plat/U0/u_mmio/u_pwm/pwm_o1_inferred__2/i__carry__1/CO[3]
                         net (fo=1, routed)           0.897     7.140    rv32_top_i/plat/U0/u_mmio/u_pwm/pwm_o12_in
    SLICE_X101Y133       LUT2 (Prop_lut2_I0_O)        0.124     7.264 r  rv32_top_i/plat/U0/u_mmio/u_pwm/je_io[7]_INST_0/O
                         net (fo=1, routed)           3.763    11.027    je_io_0_IBUF__0[7]
    Y17                  OBUF (Prop_obuf_I_O)         3.622    14.648 r  je_io_0_OBUF[7]_inst/O
                         net (fo=0)                   0.000    14.648    je_io_0[7]
    Y17                                                               r  je_io_0[7] (INOUT)
  -------------------------------------------------------------------    -------------------

Slack:                    inf
  Source:                 rv32_top_i/plat/U0/u_mmio/u_gpio/dir_reg_reg[6]/C
                            (rising edge-triggered cell FDSE clocked by clk_fpga_0  {rise@0.000ns fall@10.000ns period=20.000ns})
  Destination:            jb_io_0[6]
                            (output port)
  Path Group:             (none)
  Path Type:              Max at Slow Process Corner
  Data Path Delay:        11.371ns  (logic 3.992ns (35.103%)  route 7.380ns (64.897%))
  Logic Levels:           1  (OBUFT=1)
  Clock Uncertainty:      0.301ns  ((TSJ^2 + TIJ^2)^1/2 + DJ) / 2 + PE
    Total System Jitter     (TSJ):    0.050ns
    Total Input Jitter      (TIJ):    0.600ns
    Discrete Jitter          (DJ):    0.000ns
    Phase Error              (PE):    0.000ns

    Location             Delay type                Incr(ns)  Path(ns)    Netlist Resource(s)
  -------------------------------------------------------------------    -------------------
                         (clock clk_fpga_0 rise edge)
                                                      0.000     0.000 r  
    PS7_X0Y0             PS7                          0.000     0.000 r  rv32_top_i/ps7/inst/PS7_i/FCLKCLK[0]
                         net (fo=1, routed)           1.193     1.193    rv32_top_i/ps7/inst/FCLK_CLK_unbuffered[0]
    BUFGCTRL_X0Y16       BUFG (Prop_bufg_I_O)         0.101     1.294 r  rv32_top_i/ps7/inst/buffer_fclk_clk_0.FCLK_CLK_0_BUFG/O
                         net (fo=39071, routed)       1.897     3.191    rv32_top_i/plat/U0/u_mmio/u_gpio/S_AXI_ACLK
    SLICE_X59Y115        FDSE                                         r  rv32_top_i/plat/U0/u_mmio/u_gpio/dir_reg_reg[6]/C
  -------------------------------------------------------------------    -------------------
    SLICE_X59Y115        FDSE (Prop_fdse_C_Q)         0.456     3.647 f  rv32_top_i/plat/U0/u_mmio/u_gpio/dir_reg_reg[6]/Q
                         net (fo=2, routed)           7.380    11.027    rv32_top_i/plat/jb_io_IOBUF[6]_inst/T
    V6                   OBUFT (TriStatE_obuft_T_O)
                                                      3.536    14.562 r  rv32_top_i/plat/jb_io_IOBUF[6]_inst/OBUFT/O
                         net (fo=1, unset)            0.000    14.562    jb_io_0[6]
    V6                                                                r  jb_io_0[6] (INOUT)
  -------------------------------------------------------------------    -------------------

Slack:                    inf
  Source:                 rv32_top_i/plat/U0/u_mmio/u_gpio/dir_reg_reg[7]/C
                            (rising edge-triggered cell FDSE clocked by clk_fpga_0  {rise@0.000ns fall@10.000ns period=20.000ns})
  Destination:            jb_io_0[7]
                            (output port)
  Path Group:             (none)
  Path Type:              Max at Slow Process Corner
  Data Path Delay:        11.073ns  (logic 3.997ns (36.096%)  route 7.076ns (63.904%))
  Logic Levels:           1  (OBUFT=1)
  Clock Uncertainty:      0.301ns  ((TSJ^2 + TIJ^2)^1/2 + DJ) / 2 + PE
    Total System Jitter     (TSJ):    0.050ns
    Total Input Jitter      (TIJ):    0.600ns
    Discrete Jitter          (DJ):    0.000ns
    Phase Error              (PE):    0.000ns

    Location             Delay type                Incr(ns)  Path(ns)    Netlist Resource(s)
  -------------------------------------------------------------------    -------------------
                         (clock clk_fpga_0 rise edge)
                                                      0.000     0.000 r  
    PS7_X0Y0             PS7                          0.000     0.000 r  rv32_top_i/ps7/inst/PS7_i/FCLKCLK[0]
                         net (fo=1, routed)           1.193     1.193    rv32_top_i/ps7/inst/FCLK_CLK_unbuffered[0]
    BUFGCTRL_X0Y16       BUFG (Prop_bufg_I_O)         0.101     1.294 r  rv32_top_i/ps7/inst/buffer_fclk_clk_0.FCLK_CLK_0_BUFG/O
                         net (fo=39071, routed)       1.897     3.191    rv32_top_i/plat/U0/u_mmio/u_gpio/S_AXI_ACLK
    SLICE_X59Y115        FDSE                                         r  rv32_top_i/plat/U0/u_mmio/u_gpio/dir_reg_reg[7]/C
  -------------------------------------------------------------------    -------------------
    SLICE_X59Y115        FDSE (Prop_fdse_C_Q)         0.456     3.647 f  rv32_top_i/plat/U0/u_mmio/u_gpio/dir_reg_reg[7]/Q
                         net (fo=2, routed)           7.076    10.723    rv32_top_i/plat/jb_io_IOBUF[7]_inst/T
    W6                   OBUFT (TriStatE_obuft_T_O)
                                                      3.541    14.264 r  rv32_top_i/plat/jb_io_IOBUF[7]_inst/OBUFT/O
                         net (fo=1, unset)            0.000    14.264    jb_io_0[7]
    W6                                                                r  jb_io_0[7] (INOUT)
  -------------------------------------------------------------------    -------------------

Slack:                    inf
  Source:                 rv32_top_i/plat/U0/u_mmio/u_spi1/sck_i_reg/C
                            (rising edge-triggered cell FDRE clocked by clk_fpga_0  {rise@0.000ns fall@10.000ns period=20.000ns})
  Destination:            jb_io_0[3]
                            (output port)
  Path Group:             (none)
  Path Type:              Max at Slow Process Corner
  Data Path Delay:        10.853ns  (logic 4.077ns (37.565%)  route 6.776ns (62.435%))
  Logic Levels:           1  (OBUF=1)
  Clock Uncertainty:      0.301ns  ((TSJ^2 + TIJ^2)^1/2 + DJ) / 2 + PE
    Total System Jitter     (TSJ):    0.050ns
    Total Input Jitter      (TIJ):    0.600ns
    Discrete Jitter          (DJ):    0.000ns
    Phase Error              (PE):    0.000ns

    Location             Delay type                Incr(ns)  Path(ns)    Netlist Resource(s)
  -------------------------------------------------------------------    -------------------
                         (clock clk_fpga_0 rise edge)
                                                      0.000     0.000 r  
    PS7_X0Y0             PS7                          0.000     0.000 r  rv32_top_i/ps7/inst/PS7_i/FCLKCLK[0]
                         net (fo=1, routed)           1.193     1.193    rv32_top_i/ps7/inst/FCLK_CLK_unbuffered[0]
    BUFGCTRL_X0Y16       BUFG (Prop_bufg_I_O)         0.101     1.294 r  rv32_top_i/ps7/inst/buffer_fclk_clk_0.FCLK_CLK_0_BUFG/O
                         net (fo=39071, routed)       1.969     3.263    rv32_top_i/plat/U0/u_mmio/u_spi1/S_AXI_ACLK
    SLICE_X91Y137        FDRE                                         r  rv32_top_i/plat/U0/u_mmio/u_spi1/sck_i_reg/C
  -------------------------------------------------------------------    -------------------
    SLICE_X91Y137        FDRE (Prop_fdre_C_Q)         0.456     3.719 r  rv32_top_i/plat/U0/u_mmio/u_spi1/sck_i_reg/Q
                         net (fo=1, routed)           6.776    10.495    jb_io_0_IBUF__0[3]
    V7                   OBUF (Prop_obuf_I_O)         3.621    14.116 r  jb_io_0_OBUF[3]_inst/O
                         net (fo=0)                   0.000    14.116    jb_io_0[3]
    V7                                                                r  jb_io_0[3] (INOUT)
  -------------------------------------------------------------------    -------------------

Slack:                    inf
  Source:                 rv32_top_i/plat/U0/u_mmio/u_gpio/out_reg_reg[5]/C
                            (rising edge-triggered cell FDRE clocked by clk_fpga_0  {rise@0.000ns fall@10.000ns period=20.000ns})
  Destination:            jb_io_0[5]
                            (output port)
  Path Group:             (none)
  Path Type:              Max at Slow Process Corner
  Data Path Delay:        10.106ns  (logic 4.009ns (39.675%)  route 6.096ns (60.325%))
  Logic Levels:           1  (OBUFT=1)
  Clock Uncertainty:      0.301ns  ((TSJ^2 + TIJ^2)^1/2 + DJ) / 2 + PE
    Total System Jitter     (TSJ):    0.050ns
    Total Input Jitter      (TIJ):    0.600ns
    Discrete Jitter          (DJ):    0.000ns
    Phase Error              (PE):    0.000ns

    Location             Delay type                Incr(ns)  Path(ns)    Netlist Resource(s)
  -------------------------------------------------------------------    -------------------
                         (clock clk_fpga_0 rise edge)
                                                      0.000     0.000 r  
    PS7_X0Y0             PS7                          0.000     0.000 r  rv32_top_i/ps7/inst/PS7_i/FCLKCLK[0]
                         net (fo=1, routed)           1.193     1.193    rv32_top_i/ps7/inst/FCLK_CLK_unbuffered[0]
    BUFGCTRL_X0Y16       BUFG (Prop_bufg_I_O)         0.101     1.294 r  rv32_top_i/ps7/inst/buffer_fclk_clk_0.FCLK_CLK_0_BUFG/O
                         net (fo=39071, routed)       1.823     3.117    rv32_top_i/plat/U0/u_mmio/u_gpio/S_AXI_ACLK
    SLICE_X53Y116        FDRE                                         r  rv32_top_i/plat/U0/u_mmio/u_gpio/out_reg_reg[5]/C
  -------------------------------------------------------------------    -------------------
    SLICE_X53Y116        FDRE (Prop_fdre_C_Q)         0.456     3.573 r  rv32_top_i/plat/U0/u_mmio/u_gpio/out_reg_reg[5]/Q
                         net (fo=2, routed)           6.096     9.669    rv32_top_i/plat/jb_io_IOBUF[5]_inst/I
    Y6                   OBUFT (Prop_obuft_I_O)       3.553    13.223 r  rv32_top_i/plat/jb_io_IOBUF[5]_inst/OBUFT/O
                         net (fo=1, unset)            0.000    13.223    jb_io_0[5]
    Y6                                                                r  jb_io_0[5] (INOUT)
  -------------------------------------------------------------------    -------------------





Min Delay Paths
--------------------------------------------------------------------------------------
Slack:                    inf
  Source:                 rv32_top_i/plat/U0/u_mmio/u_gpio/dir_reg_reg[9]/C
                            (rising edge-triggered cell FDSE clocked by clk_fpga_0  {rise@0.000ns fall@10.000ns period=20.000ns})
  Destination:            jc_io_0[1]
                            (output port)
  Path Group:             (none)
  Path Type:              Min at Fast Process Corner
  Data Path Delay:        1.552ns  (logic 0.965ns (62.174%)  route 0.587ns (37.826%))
  Logic Levels:           1  (OBUFT=1)
  Clock Uncertainty:      0.301ns  ((TSJ^2 + TIJ^2)^1/2 + DJ) / 2 + PE
    Total System Jitter     (TSJ):    0.050ns
    Total Input Jitter      (TIJ):    0.600ns
    Discrete Jitter          (DJ):    0.000ns
    Phase Error              (PE):    0.000ns

    Location             Delay type                Incr(ns)  Path(ns)    Netlist Resource(s)
  -------------------------------------------------------------------    -------------------
                         (clock clk_fpga_0 rise edge)
                                                      0.000     0.000 r  
    PS7_X0Y0             PS7                          0.000     0.000 r  rv32_top_i/ps7/inst/PS7_i/FCLKCLK[0]
                         net (fo=1, routed)           0.310     0.310    rv32_top_i/ps7/inst/FCLK_CLK_unbuffered[0]
    BUFGCTRL_X0Y16       BUFG (Prop_bufg_I_O)         0.026     0.336 r  rv32_top_i/ps7/inst/buffer_fclk_clk_0.FCLK_CLK_0_BUFG/O
                         net (fo=39071, routed)       0.628     0.964    rv32_top_i/plat/U0/u_mmio/u_gpio/S_AXI_ACLK
    SLICE_X113Y80        FDSE                                         r  rv32_top_i/plat/U0/u_mmio/u_gpio/dir_reg_reg[9]/C
  -------------------------------------------------------------------    -------------------
    SLICE_X113Y80        FDSE (Prop_fdse_C_Q)         0.141     1.105 r  rv32_top_i/plat/U0/u_mmio/u_gpio/dir_reg_reg[9]/Q
                         net (fo=2, routed)           0.587     1.692    rv32_top_i/plat/jc_io_IOBUF[1]_inst/T
    W15                  OBUFT (TriStatD_obuft_T_O)
                                                      0.824     2.516 r  rv32_top_i/plat/jc_io_IOBUF[1]_inst/OBUFT/O
                         net (fo=1, unset)            0.000     2.516    jc_io_0[1]
    W15                                                               r  jc_io_0[1] (INOUT)
  -------------------------------------------------------------------    -------------------

Slack:                    inf
  Source:                 rv32_top_i/plat/U0/u_mmio/u_gpio/dir_reg_reg[8]/C
                            (rising edge-triggered cell FDSE clocked by clk_fpga_0  {rise@0.000ns fall@10.000ns period=20.000ns})
  Destination:            jc_io_0[0]
                            (output port)
  Path Group:             (none)
  Path Type:              Min at Fast Process Corner
  Data Path Delay:        1.552ns  (logic 0.965ns (62.160%)  route 0.587ns (37.840%))
  Logic Levels:           1  (OBUFT=1)
  Clock Uncertainty:      0.301ns  ((TSJ^2 + TIJ^2)^1/2 + DJ) / 2 + PE
    Total System Jitter     (TSJ):    0.050ns
    Total Input Jitter      (TIJ):    0.600ns
    Discrete Jitter          (DJ):    0.000ns
    Phase Error              (PE):    0.000ns

    Location             Delay type                Incr(ns)  Path(ns)    Netlist Resource(s)
  -------------------------------------------------------------------    -------------------
                         (clock clk_fpga_0 rise edge)
                                                      0.000     0.000 r  
    PS7_X0Y0             PS7                          0.000     0.000 r  rv32_top_i/ps7/inst/PS7_i/FCLKCLK[0]
                         net (fo=1, routed)           0.310     0.310    rv32_top_i/ps7/inst/FCLK_CLK_unbuffered[0]
    BUFGCTRL_X0Y16       BUFG (Prop_bufg_I_O)         0.026     0.336 r  rv32_top_i/ps7/inst/buffer_fclk_clk_0.FCLK_CLK_0_BUFG/O
                         net (fo=39071, routed)       0.628     0.964    rv32_top_i/plat/U0/u_mmio/u_gpio/S_AXI_ACLK
    SLICE_X113Y80        FDSE                                         r  rv32_top_i/plat/U0/u_mmio/u_gpio/dir_reg_reg[8]/C
  -------------------------------------------------------------------    -------------------
    SLICE_X113Y80        FDSE (Prop_fdse_C_Q)         0.141     1.105 r  rv32_top_i/plat/U0/u_mmio/u_gpio/dir_reg_reg[8]/Q
                         net (fo=2, routed)           0.587     1.692    rv32_top_i/plat/jc_io_IOBUF[0]_inst/T
    V15                  OBUFT (TriStatD_obuft_T_O)
                                                      0.824     2.516 r  rv32_top_i/plat/jc_io_IOBUF[0]_inst/OBUFT/O
                         net (fo=1, unset)            0.000     2.516    jc_io_0[0]
    V15                                                               r  jc_io_0[0] (INOUT)
  -------------------------------------------------------------------    -------------------

Slack:                    inf
  Source:                 rv32_top_i/plat/U0/u_mmio/u_gpio/dir_reg_reg[20]/C
                            (rising edge-triggered cell FDSE clocked by clk_fpga_0  {rise@0.000ns fall@10.000ns period=20.000ns})
  Destination:            je_io_0[0]
                            (output port)
  Path Group:             (none)
  Path Type:              Min at Fast Process Corner
  Data Path Delay:        1.552ns  (logic 0.965ns (62.163%)  route 0.587ns (37.837%))
  Logic Levels:           1  (OBUFT=1)
  Clock Uncertainty:      0.301ns  ((TSJ^2 + TIJ^2)^1/2 + DJ) / 2 + PE
    Total System Jitter     (TSJ):    0.050ns
    Total Input Jitter      (TIJ):    0.600ns
    Discrete Jitter          (DJ):    0.000ns
    Phase Error              (PE):    0.000ns

    Location             Delay type                Incr(ns)  Path(ns)    Netlist Resource(s)
  -------------------------------------------------------------------    -------------------
                         (clock clk_fpga_0 rise edge)
                                                      0.000     0.000 r  
    PS7_X0Y0             PS7                          0.000     0.000 r  rv32_top_i/ps7/inst/PS7_i/FCLKCLK[0]
                         net (fo=1, routed)           0.310     0.310    rv32_top_i/ps7/inst/FCLK_CLK_unbuffered[0]
    BUFGCTRL_X0Y16       BUFG (Prop_bufg_I_O)         0.026     0.336 r  rv32_top_i/ps7/inst/buffer_fclk_clk_0.FCLK_CLK_0_BUFG/O
                         net (fo=39071, routed)       0.636     0.972    rv32_top_i/plat/U0/u_mmio/u_gpio/S_AXI_ACLK
    SLICE_X113Y94        FDSE                                         r  rv32_top_i/plat/U0/u_mmio/u_gpio/dir_reg_reg[20]/C
  -------------------------------------------------------------------    -------------------
    SLICE_X113Y94        FDSE (Prop_fdse_C_Q)         0.141     1.113 r  rv32_top_i/plat/U0/u_mmio/u_gpio/dir_reg_reg[20]/Q
                         net (fo=2, routed)           0.587     1.700    rv32_top_i/plat/je_io_IOBUF[0]_inst/T
    V12                  OBUFT (TriStatD_obuft_T_O)
                                                      0.824     2.524 r  rv32_top_i/plat/je_io_IOBUF[0]_inst/OBUFT/O
                         net (fo=1, unset)            0.000     2.524    je_io_0[0]
    V12                                                               r  je_io_0[0] (INOUT)
  -------------------------------------------------------------------    -------------------

Slack:                    inf
  Source:                 rv32_top_i/plat/U0/u_mmio/u_gpio/dir_reg_reg[16]/C
                            (rising edge-triggered cell FDSE clocked by clk_fpga_0  {rise@0.000ns fall@10.000ns period=20.000ns})
  Destination:            jd_io_0[4]
                            (output port)
  Path Group:             (none)
  Path Type:              Min at Fast Process Corner
  Data Path Delay:        1.574ns  (logic 0.965ns (61.308%)  route 0.609ns (38.692%))
  Logic Levels:           1  (OBUFT=1)
  Clock Uncertainty:      0.301ns  ((TSJ^2 + TIJ^2)^1/2 + DJ) / 2 + PE
    Total System Jitter     (TSJ):    0.050ns
    Total Input Jitter      (TIJ):    0.600ns
    Discrete Jitter          (DJ):    0.000ns
    Phase Error              (PE):    0.000ns

    Location             Delay type                Incr(ns)  Path(ns)    Netlist Resource(s)
  -------------------------------------------------------------------    -------------------
                         (clock clk_fpga_0 rise edge)
                                                      0.000     0.000 r  
    PS7_X0Y0             PS7                          0.000     0.000 r  rv32_top_i/ps7/inst/PS7_i/FCLKCLK[0]
                         net (fo=1, routed)           0.310     0.310    rv32_top_i/ps7/inst/FCLK_CLK_unbuffered[0]
    BUFGCTRL_X0Y16       BUFG (Prop_bufg_I_O)         0.026     0.336 r  rv32_top_i/ps7/inst/buffer_fclk_clk_0.FCLK_CLK_0_BUFG/O
                         net (fo=39071, routed)       0.627     0.963    rv32_top_i/plat/U0/u_mmio/u_gpio/S_AXI_ACLK
    SLICE_X113Y79        FDSE                                         r  rv32_top_i/plat/U0/u_mmio/u_gpio/dir_reg_reg[16]/C
  -------------------------------------------------------------------    -------------------
    SLICE_X113Y79        FDSE (Prop_fdse_C_Q)         0.141     1.104 r  rv32_top_i/plat/U0/u_mmio/u_gpio/dir_reg_reg[16]/Q
                         net (fo=2, routed)           0.609     1.713    rv32_top_i/plat/jd_io_IOBUF[4]_inst/T
    U14                  OBUFT (TriStatD_obuft_T_O)
                                                      0.824     2.537 r  rv32_top_i/plat/jd_io_IOBUF[4]_inst/OBUFT/O
                         net (fo=1, unset)            0.000     2.537    jd_io_0[4]
    U14                                                               r  jd_io_0[4] (INOUT)
  -------------------------------------------------------------------    -------------------

Slack:                    inf
  Source:                 rv32_top_i/plat/U0/u_mmio/u_gpio/dir_reg_reg[11]/C
                            (rising edge-triggered cell FDSE clocked by clk_fpga_0  {rise@0.000ns fall@10.000ns period=20.000ns})
  Destination:            jc_io_0[5]
                            (output port)
  Path Group:             (none)
  Path Type:              Min at Fast Process Corner
  Data Path Delay:        1.574ns  (logic 0.988ns (62.756%)  route 0.586ns (37.244%))
  Logic Levels:           1  (OBUFT=1)
  Clock Uncertainty:      0.301ns  ((TSJ^2 + TIJ^2)^1/2 + DJ) / 2 + PE
    Total System Jitter     (TSJ):    0.050ns
    Total Input Jitter      (TIJ):    0.600ns
    Discrete Jitter          (DJ):    0.000ns
    Phase Error              (PE):    0.000ns

    Location             Delay type                Incr(ns)  Path(ns)    Netlist Resource(s)
  -------------------------------------------------------------------    -------------------
                         (clock clk_fpga_0 rise edge)
                                                      0.000     0.000 r  
    PS7_X0Y0             PS7                          0.000     0.000 r  rv32_top_i/ps7/inst/PS7_i/FCLKCLK[0]
                         net (fo=1, routed)           0.310     0.310    rv32_top_i/ps7/inst/FCLK_CLK_unbuffered[0]
    BUFGCTRL_X0Y16       BUFG (Prop_bufg_I_O)         0.026     0.336 r  rv32_top_i/ps7/inst/buffer_fclk_clk_0.FCLK_CLK_0_BUFG/O
                         net (fo=39071, routed)       0.631     0.967    rv32_top_i/plat/U0/u_mmio/u_gpio/S_AXI_ACLK
    SLICE_X112Y83        FDSE                                         r  rv32_top_i/plat/U0/u_mmio/u_gpio/dir_reg_reg[11]/C
  -------------------------------------------------------------------    -------------------
    SLICE_X112Y83        FDSE (Prop_fdse_C_Q)         0.164     1.131 r  rv32_top_i/plat/U0/u_mmio/u_gpio/dir_reg_reg[11]/Q
                         net (fo=2, routed)           0.586     1.717    rv32_top_i/plat/jc_io_IOBUF[5]_inst/T
    Y14                  OBUFT (TriStatD_obuft_T_O)
                                                      0.824     2.541 r  rv32_top_i/plat/jc_io_IOBUF[5]_inst/OBUFT/O
                         net (fo=1, unset)            0.000     2.541    jc_io_0[5]
    Y14                                                               r  jc_io_0[5] (INOUT)
  -------------------------------------------------------------------    -------------------

Slack:                    inf
  Source:                 rv32_top_i/plat/U0/u_mmio/u_gpio/dir_reg_reg[12]/C
                            (rising edge-triggered cell FDSE clocked by clk_fpga_0  {rise@0.000ns fall@10.000ns period=20.000ns})
  Destination:            jc_io_0[6]
                            (output port)
  Path Group:             (none)
  Path Type:              Min at Fast Process Corner
  Data Path Delay:        1.574ns  (logic 0.988ns (62.756%)  route 0.586ns (37.244%))
  Logic Levels:           1  (OBUFT=1)
  Clock Uncertainty:      0.301ns  ((TSJ^2 + TIJ^2)^1/2 + DJ) / 2 + PE
    Total System Jitter     (TSJ):    0.050ns
    Total Input Jitter      (TIJ):    0.600ns
    Discrete Jitter          (DJ):    0.000ns
    Phase Error              (PE):    0.000ns

    Location             Delay type                Incr(ns)  Path(ns)    Netlist Resource(s)
  -------------------------------------------------------------------    -------------------
                         (clock clk_fpga_0 rise edge)
                                                      0.000     0.000 r  
    PS7_X0Y0             PS7                          0.000     0.000 r  rv32_top_i/ps7/inst/PS7_i/FCLKCLK[0]
                         net (fo=1, routed)           0.310     0.310    rv32_top_i/ps7/inst/FCLK_CLK_unbuffered[0]
    BUFGCTRL_X0Y16       BUFG (Prop_bufg_I_O)         0.026     0.336 r  rv32_top_i/ps7/inst/buffer_fclk_clk_0.FCLK_CLK_0_BUFG/O
                         net (fo=39071, routed)       0.636     0.972    rv32_top_i/plat/U0/u_mmio/u_gpio/S_AXI_ACLK
    SLICE_X112Y96        FDSE                                         r  rv32_top_i/plat/U0/u_mmio/u_gpio/dir_reg_reg[12]/C
  -------------------------------------------------------------------    -------------------
    SLICE_X112Y96        FDSE (Prop_fdse_C_Q)         0.164     1.136 r  rv32_top_i/plat/U0/u_mmio/u_gpio/dir_reg_reg[12]/Q
                         net (fo=2, routed)           0.586     1.722    rv32_top_i/plat/jc_io_IOBUF[6]_inst/T
    T12                  OBUFT (TriStatD_obuft_T_O)
                                                      0.824     2.546 r  rv32_top_i/plat/jc_io_IOBUF[6]_inst/OBUFT/O
                         net (fo=1, unset)            0.000     2.546    jc_io_0[6]
    T12                                                               r  jc_io_0[6] (INOUT)
  -------------------------------------------------------------------    -------------------

Slack:                    inf
  Source:                 rv32_top_i/plat/U0/u_mmio/u_gpio/dir_reg_reg[13]/C
                            (rising edge-triggered cell FDSE clocked by clk_fpga_0  {rise@0.000ns fall@10.000ns period=20.000ns})
  Destination:            jc_io_0[7]
                            (output port)
  Path Group:             (none)
  Path Type:              Min at Fast Process Corner
  Data Path Delay:        1.575ns  (logic 0.988ns (62.726%)  route 0.587ns (37.274%))
  Logic Levels:           1  (OBUFT=1)
  Clock Uncertainty:      0.301ns  ((TSJ^2 + TIJ^2)^1/2 + DJ) / 2 + PE
    Total System Jitter     (TSJ):    0.050ns
    Total Input Jitter      (TIJ):    0.600ns
    Discrete Jitter          (DJ):    0.000ns
    Phase Error              (PE):    0.000ns

    Location             Delay type                Incr(ns)  Path(ns)    Netlist Resource(s)
  -------------------------------------------------------------------    -------------------
                         (clock clk_fpga_0 rise edge)
                                                      0.000     0.000 r  
    PS7_X0Y0             PS7                          0.000     0.000 r  rv32_top_i/ps7/inst/PS7_i/FCLKCLK[0]
                         net (fo=1, routed)           0.310     0.310    rv32_top_i/ps7/inst/FCLK_CLK_unbuffered[0]
    BUFGCTRL_X0Y16       BUFG (Prop_bufg_I_O)         0.026     0.336 r  rv32_top_i/ps7/inst/buffer_fclk_clk_0.FCLK_CLK_0_BUFG/O
                         net (fo=39071, routed)       0.636     0.972    rv32_top_i/plat/U0/u_mmio/u_gpio/S_AXI_ACLK
    SLICE_X112Y96        FDSE                                         r  rv32_top_i/plat/U0/u_mmio/u_gpio/dir_reg_reg[13]/C
  -------------------------------------------------------------------    -------------------
    SLICE_X112Y96        FDSE (Prop_fdse_C_Q)         0.164     1.136 r  rv32_top_i/plat/U0/u_mmio/u_gpio/dir_reg_reg[13]/Q
                         net (fo=2, routed)           0.587     1.723    rv32_top_i/plat/jc_io_IOBUF[7]_inst/T
    U12                  OBUFT (TriStatD_obuft_T_O)
                                                      0.824     2.547 r  rv32_top_i/plat/jc_io_IOBUF[7]_inst/OBUFT/O
                         net (fo=1, unset)            0.000     2.547    jc_io_0[7]
    U12                                                               r  jc_io_0[7] (INOUT)
  -------------------------------------------------------------------    -------------------

Slack:                    inf
  Source:                 rv32_top_i/plat/U0/u_mmio/u_gpio/dir_reg_reg[15]/C
                            (rising edge-triggered cell FDSE clocked by clk_fpga_0  {rise@0.000ns fall@10.000ns period=20.000ns})
  Destination:            jd_io_0[1]
                            (output port)
  Path Group:             (none)
  Path Type:              Min at Fast Process Corner
  Data Path Delay:        1.593ns  (logic 0.965ns (60.594%)  route 0.628ns (39.406%))
  Logic Levels:           1  (OBUFT=1)
  Clock Uncertainty:      0.301ns  ((TSJ^2 + TIJ^2)^1/2 + DJ) / 2 + PE
    Total System Jitter     (TSJ):    0.050ns
    Total Input Jitter      (TIJ):    0.600ns
    Discrete Jitter          (DJ):    0.000ns
    Phase Error              (PE):    0.000ns

    Location             Delay type                Incr(ns)  Path(ns)    Netlist Resource(s)
  -------------------------------------------------------------------    -------------------
                         (clock clk_fpga_0 rise edge)
                                                      0.000     0.000 r  
    PS7_X0Y0             PS7                          0.000     0.000 r  rv32_top_i/ps7/inst/PS7_i/FCLKCLK[0]
                         net (fo=1, routed)           0.310     0.310    rv32_top_i/ps7/inst/FCLK_CLK_unbuffered[0]
    BUFGCTRL_X0Y16       BUFG (Prop_bufg_I_O)         0.026     0.336 r  rv32_top_i/ps7/inst/buffer_fclk_clk_0.FCLK_CLK_0_BUFG/O
                         net (fo=39071, routed)       0.634     0.970    rv32_top_i/plat/U0/u_mmio/u_gpio/S_AXI_ACLK
    SLICE_X113Y89        FDSE                                         r  rv32_top_i/plat/U0/u_mmio/u_gpio/dir_reg_reg[15]/C
  -------------------------------------------------------------------    -------------------
    SLICE_X113Y89        FDSE (Prop_fdse_C_Q)         0.141     1.111 r  rv32_top_i/plat/U0/u_mmio/u_gpio/dir_reg_reg[15]/Q
                         net (fo=2, routed)           0.628     1.738    rv32_top_i/plat/jd_io_IOBUF[1]_inst/T
    T15                  OBUFT (TriStatD_obuft_T_O)
                                                      0.824     2.562 r  rv32_top_i/plat/jd_io_IOBUF[1]_inst/OBUFT/O
                         net (fo=1, unset)            0.000     2.562    jd_io_0[1]
    T15                                                               r  jd_io_0[1] (INOUT)
  -------------------------------------------------------------------    -------------------

Slack:                    inf
  Source:                 rv32_top_i/plat/U0/u_mmio/u_gpio/dir_reg_reg[14]/C
                            (rising edge-triggered cell FDSE clocked by clk_fpga_0  {rise@0.000ns fall@10.000ns period=20.000ns})
  Destination:            jd_io_0[0]
                            (output port)
  Path Group:             (none)
  Path Type:              Min at Fast Process Corner
  Data Path Delay:        1.593ns  (logic 0.965ns (60.593%)  route 0.628ns (39.407%))
  Logic Levels:           1  (OBUFT=1)
  Clock Uncertainty:      0.301ns  ((TSJ^2 + TIJ^2)^1/2 + DJ) / 2 + PE
    Total System Jitter     (TSJ):    0.050ns
    Total Input Jitter      (TIJ):    0.600ns
    Discrete Jitter          (DJ):    0.000ns
    Phase Error              (PE):    0.000ns

    Location             Delay type                Incr(ns)  Path(ns)    Netlist Resource(s)
  -------------------------------------------------------------------    -------------------
                         (clock clk_fpga_0 rise edge)
                                                      0.000     0.000 r  
    PS7_X0Y0             PS7                          0.000     0.000 r  rv32_top_i/ps7/inst/PS7_i/FCLKCLK[0]
                         net (fo=1, routed)           0.310     0.310    rv32_top_i/ps7/inst/FCLK_CLK_unbuffered[0]
    BUFGCTRL_X0Y16       BUFG (Prop_bufg_I_O)         0.026     0.336 r  rv32_top_i/ps7/inst/buffer_fclk_clk_0.FCLK_CLK_0_BUFG/O
                         net (fo=39071, routed)       0.634     0.970    rv32_top_i/plat/U0/u_mmio/u_gpio/S_AXI_ACLK
    SLICE_X111Y89        FDSE                                         r  rv32_top_i/plat/U0/u_mmio/u_gpio/dir_reg_reg[14]/C
  -------------------------------------------------------------------    -------------------
    SLICE_X111Y89        FDSE (Prop_fdse_C_Q)         0.141     1.111 r  rv32_top_i/plat/U0/u_mmio/u_gpio/dir_reg_reg[14]/Q
                         net (fo=2, routed)           0.628     1.738    rv32_top_i/plat/jd_io_IOBUF[0]_inst/T
    T14                  OBUFT (TriStatD_obuft_T_O)
                                                      0.824     2.562 r  rv32_top_i/plat/jd_io_IOBUF[0]_inst/OBUFT/O
                         net (fo=1, unset)            0.000     2.562    jd_io_0[0]
    T14                                                               r  jd_io_0[0] (INOUT)
  -------------------------------------------------------------------    -------------------

Slack:                    inf
  Source:                 rv32_top_i/plat/U0/u_mmio/u_gpio/dir_reg_reg[17]/C
                            (rising edge-triggered cell FDSE clocked by clk_fpga_0  {rise@0.000ns fall@10.000ns period=20.000ns})
  Destination:            jd_io_0[5]
                            (output port)
  Path Group:             (none)
  Path Type:              Min at Fast Process Corner
  Data Path Delay:        1.606ns  (logic 0.965ns (60.096%)  route 0.641ns (39.904%))
  Logic Levels:           1  (OBUFT=1)
  Clock Uncertainty:      0.301ns  ((TSJ^2 + TIJ^2)^1/2 + DJ) / 2 + PE
    Total System Jitter     (TSJ):    0.050ns
    Total Input Jitter      (TIJ):    0.600ns
    Discrete Jitter          (DJ):    0.000ns
    Phase Error              (PE):    0.000ns

    Location             Delay type                Incr(ns)  Path(ns)    Netlist Resource(s)
  -------------------------------------------------------------------    -------------------
                         (clock clk_fpga_0 rise edge)
                                                      0.000     0.000 r  
    PS7_X0Y0             PS7                          0.000     0.000 r  rv32_top_i/ps7/inst/PS7_i/FCLKCLK[0]
                         net (fo=1, routed)           0.310     0.310    rv32_top_i/ps7/inst/FCLK_CLK_unbuffered[0]
    BUFGCTRL_X0Y16       BUFG (Prop_bufg_I_O)         0.026     0.336 r  rv32_top_i/ps7/inst/buffer_fclk_clk_0.FCLK_CLK_0_BUFG/O
                         net (fo=39071, routed)       0.627     0.963    rv32_top_i/plat/U0/u_mmio/u_gpio/S_AXI_ACLK
    SLICE_X113Y79        FDSE                                         r  rv32_top_i/plat/U0/u_mmio/u_gpio/dir_reg_reg[17]/C
  -------------------------------------------------------------------    -------------------
    SLICE_X113Y79        FDSE (Prop_fdse_C_Q)         0.141     1.104 r  rv32_top_i/plat/U0/u_mmio/u_gpio/dir_reg_reg[17]/Q
                         net (fo=2, routed)           0.641     1.744    rv32_top_i/plat/jd_io_IOBUF[5]_inst/T
    U15                  OBUFT (TriStatD_obuft_T_O)
                                                      0.824     2.568 r  rv32_top_i/plat/jd_io_IOBUF[5]_inst/OBUFT/O
                         net (fo=1, unset)            0.000     2.568    jd_io_0[5]
    U15                                                               r  jd_io_0[5] (INOUT)
  -------------------------------------------------------------------    -------------------





--------------------------------------------------------------------------------------
Path Group:  (none)
From Clock:  
  To Clock:  clk_fpga_0

Max Delay            37 Endpoints
Min Delay            37 Endpoints
--------------------------------------------------------------------------------------


Max Delay Paths
--------------------------------------------------------------------------------------
Slack:                    inf
  Source:                 sw_i_0[1]
                            (input port)
  Destination:            rv32_top_i/plat/U0/u_core/memwb_read_data_reg[1]/D
                            (rising edge-triggered cell FDCE clocked by clk_fpga_0  {rise@0.000ns fall@10.000ns period=20.000ns})
  Path Group:             (none)
  Path Type:              Setup (Max at Slow Process Corner)
  Data Path Delay:        9.194ns  (logic 2.100ns (22.838%)  route 7.094ns (77.162%))
  Logic Levels:           6  (IBUF=1 LUT5=1 LUT6=4)
  Clock Path Skew:        2.883ns (DCD - SCD + CPR)
    Destination Clock Delay (DCD):    2.883ns
    Source Clock Delay      (SCD):    0.000ns
    Clock Pessimism Removal (CPR):    0.000ns
  Clock Uncertainty:      0.301ns  ((TSJ^2 + TIJ^2)^1/2 + DJ) / 2 + PE
    Total System Jitter     (TSJ):    0.050ns
    Total Input Jitter      (TIJ):    0.600ns
    Discrete Jitter          (DJ):    0.000ns
    Phase Error              (PE):    0.000ns

    Location             Delay type                Incr(ns)  Path(ns)    Netlist Resource(s)
  -------------------------------------------------------------------    -------------------
    P15                                               0.000     0.000 r  sw_i_0[1] (IN)
                         net (fo=0)                   0.000     0.000    sw_i_0[1]
    P15                  IBUF (Prop_ibuf_I_O)         1.480     1.480 r  sw_i_0_IBUF[1]_inst/O
                         net (fo=2, routed)           4.323     5.803    rv32_top_i/plat/U0/u_core/sw_i[1]
    SLICE_X82Y123        LUT6 (Prop_lut6_I5_O)        0.124     5.927 r  rv32_top_i/plat/U0/u_core/memwb_read_data[1]_i_16/O
                         net (fo=1, routed)           0.813     6.740    rv32_top_i/plat/U0/u_core/memwb_read_data[1]_i_16_n_0
    SLICE_X86Y124        LUT5 (Prop_lut5_I0_O)        0.124     6.864 r  rv32_top_i/plat/U0/u_core/memwb_read_data[1]_i_7/O
                         net (fo=1, routed)           0.785     7.649    rv32_top_i/plat/U0/u_core/memwb_read_data[1]_i_7_n_0
    SLICE_X93Y132        LUT6 (Prop_lut6_I5_O)        0.124     7.773 r  rv32_top_i/plat/U0/u_core/memwb_read_data[1]_i_2/O
                         net (fo=2, routed)           1.018     8.792    rv32_top_i/plat/U0/u_core/dmem_rdata[1]
    SLICE_X67Y129        LUT6 (Prop_lut6_I1_O)        0.124     8.916 r  rv32_top_i/plat/U0/u_core/memwb_read_data[1]_i_3/O
                         net (fo=1, routed)           0.154     9.070    rv32_top_i/plat/U0/u_core/memwb_read_data[1]_i_3_n_0
    SLICE_X67Y129        LUT6 (Prop_lut6_I5_O)        0.124     9.194 r  rv32_top_i/plat/U0/u_core/memwb_read_data[1]_i_1/O
                         net (fo=1, routed)           0.000     9.194    rv32_top_i/plat/U0/u_core/mem_read_data[1]
    SLICE_X67Y129        FDCE                                         r  rv32_top_i/plat/U0/u_core/memwb_read_data_reg[1]/D
  -------------------------------------------------------------------    -------------------

                         (clock clk_fpga_0 rise edge)
                                                      0.000     0.000 r  
    PS7_X0Y0             PS7                          0.000     0.000 r  rv32_top_i/ps7/inst/PS7_i/FCLKCLK[0]
                         net (fo=1, routed)           1.088     1.088    rv32_top_i/ps7/inst/FCLK_CLK_unbuffered[0]
    BUFGCTRL_X0Y16       BUFG (Prop_bufg_I_O)         0.091     1.179 r  rv32_top_i/ps7/inst/buffer_fclk_clk_0.FCLK_CLK_0_BUFG/O
                         net (fo=39071, routed)       1.704     2.883    rv32_top_i/plat/U0/u_core/S_AXI_ACLK
    SLICE_X67Y129        FDCE                                         r  rv32_top_i/plat/U0/u_core/memwb_read_data_reg[1]/C

Slack:                    inf
  Source:                 sw_i_0[3]
                            (input port)
  Destination:            rv32_top_i/plat/U0/u_core/memwb_read_data_reg[3]/D
                            (rising edge-triggered cell FDCE clocked by clk_fpga_0  {rise@0.000ns fall@10.000ns period=20.000ns})
  Path Group:             (none)
  Path Type:              Setup (Max at Slow Process Corner)
  Data Path Delay:        9.091ns  (logic 2.026ns (22.287%)  route 7.065ns (77.713%))
  Logic Levels:           5  (IBUF=1 LUT6=4)
  Clock Path Skew:        2.882ns (DCD - SCD + CPR)
    Destination Clock Delay (DCD):    2.882ns
    Source Clock Delay      (SCD):    0.000ns
    Clock Pessimism Removal (CPR):    0.000ns
  Clock Uncertainty:      0.301ns  ((TSJ^2 + TIJ^2)^1/2 + DJ) / 2 + PE
    Total System Jitter     (TSJ):    0.050ns
    Total Input Jitter      (TIJ):    0.600ns
    Discrete Jitter          (DJ):    0.000ns
    Phase Error              (PE):    0.000ns

    Location             Delay type                Incr(ns)  Path(ns)    Netlist Resource(s)
  -------------------------------------------------------------------    -------------------
    T16                                               0.000     0.000 r  sw_i_0[3] (IN)
                         net (fo=0)                   0.000     0.000    sw_i_0[3]
    T16                  IBUF (Prop_ibuf_I_O)         1.530     1.530 r  sw_i_0_IBUF[3]_inst/O
                         net (fo=2, routed)           3.422     4.952    rv32_top_i/plat/U0/u_core/sw_i[3]
    SLICE_X82Y123        LUT6 (Prop_lut6_I5_O)        0.124     5.076 r  rv32_top_i/plat/U0/u_core/memwb_read_data[3]_i_14/O
                         net (fo=1, routed)           1.157     6.233    rv32_top_i/plat/U0/u_core/memwb_read_data[3]_i_14_n_0
    SLICE_X88Y123        LUT6 (Prop_lut6_I0_O)        0.124     6.357 r  rv32_top_i/plat/U0/u_core/memwb_read_data[3]_i_7/O
                         net (fo=1, routed)           1.037     7.394    rv32_top_i/plat/U0/u_core/memwb_read_data[3]_i_7_n_0
    SLICE_X95Y136        LUT6 (Prop_lut6_I5_O)        0.124     7.518 r  rv32_top_i/plat/U0/u_core/memwb_read_data[3]_i_2/O
                         net (fo=2, routed)           1.449     8.967    rv32_top_i/plat/U0/u_core/dmem_rdata[3]
    SLICE_X66Y128        LUT6 (Prop_lut6_I3_O)        0.124     9.091 r  rv32_top_i/plat/U0/u_core/memwb_read_data[3]_i_1/O
                         net (fo=1, routed)           0.000     9.091    rv32_top_i/plat/U0/u_core/mem_read_data[3]
    SLICE_X66Y128        FDCE                                         r  rv32_top_i/plat/U0/u_core/memwb_read_data_reg[3]/D
  -------------------------------------------------------------------    -------------------

                         (clock clk_fpga_0 rise edge)
                                                      0.000     0.000 r  
    PS7_X0Y0             PS7                          0.000     0.000 r  rv32_top_i/ps7/inst/PS7_i/FCLKCLK[0]
                         net (fo=1, routed)           1.088     1.088    rv32_top_i/ps7/inst/FCLK_CLK_unbuffered[0]
    BUFGCTRL_X0Y16       BUFG (Prop_bufg_I_O)         0.091     1.179 r  rv32_top_i/ps7/inst/buffer_fclk_clk_0.FCLK_CLK_0_BUFG/O
                         net (fo=39071, routed)       1.703     2.882    rv32_top_i/plat/U0/u_core/S_AXI_ACLK
    SLICE_X66Y128        FDCE                                         r  rv32_top_i/plat/U0/u_core/memwb_read_data_reg[3]/C

Slack:                    inf
  Source:                 sw_i_0[0]
                            (input port)
  Destination:            rv32_top_i/plat/U0/u_core/memwb_read_data_reg[0]/D
                            (rising edge-triggered cell FDCE clocked by clk_fpga_0  {rise@0.000ns fall@10.000ns period=20.000ns})
  Path Group:             (none)
  Path Type:              Setup (Max at Slow Process Corner)
  Data Path Delay:        8.279ns  (logic 2.088ns (25.215%)  route 6.191ns (74.785%))
  Logic Levels:           6  (IBUF=1 LUT5=1 LUT6=4)
  Clock Path Skew:        2.883ns (DCD - SCD + CPR)
    Destination Clock Delay (DCD):    2.883ns
    Source Clock Delay      (SCD):    0.000ns
    Clock Pessimism Removal (CPR):    0.000ns
  Clock Uncertainty:      0.301ns  ((TSJ^2 + TIJ^2)^1/2 + DJ) / 2 + PE
    Total System Jitter     (TSJ):    0.050ns
    Total Input Jitter      (TIJ):    0.600ns
    Discrete Jitter          (DJ):    0.000ns
    Phase Error              (PE):    0.000ns

    Location             Delay type                Incr(ns)  Path(ns)    Netlist Resource(s)
  -------------------------------------------------------------------    -------------------
    G15                                               0.000     0.000 r  sw_i_0[0] (IN)
                         net (fo=0)                   0.000     0.000    sw_i_0[0]
    G15                  IBUF (Prop_ibuf_I_O)         1.468     1.468 r  sw_i_0_IBUF[0]_inst/O
                         net (fo=2, routed)           3.077     4.544    rv32_top_i/plat/U0/u_core/sw_i[0]
    SLICE_X83Y125        LUT6 (Prop_lut6_I5_O)        0.124     4.668 r  rv32_top_i/plat/U0/u_core/memwb_read_data[0]_i_14/O
                         net (fo=1, routed)           0.665     5.333    rv32_top_i/plat/U0/u_core/memwb_read_data[0]_i_14_n_0
    SLICE_X84Y125        LUT5 (Prop_lut5_I0_O)        0.124     5.457 r  rv32_top_i/plat/U0/u_core/memwb_read_data[0]_i_7/O
                         net (fo=1, routed)           0.890     6.348    rv32_top_i/plat/U0/u_core/memwb_read_data[0]_i_7_n_0
    SLICE_X94Y130        LUT6 (Prop_lut6_I5_O)        0.124     6.472 r  rv32_top_i/plat/U0/u_core/memwb_read_data[0]_i_2/O
                         net (fo=2, routed)           1.261     7.733    rv32_top_i/plat/U0/u_core/dmem_rdata[0]
    SLICE_X65Y129        LUT6 (Prop_lut6_I1_O)        0.124     7.857 r  rv32_top_i/plat/U0/u_core/memwb_read_data[0]_i_3/O
                         net (fo=1, routed)           0.298     8.155    rv32_top_i/plat/U0/u_core/memwb_read_data[0]_i_3_n_0
    SLICE_X66Y129        LUT6 (Prop_lut6_I5_O)        0.124     8.279 r  rv32_top_i/plat/U0/u_core/memwb_read_data[0]_i_1/O
                         net (fo=1, routed)           0.000     8.279    rv32_top_i/plat/U0/u_core/mem_read_data[0]
    SLICE_X66Y129        FDCE                                         r  rv32_top_i/plat/U0/u_core/memwb_read_data_reg[0]/D
  -------------------------------------------------------------------    -------------------

                         (clock clk_fpga_0 rise edge)
                                                      0.000     0.000 r  
    PS7_X0Y0             PS7                          0.000     0.000 r  rv32_top_i/ps7/inst/PS7_i/FCLKCLK[0]
                         net (fo=1, routed)           1.088     1.088    rv32_top_i/ps7/inst/FCLK_CLK_unbuffered[0]
    BUFGCTRL_X0Y16       BUFG (Prop_bufg_I_O)         0.091     1.179 r  rv32_top_i/ps7/inst/buffer_fclk_clk_0.FCLK_CLK_0_BUFG/O
                         net (fo=39071, routed)       1.704     2.883    rv32_top_i/plat/U0/u_core/S_AXI_ACLK
    SLICE_X66Y129        FDCE                                         r  rv32_top_i/plat/U0/u_core/memwb_read_data_reg[0]/C

Slack:                    inf
  Source:                 jb_io_0[2]
                            (input port)
  Destination:            rv32_top_i/plat/U0/u_mmio/u_spi1/miso_m_reg/D
                            (rising edge-triggered cell FDRE clocked by clk_fpga_0  {rise@0.000ns fall@10.000ns period=20.000ns})
  Path Group:             (none)
  Path Type:              Setup (Max at Slow Process Corner)
  Data Path Delay:        8.124ns  (logic 1.573ns (19.368%)  route 6.550ns (80.632%))
  Logic Levels:           1  (IBUF=1)
  Clock Path Skew:        2.887ns (DCD - SCD + CPR)
    Destination Clock Delay (DCD):    2.887ns
    Source Clock Delay      (SCD):    0.000ns
    Clock Pessimism Removal (CPR):    0.000ns
  Clock Uncertainty:      0.301ns  ((TSJ^2 + TIJ^2)^1/2 + DJ) / 2 + PE
    Total System Jitter     (TSJ):    0.050ns
    Total Input Jitter      (TIJ):    0.600ns
    Discrete Jitter          (DJ):    0.000ns
    Phase Error              (PE):    0.000ns

    Location             Delay type                Incr(ns)  Path(ns)    Netlist Resource(s)
  -------------------------------------------------------------------    -------------------
    U7                                                0.000     0.000 r  jb_io_0[2] (INOUT)
                         net (fo=0)                   0.000     0.000    jb_io_0[2]
    U7                   IBUF (Prop_ibuf_I_O)         1.573     1.573 r  jb_io_0_IBUF[2]_inst/O
                         net (fo=1, routed)           6.550     8.124    rv32_top_i/plat/U0/u_mmio/u_spi1/jb_io[0]
    SLICE_X80Y129        FDRE                                         r  rv32_top_i/plat/U0/u_mmio/u_spi1/miso_m_reg/D
  -------------------------------------------------------------------    -------------------

                         (clock clk_fpga_0 rise edge)
                                                      0.000     0.000 r  
    PS7_X0Y0             PS7                          0.000     0.000 r  rv32_top_i/ps7/inst/PS7_i/FCLKCLK[0]
                         net (fo=1, routed)           1.088     1.088    rv32_top_i/ps7/inst/FCLK_CLK_unbuffered[0]
    BUFGCTRL_X0Y16       BUFG (Prop_bufg_I_O)         0.091     1.179 r  rv32_top_i/ps7/inst/buffer_fclk_clk_0.FCLK_CLK_0_BUFG/O
                         net (fo=39071, routed)       1.708     2.887    rv32_top_i/plat/U0/u_mmio/u_spi1/S_AXI_ACLK
    SLICE_X80Y129        FDRE                                         r  rv32_top_i/plat/U0/u_mmio/u_spi1/miso_m_reg/C

Slack:                    inf
  Source:                 sw_i_0[1]
                            (input port)
  Destination:            rv32_top_i/plat/U0/u_ctrl/rdata_q_reg[1]/D
                            (rising edge-triggered cell FDRE clocked by clk_fpga_0  {rise@0.000ns fall@10.000ns period=20.000ns})
  Path Group:             (none)
  Path Type:              Setup (Max at Slow Process Corner)
  Data Path Delay:        7.927ns  (logic 1.728ns (21.796%)  route 6.199ns (78.204%))
  Logic Levels:           3  (IBUF=1 LUT5=1 LUT6=1)
  Clock Path Skew:        2.817ns (DCD - SCD + CPR)
    Destination Clock Delay (DCD):    2.817ns
    Source Clock Delay      (SCD):    0.000ns
    Clock Pessimism Removal (CPR):    0.000ns
  Clock Uncertainty:      0.301ns  ((TSJ^2 + TIJ^2)^1/2 + DJ) / 2 + PE
    Total System Jitter     (TSJ):    0.050ns
    Total Input Jitter      (TIJ):    0.600ns
    Discrete Jitter          (DJ):    0.000ns
    Phase Error              (PE):    0.000ns

    Location             Delay type                Incr(ns)  Path(ns)    Netlist Resource(s)
  -------------------------------------------------------------------    -------------------
    P15                                               0.000     0.000 r  sw_i_0[1] (IN)
                         net (fo=0)                   0.000     0.000    sw_i_0[1]
    P15                  IBUF (Prop_ibuf_I_O)         1.480     1.480 r  sw_i_0_IBUF[1]_inst/O
                         net (fo=2, routed)           5.482     6.961    rv32_top_i/plat/U0/u_ctrl/sw_i[1]
    SLICE_X33Y120        LUT6 (Prop_lut6_I2_O)        0.124     7.085 r  rv32_top_i/plat/U0/u_ctrl/rdata_q[1]_i_4/O
                         net (fo=1, routed)           0.717     7.803    rv32_top_i/plat/U0/u_ctrl/rdata_q[1]_i_4_n_0
    SLICE_X33Y123        LUT5 (Prop_lut5_I3_O)        0.124     7.927 r  rv32_top_i/plat/U0/u_ctrl/rdata_q[1]_i_1/O
                         net (fo=1, routed)           0.000     7.927    rv32_top_i/plat/U0/u_ctrl/p_1_in__0[1]
    SLICE_X33Y123        FDRE                                         r  rv32_top_i/plat/U0/u_ctrl/rdata_q_reg[1]/D
  -------------------------------------------------------------------    -------------------

                         (clock clk_fpga_0 rise edge)
                                                      0.000     0.000 r  
    PS7_X0Y0             PS7                          0.000     0.000 r  rv32_top_i/ps7/inst/PS7_i/FCLKCLK[0]
                         net (fo=1, routed)           1.088     1.088    rv32_top_i/ps7/inst/FCLK_CLK_unbuffered[0]
    BUFGCTRL_X0Y16       BUFG (Prop_bufg_I_O)         0.091     1.179 r  rv32_top_i/ps7/inst/buffer_fclk_clk_0.FCLK_CLK_0_BUFG/O
                         net (fo=39071, routed)       1.638     2.817    rv32_top_i/plat/U0/u_ctrl/S_AXI_ACLK
    SLICE_X33Y123        FDRE                                         r  rv32_top_i/plat/U0/u_ctrl/rdata_q_reg[1]/C

Slack:                    inf
  Source:                 jb_io_0[4]
                            (input port)
  Destination:            rv32_top_i/plat/U0/u_mmio/u_gpio/in_m_reg[4]/D
                            (rising edge-triggered cell FDRE clocked by clk_fpga_0  {rise@0.000ns fall@10.000ns period=20.000ns})
  Path Group:             (none)
  Path Type:              Setup (Max at Slow Process Corner)
  Data Path Delay:        7.552ns  (logic 1.513ns (20.032%)  route 6.040ns (79.968%))
  Logic Levels:           1  (IBUF=1)
  Clock Path Skew:        2.882ns (DCD - SCD + CPR)
    Destination Clock Delay (DCD):    2.882ns
    Source Clock Delay      (SCD):    0.000ns
    Clock Pessimism Removal (CPR):    0.000ns
  Clock Uncertainty:      0.301ns  ((TSJ^2 + TIJ^2)^1/2 + DJ) / 2 + PE
    Total System Jitter     (TSJ):    0.050ns
    Total Input Jitter      (TIJ):    0.600ns
    Discrete Jitter          (DJ):    0.000ns
    Phase Error              (PE):    0.000ns

    Location             Delay type                Incr(ns)  Path(ns)    Netlist Resource(s)
  -------------------------------------------------------------------    -------------------
    Y7                                                0.000     0.000 r  jb_io_0[4] (INOUT)
                         net (fo=1, unset)            0.000     0.000    rv32_top_i/plat/jb_io_IOBUF[4]_inst/IO
    Y7                   IBUF (Prop_ibuf_I_O)         1.513     1.513 r  rv32_top_i/plat/jb_io_IOBUF[4]_inst/IBUF/O
                         net (fo=1, routed)           6.040     7.552    rv32_top_i/plat/U0/u_mmio/u_gpio/gpio_i[4]
    SLICE_X54Y116        FDRE                                         r  rv32_top_i/plat/U0/u_mmio/u_gpio/in_m_reg[4]/D
  -------------------------------------------------------------------    -------------------

                         (clock clk_fpga_0 rise edge)
                                                      0.000     0.000 r  
    PS7_X0Y0             PS7                          0.000     0.000 r  rv32_top_i/ps7/inst/PS7_i/FCLKCLK[0]
                         net (fo=1, routed)           1.088     1.088    rv32_top_i/ps7/inst/FCLK_CLK_unbuffered[0]
    BUFGCTRL_X0Y16       BUFG (Prop_bufg_I_O)         0.091     1.179 r  rv32_top_i/ps7/inst/buffer_fclk_clk_0.FCLK_CLK_0_BUFG/O
                         net (fo=39071, routed)       1.703     2.882    rv32_top_i/plat/U0/u_mmio/u_gpio/S_AXI_ACLK
    SLICE_X54Y116        FDRE                                         r  rv32_top_i/plat/U0/u_mmio/u_gpio/in_m_reg[4]/C

Slack:                    inf
  Source:                 jb_io_0[7]
                            (input port)
  Destination:            rv32_top_i/plat/U0/u_mmio/u_gpio/in_m_reg[7]/D
                            (rising edge-triggered cell FDRE clocked by clk_fpga_0  {rise@0.000ns fall@10.000ns period=20.000ns})
  Path Group:             (none)
  Path Type:              Setup (Max at Slow Process Corner)
  Data Path Delay:        7.335ns  (logic 1.471ns (20.051%)  route 5.864ns (79.949%))
  Logic Levels:           1  (IBUF=1)
  Clock Path Skew:        2.891ns (DCD - SCD + CPR)
    Destination Clock Delay (DCD):    2.891ns
    Source Clock Delay      (SCD):    0.000ns
    Clock Pessimism Removal (CPR):    0.000ns
  Clock Uncertainty:      0.301ns  ((TSJ^2 + TIJ^2)^1/2 + DJ) / 2 + PE
    Total System Jitter     (TSJ):    0.050ns
    Total Input Jitter      (TIJ):    0.600ns
    Discrete Jitter          (DJ):    0.000ns
    Phase Error              (PE):    0.000ns

    Location             Delay type                Incr(ns)  Path(ns)    Netlist Resource(s)
  -------------------------------------------------------------------    -------------------
    W6                                                0.000     0.000 r  jb_io_0[7] (INOUT)
                         net (fo=1, unset)            0.000     0.000    rv32_top_i/plat/jb_io_IOBUF[7]_inst/IO
    W6                   IBUF (Prop_ibuf_I_O)         1.471     1.471 r  rv32_top_i/plat/jb_io_IOBUF[7]_inst/IBUF/O
                         net (fo=1, routed)           5.864     7.335    rv32_top_i/plat/U0/u_mmio/u_gpio/gpio_i[7]
    SLICE_X61Y110        FDRE                                         r  rv32_top_i/plat/U0/u_mmio/u_gpio/in_m_reg[7]/D
  -------------------------------------------------------------------    -------------------

                         (clock clk_fpga_0 rise edge)
                                                      0.000     0.000 r  
    PS7_X0Y0             PS7                          0.000     0.000 r  rv32_top_i/ps7/inst/PS7_i/FCLKCLK[0]
                         net (fo=1, routed)           1.088     1.088    rv32_top_i/ps7/inst/FCLK_CLK_unbuffered[0]
    BUFGCTRL_X0Y16       BUFG (Prop_bufg_I_O)         0.091     1.179 r  rv32_top_i/ps7/inst/buffer_fclk_clk_0.FCLK_CLK_0_BUFG/O
                         net (fo=39071, routed)       1.712     2.891    rv32_top_i/plat/U0/u_mmio/u_gpio/S_AXI_ACLK
    SLICE_X61Y110        FDRE                                         r  rv32_top_i/plat/U0/u_mmio/u_gpio/in_m_reg[7]/C

Slack:                    inf
  Source:                 jb_io_0[6]
                            (input port)
  Destination:            rv32_top_i/plat/U0/u_mmio/u_gpio/in_m_reg[6]/D
                            (rising edge-triggered cell FDRE clocked by clk_fpga_0  {rise@0.000ns fall@10.000ns period=20.000ns})
  Path Group:             (none)
  Path Type:              Setup (Max at Slow Process Corner)
  Data Path Delay:        7.286ns  (logic 1.466ns (20.115%)  route 5.820ns (79.885%))
  Logic Levels:           1  (IBUF=1)
  Clock Path Skew:        2.891ns (DCD - SCD + CPR)
    Destination Clock Delay (DCD):    2.891ns
    Source Clock Delay      (SCD):    0.000ns
    Clock Pessimism Removal (CPR):    0.000ns
  Clock Uncertainty:      0.301ns  ((TSJ^2 + TIJ^2)^1/2 + DJ) / 2 + PE
    Total System Jitter     (TSJ):    0.050ns
    Total Input Jitter      (TIJ):    0.600ns
    Discrete Jitter          (DJ):    0.000ns
    Phase Error              (PE):    0.000ns

    Location             Delay type                Incr(ns)  Path(ns)    Netlist Resource(s)
  -------------------------------------------------------------------    -------------------
    V6                                                0.000     0.000 r  jb_io_0[6] (INOUT)
                         net (fo=1, unset)            0.000     0.000    rv32_top_i/plat/jb_io_IOBUF[6]_inst/IO
    V6                   IBUF (Prop_ibuf_I_O)         1.466     1.466 r  rv32_top_i/plat/jb_io_IOBUF[6]_inst/IBUF/O
                         net (fo=1, routed)           5.820     7.286    rv32_top_i/plat/U0/u_mmio/u_gpio/gpio_i[6]
    SLICE_X61Y110        FDRE                                         r  rv32_top_i/plat/U0/u_mmio/u_gpio/in_m_reg[6]/D
  -------------------------------------------------------------------    -------------------

                         (clock clk_fpga_0 rise edge)
                                                      0.000     0.000 r  
    PS7_X0Y0             PS7                          0.000     0.000 r  rv32_top_i/ps7/inst/PS7_i/FCLKCLK[0]
                         net (fo=1, routed)           1.088     1.088    rv32_top_i/ps7/inst/FCLK_CLK_unbuffered[0]
    BUFGCTRL_X0Y16       BUFG (Prop_bufg_I_O)         0.091     1.179 r  rv32_top_i/ps7/inst/buffer_fclk_clk_0.FCLK_CLK_0_BUFG/O
                         net (fo=39071, routed)       1.712     2.891    rv32_top_i/plat/U0/u_mmio/u_gpio/S_AXI_ACLK
    SLICE_X61Y110        FDRE                                         r  rv32_top_i/plat/U0/u_mmio/u_gpio/in_m_reg[6]/C

Slack:                    inf
  Source:                 jb_io_0[5]
                            (input port)
  Destination:            rv32_top_i/plat/U0/u_mmio/u_gpio/in_m_reg[5]/D
                            (rising edge-triggered cell FDRE clocked by clk_fpga_0  {rise@0.000ns fall@10.000ns period=20.000ns})
  Path Group:             (none)
  Path Type:              Setup (Max at Slow Process Corner)
  Data Path Delay:        7.162ns  (logic 1.499ns (20.924%)  route 5.663ns (79.076%))
  Logic Levels:           1  (IBUF=1)
  Clock Path Skew:        2.813ns (DCD - SCD + CPR)
    Destination Clock Delay (DCD):    2.813ns
    Source Clock Delay      (SCD):    0.000ns
    Clock Pessimism Removal (CPR):    0.000ns
  Clock Uncertainty:      0.301ns  ((TSJ^2 + TIJ^2)^1/2 + DJ) / 2 + PE
    Total System Jitter     (TSJ):    0.050ns
    Total Input Jitter      (TIJ):    0.600ns
    Discrete Jitter          (DJ):    0.000ns
    Phase Error              (PE):    0.000ns

    Location             Delay type                Incr(ns)  Path(ns)    Netlist Resource(s)
  -------------------------------------------------------------------    -------------------
    Y6                                                0.000     0.000 r  jb_io_0[5] (INOUT)
                         net (fo=1, unset)            0.000     0.000    rv32_top_i/plat/jb_io_IOBUF[5]_inst/IO
    Y6                   IBUF (Prop_ibuf_I_O)         1.499     1.499 r  rv32_top_i/plat/jb_io_IOBUF[5]_inst/IBUF/O
                         net (fo=1, routed)           5.663     7.162    rv32_top_i/plat/U0/u_mmio/u_gpio/gpio_i[5]
    SLICE_X53Y115        FDRE                                         r  rv32_top_i/plat/U0/u_mmio/u_gpio/in_m_reg[5]/D
  -------------------------------------------------------------------    -------------------

                         (clock clk_fpga_0 rise edge)
                                                      0.000     0.000 r  
    PS7_X0Y0             PS7                          0.000     0.000 r  rv32_top_i/ps7/inst/PS7_i/FCLKCLK[0]
                         net (fo=1, routed)           1.088     1.088    rv32_top_i/ps7/inst/FCLK_CLK_unbuffered[0]
    BUFGCTRL_X0Y16       BUFG (Prop_bufg_I_O)         0.091     1.179 r  rv32_top_i/ps7/inst/buffer_fclk_clk_0.FCLK_CLK_0_BUFG/O
                         net (fo=39071, routed)       1.634     2.813    rv32_top_i/plat/U0/u_mmio/u_gpio/S_AXI_ACLK
    SLICE_X53Y115        FDRE                                         r  rv32_top_i/plat/U0/u_mmio/u_gpio/in_m_reg[5]/C

Slack:                    inf
  Source:                 sw_i_0[2]
                            (input port)
  Destination:            rv32_top_i/plat/U0/u_core/memwb_read_data_reg[2]/D
                            (rising edge-triggered cell FDCE clocked by clk_fpga_0  {rise@0.000ns fall@10.000ns period=20.000ns})
  Path Group:             (none)
  Path Type:              Setup (Max at Slow Process Corner)
  Data Path Delay:        7.027ns  (logic 2.414ns (34.361%)  route 4.612ns (65.639%))
  Logic Levels:           6  (IBUF=1 LUT5=1 LUT6=3 MUXF7=1)
  Clock Path Skew:        2.877ns (DCD - SCD + CPR)
    Destination Clock Delay (DCD):    2.877ns
    Source Clock Delay      (SCD):    0.000ns
    Clock Pessimism Removal (CPR):    0.000ns
  Clock Uncertainty:      0.301ns  ((TSJ^2 + TIJ^2)^1/2 + DJ) / 2 + PE
    Total System Jitter     (TSJ):    0.050ns
    Total Input Jitter      (TIJ):    0.600ns
    Discrete Jitter          (DJ):    0.000ns
    Phase Error              (PE):    0.000ns

    Location             Delay type                Incr(ns)  Path(ns)    Netlist Resource(s)
  -------------------------------------------------------------------    -------------------
    W13                                               0.000     0.000 r  sw_i_0[2] (IN)
                         net (fo=0)                   0.000     0.000    sw_i_0[2]
    W13                  IBUF (Prop_ibuf_I_O)         1.531     1.531 r  sw_i_0_IBUF[2]_inst/O
                         net (fo=2, routed)           3.279     4.811    rv32_top_i/plat/U0/u_core/sw_i[2]
    SLICE_X89Y125        LUT5 (Prop_lut5_I0_O)        0.124     4.935 r  rv32_top_i/plat/U0/u_core/memwb_read_data[2]_i_13/O
                         net (fo=1, routed)           0.000     4.935    rv32_top_i/plat/U0/u_core/memwb_read_data[2]_i_13_n_0
    SLICE_X89Y125        MUXF7 (Prop_muxf7_I0_O)      0.212     5.147 r  rv32_top_i/plat/U0/u_core/memwb_read_data_reg[2]_i_7/O
                         net (fo=1, routed)           0.433     5.580    rv32_top_i/plat/U0/u_core/memwb_read_data_reg[2]_i_7_n_0
    SLICE_X89Y125        LUT6 (Prop_lut6_I3_O)        0.299     5.879 r  rv32_top_i/plat/U0/u_core/memwb_read_data[2]_i_2/O
                         net (fo=2, routed)           0.748     6.627    rv32_top_i/plat/U0/u_core/dmem_rdata[2]
    SLICE_X65Y125        LUT6 (Prop_lut6_I1_O)        0.124     6.751 r  rv32_top_i/plat/U0/u_core/memwb_read_data[2]_i_3/O
                         net (fo=1, routed)           0.151     6.903    rv32_top_i/plat/U0/u_core/memwb_read_data[2]_i_3_n_0
    SLICE_X65Y125        LUT6 (Prop_lut6_I5_O)        0.124     7.027 r  rv32_top_i/plat/U0/u_core/memwb_read_data[2]_i_1/O
                         net (fo=1, routed)           0.000     7.027    rv32_top_i/plat/U0/u_core/mem_read_data[2]
    SLICE_X65Y125        FDCE                                         r  rv32_top_i/plat/U0/u_core/memwb_read_data_reg[2]/D
  -------------------------------------------------------------------    -------------------

                         (clock clk_fpga_0 rise edge)
                                                      0.000     0.000 r  
    PS7_X0Y0             PS7                          0.000     0.000 r  rv32_top_i/ps7/inst/PS7_i/FCLKCLK[0]
                         net (fo=1, routed)           1.088     1.088    rv32_top_i/ps7/inst/FCLK_CLK_unbuffered[0]
    BUFGCTRL_X0Y16       BUFG (Prop_bufg_I_O)         0.091     1.179 r  rv32_top_i/ps7/inst/buffer_fclk_clk_0.FCLK_CLK_0_BUFG/O
                         net (fo=39071, routed)       1.698     2.877    rv32_top_i/plat/U0/u_core/S_AXI_ACLK
    SLICE_X65Y125        FDCE                                         r  rv32_top_i/plat/U0/u_core/memwb_read_data_reg[2]/C





Min Delay Paths
--------------------------------------------------------------------------------------
Slack:                    inf
  Source:                 je_io_0[3]
                            (input port)
  Destination:            rv32_top_i/plat/U0/u_mmio/u_gpio/in_m_reg[21]/D
                            (rising edge-triggered cell FDRE clocked by clk_fpga_0  {rise@0.000ns fall@10.000ns period=20.000ns})
  Path Group:             (none)
  Path Type:              Hold (Min at Fast Process Corner)
  Data Path Delay:        0.600ns  (logic 0.268ns (44.636%)  route 0.332ns (55.364%))
  Logic Levels:           1  (IBUF=1)
  Clock Path Skew:        1.358ns (DCD - SCD - CPR)
    Destination Clock Delay (DCD):    1.358ns
    Source Clock Delay      (SCD):    0.000ns
    Clock Pessimism Removal (CPR):    -0.000ns

    Location             Delay type                Incr(ns)  Path(ns)    Netlist Resource(s)
  -------------------------------------------------------------------    -------------------
    H15                                               0.000     0.000 r  je_io_0[3] (INOUT)
                         net (fo=1, unset)            0.000     0.000    rv32_top_i/plat/je_io_IOBUF[3]_inst/IO
    H15                  IBUF (Prop_ibuf_I_O)         0.268     0.268 r  rv32_top_i/plat/je_io_IOBUF[3]_inst/IBUF/O
                         net (fo=1, routed)           0.332     0.600    rv32_top_i/plat/U0/u_mmio/u_gpio/gpio_i[21]
    SLICE_X113Y111       FDRE                                         r  rv32_top_i/plat/U0/u_mmio/u_gpio/in_m_reg[21]/D
  -------------------------------------------------------------------    -------------------

                         (clock clk_fpga_0 rise edge)
                                                      0.000     0.000 r  
    PS7_X0Y0             PS7                          0.000     0.000 r  rv32_top_i/ps7/inst/PS7_i/FCLKCLK[0]
                         net (fo=1, routed)           0.337     0.337    rv32_top_i/ps7/inst/FCLK_CLK_unbuffered[0]
    BUFGCTRL_X0Y16       BUFG (Prop_bufg_I_O)         0.029     0.366 r  rv32_top_i/ps7/inst/buffer_fclk_clk_0.FCLK_CLK_0_BUFG/O
                         net (fo=39071, routed)       0.992     1.358    rv32_top_i/plat/U0/u_mmio/u_gpio/S_AXI_ACLK
    SLICE_X113Y111       FDRE                                         r  rv32_top_i/plat/U0/u_mmio/u_gpio/in_m_reg[21]/C

Slack:                    inf
  Source:                 jd_io_0[1]
                            (input port)
  Destination:            rv32_top_i/plat/U0/u_mmio/u_gpio/in_m_reg[15]/D
                            (rising edge-triggered cell FDRE clocked by clk_fpga_0  {rise@0.000ns fall@10.000ns period=20.000ns})
  Path Group:             (none)
  Path Type:              Hold (Min at Fast Process Corner)
  Data Path Delay:        0.630ns  (logic 0.291ns (46.207%)  route 0.339ns (53.793%))
  Logic Levels:           1  (IBUF=1)
  Clock Path Skew:        1.272ns (DCD - SCD - CPR)
    Destination Clock Delay (DCD):    1.272ns
    Source Clock Delay      (SCD):    0.000ns
    Clock Pessimism Removal (CPR):    -0.000ns

    Location             Delay type                Incr(ns)  Path(ns)    Netlist Resource(s)
  -------------------------------------------------------------------    -------------------
    T15                                               0.000     0.000 r  jd_io_0[1] (INOUT)
                         net (fo=1, unset)            0.000     0.000    rv32_top_i/plat/jd_io_IOBUF[1]_inst/IO
    T15                  IBUF (Prop_ibuf_I_O)         0.291     0.291 r  rv32_top_i/plat/jd_io_IOBUF[1]_inst/IBUF/O
                         net (fo=1, routed)           0.339     0.630    rv32_top_i/plat/U0/u_mmio/u_gpio/gpio_i[15]
    SLICE_X112Y89        FDRE                                         r  rv32_top_i/plat/U0/u_mmio/u_gpio/in_m_reg[15]/D
  -------------------------------------------------------------------    -------------------

                         (clock clk_fpga_0 rise edge)
                                                      0.000     0.000 r  
    PS7_X0Y0             PS7                          0.000     0.000 r  rv32_top_i/ps7/inst/PS7_i/FCLKCLK[0]
                         net (fo=1, routed)           0.337     0.337    rv32_top_i/ps7/inst/FCLK_CLK_unbuffered[0]
    BUFGCTRL_X0Y16       BUFG (Prop_bufg_I_O)         0.029     0.366 r  rv32_top_i/ps7/inst/buffer_fclk_clk_0.FCLK_CLK_0_BUFG/O
                         net (fo=39071, routed)       0.906     1.272    rv32_top_i/plat/U0/u_mmio/u_gpio/S_AXI_ACLK
    SLICE_X112Y89        FDRE                                         r  rv32_top_i/plat/U0/u_mmio/u_gpio/in_m_reg[15]/C

Slack:                    inf
  Source:                 jd_io_0[0]
                            (input port)
  Destination:            rv32_top_i/plat/U0/u_mmio/u_gpio/in_m_reg[14]/D
                            (rising edge-triggered cell FDRE clocked by clk_fpga_0  {rise@0.000ns fall@10.000ns period=20.000ns})
  Path Group:             (none)
  Path Type:              Hold (Min at Fast Process Corner)
  Data Path Delay:        0.646ns  (logic 0.296ns (45.829%)  route 0.350ns (54.171%))
  Logic Levels:           1  (IBUF=1)
  Clock Path Skew:        1.272ns (DCD - SCD - CPR)
    Destination Clock Delay (DCD):    1.272ns
    Source Clock Delay      (SCD):    0.000ns
    Clock Pessimism Removal (CPR):    -0.000ns

    Location             Delay type                Incr(ns)  Path(ns)    Netlist Resource(s)
  -------------------------------------------------------------------    -------------------
    T14                                               0.000     0.000 r  jd_io_0[0] (INOUT)
                         net (fo=1, unset)            0.000     0.000    rv32_top_i/plat/jd_io_IOBUF[0]_inst/IO
    T14                  IBUF (Prop_ibuf_I_O)         0.296     0.296 r  rv32_top_i/plat/jd_io_IOBUF[0]_inst/IBUF/O
                         net (fo=1, routed)           0.350     0.646    rv32_top_i/plat/U0/u_mmio/u_gpio/gpio_i[14]
    SLICE_X112Y89        FDRE                                         r  rv32_top_i/plat/U0/u_mmio/u_gpio/in_m_reg[14]/D
  -------------------------------------------------------------------    -------------------

                         (clock clk_fpga_0 rise edge)
                                                      0.000     0.000 r  
    PS7_X0Y0             PS7                          0.000     0.000 r  rv32_top_i/ps7/inst/PS7_i/FCLKCLK[0]
                         net (fo=1, routed)           0.337     0.337    rv32_top_i/ps7/inst/FCLK_CLK_unbuffered[0]
    BUFGCTRL_X0Y16       BUFG (Prop_bufg_I_O)         0.029     0.366 r  rv32_top_i/ps7/inst/buffer_fclk_clk_0.FCLK_CLK_0_BUFG/O
                         net (fo=39071, routed)       0.906     1.272    rv32_top_i/plat/U0/u_mmio/u_gpio/S_AXI_ACLK
    SLICE_X112Y89        FDRE                                         r  rv32_top_i/plat/U0/u_mmio/u_gpio/in_m_reg[14]/C

Slack:                    inf
  Source:                 jc_io_0[7]
                            (input port)
  Destination:            rv32_top_i/plat/U0/u_mmio/u_gpio/in_m_reg[13]/D
                            (rising edge-triggered cell FDRE clocked by clk_fpga_0  {rise@0.000ns fall@10.000ns period=20.000ns})
  Path Group:             (none)
  Path Type:              Hold (Min at Fast Process Corner)
  Data Path Delay:        0.673ns  (logic 0.338ns (50.151%)  route 0.336ns (49.848%))
  Logic Levels:           1  (IBUF=1)
  Clock Path Skew:        1.274ns (DCD - SCD - CPR)
    Destination Clock Delay (DCD):    1.274ns
    Source Clock Delay      (SCD):    0.000ns
    Clock Pessimism Removal (CPR):    -0.000ns

    Location             Delay type                Incr(ns)  Path(ns)    Netlist Resource(s)
  -------------------------------------------------------------------    -------------------
    U12                                               0.000     0.000 r  jc_io_0[7] (INOUT)
                         net (fo=1, unset)            0.000     0.000    rv32_top_i/plat/jc_io_IOBUF[7]_inst/IO
    U12                  IBUF (Prop_ibuf_I_O)         0.338     0.338 r  rv32_top_i/plat/jc_io_IOBUF[7]_inst/IBUF/O
                         net (fo=1, routed)           0.336     0.673    rv32_top_i/plat/U0/u_mmio/u_gpio/gpio_i[13]
    SLICE_X113Y95        FDRE                                         r  rv32_top_i/plat/U0/u_mmio/u_gpio/in_m_reg[13]/D
  -------------------------------------------------------------------    -------------------

                         (clock clk_fpga_0 rise edge)
                                                      0.000     0.000 r  
    PS7_X0Y0             PS7                          0.000     0.000 r  rv32_top_i/ps7/inst/PS7_i/FCLKCLK[0]
                         net (fo=1, routed)           0.337     0.337    rv32_top_i/ps7/inst/FCLK_CLK_unbuffered[0]
    BUFGCTRL_X0Y16       BUFG (Prop_bufg_I_O)         0.029     0.366 r  rv32_top_i/ps7/inst/buffer_fclk_clk_0.FCLK_CLK_0_BUFG/O
                         net (fo=39071, routed)       0.908     1.274    rv32_top_i/plat/U0/u_mmio/u_gpio/S_AXI_ACLK
    SLICE_X113Y95        FDRE                                         r  rv32_top_i/plat/U0/u_mmio/u_gpio/in_m_reg[13]/C

Slack:                    inf
  Source:                 je_io_0[0]
                            (input port)
  Destination:            rv32_top_i/plat/U0/u_mmio/u_gpio/in_m_reg[20]/D
                            (rising edge-triggered cell FDRE clocked by clk_fpga_0  {rise@0.000ns fall@10.000ns period=20.000ns})
  Path Group:             (none)
  Path Type:              Hold (Min at Fast Process Corner)
  Data Path Delay:        0.694ns  (logic 0.314ns (45.183%)  route 0.380ns (54.817%))
  Logic Levels:           1  (IBUF=1)
  Clock Path Skew:        1.274ns (DCD - SCD - CPR)
    Destination Clock Delay (DCD):    1.274ns
    Source Clock Delay      (SCD):    0.000ns
    Clock Pessimism Removal (CPR):    -0.000ns

    Location             Delay type                Incr(ns)  Path(ns)    Netlist Resource(s)
  -------------------------------------------------------------------    -------------------
    V12                                               0.000     0.000 r  je_io_0[0] (INOUT)
                         net (fo=1, unset)            0.000     0.000    rv32_top_i/plat/je_io_IOBUF[0]_inst/IO
    V12                  IBUF (Prop_ibuf_I_O)         0.314     0.314 r  rv32_top_i/plat/je_io_IOBUF[0]_inst/IBUF/O
                         net (fo=1, routed)           0.380     0.694    rv32_top_i/plat/U0/u_mmio/u_gpio/gpio_i[20]
    SLICE_X113Y95        FDRE                                         r  rv32_top_i/plat/U0/u_mmio/u_gpio/in_m_reg[20]/D
  -------------------------------------------------------------------    -------------------

                         (clock clk_fpga_0 rise edge)
                                                      0.000     0.000 r  
    PS7_X0Y0             PS7                          0.000     0.000 r  rv32_top_i/ps7/inst/PS7_i/FCLKCLK[0]
                         net (fo=1, routed)           0.337     0.337    rv32_top_i/ps7/inst/FCLK_CLK_unbuffered[0]
    BUFGCTRL_X0Y16       BUFG (Prop_bufg_I_O)         0.029     0.366 r  rv32_top_i/ps7/inst/buffer_fclk_clk_0.FCLK_CLK_0_BUFG/O
                         net (fo=39071, routed)       0.908     1.274    rv32_top_i/plat/U0/u_mmio/u_gpio/S_AXI_ACLK
    SLICE_X113Y95        FDRE                                         r  rv32_top_i/plat/U0/u_mmio/u_gpio/in_m_reg[20]/C

Slack:                    inf
  Source:                 jc_io_0[0]
                            (input port)
  Destination:            rv32_top_i/plat/U0/u_mmio/u_gpio/in_m_reg[8]/D
                            (rising edge-triggered cell FDRE clocked by clk_fpga_0  {rise@0.000ns fall@10.000ns period=20.000ns})
  Path Group:             (none)
  Path Type:              Hold (Min at Fast Process Corner)
  Data Path Delay:        0.695ns  (logic 0.345ns (49.648%)  route 0.350ns (50.352%))
  Logic Levels:           1  (IBUF=1)
  Clock Path Skew:        1.263ns (DCD - SCD - CPR)
    Destination Clock Delay (DCD):    1.263ns
    Source Clock Delay      (SCD):    0.000ns
    Clock Pessimism Removal (CPR):    -0.000ns

    Location             Delay type                Incr(ns)  Path(ns)    Netlist Resource(s)
  -------------------------------------------------------------------    -------------------
    V15                                               0.000     0.000 r  jc_io_0[0] (INOUT)
                         net (fo=1, unset)            0.000     0.000    rv32_top_i/plat/jc_io_IOBUF[0]_inst/IO
    V15                  IBUF (Prop_ibuf_I_O)         0.345     0.345 r  rv32_top_i/plat/jc_io_IOBUF[0]_inst/IBUF/O
                         net (fo=1, routed)           0.350     0.695    rv32_top_i/plat/U0/u_mmio/u_gpio/gpio_i[8]
    SLICE_X112Y79        FDRE                                         r  rv32_top_i/plat/U0/u_mmio/u_gpio/in_m_reg[8]/D
  -------------------------------------------------------------------    -------------------

                         (clock clk_fpga_0 rise edge)
                                                      0.000     0.000 r  
    PS7_X0Y0             PS7                          0.000     0.000 r  rv32_top_i/ps7/inst/PS7_i/FCLKCLK[0]
                         net (fo=1, routed)           0.337     0.337    rv32_top_i/ps7/inst/FCLK_CLK_unbuffered[0]
    BUFGCTRL_X0Y16       BUFG (Prop_bufg_I_O)         0.029     0.366 r  rv32_top_i/ps7/inst/buffer_fclk_clk_0.FCLK_CLK_0_BUFG/O
                         net (fo=39071, routed)       0.897     1.263    rv32_top_i/plat/U0/u_mmio/u_gpio/S_AXI_ACLK
    SLICE_X112Y79        FDRE                                         r  rv32_top_i/plat/U0/u_mmio/u_gpio/in_m_reg[8]/C

Slack:                    inf
  Source:                 jc_io_0[5]
                            (input port)
  Destination:            rv32_top_i/plat/U0/u_mmio/u_gpio/in_m_reg[11]/D
                            (rising edge-triggered cell FDRE clocked by clk_fpga_0  {rise@0.000ns fall@10.000ns period=20.000ns})
  Path Group:             (none)
  Path Type:              Hold (Min at Fast Process Corner)
  Data Path Delay:        0.703ns  (logic 0.356ns (50.583%)  route 0.347ns (49.417%))
  Logic Levels:           1  (IBUF=1)
  Clock Path Skew:        1.267ns (DCD - SCD - CPR)
    Destination Clock Delay (DCD):    1.267ns
    Source Clock Delay      (SCD):    0.000ns
    Clock Pessimism Removal (CPR):    -0.000ns

    Location             Delay type                Incr(ns)  Path(ns)    Netlist Resource(s)
  -------------------------------------------------------------------    -------------------
    Y14                                               0.000     0.000 r  jc_io_0[5] (INOUT)
                         net (fo=1, unset)            0.000     0.000    rv32_top_i/plat/jc_io_IOBUF[5]_inst/IO
    Y14                  IBUF (Prop_ibuf_I_O)         0.356     0.356 r  rv32_top_i/plat/jc_io_IOBUF[5]_inst/IBUF/O
                         net (fo=1, routed)           0.347     0.703    rv32_top_i/plat/U0/u_mmio/u_gpio/gpio_i[11]
    SLICE_X113Y83        FDRE                                         r  rv32_top_i/plat/U0/u_mmio/u_gpio/in_m_reg[11]/D
  -------------------------------------------------------------------    -------------------

                         (clock clk_fpga_0 rise edge)
                                                      0.000     0.000 r  
    PS7_X0Y0             PS7                          0.000     0.000 r  rv32_top_i/ps7/inst/PS7_i/FCLKCLK[0]
                         net (fo=1, routed)           0.337     0.337    rv32_top_i/ps7/inst/FCLK_CLK_unbuffered[0]
    BUFGCTRL_X0Y16       BUFG (Prop_bufg_I_O)         0.029     0.366 r  rv32_top_i/ps7/inst/buffer_fclk_clk_0.FCLK_CLK_0_BUFG/O
                         net (fo=39071, routed)       0.901     1.267    rv32_top_i/plat/U0/u_mmio/u_gpio/S_AXI_ACLK
    SLICE_X113Y83        FDRE                                         r  rv32_top_i/plat/U0/u_mmio/u_gpio/in_m_reg[11]/C

Slack:                    inf
  Source:                 jd_io_0[6]
                            (input port)
  Destination:            rv32_top_i/plat/U0/u_mmio/u_gpio/in_m_reg[18]/D
                            (rising edge-triggered cell FDRE clocked by clk_fpga_0  {rise@0.000ns fall@10.000ns period=20.000ns})
  Path Group:             (none)
  Path Type:              Hold (Min at Fast Process Corner)
  Data Path Delay:        0.714ns  (logic 0.279ns (39.043%)  route 0.435ns (60.957%))
  Logic Levels:           1  (IBUF=1)
  Clock Path Skew:        1.267ns (DCD - SCD - CPR)
    Destination Clock Delay (DCD):    1.267ns
    Source Clock Delay      (SCD):    0.000ns
    Clock Pessimism Removal (CPR):    -0.000ns

    Location             Delay type                Incr(ns)  Path(ns)    Netlist Resource(s)
  -------------------------------------------------------------------    -------------------
    V17                                               0.000     0.000 r  jd_io_0[6] (INOUT)
                         net (fo=1, unset)            0.000     0.000    rv32_top_i/plat/jd_io_IOBUF[6]_inst/IO
    V17                  IBUF (Prop_ibuf_I_O)         0.279     0.279 r  rv32_top_i/plat/jd_io_IOBUF[6]_inst/IBUF/O
                         net (fo=1, routed)           0.435     0.714    rv32_top_i/plat/U0/u_mmio/u_gpio/gpio_i[18]
    SLICE_X113Y66        FDRE                                         r  rv32_top_i/plat/U0/u_mmio/u_gpio/in_m_reg[18]/D
  -------------------------------------------------------------------    -------------------

                         (clock clk_fpga_0 rise edge)
                                                      0.000     0.000 r  
    PS7_X0Y0             PS7                          0.000     0.000 r  rv32_top_i/ps7/inst/PS7_i/FCLKCLK[0]
                         net (fo=1, routed)           0.337     0.337    rv32_top_i/ps7/inst/FCLK_CLK_unbuffered[0]
    BUFGCTRL_X0Y16       BUFG (Prop_bufg_I_O)         0.029     0.366 r  rv32_top_i/ps7/inst/buffer_fclk_clk_0.FCLK_CLK_0_BUFG/O
                         net (fo=39071, routed)       0.901     1.267    rv32_top_i/plat/U0/u_mmio/u_gpio/S_AXI_ACLK
    SLICE_X113Y66        FDRE                                         r  rv32_top_i/plat/U0/u_mmio/u_gpio/in_m_reg[18]/C

Slack:                    inf
  Source:                 jc_io_0[6]
                            (input port)
  Destination:            rv32_top_i/plat/U0/u_mmio/u_gpio/in_m_reg[12]/D
                            (rising edge-triggered cell FDRE clocked by clk_fpga_0  {rise@0.000ns fall@10.000ns period=20.000ns})
  Path Group:             (none)
  Path Type:              Hold (Min at Fast Process Corner)
  Data Path Delay:        0.725ns  (logic 0.331ns (45.693%)  route 0.394ns (54.307%))
  Logic Levels:           1  (IBUF=1)
  Clock Path Skew:        1.274ns (DCD - SCD - CPR)
    Destination Clock Delay (DCD):    1.274ns
    Source Clock Delay      (SCD):    0.000ns
    Clock Pessimism Removal (CPR):    -0.000ns

    Location             Delay type                Incr(ns)  Path(ns)    Netlist Resource(s)
  -------------------------------------------------------------------    -------------------
    T12                                               0.000     0.000 r  jc_io_0[6] (INOUT)
                         net (fo=1, unset)            0.000     0.000    rv32_top_i/plat/jc_io_IOBUF[6]_inst/IO
    T12                  IBUF (Prop_ibuf_I_O)         0.331     0.331 r  rv32_top_i/plat/jc_io_IOBUF[6]_inst/IBUF/O
                         net (fo=1, routed)           0.394     0.725    rv32_top_i/plat/U0/u_mmio/u_gpio/gpio_i[12]
    SLICE_X113Y95        FDRE                                         r  rv32_top_i/plat/U0/u_mmio/u_gpio/in_m_reg[12]/D
  -------------------------------------------------------------------    -------------------

                         (clock clk_fpga_0 rise edge)
                                                      0.000     0.000 r  
    PS7_X0Y0             PS7                          0.000     0.000 r  rv32_top_i/ps7/inst/PS7_i/FCLKCLK[0]
                         net (fo=1, routed)           0.337     0.337    rv32_top_i/ps7/inst/FCLK_CLK_unbuffered[0]
    BUFGCTRL_X0Y16       BUFG (Prop_bufg_I_O)         0.029     0.366 r  rv32_top_i/ps7/inst/buffer_fclk_clk_0.FCLK_CLK_0_BUFG/O
                         net (fo=39071, routed)       0.908     1.274    rv32_top_i/plat/U0/u_mmio/u_gpio/S_AXI_ACLK
    SLICE_X113Y95        FDRE                                         r  rv32_top_i/plat/U0/u_mmio/u_gpio/in_m_reg[12]/C

Slack:                    inf
  Source:                 jd_io_0[4]
                            (input port)
  Destination:            rv32_top_i/plat/U0/u_mmio/u_gpio/in_m_reg[16]/D
                            (rising edge-triggered cell FDRE clocked by clk_fpga_0  {rise@0.000ns fall@10.000ns period=20.000ns})
  Path Group:             (none)
  Path Type:              Hold (Min at Fast Process Corner)
  Data Path Delay:        0.749ns  (logic 0.356ns (47.543%)  route 0.393ns (52.457%))
  Logic Levels:           1  (IBUF=1)
  Clock Path Skew:        1.263ns (DCD - SCD - CPR)
    Destination Clock Delay (DCD):    1.263ns
    Source Clock Delay      (SCD):    0.000ns
    Clock Pessimism Removal (CPR):    -0.000ns

    Location             Delay type                Incr(ns)  Path(ns)    Netlist Resource(s)
  -------------------------------------------------------------------    -------------------
    U14                                               0.000     0.000 r  jd_io_0[4] (INOUT)
                         net (fo=1, unset)            0.000     0.000    rv32_top_i/plat/jd_io_IOBUF[4]_inst/IO
    U14                  IBUF (Prop_ibuf_I_O)         0.356     0.356 r  rv32_top_i/plat/jd_io_IOBUF[4]_inst/IBUF/O
                         net (fo=1, routed)           0.393     0.749    rv32_top_i/plat/U0/u_mmio/u_gpio/gpio_i[16]
    SLICE_X112Y79        FDRE                                         r  rv32_top_i/plat/U0/u_mmio/u_gpio/in_m_reg[16]/D
  -------------------------------------------------------------------    -------------------

                         (clock clk_fpga_0 rise edge)
                                                      0.000     0.000 r  
    PS7_X0Y0             PS7                          0.000     0.000 r  rv32_top_i/ps7/inst/PS7_i/FCLKCLK[0]
                         net (fo=1, routed)           0.337     0.337    rv32_top_i/ps7/inst/FCLK_CLK_unbuffered[0]
    BUFGCTRL_X0Y16       BUFG (Prop_bufg_I_O)         0.029     0.366 r  rv32_top_i/ps7/inst/buffer_fclk_clk_0.FCLK_CLK_0_BUFG/O
                         net (fo=39071, routed)       0.897     1.263    rv32_top_i/plat/U0/u_mmio/u_gpio/S_AXI_ACLK
    SLICE_X112Y79        FDRE                                         r  rv32_top_i/plat/U0/u_mmio/u_gpio/in_m_reg[16]/C





