Copyright 1986-2022 Xilinx, Inc. All Rights Reserved. Copyright 2022-2025 Advanced Micro Devices, Inc. All Rights Reserved.
---------------------------------------------------------------------------------------------------------------------------------------------
| Tool Version : Vivado v.2025.2 (win64) Build 6299465 Fri Nov 14 19:35:11 GMT 2025
| Date         : Tue Jun 23 23:14:41 2026
| Host         : devot-soul-to-hw running 64-bit major release  (build 9200)
| Command      : report_timing_summary -max_paths 15 -file C:/work/github/RV32-FullStack/flash/timing_maxf.rpt
| Design       : rv32_top_wrapper
| Device       : 7z020-clg400
| Speed File   : -1  PRODUCTION 1.12 2019-11-22
| Design State : Physopt postRoute
---------------------------------------------------------------------------------------------------------------------------------------------

Timing Summary Report

------------------------------------------------------------------------------------------------
| Timer Settings
| --------------
------------------------------------------------------------------------------------------------

  Enable Multi Corner Analysis               :  Yes
  Enable Pessimism Removal                   :  Yes
  Pessimism Removal Resolution               :  Nearest Common Node
  Enable Input Delay Default Clock           :  No
  Enable Preset / Clear Arcs                 :  No
  Disable Flight Delays                      :  No
  Ignore I/O Paths                           :  No
  Timing Early Launch at Borrowing Latches   :  No
  Borrow Time for Max Delay Exceptions       :  Yes
  Merge Timing Exceptions                    :  Yes
  Inter-SLR Compensation                     :  Conservative

  Corner  Analyze    Analyze    
  Name    Max Paths  Min Paths  
  ------  ---------  ---------  
  Slow    Yes        Yes        
  Fast    Yes        Yes        


------------------------------------------------------------------------------------------------
| Report Methodology
| ------------------
------------------------------------------------------------------------------------------------

Rule       Severity  Description                       Violations  
---------  --------  --------------------------------  ----------  
HPDR-1     Warning   Port pin direction inconsistency  11          
HPDR-2     Warning   Port pin INOUT inconsistency      28          
LUTAR-1    Warning   LUT drives async reset alert      7           
TIMING-16  Warning   Large setup violation             52          
TIMING-18  Warning   Missing input or output delay     92          

Note: This report is based on the most recent report_methodology run and may not be up-to-date. Run report_methodology on the current design for the latest report.



check_timing report

Table of Contents
-----------------
1. checking no_clock (0)
2. checking constant_clock (0)
3. checking pulse_width_clock (0)
4. checking unconstrained_internal_endpoints (0)
5. checking no_input_delay (37)
6. checking no_output_delay (41)
7. checking multiple_clock (0)
8. checking generated_clocks (0)
9. checking loops (0)
10. checking partial_input_delay (0)
11. checking partial_output_delay (0)
12. checking latch_loops (0)

1. checking no_clock (0)
------------------------
 There are 0 register/latch pins with no clock.


2. checking constant_clock (0)
------------------------------
 There are 0 register/latch pins with constant_clock.


3. checking pulse_width_clock (0)
---------------------------------
 There are 0 register/latch pins which need pulse_width check


4. checking unconstrained_internal_endpoints (0)
------------------------------------------------
 There are 0 pins that are not constrained for maximum delay.

 There are 0 pins that are not constrained for maximum delay due to constant clock.


5. checking no_input_delay (37)
-------------------------------
 There are 37 input ports with no input delay specified. (HIGH)

 There are 0 input ports with no input delay but user has a false path constraint.


6. checking no_output_delay (41)
--------------------------------
 There are 41 ports with no output delay specified. (HIGH)

 There are 0 ports with no output delay but user has a false path constraint

 There are 0 ports with no output delay but with a timing clock defined on it or propagating through it


7. checking multiple_clock (0)
------------------------------
 There are 0 register/latch pins with multiple clocks.


8. checking generated_clocks (0)
--------------------------------
 There are 0 generated clocks that are not connected to a clock source.


9. checking loops (0)
---------------------
 There are 0 combinational loops in the design.


10. checking partial_input_delay (0)
------------------------------------
 There are 0 input ports with partial input delay specified.


11. checking partial_output_delay (0)
-------------------------------------
 There are 0 ports with partial output delay specified.


12. checking latch_loops (0)
----------------------------
 There are 0 combinational latch loops in the design through latch input



------------------------------------------------------------------------------------------------
| Design Timing Summary
| ---------------------
------------------------------------------------------------------------------------------------

    WNS(ns)      TNS(ns)  TNS Failing Endpoints  TNS Total Endpoints      WHS(ns)      THS(ns)  THS Failing Endpoints  THS Total Endpoints     WPWS(ns)     TPWS(ns)  TPWS Failing Endpoints  TPWS Total Endpoints  
    -------      -------  ---------------------  -------------------      -------      -------  ---------------------  -------------------     --------     --------  ----------------------  --------------------  
     -1.029     -620.952                   1970                52281        0.027        0.000                      0                52281        2.750        0.000                       0                 12379  


Timing constraints are not met.


------------------------------------------------------------------------------------------------
| Clock Summary
| -------------
------------------------------------------------------------------------------------------------

Clock       Waveform(ns)         Period(ns)      Frequency(MHz)
-----       ------------         ----------      --------------
clk_fpga_0  {0.000 4.000}        8.000           125.000         


------------------------------------------------------------------------------------------------
| Intra Clock Table
| -----------------
------------------------------------------------------------------------------------------------

Clock             WNS(ns)      TNS(ns)  TNS Failing Endpoints  TNS Total Endpoints      WHS(ns)      THS(ns)  THS Failing Endpoints  THS Total Endpoints     WPWS(ns)     TPWS(ns)  TPWS Failing Endpoints  TPWS Total Endpoints  
-----             -------      -------  ---------------------  -------------------      -------      -------  ---------------------  -------------------     --------     --------  ----------------------  --------------------  
clk_fpga_0         -1.029     -620.952                   1970                49283        0.027        0.000                      0                49283        2.750        0.000                       0                 12379  


------------------------------------------------------------------------------------------------
| Inter Clock Table
| -----------------
------------------------------------------------------------------------------------------------

From Clock    To Clock          WNS(ns)      TNS(ns)  TNS Failing Endpoints  TNS Total Endpoints      WHS(ns)      THS(ns)  THS Failing Endpoints  THS Total Endpoints  
----------    --------          -------      -------  ---------------------  -------------------      -------      -------  ---------------------  -------------------  


------------------------------------------------------------------------------------------------
| Other Path Groups Table
| -----------------------
------------------------------------------------------------------------------------------------

Path Group         From Clock         To Clock               WNS(ns)      TNS(ns)  TNS Failing Endpoints  TNS Total Endpoints      WHS(ns)      THS(ns)  THS Failing Endpoints  THS Total Endpoints  
----------         ----------         --------               -------      -------  ---------------------  -------------------      -------      -------  ---------------------  -------------------  
**async_default**  clk_fpga_0         clk_fpga_0               0.342        0.000                      0                 2998        0.862        0.000                      0                 2998  


------------------------------------------------------------------------------------------------
| Timing Details
| --------------
------------------------------------------------------------------------------------------------


---------------------------------------------------------------------------------------------------
From Clock:  clk_fpga_0
  To Clock:  clk_fpga_0

Setup :         1970  Failing Endpoints,  Worst Slack       -1.029ns,  Total Violation     -620.952ns
Hold  :            0  Failing Endpoints,  Worst Slack        0.027ns,  Total Violation        0.000ns
PW    :            0  Failing Endpoints,  Worst Slack        2.750ns,  Total Violation        0.000ns
---------------------------------------------------------------------------------------------------


Max Delay Paths
--------------------------------------------------------------------------------------
Slack (VIOLATED) :        -1.029ns  (required time - arrival time)
  Source:                 rv32_top_i/plat/U0/u_core/exmem_reg_write_reg/C
                            (rising edge-triggered cell FDCE clocked by clk_fpga_0  {rise@0.000ns fall@4.000ns period=8.000ns})
  Destination:            rv32_top_i/plat/U0/u_core/ifid_pc_reg[7]/CE
                            (rising edge-triggered cell FDCE clocked by clk_fpga_0  {rise@0.000ns fall@4.000ns period=8.000ns})
  Path Group:             clk_fpga_0
  Path Type:              Setup (Max at Slow Process Corner)
  Requirement:            8.000ns  (clk_fpga_0 rise@8.000ns - clk_fpga_0 rise@0.000ns)
  Data Path Delay:        8.727ns  (logic 2.153ns (24.670%)  route 6.574ns (75.330%))
  Logic Levels:           10  (CARRY4=3 LUT4=1 LUT6=6)
  Clock Path Skew:        0.028ns (DCD - SCD + CPR)
    Destination Clock Delay (DCD):    3.042ns = ( 11.042 - 8.000 ) 
    Source Clock Delay      (SCD):    3.129ns
    Clock Pessimism Removal (CPR):    0.115ns
  Clock Uncertainty:      0.125ns  ((TSJ^2 + TIJ^2)^1/2 + DJ) / 2 + PE
    Total System Jitter     (TSJ):    0.071ns
    Total Input Jitter      (TIJ):    0.240ns
    Discrete Jitter          (DJ):    0.000ns
    Phase Error              (PE):    0.000ns

    Location             Delay type                Incr(ns)  Path(ns)    Netlist Resource(s)
  -------------------------------------------------------------------    -------------------
                         (clock clk_fpga_0 rise edge)
                                                      0.000     0.000 r  
    PS7_X0Y0             PS7                          0.000     0.000 r  rv32_top_i/ps7/inst/PS7_i/FCLKCLK[0]
                         net (fo=1, routed)           1.193     1.193    rv32_top_i/ps7/inst/FCLK_CLK_unbuffered[0]
    BUFGCTRL_X0Y17       BUFG (Prop_bufg_I_O)         0.101     1.294 r  rv32_top_i/ps7/inst/buffer_fclk_clk_0.FCLK_CLK_0_BUFG_replica/O
                         net (fo=6, routed)           1.835     3.129    rv32_top_i/plat/U0/u_core/FCLK_CLK0_repN_alias
    SLICE_X32Y117        FDCE                                         r  rv32_top_i/plat/U0/u_core/exmem_reg_write_reg/C
  -------------------------------------------------------------------    -------------------
    SLICE_X32Y117        FDCE (Prop_fdce_C_Q)         0.518     3.647 f  rv32_top_i/plat/U0/u_core/exmem_reg_write_reg/Q
                         net (fo=2, routed)           0.679     4.326    rv32_top_i/plat/U0/u_core/u_pc/exmem_reg_write
    SLICE_X33Y117        LUT6 (Prop_lut6_I0_O)        0.124     4.450 f  rv32_top_i/plat/U0/u_core/u_pc/exmem_store[31]_i_6/O
                         net (fo=10, routed)          1.082     5.532    rv32_top_i/plat/U0/u_core/u_pc/p_7_in
    SLICE_X34Y118        LUT6 (Prop_lut6_I1_O)        0.124     5.656 f  rv32_top_i/plat/U0/u_core/u_pc/pc_internal[31]_i_32/O
                         net (fo=33, routed)          0.952     6.608    rv32_top_i/plat/U0/u_core/u_pc/pc_internal[31]_i_32_n_0
    SLICE_X36Y117        LUT6 (Prop_lut6_I3_O)        0.124     6.732 r  rv32_top_i/plat/U0/u_core/u_pc/pc_internal[11]_i_7/O
                         net (fo=13, routed)          1.385     8.117    rv32_top_i/plat/U0/u_core/u_pc/fa_val[10]
    SLICE_X42Y118        LUT4 (Prop_lut4_I1_O)        0.124     8.241 r  rv32_top_i/plat/U0/u_core/u_pc/pc_internal[31]_i_117/O
                         net (fo=1, routed)           0.000     8.241    rv32_top_i/plat/U0/u_core/u_pc/pc_internal[31]_i_117_n_0
    SLICE_X42Y118        CARRY4 (Prop_carry4_S[1]_CO[3])
                                                      0.533     8.774 r  rv32_top_i/plat/U0/u_core/u_pc/pc_internal_reg[31]_i_83/CO[3]
                         net (fo=1, routed)           0.000     8.774    rv32_top_i/plat/U0/u_core/u_pc/pc_internal_reg[31]_i_83_n_0
    SLICE_X42Y119        CARRY4 (Prop_carry4_CI_CO[3])
                                                      0.117     8.891 r  rv32_top_i/plat/U0/u_core/u_pc/pc_internal_reg[31]_i_52/CO[3]
                         net (fo=1, routed)           0.000     8.891    rv32_top_i/plat/U0/u_core/u_pc/pc_internal_reg[31]_i_52_n_0
    SLICE_X42Y120        CARRY4 (Prop_carry4_CI_CO[3])
                                                      0.117     9.008 r  rv32_top_i/plat/U0/u_core/u_pc/pc_internal_reg[31]_i_30/CO[3]
                         net (fo=1, routed)           0.787     9.795    rv32_top_i/plat/U0/u_core/u_pc/u_bcu/data4
    SLICE_X43Y120        LUT6 (Prop_lut6_I5_O)        0.124     9.919 r  rv32_top_i/plat/U0/u_core/u_pc/pc_internal[31]_i_15/O
                         net (fo=2, routed)           0.306    10.225    rv32_top_i/plat/U0/u_core/u_pc_n_388
    SLICE_X44Y120        LUT6 (Prop_lut6_I0_O)        0.124    10.349 r  rv32_top_i/plat/U0/u_core/ifid_instr[31]_i_3/O
                         net (fo=39, routed)          0.626    10.975    rv32_top_i/plat/U0/u_core/u_pc/ifid_instr_reg[15]_rep__1_0
    SLICE_X44Y121        LUT6 (Prop_lut6_I2_O)        0.124    11.099 r  rv32_top_i/plat/U0/u_core/u_pc/ifid_instr[31]_i_1/O
                         net (fo=102, routed)         0.757    11.856    rv32_top_i/plat/U0/u_core/u_pc_n_0
    SLICE_X41Y122        FDCE                                         r  rv32_top_i/plat/U0/u_core/ifid_pc_reg[7]/CE
  -------------------------------------------------------------------    -------------------

                         (clock clk_fpga_0 rise edge)
                                                      8.000     8.000 r  
    PS7_X0Y0             PS7                          0.000     8.000 r  rv32_top_i/ps7/inst/PS7_i/FCLKCLK[0]
                         net (fo=1, routed)           1.088     9.088    rv32_top_i/ps7/inst/FCLK_CLK_unbuffered[0]
    BUFGCTRL_X0Y17       BUFG (Prop_bufg_I_O)         0.091     9.179 r  rv32_top_i/ps7/inst/buffer_fclk_clk_0.FCLK_CLK_0_BUFG_replica/O
                         net (fo=6, routed)           0.133     9.312    rv32_top_i/ps7/inst/FCLK_CLK0_repN
    BUFGCTRL_X0Y16       BUFG (Prop_bufg_I_O)         0.091     9.403 r  rv32_top_i/ps7/inst/buffer_fclk_clk_0.FCLK_CLK_0_BUFG/O
                         net (fo=12375, routed)       1.639    11.042    rv32_top_i/plat/U0/u_core/S_AXI_ACLK
    SLICE_X41Y122        FDCE                                         r  rv32_top_i/plat/U0/u_core/ifid_pc_reg[7]/C
                         clock pessimism              0.115    11.157    
                         clock uncertainty           -0.125    11.032    
    SLICE_X41Y122        FDCE (Setup_fdce_C_CE)      -0.205    10.827    rv32_top_i/plat/U0/u_core/ifid_pc_reg[7]
  -------------------------------------------------------------------
                         required time                         10.827    
                         arrival time                         -11.856    
  -------------------------------------------------------------------
                         slack                                 -1.029    

Slack (VIOLATED) :        -1.029ns  (required time - arrival time)
  Source:                 rv32_top_i/plat/U0/u_core/exmem_reg_write_reg/C
                            (rising edge-triggered cell FDCE clocked by clk_fpga_0  {rise@0.000ns fall@4.000ns period=8.000ns})
  Destination:            rv32_top_i/plat/U0/u_core/ifid_pc_reg[8]/CE
                            (rising edge-triggered cell FDCE clocked by clk_fpga_0  {rise@0.000ns fall@4.000ns period=8.000ns})
  Path Group:             clk_fpga_0
  Path Type:              Setup (Max at Slow Process Corner)
  Requirement:            8.000ns  (clk_fpga_0 rise@8.000ns - clk_fpga_0 rise@0.000ns)
  Data Path Delay:        8.727ns  (logic 2.153ns (24.670%)  route 6.574ns (75.330%))
  Logic Levels:           10  (CARRY4=3 LUT4=1 LUT6=6)
  Clock Path Skew:        0.028ns (DCD - SCD + CPR)
    Destination Clock Delay (DCD):    3.042ns = ( 11.042 - 8.000 ) 
    Source Clock Delay      (SCD):    3.129ns
    Clock Pessimism Removal (CPR):    0.115ns
  Clock Uncertainty:      0.125ns  ((TSJ^2 + TIJ^2)^1/2 + DJ) / 2 + PE
    Total System Jitter     (TSJ):    0.071ns
    Total Input Jitter      (TIJ):    0.240ns
    Discrete Jitter          (DJ):    0.000ns
    Phase Error              (PE):    0.000ns

    Location             Delay type                Incr(ns)  Path(ns)    Netlist Resource(s)
  -------------------------------------------------------------------    -------------------
                         (clock clk_fpga_0 rise edge)
                                                      0.000     0.000 r  
    PS7_X0Y0             PS7                          0.000     0.000 r  rv32_top_i/ps7/inst/PS7_i/FCLKCLK[0]
                         net (fo=1, routed)           1.193     1.193    rv32_top_i/ps7/inst/FCLK_CLK_unbuffered[0]
    BUFGCTRL_X0Y17       BUFG (Prop_bufg_I_O)         0.101     1.294 r  rv32_top_i/ps7/inst/buffer_fclk_clk_0.FCLK_CLK_0_BUFG_replica/O
                         net (fo=6, routed)           1.835     3.129    rv32_top_i/plat/U0/u_core/FCLK_CLK0_repN_alias
    SLICE_X32Y117        FDCE                                         r  rv32_top_i/plat/U0/u_core/exmem_reg_write_reg/C
  -------------------------------------------------------------------    -------------------
    SLICE_X32Y117        FDCE (Prop_fdce_C_Q)         0.518     3.647 f  rv32_top_i/plat/U0/u_core/exmem_reg_write_reg/Q
                         net (fo=2, routed)           0.679     4.326    rv32_top_i/plat/U0/u_core/u_pc/exmem_reg_write
    SLICE_X33Y117        LUT6 (Prop_lut6_I0_O)        0.124     4.450 f  rv32_top_i/plat/U0/u_core/u_pc/exmem_store[31]_i_6/O
                         net (fo=10, routed)          1.082     5.532    rv32_top_i/plat/U0/u_core/u_pc/p_7_in
    SLICE_X34Y118        LUT6 (Prop_lut6_I1_O)        0.124     5.656 f  rv32_top_i/plat/U0/u_core/u_pc/pc_internal[31]_i_32/O
                         net (fo=33, routed)          0.952     6.608    rv32_top_i/plat/U0/u_core/u_pc/pc_internal[31]_i_32_n_0
    SLICE_X36Y117        LUT6 (Prop_lut6_I3_O)        0.124     6.732 r  rv32_top_i/plat/U0/u_core/u_pc/pc_internal[11]_i_7/O
                         net (fo=13, routed)          1.385     8.117    rv32_top_i/plat/U0/u_core/u_pc/fa_val[10]
    SLICE_X42Y118        LUT4 (Prop_lut4_I1_O)        0.124     8.241 r  rv32_top_i/plat/U0/u_core/u_pc/pc_internal[31]_i_117/O
                         net (fo=1, routed)           0.000     8.241    rv32_top_i/plat/U0/u_core/u_pc/pc_internal[31]_i_117_n_0
    SLICE_X42Y118        CARRY4 (Prop_carry4_S[1]_CO[3])
                                                      0.533     8.774 r  rv32_top_i/plat/U0/u_core/u_pc/pc_internal_reg[31]_i_83/CO[3]
                         net (fo=1, routed)           0.000     8.774    rv32_top_i/plat/U0/u_core/u_pc/pc_internal_reg[31]_i_83_n_0
    SLICE_X42Y119        CARRY4 (Prop_carry4_CI_CO[3])
                                                      0.117     8.891 r  rv32_top_i/plat/U0/u_core/u_pc/pc_internal_reg[31]_i_52/CO[3]
                         net (fo=1, routed)           0.000     8.891    rv32_top_i/plat/U0/u_core/u_pc/pc_internal_reg[31]_i_52_n_0
    SLICE_X42Y120        CARRY4 (Prop_carry4_CI_CO[3])
                                                      0.117     9.008 r  rv32_top_i/plat/U0/u_core/u_pc/pc_internal_reg[31]_i_30/CO[3]
                         net (fo=1, routed)           0.787     9.795    rv32_top_i/plat/U0/u_core/u_pc/u_bcu/data4
    SLICE_X43Y120        LUT6 (Prop_lut6_I5_O)        0.124     9.919 r  rv32_top_i/plat/U0/u_core/u_pc/pc_internal[31]_i_15/O
                         net (fo=2, routed)           0.306    10.225    rv32_top_i/plat/U0/u_core/u_pc_n_388
    SLICE_X44Y120        LUT6 (Prop_lut6_I0_O)        0.124    10.349 r  rv32_top_i/plat/U0/u_core/ifid_instr[31]_i_3/O
                         net (fo=39, routed)          0.626    10.975    rv32_top_i/plat/U0/u_core/u_pc/ifid_instr_reg[15]_rep__1_0
    SLICE_X44Y121        LUT6 (Prop_lut6_I2_O)        0.124    11.099 r  rv32_top_i/plat/U0/u_core/u_pc/ifid_instr[31]_i_1/O
                         net (fo=102, routed)         0.757    11.856    rv32_top_i/plat/U0/u_core/u_pc_n_0
    SLICE_X41Y122        FDCE                                         r  rv32_top_i/plat/U0/u_core/ifid_pc_reg[8]/CE
  -------------------------------------------------------------------    -------------------

                         (clock clk_fpga_0 rise edge)
                                                      8.000     8.000 r  
    PS7_X0Y0             PS7                          0.000     8.000 r  rv32_top_i/ps7/inst/PS7_i/FCLKCLK[0]
                         net (fo=1, routed)           1.088     9.088    rv32_top_i/ps7/inst/FCLK_CLK_unbuffered[0]
    BUFGCTRL_X0Y17       BUFG (Prop_bufg_I_O)         0.091     9.179 r  rv32_top_i/ps7/inst/buffer_fclk_clk_0.FCLK_CLK_0_BUFG_replica/O
                         net (fo=6, routed)           0.133     9.312    rv32_top_i/ps7/inst/FCLK_CLK0_repN
    BUFGCTRL_X0Y16       BUFG (Prop_bufg_I_O)         0.091     9.403 r  rv32_top_i/ps7/inst/buffer_fclk_clk_0.FCLK_CLK_0_BUFG/O
                         net (fo=12375, routed)       1.639    11.042    rv32_top_i/plat/U0/u_core/S_AXI_ACLK
    SLICE_X41Y122        FDCE                                         r  rv32_top_i/plat/U0/u_core/ifid_pc_reg[8]/C
                         clock pessimism              0.115    11.157    
                         clock uncertainty           -0.125    11.032    
    SLICE_X41Y122        FDCE (Setup_fdce_C_CE)      -0.205    10.827    rv32_top_i/plat/U0/u_core/ifid_pc_reg[8]
  -------------------------------------------------------------------
                         required time                         10.827    
                         arrival time                         -11.856    
  -------------------------------------------------------------------
                         slack                                 -1.029    

Slack (VIOLATED) :        -1.027ns  (required time - arrival time)
  Source:                 rv32_top_i/plat/U0/u_core/exmem_reg_write_reg/C
                            (rising edge-triggered cell FDCE clocked by clk_fpga_0  {rise@0.000ns fall@4.000ns period=8.000ns})
  Destination:            rv32_top_i/plat/U0/u_core/ifid_instr_reg[22]/D
                            (rising edge-triggered cell FDCE clocked by clk_fpga_0  {rise@0.000ns fall@4.000ns period=8.000ns})
  Path Group:             clk_fpga_0
  Path Type:              Setup (Max at Slow Process Corner)
  Requirement:            8.000ns  (clk_fpga_0 rise@8.000ns - clk_fpga_0 rise@0.000ns)
  Data Path Delay:        8.882ns  (logic 2.153ns (24.239%)  route 6.729ns (75.761%))
  Logic Levels:           10  (CARRY4=3 LUT4=1 LUT5=1 LUT6=5)
  Clock Path Skew:        0.027ns (DCD - SCD + CPR)
    Destination Clock Delay (DCD):    3.041ns = ( 11.041 - 8.000 ) 
    Source Clock Delay      (SCD):    3.129ns
    Clock Pessimism Removal (CPR):    0.115ns
  Clock Uncertainty:      0.125ns  ((TSJ^2 + TIJ^2)^1/2 + DJ) / 2 + PE
    Total System Jitter     (TSJ):    0.071ns
    Total Input Jitter      (TIJ):    0.240ns
    Discrete Jitter          (DJ):    0.000ns
    Phase Error              (PE):    0.000ns

    Location             Delay type                Incr(ns)  Path(ns)    Netlist Resource(s)
  -------------------------------------------------------------------    -------------------
                         (clock clk_fpga_0 rise edge)
                                                      0.000     0.000 r  
    PS7_X0Y0             PS7                          0.000     0.000 r  rv32_top_i/ps7/inst/PS7_i/FCLKCLK[0]
                         net (fo=1, routed)           1.193     1.193    rv32_top_i/ps7/inst/FCLK_CLK_unbuffered[0]
    BUFGCTRL_X0Y17       BUFG (Prop_bufg_I_O)         0.101     1.294 r  rv32_top_i/ps7/inst/buffer_fclk_clk_0.FCLK_CLK_0_BUFG_replica/O
                         net (fo=6, routed)           1.835     3.129    rv32_top_i/plat/U0/u_core/FCLK_CLK0_repN_alias
    SLICE_X32Y117        FDCE                                         r  rv32_top_i/plat/U0/u_core/exmem_reg_write_reg/C
  -------------------------------------------------------------------    -------------------
    SLICE_X32Y117        FDCE (Prop_fdce_C_Q)         0.518     3.647 f  rv32_top_i/plat/U0/u_core/exmem_reg_write_reg/Q
                         net (fo=2, routed)           0.679     4.326    rv32_top_i/plat/U0/u_core/u_pc/exmem_reg_write
    SLICE_X33Y117        LUT6 (Prop_lut6_I0_O)        0.124     4.450 f  rv32_top_i/plat/U0/u_core/u_pc/exmem_store[31]_i_6/O
                         net (fo=10, routed)          1.082     5.532    rv32_top_i/plat/U0/u_core/u_pc/p_7_in
    SLICE_X34Y118        LUT6 (Prop_lut6_I1_O)        0.124     5.656 f  rv32_top_i/plat/U0/u_core/u_pc/pc_internal[31]_i_32/O
                         net (fo=33, routed)          0.952     6.608    rv32_top_i/plat/U0/u_core/u_pc/pc_internal[31]_i_32_n_0
    SLICE_X36Y117        LUT6 (Prop_lut6_I3_O)        0.124     6.732 r  rv32_top_i/plat/U0/u_core/u_pc/pc_internal[11]_i_7/O
                         net (fo=13, routed)          1.385     8.117    rv32_top_i/plat/U0/u_core/u_pc/fa_val[10]
    SLICE_X42Y118        LUT4 (Prop_lut4_I1_O)        0.124     8.241 r  rv32_top_i/plat/U0/u_core/u_pc/pc_internal[31]_i_117/O
                         net (fo=1, routed)           0.000     8.241    rv32_top_i/plat/U0/u_core/u_pc/pc_internal[31]_i_117_n_0
    SLICE_X42Y118        CARRY4 (Prop_carry4_S[1]_CO[3])
                                                      0.533     8.774 r  rv32_top_i/plat/U0/u_core/u_pc/pc_internal_reg[31]_i_83/CO[3]
                         net (fo=1, routed)           0.000     8.774    rv32_top_i/plat/U0/u_core/u_pc/pc_internal_reg[31]_i_83_n_0
    SLICE_X42Y119        CARRY4 (Prop_carry4_CI_CO[3])
                                                      0.117     8.891 r  rv32_top_i/plat/U0/u_core/u_pc/pc_internal_reg[31]_i_52/CO[3]
                         net (fo=1, routed)           0.000     8.891    rv32_top_i/plat/U0/u_core/u_pc/pc_internal_reg[31]_i_52_n_0
    SLICE_X42Y120        CARRY4 (Prop_carry4_CI_CO[3])
                                                      0.117     9.008 r  rv32_top_i/plat/U0/u_core/u_pc/pc_internal_reg[31]_i_30/CO[3]
                         net (fo=1, routed)           0.787     9.795    rv32_top_i/plat/U0/u_core/u_pc/u_bcu/data4
    SLICE_X43Y120        LUT6 (Prop_lut6_I5_O)        0.124     9.919 f  rv32_top_i/plat/U0/u_core/u_pc/pc_internal[31]_i_15/O
                         net (fo=2, routed)           0.306    10.225    rv32_top_i/plat/U0/u_core/u_pc_n_388
    SLICE_X44Y120        LUT6 (Prop_lut6_I0_O)        0.124    10.349 f  rv32_top_i/plat/U0/u_core/ifid_instr[31]_i_3/O
                         net (fo=39, routed)          0.731    11.080    rv32_top_i/plat/U0/u_core/ifid_instr[31]_i_3_n_0
    SLICE_X52Y123        LUT5 (Prop_lut5_I3_O)        0.124    11.204 r  rv32_top_i/plat/U0/u_core/ifid_instr[22]_i_1/O
                         net (fo=1, routed)           0.807    12.011    rv32_top_i/plat/U0/u_core/ifid_instr[22]_i_1_n_0
    SLICE_X43Y123        FDCE                                         r  rv32_top_i/plat/U0/u_core/ifid_instr_reg[22]/D
  -------------------------------------------------------------------    -------------------

                         (clock clk_fpga_0 rise edge)
                                                      8.000     8.000 r  
    PS7_X0Y0             PS7                          0.000     8.000 r  rv32_top_i/ps7/inst/PS7_i/FCLKCLK[0]
                         net (fo=1, routed)           1.088     9.088    rv32_top_i/ps7/inst/FCLK_CLK_unbuffered[0]
    BUFGCTRL_X0Y17       BUFG (Prop_bufg_I_O)         0.091     9.179 r  rv32_top_i/ps7/inst/buffer_fclk_clk_0.FCLK_CLK_0_BUFG_replica/O
                         net (fo=6, routed)           0.133     9.312    rv32_top_i/ps7/inst/FCLK_CLK0_repN
    BUFGCTRL_X0Y16       BUFG (Prop_bufg_I_O)         0.091     9.403 r  rv32_top_i/ps7/inst/buffer_fclk_clk_0.FCLK_CLK_0_BUFG/O
                         net (fo=12375, routed)       1.638    11.041    rv32_top_i/plat/U0/u_core/S_AXI_ACLK
    SLICE_X43Y123        FDCE                                         r  rv32_top_i/plat/U0/u_core/ifid_instr_reg[22]/C
                         clock pessimism              0.115    11.156    
                         clock uncertainty           -0.125    11.031    
    SLICE_X43Y123        FDCE (Setup_fdce_C_D)       -0.047    10.984    rv32_top_i/plat/U0/u_core/ifid_instr_reg[22]
  -------------------------------------------------------------------
                         required time                         10.984    
                         arrival time                         -12.011    
  -------------------------------------------------------------------
                         slack                                 -1.027    

Slack (VIOLATED) :        -1.016ns  (required time - arrival time)
  Source:                 rv32_top_i/plat/U0/u_core/exmem_reg_write_reg/C
                            (rising edge-triggered cell FDCE clocked by clk_fpga_0  {rise@0.000ns fall@4.000ns period=8.000ns})
  Destination:            rv32_top_i/plat/U0/u_core/ifid_pc4_reg[31]/CE
                            (rising edge-triggered cell FDCE clocked by clk_fpga_0  {rise@0.000ns fall@4.000ns period=8.000ns})
  Path Group:             clk_fpga_0
  Path Type:              Setup (Max at Slow Process Corner)
  Requirement:            8.000ns  (clk_fpga_0 rise@8.000ns - clk_fpga_0 rise@0.000ns)
  Data Path Delay:        8.717ns  (logic 2.153ns (24.698%)  route 6.564ns (75.302%))
  Logic Levels:           10  (CARRY4=3 LUT4=1 LUT6=6)
  Clock Path Skew:        0.031ns (DCD - SCD + CPR)
    Destination Clock Delay (DCD):    3.045ns = ( 11.045 - 8.000 ) 
    Source Clock Delay      (SCD):    3.129ns
    Clock Pessimism Removal (CPR):    0.115ns
  Clock Uncertainty:      0.125ns  ((TSJ^2 + TIJ^2)^1/2 + DJ) / 2 + PE
    Total System Jitter     (TSJ):    0.071ns
    Total Input Jitter      (TIJ):    0.240ns
    Discrete Jitter          (DJ):    0.000ns
    Phase Error              (PE):    0.000ns

    Location             Delay type                Incr(ns)  Path(ns)    Netlist Resource(s)
  -------------------------------------------------------------------    -------------------
                         (clock clk_fpga_0 rise edge)
                                                      0.000     0.000 r  
    PS7_X0Y0             PS7                          0.000     0.000 r  rv32_top_i/ps7/inst/PS7_i/FCLKCLK[0]
                         net (fo=1, routed)           1.193     1.193    rv32_top_i/ps7/inst/FCLK_CLK_unbuffered[0]
    BUFGCTRL_X0Y17       BUFG (Prop_bufg_I_O)         0.101     1.294 r  rv32_top_i/ps7/inst/buffer_fclk_clk_0.FCLK_CLK_0_BUFG_replica/O
                         net (fo=6, routed)           1.835     3.129    rv32_top_i/plat/U0/u_core/FCLK_CLK0_repN_alias
    SLICE_X32Y117        FDCE                                         r  rv32_top_i/plat/U0/u_core/exmem_reg_write_reg/C
  -------------------------------------------------------------------    -------------------
    SLICE_X32Y117        FDCE (Prop_fdce_C_Q)         0.518     3.647 f  rv32_top_i/plat/U0/u_core/exmem_reg_write_reg/Q
                         net (fo=2, routed)           0.679     4.326    rv32_top_i/plat/U0/u_core/u_pc/exmem_reg_write
    SLICE_X33Y117        LUT6 (Prop_lut6_I0_O)        0.124     4.450 f  rv32_top_i/plat/U0/u_core/u_pc/exmem_store[31]_i_6/O
                         net (fo=10, routed)          1.082     5.532    rv32_top_i/plat/U0/u_core/u_pc/p_7_in
    SLICE_X34Y118        LUT6 (Prop_lut6_I1_O)        0.124     5.656 f  rv32_top_i/plat/U0/u_core/u_pc/pc_internal[31]_i_32/O
                         net (fo=33, routed)          0.952     6.608    rv32_top_i/plat/U0/u_core/u_pc/pc_internal[31]_i_32_n_0
    SLICE_X36Y117        LUT6 (Prop_lut6_I3_O)        0.124     6.732 r  rv32_top_i/plat/U0/u_core/u_pc/pc_internal[11]_i_7/O
                         net (fo=13, routed)          1.385     8.117    rv32_top_i/plat/U0/u_core/u_pc/fa_val[10]
    SLICE_X42Y118        LUT4 (Prop_lut4_I1_O)        0.124     8.241 r  rv32_top_i/plat/U0/u_core/u_pc/pc_internal[31]_i_117/O
                         net (fo=1, routed)           0.000     8.241    rv32_top_i/plat/U0/u_core/u_pc/pc_internal[31]_i_117_n_0
    SLICE_X42Y118        CARRY4 (Prop_carry4_S[1]_CO[3])
                                                      0.533     8.774 r  rv32_top_i/plat/U0/u_core/u_pc/pc_internal_reg[31]_i_83/CO[3]
                         net (fo=1, routed)           0.000     8.774    rv32_top_i/plat/U0/u_core/u_pc/pc_internal_reg[31]_i_83_n_0
    SLICE_X42Y119        CARRY4 (Prop_carry4_CI_CO[3])
                                                      0.117     8.891 r  rv32_top_i/plat/U0/u_core/u_pc/pc_internal_reg[31]_i_52/CO[3]
                         net (fo=1, routed)           0.000     8.891    rv32_top_i/plat/U0/u_core/u_pc/pc_internal_reg[31]_i_52_n_0
    SLICE_X42Y120        CARRY4 (Prop_carry4_CI_CO[3])
                                                      0.117     9.008 r  rv32_top_i/plat/U0/u_core/u_pc/pc_internal_reg[31]_i_30/CO[3]
                         net (fo=1, routed)           0.787     9.795    rv32_top_i/plat/U0/u_core/u_pc/u_bcu/data4
    SLICE_X43Y120        LUT6 (Prop_lut6_I5_O)        0.124     9.919 r  rv32_top_i/plat/U0/u_core/u_pc/pc_internal[31]_i_15/O
                         net (fo=2, routed)           0.306    10.225    rv32_top_i/plat/U0/u_core/u_pc_n_388
    SLICE_X44Y120        LUT6 (Prop_lut6_I0_O)        0.124    10.349 r  rv32_top_i/plat/U0/u_core/ifid_instr[31]_i_3/O
                         net (fo=39, routed)          0.626    10.975    rv32_top_i/plat/U0/u_core/u_pc/ifid_instr_reg[15]_rep__1_0
    SLICE_X44Y121        LUT6 (Prop_lut6_I2_O)        0.124    11.099 r  rv32_top_i/plat/U0/u_core/u_pc/ifid_instr[31]_i_1/O
                         net (fo=102, routed)         0.747    11.846    rv32_top_i/plat/U0/u_core/u_pc_n_0
    SLICE_X43Y119        FDCE                                         r  rv32_top_i/plat/U0/u_core/ifid_pc4_reg[31]/CE
  -------------------------------------------------------------------    -------------------

                         (clock clk_fpga_0 rise edge)
                                                      8.000     8.000 r  
    PS7_X0Y0             PS7                          0.000     8.000 r  rv32_top_i/ps7/inst/PS7_i/FCLKCLK[0]
                         net (fo=1, routed)           1.088     9.088    rv32_top_i/ps7/inst/FCLK_CLK_unbuffered[0]
    BUFGCTRL_X0Y17       BUFG (Prop_bufg_I_O)         0.091     9.179 r  rv32_top_i/ps7/inst/buffer_fclk_clk_0.FCLK_CLK_0_BUFG_replica/O
                         net (fo=6, routed)           0.133     9.312    rv32_top_i/ps7/inst/FCLK_CLK0_repN
    BUFGCTRL_X0Y16       BUFG (Prop_bufg_I_O)         0.091     9.403 r  rv32_top_i/ps7/inst/buffer_fclk_clk_0.FCLK_CLK_0_BUFG/O
                         net (fo=12375, routed)       1.642    11.045    rv32_top_i/plat/U0/u_core/S_AXI_ACLK
    SLICE_X43Y119        FDCE                                         r  rv32_top_i/plat/U0/u_core/ifid_pc4_reg[31]/C
                         clock pessimism              0.115    11.160    
                         clock uncertainty           -0.125    11.035    
    SLICE_X43Y119        FDCE (Setup_fdce_C_CE)      -0.205    10.830    rv32_top_i/plat/U0/u_core/ifid_pc4_reg[31]
  -------------------------------------------------------------------
                         required time                         10.830    
                         arrival time                         -11.846    
  -------------------------------------------------------------------
                         slack                                 -1.016    

Slack (VIOLATED) :        -1.009ns  (required time - arrival time)
  Source:                 rv32_top_i/plat/U0/u_core/exmem_reg_write_reg/C
                            (rising edge-triggered cell FDCE clocked by clk_fpga_0  {rise@0.000ns fall@4.000ns period=8.000ns})
  Destination:            rv32_top_i/plat/U0/u_core/exmem_alu_result_reg[2]/D
                            (rising edge-triggered cell FDCE clocked by clk_fpga_0  {rise@0.000ns fall@4.000ns period=8.000ns})
  Path Group:             clk_fpga_0
  Path Type:              Setup (Max at Slow Process Corner)
  Requirement:            8.000ns  (clk_fpga_0 rise@8.000ns - clk_fpga_0 rise@0.000ns)
  Data Path Delay:        8.857ns  (logic 1.510ns (17.049%)  route 7.347ns (82.951%))
  Logic Levels:           8  (LUT3=1 LUT6=7)
  Clock Path Skew:        0.040ns (DCD - SCD + CPR)
    Destination Clock Delay (DCD):    3.054ns = ( 11.054 - 8.000 ) 
    Source Clock Delay      (SCD):    3.129ns
    Clock Pessimism Removal (CPR):    0.115ns
  Clock Uncertainty:      0.125ns  ((TSJ^2 + TIJ^2)^1/2 + DJ) / 2 + PE
    Total System Jitter     (TSJ):    0.071ns
    Total Input Jitter      (TIJ):    0.240ns
    Discrete Jitter          (DJ):    0.000ns
    Phase Error              (PE):    0.000ns

    Location             Delay type                Incr(ns)  Path(ns)    Netlist Resource(s)
  -------------------------------------------------------------------    -------------------
                         (clock clk_fpga_0 rise edge)
                                                      0.000     0.000 r  
    PS7_X0Y0             PS7                          0.000     0.000 r  rv32_top_i/ps7/inst/PS7_i/FCLKCLK[0]
                         net (fo=1, routed)           1.193     1.193    rv32_top_i/ps7/inst/FCLK_CLK_unbuffered[0]
    BUFGCTRL_X0Y17       BUFG (Prop_bufg_I_O)         0.101     1.294 r  rv32_top_i/ps7/inst/buffer_fclk_clk_0.FCLK_CLK_0_BUFG_replica/O
                         net (fo=6, routed)           1.835     3.129    rv32_top_i/plat/U0/u_core/FCLK_CLK0_repN_alias
    SLICE_X32Y117        FDCE                                         r  rv32_top_i/plat/U0/u_core/exmem_reg_write_reg/C
  -------------------------------------------------------------------    -------------------
    SLICE_X32Y117        FDCE (Prop_fdce_C_Q)         0.518     3.647 f  rv32_top_i/plat/U0/u_core/exmem_reg_write_reg/Q
                         net (fo=2, routed)           0.679     4.326    rv32_top_i/plat/U0/u_core/u_pc/exmem_reg_write
    SLICE_X33Y117        LUT6 (Prop_lut6_I0_O)        0.124     4.450 f  rv32_top_i/plat/U0/u_core/u_pc/exmem_store[31]_i_6/O
                         net (fo=10, routed)          1.082     5.532    rv32_top_i/plat/U0/u_core/u_pc/p_7_in
    SLICE_X34Y118        LUT6 (Prop_lut6_I1_O)        0.124     5.656 f  rv32_top_i/plat/U0/u_core/u_pc/pc_internal[31]_i_32/O
                         net (fo=33, routed)          1.018     6.674    rv32_top_i/plat/U0/u_core/u_pc/pc_internal[31]_i_32_n_0
    SLICE_X36Y115        LUT6 (Prop_lut6_I3_O)        0.124     6.798 r  rv32_top_i/plat/U0/u_core/u_pc/pc_internal[27]_i_9/O
                         net (fo=13, routed)          0.445     7.243    rv32_top_i/plat/U0/u_core/fa_val[24]
    SLICE_X37Y114        LUT3 (Prop_lut3_I1_O)        0.124     7.367 r  rv32_top_i/plat/U0/u_core/exmem_alu_result[24]_i_5/O
                         net (fo=17, routed)          1.384     8.750    rv32_top_i/plat/U0/u_core/alu_a[24]
    SLICE_X34Y114        LUT6 (Prop_lut6_I0_O)        0.124     8.874 r  rv32_top_i/plat/U0/u_core/exmem_alu_result[22]_i_7/O
                         net (fo=10, routed)          1.064     9.938    rv32_top_i/plat/U0/u_core/exmem_alu_result[22]_i_7_n_0
    SLICE_X41Y109        LUT6 (Prop_lut6_I2_O)        0.124    10.062 r  rv32_top_i/plat/U0/u_core/exmem_alu_result[2]_i_8/O
                         net (fo=1, routed)           0.632    10.694    rv32_top_i/plat/U0/u_core/exmem_alu_result[2]_i_8_n_0
    SLICE_X43Y109        LUT6 (Prop_lut6_I4_O)        0.124    10.818 r  rv32_top_i/plat/U0/u_core/exmem_alu_result[2]_i_3/O
                         net (fo=1, routed)           0.707    11.525    rv32_top_i/plat/U0/u_core/exmem_alu_result[2]_i_3_n_0
    SLICE_X44Y106        LUT6 (Prop_lut6_I3_O)        0.124    11.649 r  rv32_top_i/plat/U0/u_core/exmem_alu_result[2]_i_1/O
                         net (fo=1, routed)           0.337    11.986    rv32_top_i/plat/U0/u_core/exmem_alu_result[2]_i_1_n_0
    SLICE_X44Y107        FDCE                                         r  rv32_top_i/plat/U0/u_core/exmem_alu_result_reg[2]/D
  -------------------------------------------------------------------    -------------------

                         (clock clk_fpga_0 rise edge)
                                                      8.000     8.000 r  
    PS7_X0Y0             PS7                          0.000     8.000 r  rv32_top_i/ps7/inst/PS7_i/FCLKCLK[0]
                         net (fo=1, routed)           1.088     9.088    rv32_top_i/ps7/inst/FCLK_CLK_unbuffered[0]
    BUFGCTRL_X0Y17       BUFG (Prop_bufg_I_O)         0.091     9.179 r  rv32_top_i/ps7/inst/buffer_fclk_clk_0.FCLK_CLK_0_BUFG_replica/O
                         net (fo=6, routed)           0.133     9.312    rv32_top_i/ps7/inst/FCLK_CLK0_repN
    BUFGCTRL_X0Y16       BUFG (Prop_bufg_I_O)         0.091     9.403 r  rv32_top_i/ps7/inst/buffer_fclk_clk_0.FCLK_CLK_0_BUFG/O
                         net (fo=12375, routed)       1.651    11.054    rv32_top_i/plat/U0/u_core/S_AXI_ACLK
    SLICE_X44Y107        FDCE                                         r  rv32_top_i/plat/U0/u_core/exmem_alu_result_reg[2]/C
                         clock pessimism              0.115    11.169    
                         clock uncertainty           -0.125    11.044    
    SLICE_X44Y107        FDCE (Setup_fdce_C_D)       -0.067    10.977    rv32_top_i/plat/U0/u_core/exmem_alu_result_reg[2]
  -------------------------------------------------------------------
                         required time                         10.977    
                         arrival time                         -11.986    
  -------------------------------------------------------------------
                         slack                                 -1.009    

Slack (VIOLATED) :        -0.999ns  (required time - arrival time)
  Source:                 rv32_top_i/plat/U0/u_core/exmem_reg_write_reg/C
                            (rising edge-triggered cell FDCE clocked by clk_fpga_0  {rise@0.000ns fall@4.000ns period=8.000ns})
  Destination:            rv32_top_i/plat/U0/u_core/ifid_pc4_reg[17]/CE
                            (rising edge-triggered cell FDCE clocked by clk_fpga_0  {rise@0.000ns fall@4.000ns period=8.000ns})
  Path Group:             clk_fpga_0
  Path Type:              Setup (Max at Slow Process Corner)
  Requirement:            8.000ns  (clk_fpga_0 rise@8.000ns - clk_fpga_0 rise@0.000ns)
  Data Path Delay:        8.695ns  (logic 2.153ns (24.762%)  route 6.542ns (75.238%))
  Logic Levels:           10  (CARRY4=3 LUT4=1 LUT6=6)
  Clock Path Skew:        0.026ns (DCD - SCD + CPR)
    Destination Clock Delay (DCD):    3.040ns = ( 11.040 - 8.000 ) 
    Source Clock Delay      (SCD):    3.129ns
    Clock Pessimism Removal (CPR):    0.115ns
  Clock Uncertainty:      0.125ns  ((TSJ^2 + TIJ^2)^1/2 + DJ) / 2 + PE
    Total System Jitter     (TSJ):    0.071ns
    Total Input Jitter      (TIJ):    0.240ns
    Discrete Jitter          (DJ):    0.000ns
    Phase Error              (PE):    0.000ns

    Location             Delay type                Incr(ns)  Path(ns)    Netlist Resource(s)
  -------------------------------------------------------------------    -------------------
                         (clock clk_fpga_0 rise edge)
                                                      0.000     0.000 r  
    PS7_X0Y0             PS7                          0.000     0.000 r  rv32_top_i/ps7/inst/PS7_i/FCLKCLK[0]
                         net (fo=1, routed)           1.193     1.193    rv32_top_i/ps7/inst/FCLK_CLK_unbuffered[0]
    BUFGCTRL_X0Y17       BUFG (Prop_bufg_I_O)         0.101     1.294 r  rv32_top_i/ps7/inst/buffer_fclk_clk_0.FCLK_CLK_0_BUFG_replica/O
                         net (fo=6, routed)           1.835     3.129    rv32_top_i/plat/U0/u_core/FCLK_CLK0_repN_alias
    SLICE_X32Y117        FDCE                                         r  rv32_top_i/plat/U0/u_core/exmem_reg_write_reg/C
  -------------------------------------------------------------------    -------------------
    SLICE_X32Y117        FDCE (Prop_fdce_C_Q)         0.518     3.647 f  rv32_top_i/plat/U0/u_core/exmem_reg_write_reg/Q
                         net (fo=2, routed)           0.679     4.326    rv32_top_i/plat/U0/u_core/u_pc/exmem_reg_write
    SLICE_X33Y117        LUT6 (Prop_lut6_I0_O)        0.124     4.450 f  rv32_top_i/plat/U0/u_core/u_pc/exmem_store[31]_i_6/O
                         net (fo=10, routed)          1.082     5.532    rv32_top_i/plat/U0/u_core/u_pc/p_7_in
    SLICE_X34Y118        LUT6 (Prop_lut6_I1_O)        0.124     5.656 f  rv32_top_i/plat/U0/u_core/u_pc/pc_internal[31]_i_32/O
                         net (fo=33, routed)          0.952     6.608    rv32_top_i/plat/U0/u_core/u_pc/pc_internal[31]_i_32_n_0
    SLICE_X36Y117        LUT6 (Prop_lut6_I3_O)        0.124     6.732 r  rv32_top_i/plat/U0/u_core/u_pc/pc_internal[11]_i_7/O
                         net (fo=13, routed)          1.385     8.117    rv32_top_i/plat/U0/u_core/u_pc/fa_val[10]
    SLICE_X42Y118        LUT4 (Prop_lut4_I1_O)        0.124     8.241 r  rv32_top_i/plat/U0/u_core/u_pc/pc_internal[31]_i_117/O
                         net (fo=1, routed)           0.000     8.241    rv32_top_i/plat/U0/u_core/u_pc/pc_internal[31]_i_117_n_0
    SLICE_X42Y118        CARRY4 (Prop_carry4_S[1]_CO[3])
                                                      0.533     8.774 r  rv32_top_i/plat/U0/u_core/u_pc/pc_internal_reg[31]_i_83/CO[3]
                         net (fo=1, routed)           0.000     8.774    rv32_top_i/plat/U0/u_core/u_pc/pc_internal_reg[31]_i_83_n_0
    SLICE_X42Y119        CARRY4 (Prop_carry4_CI_CO[3])
                                                      0.117     8.891 r  rv32_top_i/plat/U0/u_core/u_pc/pc_internal_reg[31]_i_52/CO[3]
                         net (fo=1, routed)           0.000     8.891    rv32_top_i/plat/U0/u_core/u_pc/pc_internal_reg[31]_i_52_n_0
    SLICE_X42Y120        CARRY4 (Prop_carry4_CI_CO[3])
                                                      0.117     9.008 r  rv32_top_i/plat/U0/u_core/u_pc/pc_internal_reg[31]_i_30/CO[3]
                         net (fo=1, routed)           0.787     9.795    rv32_top_i/plat/U0/u_core/u_pc/u_bcu/data4
    SLICE_X43Y120        LUT6 (Prop_lut6_I5_O)        0.124     9.919 r  rv32_top_i/plat/U0/u_core/u_pc/pc_internal[31]_i_15/O
                         net (fo=2, routed)           0.306    10.225    rv32_top_i/plat/U0/u_core/u_pc_n_388
    SLICE_X44Y120        LUT6 (Prop_lut6_I0_O)        0.124    10.349 r  rv32_top_i/plat/U0/u_core/ifid_instr[31]_i_3/O
                         net (fo=39, routed)          0.626    10.975    rv32_top_i/plat/U0/u_core/u_pc/ifid_instr_reg[15]_rep__1_0
    SLICE_X44Y121        LUT6 (Prop_lut6_I2_O)        0.124    11.099 r  rv32_top_i/plat/U0/u_core/u_pc/ifid_instr[31]_i_1/O
                         net (fo=102, routed)         0.725    11.824    rv32_top_i/plat/U0/u_core/u_pc_n_0
    SLICE_X47Y123        FDCE                                         r  rv32_top_i/plat/U0/u_core/ifid_pc4_reg[17]/CE
  -------------------------------------------------------------------    -------------------

                         (clock clk_fpga_0 rise edge)
                                                      8.000     8.000 r  
    PS7_X0Y0             PS7                          0.000     8.000 r  rv32_top_i/ps7/inst/PS7_i/FCLKCLK[0]
                         net (fo=1, routed)           1.088     9.088    rv32_top_i/ps7/inst/FCLK_CLK_unbuffered[0]
    BUFGCTRL_X0Y17       BUFG (Prop_bufg_I_O)         0.091     9.179 r  rv32_top_i/ps7/inst/buffer_fclk_clk_0.FCLK_CLK_0_BUFG_replica/O
                         net (fo=6, routed)           0.133     9.312    rv32_top_i/ps7/inst/FCLK_CLK0_repN
    BUFGCTRL_X0Y16       BUFG (Prop_bufg_I_O)         0.091     9.403 r  rv32_top_i/ps7/inst/buffer_fclk_clk_0.FCLK_CLK_0_BUFG/O
                         net (fo=12375, routed)       1.637    11.040    rv32_top_i/plat/U0/u_core/S_AXI_ACLK
    SLICE_X47Y123        FDCE                                         r  rv32_top_i/plat/U0/u_core/ifid_pc4_reg[17]/C
                         clock pessimism              0.115    11.155    
                         clock uncertainty           -0.125    11.030    
    SLICE_X47Y123        FDCE (Setup_fdce_C_CE)      -0.205    10.825    rv32_top_i/plat/U0/u_core/ifid_pc4_reg[17]
  -------------------------------------------------------------------
                         required time                         10.825    
                         arrival time                         -11.824    
  -------------------------------------------------------------------
                         slack                                 -0.999    

Slack (VIOLATED) :        -0.999ns  (required time - arrival time)
  Source:                 rv32_top_i/plat/U0/u_core/exmem_reg_write_reg/C
                            (rising edge-triggered cell FDCE clocked by clk_fpga_0  {rise@0.000ns fall@4.000ns period=8.000ns})
  Destination:            rv32_top_i/plat/U0/u_core/ifid_pc4_reg[18]/CE
                            (rising edge-triggered cell FDCE clocked by clk_fpga_0  {rise@0.000ns fall@4.000ns period=8.000ns})
  Path Group:             clk_fpga_0
  Path Type:              Setup (Max at Slow Process Corner)
  Requirement:            8.000ns  (clk_fpga_0 rise@8.000ns - clk_fpga_0 rise@0.000ns)
  Data Path Delay:        8.695ns  (logic 2.153ns (24.762%)  route 6.542ns (75.238%))
  Logic Levels:           10  (CARRY4=3 LUT4=1 LUT6=6)
  Clock Path Skew:        0.026ns (DCD - SCD + CPR)
    Destination Clock Delay (DCD):    3.040ns = ( 11.040 - 8.000 ) 
    Source Clock Delay      (SCD):    3.129ns
    Clock Pessimism Removal (CPR):    0.115ns
  Clock Uncertainty:      0.125ns  ((TSJ^2 + TIJ^2)^1/2 + DJ) / 2 + PE
    Total System Jitter     (TSJ):    0.071ns
    Total Input Jitter      (TIJ):    0.240ns
    Discrete Jitter          (DJ):    0.000ns
    Phase Error              (PE):    0.000ns

    Location             Delay type                Incr(ns)  Path(ns)    Netlist Resource(s)
  -------------------------------------------------------------------    -------------------
                         (clock clk_fpga_0 rise edge)
                                                      0.000     0.000 r  
    PS7_X0Y0             PS7                          0.000     0.000 r  rv32_top_i/ps7/inst/PS7_i/FCLKCLK[0]
                         net (fo=1, routed)           1.193     1.193    rv32_top_i/ps7/inst/FCLK_CLK_unbuffered[0]
    BUFGCTRL_X0Y17       BUFG (Prop_bufg_I_O)         0.101     1.294 r  rv32_top_i/ps7/inst/buffer_fclk_clk_0.FCLK_CLK_0_BUFG_replica/O
                         net (fo=6, routed)           1.835     3.129    rv32_top_i/plat/U0/u_core/FCLK_CLK0_repN_alias
    SLICE_X32Y117        FDCE                                         r  rv32_top_i/plat/U0/u_core/exmem_reg_write_reg/C
  -------------------------------------------------------------------    -------------------
    SLICE_X32Y117        FDCE (Prop_fdce_C_Q)         0.518     3.647 f  rv32_top_i/plat/U0/u_core/exmem_reg_write_reg/Q
                         net (fo=2, routed)           0.679     4.326    rv32_top_i/plat/U0/u_core/u_pc/exmem_reg_write
    SLICE_X33Y117        LUT6 (Prop_lut6_I0_O)        0.124     4.450 f  rv32_top_i/plat/U0/u_core/u_pc/exmem_store[31]_i_6/O
                         net (fo=10, routed)          1.082     5.532    rv32_top_i/plat/U0/u_core/u_pc/p_7_in
    SLICE_X34Y118        LUT6 (Prop_lut6_I1_O)        0.124     5.656 f  rv32_top_i/plat/U0/u_core/u_pc/pc_internal[31]_i_32/O
                         net (fo=33, routed)          0.952     6.608    rv32_top_i/plat/U0/u_core/u_pc/pc_internal[31]_i_32_n_0
    SLICE_X36Y117        LUT6 (Prop_lut6_I3_O)        0.124     6.732 r  rv32_top_i/plat/U0/u_core/u_pc/pc_internal[11]_i_7/O
                         net (fo=13, routed)          1.385     8.117    rv32_top_i/plat/U0/u_core/u_pc/fa_val[10]
    SLICE_X42Y118        LUT4 (Prop_lut4_I1_O)        0.124     8.241 r  rv32_top_i/plat/U0/u_core/u_pc/pc_internal[31]_i_117/O
                         net (fo=1, routed)           0.000     8.241    rv32_top_i/plat/U0/u_core/u_pc/pc_internal[31]_i_117_n_0
    SLICE_X42Y118        CARRY4 (Prop_carry4_S[1]_CO[3])
                                                      0.533     8.774 r  rv32_top_i/plat/U0/u_core/u_pc/pc_internal_reg[31]_i_83/CO[3]
                         net (fo=1, routed)           0.000     8.774    rv32_top_i/plat/U0/u_core/u_pc/pc_internal_reg[31]_i_83_n_0
    SLICE_X42Y119        CARRY4 (Prop_carry4_CI_CO[3])
                                                      0.117     8.891 r  rv32_top_i/plat/U0/u_core/u_pc/pc_internal_reg[31]_i_52/CO[3]
                         net (fo=1, routed)           0.000     8.891    rv32_top_i/plat/U0/u_core/u_pc/pc_internal_reg[31]_i_52_n_0
    SLICE_X42Y120        CARRY4 (Prop_carry4_CI_CO[3])
                                                      0.117     9.008 r  rv32_top_i/plat/U0/u_core/u_pc/pc_internal_reg[31]_i_30/CO[3]
                         net (fo=1, routed)           0.787     9.795    rv32_top_i/plat/U0/u_core/u_pc/u_bcu/data4
    SLICE_X43Y120        LUT6 (Prop_lut6_I5_O)        0.124     9.919 r  rv32_top_i/plat/U0/u_core/u_pc/pc_internal[31]_i_15/O
                         net (fo=2, routed)           0.306    10.225    rv32_top_i/plat/U0/u_core/u_pc_n_388
    SLICE_X44Y120        LUT6 (Prop_lut6_I0_O)        0.124    10.349 r  rv32_top_i/plat/U0/u_core/ifid_instr[31]_i_3/O
                         net (fo=39, routed)          0.626    10.975    rv32_top_i/plat/U0/u_core/u_pc/ifid_instr_reg[15]_rep__1_0
    SLICE_X44Y121        LUT6 (Prop_lut6_I2_O)        0.124    11.099 r  rv32_top_i/plat/U0/u_core/u_pc/ifid_instr[31]_i_1/O
                         net (fo=102, routed)         0.725    11.824    rv32_top_i/plat/U0/u_core/u_pc_n_0
    SLICE_X47Y123        FDCE                                         r  rv32_top_i/plat/U0/u_core/ifid_pc4_reg[18]/CE
  -------------------------------------------------------------------    -------------------

                         (clock clk_fpga_0 rise edge)
                                                      8.000     8.000 r  
    PS7_X0Y0             PS7                          0.000     8.000 r  rv32_top_i/ps7/inst/PS7_i/FCLKCLK[0]
                         net (fo=1, routed)           1.088     9.088    rv32_top_i/ps7/inst/FCLK_CLK_unbuffered[0]
    BUFGCTRL_X0Y17       BUFG (Prop_bufg_I_O)         0.091     9.179 r  rv32_top_i/ps7/inst/buffer_fclk_clk_0.FCLK_CLK_0_BUFG_replica/O
                         net (fo=6, routed)           0.133     9.312    rv32_top_i/ps7/inst/FCLK_CLK0_repN
    BUFGCTRL_X0Y16       BUFG (Prop_bufg_I_O)         0.091     9.403 r  rv32_top_i/ps7/inst/buffer_fclk_clk_0.FCLK_CLK_0_BUFG/O
                         net (fo=12375, routed)       1.637    11.040    rv32_top_i/plat/U0/u_core/S_AXI_ACLK
    SLICE_X47Y123        FDCE                                         r  rv32_top_i/plat/U0/u_core/ifid_pc4_reg[18]/C
                         clock pessimism              0.115    11.155    
                         clock uncertainty           -0.125    11.030    
    SLICE_X47Y123        FDCE (Setup_fdce_C_CE)      -0.205    10.825    rv32_top_i/plat/U0/u_core/ifid_pc4_reg[18]
  -------------------------------------------------------------------
                         required time                         10.825    
                         arrival time                         -11.824    
  -------------------------------------------------------------------
                         slack                                 -0.999    

Slack (VIOLATED) :        -0.999ns  (required time - arrival time)
  Source:                 rv32_top_i/plat/U0/u_core/exmem_reg_write_reg/C
                            (rising edge-triggered cell FDCE clocked by clk_fpga_0  {rise@0.000ns fall@4.000ns period=8.000ns})
  Destination:            rv32_top_i/plat/U0/u_core/ifid_pc4_reg[19]/CE
                            (rising edge-triggered cell FDCE clocked by clk_fpga_0  {rise@0.000ns fall@4.000ns period=8.000ns})
  Path Group:             clk_fpga_0
  Path Type:              Setup (Max at Slow Process Corner)
  Requirement:            8.000ns  (clk_fpga_0 rise@8.000ns - clk_fpga_0 rise@0.000ns)
  Data Path Delay:        8.695ns  (logic 2.153ns (24.762%)  route 6.542ns (75.238%))
  Logic Levels:           10  (CARRY4=3 LUT4=1 LUT6=6)
  Clock Path Skew:        0.026ns (DCD - SCD + CPR)
    Destination Clock Delay (DCD):    3.040ns = ( 11.040 - 8.000 ) 
    Source Clock Delay      (SCD):    3.129ns
    Clock Pessimism Removal (CPR):    0.115ns
  Clock Uncertainty:      0.125ns  ((TSJ^2 + TIJ^2)^1/2 + DJ) / 2 + PE
    Total System Jitter     (TSJ):    0.071ns
    Total Input Jitter      (TIJ):    0.240ns
    Discrete Jitter          (DJ):    0.000ns
    Phase Error              (PE):    0.000ns

    Location             Delay type                Incr(ns)  Path(ns)    Netlist Resource(s)
  -------------------------------------------------------------------    -------------------
                         (clock clk_fpga_0 rise edge)
                                                      0.000     0.000 r  
    PS7_X0Y0             PS7                          0.000     0.000 r  rv32_top_i/ps7/inst/PS7_i/FCLKCLK[0]
                         net (fo=1, routed)           1.193     1.193    rv32_top_i/ps7/inst/FCLK_CLK_unbuffered[0]
    BUFGCTRL_X0Y17       BUFG (Prop_bufg_I_O)         0.101     1.294 r  rv32_top_i/ps7/inst/buffer_fclk_clk_0.FCLK_CLK_0_BUFG_replica/O
                         net (fo=6, routed)           1.835     3.129    rv32_top_i/plat/U0/u_core/FCLK_CLK0_repN_alias
    SLICE_X32Y117        FDCE                                         r  rv32_top_i/plat/U0/u_core/exmem_reg_write_reg/C
  -------------------------------------------------------------------    -------------------
    SLICE_X32Y117        FDCE (Prop_fdce_C_Q)         0.518     3.647 f  rv32_top_i/plat/U0/u_core/exmem_reg_write_reg/Q
                         net (fo=2, routed)           0.679     4.326    rv32_top_i/plat/U0/u_core/u_pc/exmem_reg_write
    SLICE_X33Y117        LUT6 (Prop_lut6_I0_O)        0.124     4.450 f  rv32_top_i/plat/U0/u_core/u_pc/exmem_store[31]_i_6/O
                         net (fo=10, routed)          1.082     5.532    rv32_top_i/plat/U0/u_core/u_pc/p_7_in
    SLICE_X34Y118        LUT6 (Prop_lut6_I1_O)        0.124     5.656 f  rv32_top_i/plat/U0/u_core/u_pc/pc_internal[31]_i_32/O
                         net (fo=33, routed)          0.952     6.608    rv32_top_i/plat/U0/u_core/u_pc/pc_internal[31]_i_32_n_0
    SLICE_X36Y117        LUT6 (Prop_lut6_I3_O)        0.124     6.732 r  rv32_top_i/plat/U0/u_core/u_pc/pc_internal[11]_i_7/O
                         net (fo=13, routed)          1.385     8.117    rv32_top_i/plat/U0/u_core/u_pc/fa_val[10]
    SLICE_X42Y118        LUT4 (Prop_lut4_I1_O)        0.124     8.241 r  rv32_top_i/plat/U0/u_core/u_pc/pc_internal[31]_i_117/O
                         net (fo=1, routed)           0.000     8.241    rv32_top_i/plat/U0/u_core/u_pc/pc_internal[31]_i_117_n_0
    SLICE_X42Y118        CARRY4 (Prop_carry4_S[1]_CO[3])
                                                      0.533     8.774 r  rv32_top_i/plat/U0/u_core/u_pc/pc_internal_reg[31]_i_83/CO[3]
                         net (fo=1, routed)           0.000     8.774    rv32_top_i/plat/U0/u_core/u_pc/pc_internal_reg[31]_i_83_n_0
    SLICE_X42Y119        CARRY4 (Prop_carry4_CI_CO[3])
                                                      0.117     8.891 r  rv32_top_i/plat/U0/u_core/u_pc/pc_internal_reg[31]_i_52/CO[3]
                         net (fo=1, routed)           0.000     8.891    rv32_top_i/plat/U0/u_core/u_pc/pc_internal_reg[31]_i_52_n_0
    SLICE_X42Y120        CARRY4 (Prop_carry4_CI_CO[3])
                                                      0.117     9.008 r  rv32_top_i/plat/U0/u_core/u_pc/pc_internal_reg[31]_i_30/CO[3]
                         net (fo=1, routed)           0.787     9.795    rv32_top_i/plat/U0/u_core/u_pc/u_bcu/data4
    SLICE_X43Y120        LUT6 (Prop_lut6_I5_O)        0.124     9.919 r  rv32_top_i/plat/U0/u_core/u_pc/pc_internal[31]_i_15/O
                         net (fo=2, routed)           0.306    10.225    rv32_top_i/plat/U0/u_core/u_pc_n_388
    SLICE_X44Y120        LUT6 (Prop_lut6_I0_O)        0.124    10.349 r  rv32_top_i/plat/U0/u_core/ifid_instr[31]_i_3/O
                         net (fo=39, routed)          0.626    10.975    rv32_top_i/plat/U0/u_core/u_pc/ifid_instr_reg[15]_rep__1_0
    SLICE_X44Y121        LUT6 (Prop_lut6_I2_O)        0.124    11.099 r  rv32_top_i/plat/U0/u_core/u_pc/ifid_instr[31]_i_1/O
                         net (fo=102, routed)         0.725    11.824    rv32_top_i/plat/U0/u_core/u_pc_n_0
    SLICE_X47Y123        FDCE                                         r  rv32_top_i/plat/U0/u_core/ifid_pc4_reg[19]/CE
  -------------------------------------------------------------------    -------------------

                         (clock clk_fpga_0 rise edge)
                                                      8.000     8.000 r  
    PS7_X0Y0             PS7                          0.000     8.000 r  rv32_top_i/ps7/inst/PS7_i/FCLKCLK[0]
                         net (fo=1, routed)           1.088     9.088    rv32_top_i/ps7/inst/FCLK_CLK_unbuffered[0]
    BUFGCTRL_X0Y17       BUFG (Prop_bufg_I_O)         0.091     9.179 r  rv32_top_i/ps7/inst/buffer_fclk_clk_0.FCLK_CLK_0_BUFG_replica/O
                         net (fo=6, routed)           0.133     9.312    rv32_top_i/ps7/inst/FCLK_CLK0_repN
    BUFGCTRL_X0Y16       BUFG (Prop_bufg_I_O)         0.091     9.403 r  rv32_top_i/ps7/inst/buffer_fclk_clk_0.FCLK_CLK_0_BUFG/O
                         net (fo=12375, routed)       1.637    11.040    rv32_top_i/plat/U0/u_core/S_AXI_ACLK
    SLICE_X47Y123        FDCE                                         r  rv32_top_i/plat/U0/u_core/ifid_pc4_reg[19]/C
                         clock pessimism              0.115    11.155    
                         clock uncertainty           -0.125    11.030    
    SLICE_X47Y123        FDCE (Setup_fdce_C_CE)      -0.205    10.825    rv32_top_i/plat/U0/u_core/ifid_pc4_reg[19]
  -------------------------------------------------------------------
                         required time                         10.825    
                         arrival time                         -11.824    
  -------------------------------------------------------------------
                         slack                                 -0.999    

Slack (VIOLATED) :        -0.999ns  (required time - arrival time)
  Source:                 rv32_top_i/plat/U0/u_core/exmem_reg_write_reg/C
                            (rising edge-triggered cell FDCE clocked by clk_fpga_0  {rise@0.000ns fall@4.000ns period=8.000ns})
  Destination:            rv32_top_i/plat/U0/u_core/ifid_pc4_reg[20]/CE
                            (rising edge-triggered cell FDCE clocked by clk_fpga_0  {rise@0.000ns fall@4.000ns period=8.000ns})
  Path Group:             clk_fpga_0
  Path Type:              Setup (Max at Slow Process Corner)
  Requirement:            8.000ns  (clk_fpga_0 rise@8.000ns - clk_fpga_0 rise@0.000ns)
  Data Path Delay:        8.695ns  (logic 2.153ns (24.762%)  route 6.542ns (75.238%))
  Logic Levels:           10  (CARRY4=3 LUT4=1 LUT6=6)
  Clock Path Skew:        0.026ns (DCD - SCD + CPR)
    Destination Clock Delay (DCD):    3.040ns = ( 11.040 - 8.000 ) 
    Source Clock Delay      (SCD):    3.129ns
    Clock Pessimism Removal (CPR):    0.115ns
  Clock Uncertainty:      0.125ns  ((TSJ^2 + TIJ^2)^1/2 + DJ) / 2 + PE
    Total System Jitter     (TSJ):    0.071ns
    Total Input Jitter      (TIJ):    0.240ns
    Discrete Jitter          (DJ):    0.000ns
    Phase Error              (PE):    0.000ns

    Location             Delay type                Incr(ns)  Path(ns)    Netlist Resource(s)
  -------------------------------------------------------------------    -------------------
                         (clock clk_fpga_0 rise edge)
                                                      0.000     0.000 r  
    PS7_X0Y0             PS7                          0.000     0.000 r  rv32_top_i/ps7/inst/PS7_i/FCLKCLK[0]
                         net (fo=1, routed)           1.193     1.193    rv32_top_i/ps7/inst/FCLK_CLK_unbuffered[0]
    BUFGCTRL_X0Y17       BUFG (Prop_bufg_I_O)         0.101     1.294 r  rv32_top_i/ps7/inst/buffer_fclk_clk_0.FCLK_CLK_0_BUFG_replica/O
                         net (fo=6, routed)           1.835     3.129    rv32_top_i/plat/U0/u_core/FCLK_CLK0_repN_alias
    SLICE_X32Y117        FDCE                                         r  rv32_top_i/plat/U0/u_core/exmem_reg_write_reg/C
  -------------------------------------------------------------------    -------------------
    SLICE_X32Y117        FDCE (Prop_fdce_C_Q)         0.518     3.647 f  rv32_top_i/plat/U0/u_core/exmem_reg_write_reg/Q
                         net (fo=2, routed)           0.679     4.326    rv32_top_i/plat/U0/u_core/u_pc/exmem_reg_write
    SLICE_X33Y117        LUT6 (Prop_lut6_I0_O)        0.124     4.450 f  rv32_top_i/plat/U0/u_core/u_pc/exmem_store[31]_i_6/O
                         net (fo=10, routed)          1.082     5.532    rv32_top_i/plat/U0/u_core/u_pc/p_7_in
    SLICE_X34Y118        LUT6 (Prop_lut6_I1_O)        0.124     5.656 f  rv32_top_i/plat/U0/u_core/u_pc/pc_internal[31]_i_32/O
                         net (fo=33, routed)          0.952     6.608    rv32_top_i/plat/U0/u_core/u_pc/pc_internal[31]_i_32_n_0
    SLICE_X36Y117        LUT6 (Prop_lut6_I3_O)        0.124     6.732 r  rv32_top_i/plat/U0/u_core/u_pc/pc_internal[11]_i_7/O
                         net (fo=13, routed)          1.385     8.117    rv32_top_i/plat/U0/u_core/u_pc/fa_val[10]
    SLICE_X42Y118        LUT4 (Prop_lut4_I1_O)        0.124     8.241 r  rv32_top_i/plat/U0/u_core/u_pc/pc_internal[31]_i_117/O
                         net (fo=1, routed)           0.000     8.241    rv32_top_i/plat/U0/u_core/u_pc/pc_internal[31]_i_117_n_0
    SLICE_X42Y118        CARRY4 (Prop_carry4_S[1]_CO[3])
                                                      0.533     8.774 r  rv32_top_i/plat/U0/u_core/u_pc/pc_internal_reg[31]_i_83/CO[3]
                         net (fo=1, routed)           0.000     8.774    rv32_top_i/plat/U0/u_core/u_pc/pc_internal_reg[31]_i_83_n_0
    SLICE_X42Y119        CARRY4 (Prop_carry4_CI_CO[3])
                                                      0.117     8.891 r  rv32_top_i/plat/U0/u_core/u_pc/pc_internal_reg[31]_i_52/CO[3]
                         net (fo=1, routed)           0.000     8.891    rv32_top_i/plat/U0/u_core/u_pc/pc_internal_reg[31]_i_52_n_0
    SLICE_X42Y120        CARRY4 (Prop_carry4_CI_CO[3])
                                                      0.117     9.008 r  rv32_top_i/plat/U0/u_core/u_pc/pc_internal_reg[31]_i_30/CO[3]
                         net (fo=1, routed)           0.787     9.795    rv32_top_i/plat/U0/u_core/u_pc/u_bcu/data4
    SLICE_X43Y120        LUT6 (Prop_lut6_I5_O)        0.124     9.919 r  rv32_top_i/plat/U0/u_core/u_pc/pc_internal[31]_i_15/O
                         net (fo=2, routed)           0.306    10.225    rv32_top_i/plat/U0/u_core/u_pc_n_388
    SLICE_X44Y120        LUT6 (Prop_lut6_I0_O)        0.124    10.349 r  rv32_top_i/plat/U0/u_core/ifid_instr[31]_i_3/O
                         net (fo=39, routed)          0.626    10.975    rv32_top_i/plat/U0/u_core/u_pc/ifid_instr_reg[15]_rep__1_0
    SLICE_X44Y121        LUT6 (Prop_lut6_I2_O)        0.124    11.099 r  rv32_top_i/plat/U0/u_core/u_pc/ifid_instr[31]_i_1/O
                         net (fo=102, routed)         0.725    11.824    rv32_top_i/plat/U0/u_core/u_pc_n_0
    SLICE_X47Y123        FDCE                                         r  rv32_top_i/plat/U0/u_core/ifid_pc4_reg[20]/CE
  -------------------------------------------------------------------    -------------------

                         (clock clk_fpga_0 rise edge)
                                                      8.000     8.000 r  
    PS7_X0Y0             PS7                          0.000     8.000 r  rv32_top_i/ps7/inst/PS7_i/FCLKCLK[0]
                         net (fo=1, routed)           1.088     9.088    rv32_top_i/ps7/inst/FCLK_CLK_unbuffered[0]
    BUFGCTRL_X0Y17       BUFG (Prop_bufg_I_O)         0.091     9.179 r  rv32_top_i/ps7/inst/buffer_fclk_clk_0.FCLK_CLK_0_BUFG_replica/O
                         net (fo=6, routed)           0.133     9.312    rv32_top_i/ps7/inst/FCLK_CLK0_repN
    BUFGCTRL_X0Y16       BUFG (Prop_bufg_I_O)         0.091     9.403 r  rv32_top_i/ps7/inst/buffer_fclk_clk_0.FCLK_CLK_0_BUFG/O
                         net (fo=12375, routed)       1.637    11.040    rv32_top_i/plat/U0/u_core/S_AXI_ACLK
    SLICE_X47Y123        FDCE                                         r  rv32_top_i/plat/U0/u_core/ifid_pc4_reg[20]/C
                         clock pessimism              0.115    11.155    
                         clock uncertainty           -0.125    11.030    
    SLICE_X47Y123        FDCE (Setup_fdce_C_CE)      -0.205    10.825    rv32_top_i/plat/U0/u_core/ifid_pc4_reg[20]
  -------------------------------------------------------------------
                         required time                         10.825    
                         arrival time                         -11.824    
  -------------------------------------------------------------------
                         slack                                 -0.999    

Slack (VIOLATED) :        -0.993ns  (required time - arrival time)
  Source:                 rv32_top_i/plat/U0/u_core/exmem_reg_write_reg/C
                            (rising edge-triggered cell FDCE clocked by clk_fpga_0  {rise@0.000ns fall@4.000ns period=8.000ns})
  Destination:            rv32_top_i/plat/U0/u_core/u_pc/pc_internal_reg[10]_rep/D
                            (rising edge-triggered cell FDCE clocked by clk_fpga_0  {rise@0.000ns fall@4.000ns period=8.000ns})
  Path Group:             clk_fpga_0
  Path Type:              Setup (Max at Slow Process Corner)
  Requirement:            8.000ns  (clk_fpga_0 rise@8.000ns - clk_fpga_0 rise@0.000ns)
  Data Path Delay:        8.852ns  (logic 2.153ns (24.321%)  route 6.699ns (75.679%))
  Logic Levels:           10  (CARRY4=3 LUT4=1 LUT5=1 LUT6=5)
  Clock Path Skew:        0.027ns (DCD - SCD + CPR)
    Destination Clock Delay (DCD):    3.041ns = ( 11.041 - 8.000 ) 
    Source Clock Delay      (SCD):    3.129ns
    Clock Pessimism Removal (CPR):    0.115ns
  Clock Uncertainty:      0.125ns  ((TSJ^2 + TIJ^2)^1/2 + DJ) / 2 + PE
    Total System Jitter     (TSJ):    0.071ns
    Total Input Jitter      (TIJ):    0.240ns
    Discrete Jitter          (DJ):    0.000ns
    Phase Error              (PE):    0.000ns

    Location             Delay type                Incr(ns)  Path(ns)    Netlist Resource(s)
  -------------------------------------------------------------------    -------------------
                         (clock clk_fpga_0 rise edge)
                                                      0.000     0.000 r  
    PS7_X0Y0             PS7                          0.000     0.000 r  rv32_top_i/ps7/inst/PS7_i/FCLKCLK[0]
                         net (fo=1, routed)           1.193     1.193    rv32_top_i/ps7/inst/FCLK_CLK_unbuffered[0]
    BUFGCTRL_X0Y17       BUFG (Prop_bufg_I_O)         0.101     1.294 r  rv32_top_i/ps7/inst/buffer_fclk_clk_0.FCLK_CLK_0_BUFG_replica/O
                         net (fo=6, routed)           1.835     3.129    rv32_top_i/plat/U0/u_core/FCLK_CLK0_repN_alias
    SLICE_X32Y117        FDCE                                         r  rv32_top_i/plat/U0/u_core/exmem_reg_write_reg/C
  -------------------------------------------------------------------    -------------------
    SLICE_X32Y117        FDCE (Prop_fdce_C_Q)         0.518     3.647 f  rv32_top_i/plat/U0/u_core/exmem_reg_write_reg/Q
                         net (fo=2, routed)           0.679     4.326    rv32_top_i/plat/U0/u_core/u_pc/exmem_reg_write
    SLICE_X33Y117        LUT6 (Prop_lut6_I0_O)        0.124     4.450 f  rv32_top_i/plat/U0/u_core/u_pc/exmem_store[31]_i_6/O
                         net (fo=10, routed)          1.082     5.532    rv32_top_i/plat/U0/u_core/u_pc/p_7_in
    SLICE_X34Y118        LUT6 (Prop_lut6_I1_O)        0.124     5.656 f  rv32_top_i/plat/U0/u_core/u_pc/pc_internal[31]_i_32/O
                         net (fo=33, routed)          0.952     6.608    rv32_top_i/plat/U0/u_core/u_pc/pc_internal[31]_i_32_n_0
    SLICE_X36Y117        LUT6 (Prop_lut6_I3_O)        0.124     6.732 r  rv32_top_i/plat/U0/u_core/u_pc/pc_internal[11]_i_7/O
                         net (fo=13, routed)          1.385     8.117    rv32_top_i/plat/U0/u_core/u_pc/fa_val[10]
    SLICE_X42Y118        LUT4 (Prop_lut4_I1_O)        0.124     8.241 r  rv32_top_i/plat/U0/u_core/u_pc/pc_internal[31]_i_117/O
                         net (fo=1, routed)           0.000     8.241    rv32_top_i/plat/U0/u_core/u_pc/pc_internal[31]_i_117_n_0
    SLICE_X42Y118        CARRY4 (Prop_carry4_S[1]_CO[3])
                                                      0.533     8.774 r  rv32_top_i/plat/U0/u_core/u_pc/pc_internal_reg[31]_i_83/CO[3]
                         net (fo=1, routed)           0.000     8.774    rv32_top_i/plat/U0/u_core/u_pc/pc_internal_reg[31]_i_83_n_0
    SLICE_X42Y119        CARRY4 (Prop_carry4_CI_CO[3])
                                                      0.117     8.891 r  rv32_top_i/plat/U0/u_core/u_pc/pc_internal_reg[31]_i_52/CO[3]
                         net (fo=1, routed)           0.000     8.891    rv32_top_i/plat/U0/u_core/u_pc/pc_internal_reg[31]_i_52_n_0
    SLICE_X42Y120        CARRY4 (Prop_carry4_CI_CO[3])
                                                      0.117     9.008 r  rv32_top_i/plat/U0/u_core/u_pc/pc_internal_reg[31]_i_30/CO[3]
                         net (fo=1, routed)           0.787     9.795    rv32_top_i/plat/U0/u_core/u_pc/u_bcu/data4
    SLICE_X43Y120        LUT6 (Prop_lut6_I5_O)        0.124     9.919 r  rv32_top_i/plat/U0/u_core/u_pc/pc_internal[31]_i_15/O
                         net (fo=2, routed)           0.518    10.437    rv32_top_i/plat/U0/u_core/u_pc/idex_funct3_reg[2]
    SLICE_X43Y121        LUT6 (Prop_lut6_I1_O)        0.124    10.561 r  rv32_top_i/plat/U0/u_core/u_pc/pc_internal[31]_i_6/O
                         net (fo=79, routed)          0.820    11.380    rv32_top_i/plat/U0/u_core/u_npc/ex_pc_src
    SLICE_X48Y127        LUT5 (Prop_lut5_I3_O)        0.124    11.504 r  rv32_top_i/plat/U0/u_core/u_npc/pc_internal[10]_rep_i_1/O
                         net (fo=1, routed)           0.477    11.981    rv32_top_i/plat/U0/u_core/u_pc/pc_internal_reg[10]_rep_0
    SLICE_X47Y127        FDCE                                         r  rv32_top_i/plat/U0/u_core/u_pc/pc_internal_reg[10]_rep/D
  -------------------------------------------------------------------    -------------------

                         (clock clk_fpga_0 rise edge)
                                                      8.000     8.000 r  
    PS7_X0Y0             PS7                          0.000     8.000 r  rv32_top_i/ps7/inst/PS7_i/FCLKCLK[0]
                         net (fo=1, routed)           1.088     9.088    rv32_top_i/ps7/inst/FCLK_CLK_unbuffered[0]
    BUFGCTRL_X0Y17       BUFG (Prop_bufg_I_O)         0.091     9.179 r  rv32_top_i/ps7/inst/buffer_fclk_clk_0.FCLK_CLK_0_BUFG_replica/O
                         net (fo=6, routed)           0.133     9.312    rv32_top_i/ps7/inst/FCLK_CLK0_repN
    BUFGCTRL_X0Y16       BUFG (Prop_bufg_I_O)         0.091     9.403 r  rv32_top_i/ps7/inst/buffer_fclk_clk_0.FCLK_CLK_0_BUFG/O
                         net (fo=12375, routed)       1.638    11.041    rv32_top_i/plat/U0/u_core/u_pc/S_AXI_ACLK
    SLICE_X47Y127        FDCE                                         r  rv32_top_i/plat/U0/u_core/u_pc/pc_internal_reg[10]_rep/C
                         clock pessimism              0.115    11.156    
                         clock uncertainty           -0.125    11.031    
    SLICE_X47Y127        FDCE (Setup_fdce_C_D)       -0.043    10.988    rv32_top_i/plat/U0/u_core/u_pc/pc_internal_reg[10]_rep
  -------------------------------------------------------------------
                         required time                         10.988    
                         arrival time                         -11.981    
  -------------------------------------------------------------------
                         slack                                 -0.993    

Slack (VIOLATED) :        -0.980ns  (required time - arrival time)
  Source:                 rv32_top_i/plat/U0/u_core/exmem_reg_write_reg/C
                            (rising edge-triggered cell FDCE clocked by clk_fpga_0  {rise@0.000ns fall@4.000ns period=8.000ns})
  Destination:            rv32_top_i/plat/U0/u_core/idex_src_a_sel_reg/D
                            (rising edge-triggered cell FDCE clocked by clk_fpga_0  {rise@0.000ns fall@4.000ns period=8.000ns})
  Path Group:             clk_fpga_0
  Path Type:              Setup (Max at Slow Process Corner)
  Requirement:            8.000ns  (clk_fpga_0 rise@8.000ns - clk_fpga_0 rise@0.000ns)
  Data Path Delay:        8.840ns  (logic 2.153ns (24.354%)  route 6.687ns (75.646%))
  Logic Levels:           10  (CARRY4=3 LUT4=1 LUT5=1 LUT6=5)
  Clock Path Skew:        0.028ns (DCD - SCD + CPR)
    Destination Clock Delay (DCD):    3.042ns = ( 11.042 - 8.000 ) 
    Source Clock Delay      (SCD):    3.129ns
    Clock Pessimism Removal (CPR):    0.115ns
  Clock Uncertainty:      0.125ns  ((TSJ^2 + TIJ^2)^1/2 + DJ) / 2 + PE
    Total System Jitter     (TSJ):    0.071ns
    Total Input Jitter      (TIJ):    0.240ns
    Discrete Jitter          (DJ):    0.000ns
    Phase Error              (PE):    0.000ns

    Location             Delay type                Incr(ns)  Path(ns)    Netlist Resource(s)
  -------------------------------------------------------------------    -------------------
                         (clock clk_fpga_0 rise edge)
                                                      0.000     0.000 r  
    PS7_X0Y0             PS7                          0.000     0.000 r  rv32_top_i/ps7/inst/PS7_i/FCLKCLK[0]
                         net (fo=1, routed)           1.193     1.193    rv32_top_i/ps7/inst/FCLK_CLK_unbuffered[0]
    BUFGCTRL_X0Y17       BUFG (Prop_bufg_I_O)         0.101     1.294 r  rv32_top_i/ps7/inst/buffer_fclk_clk_0.FCLK_CLK_0_BUFG_replica/O
                         net (fo=6, routed)           1.835     3.129    rv32_top_i/plat/U0/u_core/FCLK_CLK0_repN_alias
    SLICE_X32Y117        FDCE                                         r  rv32_top_i/plat/U0/u_core/exmem_reg_write_reg/C
  -------------------------------------------------------------------    -------------------
    SLICE_X32Y117        FDCE (Prop_fdce_C_Q)         0.518     3.647 f  rv32_top_i/plat/U0/u_core/exmem_reg_write_reg/Q
                         net (fo=2, routed)           0.679     4.326    rv32_top_i/plat/U0/u_core/u_pc/exmem_reg_write
    SLICE_X33Y117        LUT6 (Prop_lut6_I0_O)        0.124     4.450 f  rv32_top_i/plat/U0/u_core/u_pc/exmem_store[31]_i_6/O
                         net (fo=10, routed)          1.082     5.532    rv32_top_i/plat/U0/u_core/u_pc/p_7_in
    SLICE_X34Y118        LUT6 (Prop_lut6_I1_O)        0.124     5.656 f  rv32_top_i/plat/U0/u_core/u_pc/pc_internal[31]_i_32/O
                         net (fo=33, routed)          0.952     6.608    rv32_top_i/plat/U0/u_core/u_pc/pc_internal[31]_i_32_n_0
    SLICE_X36Y117        LUT6 (Prop_lut6_I3_O)        0.124     6.732 r  rv32_top_i/plat/U0/u_core/u_pc/pc_internal[11]_i_7/O
                         net (fo=13, routed)          1.385     8.117    rv32_top_i/plat/U0/u_core/u_pc/fa_val[10]
    SLICE_X42Y118        LUT4 (Prop_lut4_I1_O)        0.124     8.241 r  rv32_top_i/plat/U0/u_core/u_pc/pc_internal[31]_i_117/O
                         net (fo=1, routed)           0.000     8.241    rv32_top_i/plat/U0/u_core/u_pc/pc_internal[31]_i_117_n_0
    SLICE_X42Y118        CARRY4 (Prop_carry4_S[1]_CO[3])
                                                      0.533     8.774 r  rv32_top_i/plat/U0/u_core/u_pc/pc_internal_reg[31]_i_83/CO[3]
                         net (fo=1, routed)           0.000     8.774    rv32_top_i/plat/U0/u_core/u_pc/pc_internal_reg[31]_i_83_n_0
    SLICE_X42Y119        CARRY4 (Prop_carry4_CI_CO[3])
                                                      0.117     8.891 r  rv32_top_i/plat/U0/u_core/u_pc/pc_internal_reg[31]_i_52/CO[3]
                         net (fo=1, routed)           0.000     8.891    rv32_top_i/plat/U0/u_core/u_pc/pc_internal_reg[31]_i_52_n_0
    SLICE_X42Y120        CARRY4 (Prop_carry4_CI_CO[3])
                                                      0.117     9.008 r  rv32_top_i/plat/U0/u_core/u_pc/pc_internal_reg[31]_i_30/CO[3]
                         net (fo=1, routed)           0.787     9.795    rv32_top_i/plat/U0/u_core/u_pc/u_bcu/data4
    SLICE_X43Y120        LUT6 (Prop_lut6_I5_O)        0.124     9.919 f  rv32_top_i/plat/U0/u_core/u_pc/pc_internal[31]_i_15/O
                         net (fo=2, routed)           0.518    10.437    rv32_top_i/plat/U0/u_core/u_pc/idex_funct3_reg[2]
    SLICE_X43Y121        LUT6 (Prop_lut6_I1_O)        0.124    10.561 f  rv32_top_i/plat/U0/u_core/u_pc/pc_internal[31]_i_6/O
                         net (fo=79, routed)          0.962    11.522    rv32_top_i/plat/U0/u_core/ex_pc_src
    SLICE_X43Y127        LUT5 (Prop_lut5_I2_O)        0.124    11.646 r  rv32_top_i/plat/U0/u_core/idex_src_a_sel_i_1/O
                         net (fo=1, routed)           0.323    11.969    rv32_top_i/plat/U0/u_core/idex_src_a_sel_i_1_n_0
    SLICE_X41Y127        FDCE                                         r  rv32_top_i/plat/U0/u_core/idex_src_a_sel_reg/D
  -------------------------------------------------------------------    -------------------

                         (clock clk_fpga_0 rise edge)
                                                      8.000     8.000 r  
    PS7_X0Y0             PS7                          0.000     8.000 r  rv32_top_i/ps7/inst/PS7_i/FCLKCLK[0]
                         net (fo=1, routed)           1.088     9.088    rv32_top_i/ps7/inst/FCLK_CLK_unbuffered[0]
    BUFGCTRL_X0Y17       BUFG (Prop_bufg_I_O)         0.091     9.179 r  rv32_top_i/ps7/inst/buffer_fclk_clk_0.FCLK_CLK_0_BUFG_replica/O
                         net (fo=6, routed)           0.133     9.312    rv32_top_i/ps7/inst/FCLK_CLK0_repN
    BUFGCTRL_X0Y16       BUFG (Prop_bufg_I_O)         0.091     9.403 r  rv32_top_i/ps7/inst/buffer_fclk_clk_0.FCLK_CLK_0_BUFG/O
                         net (fo=12375, routed)       1.639    11.042    rv32_top_i/plat/U0/u_core/S_AXI_ACLK
    SLICE_X41Y127        FDCE                                         r  rv32_top_i/plat/U0/u_core/idex_src_a_sel_reg/C
                         clock pessimism              0.115    11.157    
                         clock uncertainty           -0.125    11.032    
    SLICE_X41Y127        FDCE (Setup_fdce_C_D)       -0.043    10.989    rv32_top_i/plat/U0/u_core/idex_src_a_sel_reg
  -------------------------------------------------------------------
                         required time                         10.989    
                         arrival time                         -11.969    
  -------------------------------------------------------------------
                         slack                                 -0.980    

Slack (VIOLATED) :        -0.980ns  (required time - arrival time)
  Source:                 rv32_top_i/plat/U0/u_core/exmem_reg_write_reg/C
                            (rising edge-triggered cell FDCE clocked by clk_fpga_0  {rise@0.000ns fall@4.000ns period=8.000ns})
  Destination:            rv32_top_i/plat/U0/u_core/ifid_pc4_reg[21]/CE
                            (rising edge-triggered cell FDCE clocked by clk_fpga_0  {rise@0.000ns fall@4.000ns period=8.000ns})
  Path Group:             clk_fpga_0
  Path Type:              Setup (Max at Slow Process Corner)
  Requirement:            8.000ns  (clk_fpga_0 rise@8.000ns - clk_fpga_0 rise@0.000ns)
  Data Path Delay:        8.717ns  (logic 2.153ns (24.698%)  route 6.564ns (75.302%))
  Logic Levels:           10  (CARRY4=3 LUT4=1 LUT6=6)
  Clock Path Skew:        0.031ns (DCD - SCD + CPR)
    Destination Clock Delay (DCD):    3.045ns = ( 11.045 - 8.000 ) 
    Source Clock Delay      (SCD):    3.129ns
    Clock Pessimism Removal (CPR):    0.115ns
  Clock Uncertainty:      0.125ns  ((TSJ^2 + TIJ^2)^1/2 + DJ) / 2 + PE
    Total System Jitter     (TSJ):    0.071ns
    Total Input Jitter      (TIJ):    0.240ns
    Discrete Jitter          (DJ):    0.000ns
    Phase Error              (PE):    0.000ns

    Location             Delay type                Incr(ns)  Path(ns)    Netlist Resource(s)
  -------------------------------------------------------------------    -------------------
                         (clock clk_fpga_0 rise edge)
                                                      0.000     0.000 r  
    PS7_X0Y0             PS7                          0.000     0.000 r  rv32_top_i/ps7/inst/PS7_i/FCLKCLK[0]
                         net (fo=1, routed)           1.193     1.193    rv32_top_i/ps7/inst/FCLK_CLK_unbuffered[0]
    BUFGCTRL_X0Y17       BUFG (Prop_bufg_I_O)         0.101     1.294 r  rv32_top_i/ps7/inst/buffer_fclk_clk_0.FCLK_CLK_0_BUFG_replica/O
                         net (fo=6, routed)           1.835     3.129    rv32_top_i/plat/U0/u_core/FCLK_CLK0_repN_alias
    SLICE_X32Y117        FDCE                                         r  rv32_top_i/plat/U0/u_core/exmem_reg_write_reg/C
  -------------------------------------------------------------------    -------------------
    SLICE_X32Y117        FDCE (Prop_fdce_C_Q)         0.518     3.647 f  rv32_top_i/plat/U0/u_core/exmem_reg_write_reg/Q
                         net (fo=2, routed)           0.679     4.326    rv32_top_i/plat/U0/u_core/u_pc/exmem_reg_write
    SLICE_X33Y117        LUT6 (Prop_lut6_I0_O)        0.124     4.450 f  rv32_top_i/plat/U0/u_core/u_pc/exmem_store[31]_i_6/O
                         net (fo=10, routed)          1.082     5.532    rv32_top_i/plat/U0/u_core/u_pc/p_7_in
    SLICE_X34Y118        LUT6 (Prop_lut6_I1_O)        0.124     5.656 f  rv32_top_i/plat/U0/u_core/u_pc/pc_internal[31]_i_32/O
                         net (fo=33, routed)          0.952     6.608    rv32_top_i/plat/U0/u_core/u_pc/pc_internal[31]_i_32_n_0
    SLICE_X36Y117        LUT6 (Prop_lut6_I3_O)        0.124     6.732 r  rv32_top_i/plat/U0/u_core/u_pc/pc_internal[11]_i_7/O
                         net (fo=13, routed)          1.385     8.117    rv32_top_i/plat/U0/u_core/u_pc/fa_val[10]
    SLICE_X42Y118        LUT4 (Prop_lut4_I1_O)        0.124     8.241 r  rv32_top_i/plat/U0/u_core/u_pc/pc_internal[31]_i_117/O
                         net (fo=1, routed)           0.000     8.241    rv32_top_i/plat/U0/u_core/u_pc/pc_internal[31]_i_117_n_0
    SLICE_X42Y118        CARRY4 (Prop_carry4_S[1]_CO[3])
                                                      0.533     8.774 r  rv32_top_i/plat/U0/u_core/u_pc/pc_internal_reg[31]_i_83/CO[3]
                         net (fo=1, routed)           0.000     8.774    rv32_top_i/plat/U0/u_core/u_pc/pc_internal_reg[31]_i_83_n_0
    SLICE_X42Y119        CARRY4 (Prop_carry4_CI_CO[3])
                                                      0.117     8.891 r  rv32_top_i/plat/U0/u_core/u_pc/pc_internal_reg[31]_i_52/CO[3]
                         net (fo=1, routed)           0.000     8.891    rv32_top_i/plat/U0/u_core/u_pc/pc_internal_reg[31]_i_52_n_0
    SLICE_X42Y120        CARRY4 (Prop_carry4_CI_CO[3])
                                                      0.117     9.008 r  rv32_top_i/plat/U0/u_core/u_pc/pc_internal_reg[31]_i_30/CO[3]
                         net (fo=1, routed)           0.787     9.795    rv32_top_i/plat/U0/u_core/u_pc/u_bcu/data4
    SLICE_X43Y120        LUT6 (Prop_lut6_I5_O)        0.124     9.919 r  rv32_top_i/plat/U0/u_core/u_pc/pc_internal[31]_i_15/O
                         net (fo=2, routed)           0.306    10.225    rv32_top_i/plat/U0/u_core/u_pc_n_388
    SLICE_X44Y120        LUT6 (Prop_lut6_I0_O)        0.124    10.349 r  rv32_top_i/plat/U0/u_core/ifid_instr[31]_i_3/O
                         net (fo=39, routed)          0.626    10.975    rv32_top_i/plat/U0/u_core/u_pc/ifid_instr_reg[15]_rep__1_0
    SLICE_X44Y121        LUT6 (Prop_lut6_I2_O)        0.124    11.099 r  rv32_top_i/plat/U0/u_core/u_pc/ifid_instr[31]_i_1/O
                         net (fo=102, routed)         0.747    11.846    rv32_top_i/plat/U0/u_core/u_pc_n_0
    SLICE_X42Y119        FDCE                                         r  rv32_top_i/plat/U0/u_core/ifid_pc4_reg[21]/CE
  -------------------------------------------------------------------    -------------------

                         (clock clk_fpga_0 rise edge)
                                                      8.000     8.000 r  
    PS7_X0Y0             PS7                          0.000     8.000 r  rv32_top_i/ps7/inst/PS7_i/FCLKCLK[0]
                         net (fo=1, routed)           1.088     9.088    rv32_top_i/ps7/inst/FCLK_CLK_unbuffered[0]
    BUFGCTRL_X0Y17       BUFG (Prop_bufg_I_O)         0.091     9.179 r  rv32_top_i/ps7/inst/buffer_fclk_clk_0.FCLK_CLK_0_BUFG_replica/O
                         net (fo=6, routed)           0.133     9.312    rv32_top_i/ps7/inst/FCLK_CLK0_repN
    BUFGCTRL_X0Y16       BUFG (Prop_bufg_I_O)         0.091     9.403 r  rv32_top_i/ps7/inst/buffer_fclk_clk_0.FCLK_CLK_0_BUFG/O
                         net (fo=12375, routed)       1.642    11.045    rv32_top_i/plat/U0/u_core/S_AXI_ACLK
    SLICE_X42Y119        FDCE                                         r  rv32_top_i/plat/U0/u_core/ifid_pc4_reg[21]/C
                         clock pessimism              0.115    11.160    
                         clock uncertainty           -0.125    11.035    
    SLICE_X42Y119        FDCE (Setup_fdce_C_CE)      -0.169    10.866    rv32_top_i/plat/U0/u_core/ifid_pc4_reg[21]
  -------------------------------------------------------------------
                         required time                         10.866    
                         arrival time                         -11.846    
  -------------------------------------------------------------------
                         slack                                 -0.980    

Slack (VIOLATED) :        -0.980ns  (required time - arrival time)
  Source:                 rv32_top_i/plat/U0/u_core/exmem_reg_write_reg/C
                            (rising edge-triggered cell FDCE clocked by clk_fpga_0  {rise@0.000ns fall@4.000ns period=8.000ns})
  Destination:            rv32_top_i/plat/U0/u_core/ifid_pc4_reg[22]/CE
                            (rising edge-triggered cell FDCE clocked by clk_fpga_0  {rise@0.000ns fall@4.000ns period=8.000ns})
  Path Group:             clk_fpga_0
  Path Type:              Setup (Max at Slow Process Corner)
  Requirement:            8.000ns  (clk_fpga_0 rise@8.000ns - clk_fpga_0 rise@0.000ns)
  Data Path Delay:        8.717ns  (logic 2.153ns (24.698%)  route 6.564ns (75.302%))
  Logic Levels:           10  (CARRY4=3 LUT4=1 LUT6=6)
  Clock Path Skew:        0.031ns (DCD - SCD + CPR)
    Destination Clock Delay (DCD):    3.045ns = ( 11.045 - 8.000 ) 
    Source Clock Delay      (SCD):    3.129ns
    Clock Pessimism Removal (CPR):    0.115ns
  Clock Uncertainty:      0.125ns  ((TSJ^2 + TIJ^2)^1/2 + DJ) / 2 + PE
    Total System Jitter     (TSJ):    0.071ns
    Total Input Jitter      (TIJ):    0.240ns
    Discrete Jitter          (DJ):    0.000ns
    Phase Error              (PE):    0.000ns

    Location             Delay type                Incr(ns)  Path(ns)    Netlist Resource(s)
  -------------------------------------------------------------------    -------------------
                         (clock clk_fpga_0 rise edge)
                                                      0.000     0.000 r  
    PS7_X0Y0             PS7                          0.000     0.000 r  rv32_top_i/ps7/inst/PS7_i/FCLKCLK[0]
                         net (fo=1, routed)           1.193     1.193    rv32_top_i/ps7/inst/FCLK_CLK_unbuffered[0]
    BUFGCTRL_X0Y17       BUFG (Prop_bufg_I_O)         0.101     1.294 r  rv32_top_i/ps7/inst/buffer_fclk_clk_0.FCLK_CLK_0_BUFG_replica/O
                         net (fo=6, routed)           1.835     3.129    rv32_top_i/plat/U0/u_core/FCLK_CLK0_repN_alias
    SLICE_X32Y117        FDCE                                         r  rv32_top_i/plat/U0/u_core/exmem_reg_write_reg/C
  -------------------------------------------------------------------    -------------------
    SLICE_X32Y117        FDCE (Prop_fdce_C_Q)         0.518     3.647 f  rv32_top_i/plat/U0/u_core/exmem_reg_write_reg/Q
                         net (fo=2, routed)           0.679     4.326    rv32_top_i/plat/U0/u_core/u_pc/exmem_reg_write
    SLICE_X33Y117        LUT6 (Prop_lut6_I0_O)        0.124     4.450 f  rv32_top_i/plat/U0/u_core/u_pc/exmem_store[31]_i_6/O
                         net (fo=10, routed)          1.082     5.532    rv32_top_i/plat/U0/u_core/u_pc/p_7_in
    SLICE_X34Y118        LUT6 (Prop_lut6_I1_O)        0.124     5.656 f  rv32_top_i/plat/U0/u_core/u_pc/pc_internal[31]_i_32/O
                         net (fo=33, routed)          0.952     6.608    rv32_top_i/plat/U0/u_core/u_pc/pc_internal[31]_i_32_n_0
    SLICE_X36Y117        LUT6 (Prop_lut6_I3_O)        0.124     6.732 r  rv32_top_i/plat/U0/u_core/u_pc/pc_internal[11]_i_7/O
                         net (fo=13, routed)          1.385     8.117    rv32_top_i/plat/U0/u_core/u_pc/fa_val[10]
    SLICE_X42Y118        LUT4 (Prop_lut4_I1_O)        0.124     8.241 r  rv32_top_i/plat/U0/u_core/u_pc/pc_internal[31]_i_117/O
                         net (fo=1, routed)           0.000     8.241    rv32_top_i/plat/U0/u_core/u_pc/pc_internal[31]_i_117_n_0
    SLICE_X42Y118        CARRY4 (Prop_carry4_S[1]_CO[3])
                                                      0.533     8.774 r  rv32_top_i/plat/U0/u_core/u_pc/pc_internal_reg[31]_i_83/CO[3]
                         net (fo=1, routed)           0.000     8.774    rv32_top_i/plat/U0/u_core/u_pc/pc_internal_reg[31]_i_83_n_0
    SLICE_X42Y119        CARRY4 (Prop_carry4_CI_CO[3])
                                                      0.117     8.891 r  rv32_top_i/plat/U0/u_core/u_pc/pc_internal_reg[31]_i_52/CO[3]
                         net (fo=1, routed)           0.000     8.891    rv32_top_i/plat/U0/u_core/u_pc/pc_internal_reg[31]_i_52_n_0
    SLICE_X42Y120        CARRY4 (Prop_carry4_CI_CO[3])
                                                      0.117     9.008 r  rv32_top_i/plat/U0/u_core/u_pc/pc_internal_reg[31]_i_30/CO[3]
                         net (fo=1, routed)           0.787     9.795    rv32_top_i/plat/U0/u_core/u_pc/u_bcu/data4
    SLICE_X43Y120        LUT6 (Prop_lut6_I5_O)        0.124     9.919 r  rv32_top_i/plat/U0/u_core/u_pc/pc_internal[31]_i_15/O
                         net (fo=2, routed)           0.306    10.225    rv32_top_i/plat/U0/u_core/u_pc_n_388
    SLICE_X44Y120        LUT6 (Prop_lut6_I0_O)        0.124    10.349 r  rv32_top_i/plat/U0/u_core/ifid_instr[31]_i_3/O
                         net (fo=39, routed)          0.626    10.975    rv32_top_i/plat/U0/u_core/u_pc/ifid_instr_reg[15]_rep__1_0
    SLICE_X44Y121        LUT6 (Prop_lut6_I2_O)        0.124    11.099 r  rv32_top_i/plat/U0/u_core/u_pc/ifid_instr[31]_i_1/O
                         net (fo=102, routed)         0.747    11.846    rv32_top_i/plat/U0/u_core/u_pc_n_0
    SLICE_X42Y119        FDCE                                         r  rv32_top_i/plat/U0/u_core/ifid_pc4_reg[22]/CE
  -------------------------------------------------------------------    -------------------

                         (clock clk_fpga_0 rise edge)
                                                      8.000     8.000 r  
    PS7_X0Y0             PS7                          0.000     8.000 r  rv32_top_i/ps7/inst/PS7_i/FCLKCLK[0]
                         net (fo=1, routed)           1.088     9.088    rv32_top_i/ps7/inst/FCLK_CLK_unbuffered[0]
    BUFGCTRL_X0Y17       BUFG (Prop_bufg_I_O)         0.091     9.179 r  rv32_top_i/ps7/inst/buffer_fclk_clk_0.FCLK_CLK_0_BUFG_replica/O
                         net (fo=6, routed)           0.133     9.312    rv32_top_i/ps7/inst/FCLK_CLK0_repN
    BUFGCTRL_X0Y16       BUFG (Prop_bufg_I_O)         0.091     9.403 r  rv32_top_i/ps7/inst/buffer_fclk_clk_0.FCLK_CLK_0_BUFG/O
                         net (fo=12375, routed)       1.642    11.045    rv32_top_i/plat/U0/u_core/S_AXI_ACLK
    SLICE_X42Y119        FDCE                                         r  rv32_top_i/plat/U0/u_core/ifid_pc4_reg[22]/C
                         clock pessimism              0.115    11.160    
                         clock uncertainty           -0.125    11.035    
    SLICE_X42Y119        FDCE (Setup_fdce_C_CE)      -0.169    10.866    rv32_top_i/plat/U0/u_core/ifid_pc4_reg[22]
  -------------------------------------------------------------------
                         required time                         10.866    
                         arrival time                         -11.846    
  -------------------------------------------------------------------
                         slack                                 -0.980    

Slack (VIOLATED) :        -0.980ns  (required time - arrival time)
  Source:                 rv32_top_i/plat/U0/u_core/exmem_reg_write_reg/C
                            (rising edge-triggered cell FDCE clocked by clk_fpga_0  {rise@0.000ns fall@4.000ns period=8.000ns})
  Destination:            rv32_top_i/plat/U0/u_core/ifid_pc4_reg[23]/CE
                            (rising edge-triggered cell FDCE clocked by clk_fpga_0  {rise@0.000ns fall@4.000ns period=8.000ns})
  Path Group:             clk_fpga_0
  Path Type:              Setup (Max at Slow Process Corner)
  Requirement:            8.000ns  (clk_fpga_0 rise@8.000ns - clk_fpga_0 rise@0.000ns)
  Data Path Delay:        8.717ns  (logic 2.153ns (24.698%)  route 6.564ns (75.302%))
  Logic Levels:           10  (CARRY4=3 LUT4=1 LUT6=6)
  Clock Path Skew:        0.031ns (DCD - SCD + CPR)
    Destination Clock Delay (DCD):    3.045ns = ( 11.045 - 8.000 ) 
    Source Clock Delay      (SCD):    3.129ns
    Clock Pessimism Removal (CPR):    0.115ns
  Clock Uncertainty:      0.125ns  ((TSJ^2 + TIJ^2)^1/2 + DJ) / 2 + PE
    Total System Jitter     (TSJ):    0.071ns
    Total Input Jitter      (TIJ):    0.240ns
    Discrete Jitter          (DJ):    0.000ns
    Phase Error              (PE):    0.000ns

    Location             Delay type                Incr(ns)  Path(ns)    Netlist Resource(s)
  -------------------------------------------------------------------    -------------------
                         (clock clk_fpga_0 rise edge)
                                                      0.000     0.000 r  
    PS7_X0Y0             PS7                          0.000     0.000 r  rv32_top_i/ps7/inst/PS7_i/FCLKCLK[0]
                         net (fo=1, routed)           1.193     1.193    rv32_top_i/ps7/inst/FCLK_CLK_unbuffered[0]
    BUFGCTRL_X0Y17       BUFG (Prop_bufg_I_O)         0.101     1.294 r  rv32_top_i/ps7/inst/buffer_fclk_clk_0.FCLK_CLK_0_BUFG_replica/O
                         net (fo=6, routed)           1.835     3.129    rv32_top_i/plat/U0/u_core/FCLK_CLK0_repN_alias
    SLICE_X32Y117        FDCE                                         r  rv32_top_i/plat/U0/u_core/exmem_reg_write_reg/C
  -------------------------------------------------------------------    -------------------
    SLICE_X32Y117        FDCE (Prop_fdce_C_Q)         0.518     3.647 f  rv32_top_i/plat/U0/u_core/exmem_reg_write_reg/Q
                         net (fo=2, routed)           0.679     4.326    rv32_top_i/plat/U0/u_core/u_pc/exmem_reg_write
    SLICE_X33Y117        LUT6 (Prop_lut6_I0_O)        0.124     4.450 f  rv32_top_i/plat/U0/u_core/u_pc/exmem_store[31]_i_6/O
                         net (fo=10, routed)          1.082     5.532    rv32_top_i/plat/U0/u_core/u_pc/p_7_in
    SLICE_X34Y118        LUT6 (Prop_lut6_I1_O)        0.124     5.656 f  rv32_top_i/plat/U0/u_core/u_pc/pc_internal[31]_i_32/O
                         net (fo=33, routed)          0.952     6.608    rv32_top_i/plat/U0/u_core/u_pc/pc_internal[31]_i_32_n_0
    SLICE_X36Y117        LUT6 (Prop_lut6_I3_O)        0.124     6.732 r  rv32_top_i/plat/U0/u_core/u_pc/pc_internal[11]_i_7/O
                         net (fo=13, routed)          1.385     8.117    rv32_top_i/plat/U0/u_core/u_pc/fa_val[10]
    SLICE_X42Y118        LUT4 (Prop_lut4_I1_O)        0.124     8.241 r  rv32_top_i/plat/U0/u_core/u_pc/pc_internal[31]_i_117/O
                         net (fo=1, routed)           0.000     8.241    rv32_top_i/plat/U0/u_core/u_pc/pc_internal[31]_i_117_n_0
    SLICE_X42Y118        CARRY4 (Prop_carry4_S[1]_CO[3])
                                                      0.533     8.774 r  rv32_top_i/plat/U0/u_core/u_pc/pc_internal_reg[31]_i_83/CO[3]
                         net (fo=1, routed)           0.000     8.774    rv32_top_i/plat/U0/u_core/u_pc/pc_internal_reg[31]_i_83_n_0
    SLICE_X42Y119        CARRY4 (Prop_carry4_CI_CO[3])
                                                      0.117     8.891 r  rv32_top_i/plat/U0/u_core/u_pc/pc_internal_reg[31]_i_52/CO[3]
                         net (fo=1, routed)           0.000     8.891    rv32_top_i/plat/U0/u_core/u_pc/pc_internal_reg[31]_i_52_n_0
    SLICE_X42Y120        CARRY4 (Prop_carry4_CI_CO[3])
                                                      0.117     9.008 r  rv32_top_i/plat/U0/u_core/u_pc/pc_internal_reg[31]_i_30/CO[3]
                         net (fo=1, routed)           0.787     9.795    rv32_top_i/plat/U0/u_core/u_pc/u_bcu/data4
    SLICE_X43Y120        LUT6 (Prop_lut6_I5_O)        0.124     9.919 r  rv32_top_i/plat/U0/u_core/u_pc/pc_internal[31]_i_15/O
                         net (fo=2, routed)           0.306    10.225    rv32_top_i/plat/U0/u_core/u_pc_n_388
    SLICE_X44Y120        LUT6 (Prop_lut6_I0_O)        0.124    10.349 r  rv32_top_i/plat/U0/u_core/ifid_instr[31]_i_3/O
                         net (fo=39, routed)          0.626    10.975    rv32_top_i/plat/U0/u_core/u_pc/ifid_instr_reg[15]_rep__1_0
    SLICE_X44Y121        LUT6 (Prop_lut6_I2_O)        0.124    11.099 r  rv32_top_i/plat/U0/u_core/u_pc/ifid_instr[31]_i_1/O
                         net (fo=102, routed)         0.747    11.846    rv32_top_i/plat/U0/u_core/u_pc_n_0
    SLICE_X42Y119        FDCE                                         r  rv32_top_i/plat/U0/u_core/ifid_pc4_reg[23]/CE
  -------------------------------------------------------------------    -------------------

                         (clock clk_fpga_0 rise edge)
                                                      8.000     8.000 r  
    PS7_X0Y0             PS7                          0.000     8.000 r  rv32_top_i/ps7/inst/PS7_i/FCLKCLK[0]
                         net (fo=1, routed)           1.088     9.088    rv32_top_i/ps7/inst/FCLK_CLK_unbuffered[0]
    BUFGCTRL_X0Y17       BUFG (Prop_bufg_I_O)         0.091     9.179 r  rv32_top_i/ps7/inst/buffer_fclk_clk_0.FCLK_CLK_0_BUFG_replica/O
                         net (fo=6, routed)           0.133     9.312    rv32_top_i/ps7/inst/FCLK_CLK0_repN
    BUFGCTRL_X0Y16       BUFG (Prop_bufg_I_O)         0.091     9.403 r  rv32_top_i/ps7/inst/buffer_fclk_clk_0.FCLK_CLK_0_BUFG/O
                         net (fo=12375, routed)       1.642    11.045    rv32_top_i/plat/U0/u_core/S_AXI_ACLK
    SLICE_X42Y119        FDCE                                         r  rv32_top_i/plat/U0/u_core/ifid_pc4_reg[23]/C
                         clock pessimism              0.115    11.160    
                         clock uncertainty           -0.125    11.035    
    SLICE_X42Y119        FDCE (Setup_fdce_C_CE)      -0.169    10.866    rv32_top_i/plat/U0/u_core/ifid_pc4_reg[23]
  -------------------------------------------------------------------
                         required time                         10.866    
                         arrival time                         -11.846    
  -------------------------------------------------------------------
                         slack                                 -0.980    

Slack (VIOLATED) :        -0.980ns  (required time - arrival time)
  Source:                 rv32_top_i/plat/U0/u_core/exmem_reg_write_reg/C
                            (rising edge-triggered cell FDCE clocked by clk_fpga_0  {rise@0.000ns fall@4.000ns period=8.000ns})
  Destination:            rv32_top_i/plat/U0/u_core/ifid_pc4_reg[28]/CE
                            (rising edge-triggered cell FDCE clocked by clk_fpga_0  {rise@0.000ns fall@4.000ns period=8.000ns})
  Path Group:             clk_fpga_0
  Path Type:              Setup (Max at Slow Process Corner)
  Requirement:            8.000ns  (clk_fpga_0 rise@8.000ns - clk_fpga_0 rise@0.000ns)
  Data Path Delay:        8.717ns  (logic 2.153ns (24.698%)  route 6.564ns (75.302%))
  Logic Levels:           10  (CARRY4=3 LUT4=1 LUT6=6)
  Clock Path Skew:        0.031ns (DCD - SCD + CPR)
    Destination Clock Delay (DCD):    3.045ns = ( 11.045 - 8.000 ) 
    Source Clock Delay      (SCD):    3.129ns
    Clock Pessimism Removal (CPR):    0.115ns
  Clock Uncertainty:      0.125ns  ((TSJ^2 + TIJ^2)^1/2 + DJ) / 2 + PE
    Total System Jitter     (TSJ):    0.071ns
    Total Input Jitter      (TIJ):    0.240ns
    Discrete Jitter          (DJ):    0.000ns
    Phase Error              (PE):    0.000ns

    Location             Delay type                Incr(ns)  Path(ns)    Netlist Resource(s)
  -------------------------------------------------------------------    -------------------
                         (clock clk_fpga_0 rise edge)
                                                      0.000     0.000 r  
    PS7_X0Y0             PS7                          0.000     0.000 r  rv32_top_i/ps7/inst/PS7_i/FCLKCLK[0]
                         net (fo=1, routed)           1.193     1.193    rv32_top_i/ps7/inst/FCLK_CLK_unbuffered[0]
    BUFGCTRL_X0Y17       BUFG (Prop_bufg_I_O)         0.101     1.294 r  rv32_top_i/ps7/inst/buffer_fclk_clk_0.FCLK_CLK_0_BUFG_replica/O
                         net (fo=6, routed)           1.835     3.129    rv32_top_i/plat/U0/u_core/FCLK_CLK0_repN_alias
    SLICE_X32Y117        FDCE                                         r  rv32_top_i/plat/U0/u_core/exmem_reg_write_reg/C
  -------------------------------------------------------------------    -------------------
    SLICE_X32Y117        FDCE (Prop_fdce_C_Q)         0.518     3.647 f  rv32_top_i/plat/U0/u_core/exmem_reg_write_reg/Q
                         net (fo=2, routed)           0.679     4.326    rv32_top_i/plat/U0/u_core/u_pc/exmem_reg_write
    SLICE_X33Y117        LUT6 (Prop_lut6_I0_O)        0.124     4.450 f  rv32_top_i/plat/U0/u_core/u_pc/exmem_store[31]_i_6/O
                         net (fo=10, routed)          1.082     5.532    rv32_top_i/plat/U0/u_core/u_pc/p_7_in
    SLICE_X34Y118        LUT6 (Prop_lut6_I1_O)        0.124     5.656 f  rv32_top_i/plat/U0/u_core/u_pc/pc_internal[31]_i_32/O
                         net (fo=33, routed)          0.952     6.608    rv32_top_i/plat/U0/u_core/u_pc/pc_internal[31]_i_32_n_0
    SLICE_X36Y117        LUT6 (Prop_lut6_I3_O)        0.124     6.732 r  rv32_top_i/plat/U0/u_core/u_pc/pc_internal[11]_i_7/O
                         net (fo=13, routed)          1.385     8.117    rv32_top_i/plat/U0/u_core/u_pc/fa_val[10]
    SLICE_X42Y118        LUT4 (Prop_lut4_I1_O)        0.124     8.241 r  rv32_top_i/plat/U0/u_core/u_pc/pc_internal[31]_i_117/O
                         net (fo=1, routed)           0.000     8.241    rv32_top_i/plat/U0/u_core/u_pc/pc_internal[31]_i_117_n_0
    SLICE_X42Y118        CARRY4 (Prop_carry4_S[1]_CO[3])
                                                      0.533     8.774 r  rv32_top_i/plat/U0/u_core/u_pc/pc_internal_reg[31]_i_83/CO[3]
                         net (fo=1, routed)           0.000     8.774    rv32_top_i/plat/U0/u_core/u_pc/pc_internal_reg[31]_i_83_n_0
    SLICE_X42Y119        CARRY4 (Prop_carry4_CI_CO[3])
                                                      0.117     8.891 r  rv32_top_i/plat/U0/u_core/u_pc/pc_internal_reg[31]_i_52/CO[3]
                         net (fo=1, routed)           0.000     8.891    rv32_top_i/plat/U0/u_core/u_pc/pc_internal_reg[31]_i_52_n_0
    SLICE_X42Y120        CARRY4 (Prop_carry4_CI_CO[3])
                                                      0.117     9.008 r  rv32_top_i/plat/U0/u_core/u_pc/pc_internal_reg[31]_i_30/CO[3]
                         net (fo=1, routed)           0.787     9.795    rv32_top_i/plat/U0/u_core/u_pc/u_bcu/data4
    SLICE_X43Y120        LUT6 (Prop_lut6_I5_O)        0.124     9.919 r  rv32_top_i/plat/U0/u_core/u_pc/pc_internal[31]_i_15/O
                         net (fo=2, routed)           0.306    10.225    rv32_top_i/plat/U0/u_core/u_pc_n_388
    SLICE_X44Y120        LUT6 (Prop_lut6_I0_O)        0.124    10.349 r  rv32_top_i/plat/U0/u_core/ifid_instr[31]_i_3/O
                         net (fo=39, routed)          0.626    10.975    rv32_top_i/plat/U0/u_core/u_pc/ifid_instr_reg[15]_rep__1_0
    SLICE_X44Y121        LUT6 (Prop_lut6_I2_O)        0.124    11.099 r  rv32_top_i/plat/U0/u_core/u_pc/ifid_instr[31]_i_1/O
                         net (fo=102, routed)         0.747    11.846    rv32_top_i/plat/U0/u_core/u_pc_n_0
    SLICE_X42Y119        FDCE                                         r  rv32_top_i/plat/U0/u_core/ifid_pc4_reg[28]/CE
  -------------------------------------------------------------------    -------------------

                         (clock clk_fpga_0 rise edge)
                                                      8.000     8.000 r  
    PS7_X0Y0             PS7                          0.000     8.000 r  rv32_top_i/ps7/inst/PS7_i/FCLKCLK[0]
                         net (fo=1, routed)           1.088     9.088    rv32_top_i/ps7/inst/FCLK_CLK_unbuffered[0]
    BUFGCTRL_X0Y17       BUFG (Prop_bufg_I_O)         0.091     9.179 r  rv32_top_i/ps7/inst/buffer_fclk_clk_0.FCLK_CLK_0_BUFG_replica/O
                         net (fo=6, routed)           0.133     9.312    rv32_top_i/ps7/inst/FCLK_CLK0_repN
    BUFGCTRL_X0Y16       BUFG (Prop_bufg_I_O)         0.091     9.403 r  rv32_top_i/ps7/inst/buffer_fclk_clk_0.FCLK_CLK_0_BUFG/O
                         net (fo=12375, routed)       1.642    11.045    rv32_top_i/plat/U0/u_core/S_AXI_ACLK
    SLICE_X42Y119        FDCE                                         r  rv32_top_i/plat/U0/u_core/ifid_pc4_reg[28]/C
                         clock pessimism              0.115    11.160    
                         clock uncertainty           -0.125    11.035    
    SLICE_X42Y119        FDCE (Setup_fdce_C_CE)      -0.169    10.866    rv32_top_i/plat/U0/u_core/ifid_pc4_reg[28]
  -------------------------------------------------------------------
                         required time                         10.866    
                         arrival time                         -11.846    
  -------------------------------------------------------------------
                         slack                                 -0.980    





Min Delay Paths
--------------------------------------------------------------------------------------
Slack (MET) :             0.027ns  (arrival time - required time)
  Source:                 rv32_top_i/plat/U0/u_core/exmem_rd_reg[0]/C
                            (rising edge-triggered cell FDCE clocked by clk_fpga_0  {rise@0.000ns fall@4.000ns period=8.000ns})
  Destination:            rv32_top_i/plat/U0/u_core/memwb_rd_reg[0]_replica_1/D
                            (rising edge-triggered cell FDCE clocked by clk_fpga_0  {rise@0.000ns fall@4.000ns period=8.000ns})
  Path Group:             clk_fpga_0
  Path Type:              Hold (Min at Fast Process Corner)
  Requirement:            0.000ns  (clk_fpga_0 rise@0.000ns - clk_fpga_0 rise@0.000ns)
  Data Path Delay:        0.431ns  (logic 0.141ns (32.724%)  route 0.290ns (67.276%))
  Logic Levels:           0  
  Clock Path Skew:        0.332ns (DCD - SCD - CPR)
    Destination Clock Delay (DCD):    1.332ns
    Source Clock Delay      (SCD):    0.970ns
    Clock Pessimism Removal (CPR):    0.030ns

    Location             Delay type                Incr(ns)  Path(ns)    Netlist Resource(s)
  -------------------------------------------------------------------    -------------------
                         (clock clk_fpga_0 rise edge)
                                                      0.000     0.000 r  
    PS7_X0Y0             PS7                          0.000     0.000 r  rv32_top_i/ps7/inst/PS7_i/FCLKCLK[0]
                         net (fo=1, routed)           0.310     0.310    rv32_top_i/ps7/inst/FCLK_CLK_unbuffered[0]
    BUFGCTRL_X0Y17       BUFG (Prop_bufg_I_O)         0.026     0.336 r  rv32_top_i/ps7/inst/buffer_fclk_clk_0.FCLK_CLK_0_BUFG_replica/O
                         net (fo=6, routed)           0.634     0.970    rv32_top_i/plat/U0/u_core/FCLK_CLK0_repN_alias
    SLICE_X33Y117        FDCE                                         r  rv32_top_i/plat/U0/u_core/exmem_rd_reg[0]/C
  -------------------------------------------------------------------    -------------------
    SLICE_X33Y117        FDCE (Prop_fdce_C_Q)         0.141     1.111 r  rv32_top_i/plat/U0/u_core/exmem_rd_reg[0]/Q
                         net (fo=6, routed)           0.290     1.401    rv32_top_i/plat/U0/u_core/exmem_rd[0]
    SLICE_X35Y116        FDCE                                         r  rv32_top_i/plat/U0/u_core/memwb_rd_reg[0]_replica_1/D
  -------------------------------------------------------------------    -------------------

                         (clock clk_fpga_0 rise edge)
                                                      0.000     0.000 r  
    PS7_X0Y0             PS7                          0.000     0.000 r  rv32_top_i/ps7/inst/PS7_i/FCLKCLK[0]
                         net (fo=1, routed)           0.337     0.337    rv32_top_i/ps7/inst/FCLK_CLK_unbuffered[0]
    BUFGCTRL_X0Y17       BUFG (Prop_bufg_I_O)         0.029     0.366 r  rv32_top_i/ps7/inst/buffer_fclk_clk_0.FCLK_CLK_0_BUFG_replica/O
                         net (fo=6, routed)           0.033     0.399    rv32_top_i/ps7/inst/FCLK_CLK0_repN
    BUFGCTRL_X0Y16       BUFG (Prop_bufg_I_O)         0.029     0.428 r  rv32_top_i/ps7/inst/buffer_fclk_clk_0.FCLK_CLK_0_BUFG/O
                         net (fo=12375, routed)       0.904     1.332    rv32_top_i/plat/U0/u_core/S_AXI_ACLK
    SLICE_X35Y116        FDCE                                         r  rv32_top_i/plat/U0/u_core/memwb_rd_reg[0]_replica_1/C
                         clock pessimism             -0.030     1.302    
    SLICE_X35Y116        FDCE (Hold_fdce_C_D)         0.072     1.374    rv32_top_i/plat/U0/u_core/memwb_rd_reg[0]_replica_1
  -------------------------------------------------------------------
                         required time                         -1.374    
                         arrival time                           1.401    
  -------------------------------------------------------------------
                         slack                                  0.027    

Slack (MET) :             0.055ns  (arrival time - required time)
  Source:                 rv32_top_i/plat/U0/u_core/ifid_instr_reg[24]/C
                            (rising edge-triggered cell FDCE clocked by clk_fpga_0  {rise@0.000ns fall@4.000ns period=8.000ns})
  Destination:            rv32_top_i/plat/U0/u_core/idex_rs2d_reg[11]/D
                            (rising edge-triggered cell FDCE clocked by clk_fpga_0  {rise@0.000ns fall@4.000ns period=8.000ns})
  Path Group:             clk_fpga_0
  Path Type:              Hold (Min at Fast Process Corner)
  Requirement:            0.000ns  (clk_fpga_0 rise@0.000ns - clk_fpga_0 rise@0.000ns)
  Data Path Delay:        0.403ns  (logic 0.186ns (46.199%)  route 0.217ns (53.801%))
  Logic Levels:           1  (LUT6=1)
  Clock Path Skew:        0.256ns (DCD - SCD - CPR)
    Destination Clock Delay (DCD):    1.321ns
    Source Clock Delay      (SCD):    1.020ns
    Clock Pessimism Removal (CPR):    0.045ns

    Location             Delay type                Incr(ns)  Path(ns)    Netlist Resource(s)
  -------------------------------------------------------------------    -------------------
                         (clock clk_fpga_0 rise edge)
                                                      0.000     0.000 r  
    PS7_X0Y0             PS7                          0.000     0.000 r  rv32_top_i/ps7/inst/PS7_i/FCLKCLK[0]
                         net (fo=1, routed)           0.310     0.310    rv32_top_i/ps7/inst/FCLK_CLK_unbuffered[0]
    BUFGCTRL_X0Y17       BUFG (Prop_bufg_I_O)         0.026     0.336 r  rv32_top_i/ps7/inst/buffer_fclk_clk_0.FCLK_CLK_0_BUFG_replica/O
                         net (fo=6, routed)           0.030     0.366    rv32_top_i/ps7/inst/FCLK_CLK0_repN
    BUFGCTRL_X0Y16       BUFG (Prop_bufg_I_O)         0.026     0.392 r  rv32_top_i/ps7/inst/buffer_fclk_clk_0.FCLK_CLK_0_BUFG/O
                         net (fo=12375, routed)       0.628     1.020    rv32_top_i/plat/U0/u_core/S_AXI_ACLK
    SLICE_X48Y120        FDCE                                         r  rv32_top_i/plat/U0/u_core/ifid_instr_reg[24]/C
  -------------------------------------------------------------------    -------------------
    SLICE_X48Y120        FDCE (Prop_fdce_C_Q)         0.141     1.161 r  rv32_top_i/plat/U0/u_core/ifid_instr_reg[24]/Q
                         net (fo=41, routed)          0.217     1.378    rv32_top_i/plat/U0/u_core/u_rf/Q[10]
    SLICE_X51Y122        LUT6 (Prop_lut6_I1_O)        0.045     1.423 r  rv32_top_i/plat/U0/u_core/u_rf/idex_rs2d[11]_i_1/O
                         net (fo=1, routed)           0.000     1.423    rv32_top_i/plat/U0/u_core/id_rs2_data[11]
    SLICE_X51Y122        FDCE                                         r  rv32_top_i/plat/U0/u_core/idex_rs2d_reg[11]/D
  -------------------------------------------------------------------    -------------------

                         (clock clk_fpga_0 rise edge)
                                                      0.000     0.000 r  
    PS7_X0Y0             PS7                          0.000     0.000 r  rv32_top_i/ps7/inst/PS7_i/FCLKCLK[0]
                         net (fo=1, routed)           0.337     0.337    rv32_top_i/ps7/inst/FCLK_CLK_unbuffered[0]
    BUFGCTRL_X0Y17       BUFG (Prop_bufg_I_O)         0.029     0.366 r  rv32_top_i/ps7/inst/buffer_fclk_clk_0.FCLK_CLK_0_BUFG_replica/O
                         net (fo=6, routed)           0.033     0.399    rv32_top_i/ps7/inst/FCLK_CLK0_repN
    BUFGCTRL_X0Y16       BUFG (Prop_bufg_I_O)         0.029     0.428 r  rv32_top_i/ps7/inst/buffer_fclk_clk_0.FCLK_CLK_0_BUFG/O
                         net (fo=12375, routed)       0.893     1.321    rv32_top_i/plat/U0/u_core/S_AXI_ACLK
    SLICE_X51Y122        FDCE                                         r  rv32_top_i/plat/U0/u_core/idex_rs2d_reg[11]/C
                         clock pessimism             -0.045     1.276    
    SLICE_X51Y122        FDCE (Hold_fdce_C_D)         0.091     1.367    rv32_top_i/plat/U0/u_core/idex_rs2d_reg[11]
  -------------------------------------------------------------------
                         required time                         -1.367    
                         arrival time                           1.423    
  -------------------------------------------------------------------
                         slack                                  0.055    

Slack (MET) :             0.059ns  (arrival time - required time)
  Source:                 rv32_top_i/plat/U0/u_mmio/u_npu/u_npu/b_north_q_reg[105]/C
                            (rising edge-triggered cell FDRE clocked by clk_fpga_0  {rise@0.000ns fall@4.000ns period=8.000ns})
  Destination:            rv32_top_i/plat/U0/u_mmio/u_npu/u_npu/u_array/gen_row[0].gen_col[13].u_pe/b_r_reg[1]/D
                            (rising edge-triggered cell FDRE clocked by clk_fpga_0  {rise@0.000ns fall@4.000ns period=8.000ns})
  Path Group:             clk_fpga_0
  Path Type:              Hold (Min at Fast Process Corner)
  Requirement:            0.000ns  (clk_fpga_0 rise@0.000ns - clk_fpga_0 rise@0.000ns)
  Data Path Delay:        0.378ns  (logic 0.141ns (37.256%)  route 0.237ns (62.744%))
  Logic Levels:           0  
  Clock Path Skew:        0.253ns (DCD - SCD - CPR)
    Destination Clock Delay (DCD):    1.273ns
    Source Clock Delay      (SCD):    0.984ns
    Clock Pessimism Removal (CPR):    0.036ns

    Location             Delay type                Incr(ns)  Path(ns)    Netlist Resource(s)
  -------------------------------------------------------------------    -------------------
                         (clock clk_fpga_0 rise edge)
                                                      0.000     0.000 r  
    PS7_X0Y0             PS7                          0.000     0.000 r  rv32_top_i/ps7/inst/PS7_i/FCLKCLK[0]
                         net (fo=1, routed)           0.310     0.310    rv32_top_i/ps7/inst/FCLK_CLK_unbuffered[0]
    BUFGCTRL_X0Y17       BUFG (Prop_bufg_I_O)         0.026     0.336 r  rv32_top_i/ps7/inst/buffer_fclk_clk_0.FCLK_CLK_0_BUFG_replica/O
                         net (fo=6, routed)           0.030     0.366    rv32_top_i/ps7/inst/FCLK_CLK0_repN
    BUFGCTRL_X0Y16       BUFG (Prop_bufg_I_O)         0.026     0.392 r  rv32_top_i/ps7/inst/buffer_fclk_clk_0.FCLK_CLK_0_BUFG/O
                         net (fo=12375, routed)       0.592     0.984    rv32_top_i/plat/U0/u_mmio/u_npu/u_npu/S_AXI_ACLK
    SLICE_X27Y48         FDRE                                         r  rv32_top_i/plat/U0/u_mmio/u_npu/u_npu/b_north_q_reg[105]/C
  -------------------------------------------------------------------    -------------------
    SLICE_X27Y48         FDRE (Prop_fdre_C_Q)         0.141     1.125 r  rv32_top_i/plat/U0/u_mmio/u_npu/u_npu/b_north_q_reg[105]/Q
                         net (fo=3, routed)           0.237     1.362    rv32_top_i/plat/U0/u_mmio/u_npu/u_npu/u_array/gen_row[0].gen_col[13].u_pe/b_north_q_reg[1]
    SLICE_X29Y50         FDRE                                         r  rv32_top_i/plat/U0/u_mmio/u_npu/u_npu/u_array/gen_row[0].gen_col[13].u_pe/b_r_reg[1]/D
  -------------------------------------------------------------------    -------------------

                         (clock clk_fpga_0 rise edge)
                                                      0.000     0.000 r  
    PS7_X0Y0             PS7                          0.000     0.000 r  rv32_top_i/ps7/inst/PS7_i/FCLKCLK[0]
                         net (fo=1, routed)           0.337     0.337    rv32_top_i/ps7/inst/FCLK_CLK_unbuffered[0]
    BUFGCTRL_X0Y17       BUFG (Prop_bufg_I_O)         0.029     0.366 r  rv32_top_i/ps7/inst/buffer_fclk_clk_0.FCLK_CLK_0_BUFG_replica/O
                         net (fo=6, routed)           0.033     0.399    rv32_top_i/ps7/inst/FCLK_CLK0_repN
    BUFGCTRL_X0Y16       BUFG (Prop_bufg_I_O)         0.029     0.428 r  rv32_top_i/ps7/inst/buffer_fclk_clk_0.FCLK_CLK_0_BUFG/O
                         net (fo=12375, routed)       0.845     1.273    rv32_top_i/plat/U0/u_mmio/u_npu/u_npu/u_array/gen_row[0].gen_col[13].u_pe/S_AXI_ACLK
    SLICE_X29Y50         FDRE                                         r  rv32_top_i/plat/U0/u_mmio/u_npu/u_npu/u_array/gen_row[0].gen_col[13].u_pe/b_r_reg[1]/C
                         clock pessimism             -0.036     1.237    
    SLICE_X29Y50         FDRE (Hold_fdre_C_D)         0.066     1.303    rv32_top_i/plat/U0/u_mmio/u_npu/u_npu/u_array/gen_row[0].gen_col[13].u_pe/b_r_reg[1]
  -------------------------------------------------------------------
                         required time                         -1.303    
                         arrival time                           1.362    
  -------------------------------------------------------------------
                         slack                                  0.059    

Slack (MET) :             0.060ns  (arrival time - required time)
  Source:                 rv32_top_i/plat/U0/u_mmio/u_pwm/cnt_reg[7]/C
                            (rising edge-triggered cell FDRE clocked by clk_fpga_0  {rise@0.000ns fall@4.000ns period=8.000ns})
  Destination:            rv32_top_i/plat/U0/u_mmio/u_pwm/cnt_reg[9]/D
                            (rising edge-triggered cell FDRE clocked by clk_fpga_0  {rise@0.000ns fall@4.000ns period=8.000ns})
  Path Group:             clk_fpga_0
  Path Type:              Hold (Min at Fast Process Corner)
  Requirement:            0.000ns  (clk_fpga_0 rise@0.000ns - clk_fpga_0 rise@0.000ns)
  Data Path Delay:        0.514ns  (logic 0.355ns (69.067%)  route 0.159ns (30.933%))
  Logic Levels:           2  (CARRY4=2)
  Clock Path Skew:        0.349ns (DCD - SCD - CPR)
    Destination Clock Delay (DCD):    1.339ns
    Source Clock Delay      (SCD):    0.949ns
    Clock Pessimism Removal (CPR):    0.041ns

    Location             Delay type                Incr(ns)  Path(ns)    Netlist Resource(s)
  -------------------------------------------------------------------    -------------------
                         (clock clk_fpga_0 rise edge)
                                                      0.000     0.000 r  
    PS7_X0Y0             PS7                          0.000     0.000 r  rv32_top_i/ps7/inst/PS7_i/FCLKCLK[0]
                         net (fo=1, routed)           0.310     0.310    rv32_top_i/ps7/inst/FCLK_CLK_unbuffered[0]
    BUFGCTRL_X0Y17       BUFG (Prop_bufg_I_O)         0.026     0.336 r  rv32_top_i/ps7/inst/buffer_fclk_clk_0.FCLK_CLK_0_BUFG_replica/O
                         net (fo=6, routed)           0.030     0.366    rv32_top_i/ps7/inst/FCLK_CLK0_repN
    BUFGCTRL_X0Y16       BUFG (Prop_bufg_I_O)         0.026     0.392 r  rv32_top_i/ps7/inst/buffer_fclk_clk_0.FCLK_CLK_0_BUFG/O
                         net (fo=12375, routed)       0.557     0.949    rv32_top_i/plat/U0/u_mmio/u_pwm/S_AXI_ACLK
    SLICE_X44Y99         FDRE                                         r  rv32_top_i/plat/U0/u_mmio/u_pwm/cnt_reg[7]/C
  -------------------------------------------------------------------    -------------------
    SLICE_X44Y99         FDRE (Prop_fdre_C_Q)         0.141     1.090 r  rv32_top_i/plat/U0/u_mmio/u_pwm/cnt_reg[7]/Q
                         net (fo=11, routed)          0.158     1.248    rv32_top_i/plat/U0/u_mmio/u_pwm/cnt_reg_n_0_[7]
    SLICE_X44Y99         CARRY4 (Prop_carry4_S[2]_CO[3])
                                                      0.160     1.408 r  rv32_top_i/plat/U0/u_mmio/u_pwm/cnt_reg[8]_i_1/CO[3]
                         net (fo=1, routed)           0.001     1.409    rv32_top_i/plat/U0/u_mmio/u_pwm/cnt_reg[8]_i_1_n_0
    SLICE_X44Y100        CARRY4 (Prop_carry4_CI_O[0])
                                                      0.054     1.463 r  rv32_top_i/plat/U0/u_mmio/u_pwm/cnt_reg[12]_i_1/O[0]
                         net (fo=1, routed)           0.000     1.463    rv32_top_i/plat/U0/u_mmio/u_pwm/plusOp[9]
    SLICE_X44Y100        FDRE                                         r  rv32_top_i/plat/U0/u_mmio/u_pwm/cnt_reg[9]/D
  -------------------------------------------------------------------    -------------------

                         (clock clk_fpga_0 rise edge)
                                                      0.000     0.000 r  
    PS7_X0Y0             PS7                          0.000     0.000 r  rv32_top_i/ps7/inst/PS7_i/FCLKCLK[0]
                         net (fo=1, routed)           0.337     0.337    rv32_top_i/ps7/inst/FCLK_CLK_unbuffered[0]
    BUFGCTRL_X0Y17       BUFG (Prop_bufg_I_O)         0.029     0.366 r  rv32_top_i/ps7/inst/buffer_fclk_clk_0.FCLK_CLK_0_BUFG_replica/O
                         net (fo=6, routed)           0.033     0.399    rv32_top_i/ps7/inst/FCLK_CLK0_repN
    BUFGCTRL_X0Y16       BUFG (Prop_bufg_I_O)         0.029     0.428 r  rv32_top_i/ps7/inst/buffer_fclk_clk_0.FCLK_CLK_0_BUFG/O
                         net (fo=12375, routed)       0.911     1.339    rv32_top_i/plat/U0/u_mmio/u_pwm/S_AXI_ACLK
    SLICE_X44Y100        FDRE                                         r  rv32_top_i/plat/U0/u_mmio/u_pwm/cnt_reg[9]/C
                         clock pessimism             -0.041     1.298    
    SLICE_X44Y100        FDRE (Hold_fdre_C_D)         0.105     1.403    rv32_top_i/plat/U0/u_mmio/u_pwm/cnt_reg[9]
  -------------------------------------------------------------------
                         required time                         -1.403    
                         arrival time                           1.463    
  -------------------------------------------------------------------
                         slack                                  0.060    

Slack (MET) :             0.065ns  (arrival time - required time)
  Source:                 rv32_top_i/plat/U0/u_mmio/u_npu/u_npu/u_array/gen_row[4].gen_col[12].u_pe/b_r_reg[2]/C
                            (rising edge-triggered cell FDRE clocked by clk_fpga_0  {rise@0.000ns fall@4.000ns period=8.000ns})
  Destination:            rv32_top_i/plat/U0/u_mmio/u_npu/u_npu/u_array/gen_row[5].gen_col[12].u_pe/b_r_reg[2]/D
                            (rising edge-triggered cell FDRE clocked by clk_fpga_0  {rise@0.000ns fall@4.000ns period=8.000ns})
  Path Group:             clk_fpga_0
  Path Type:              Hold (Min at Fast Process Corner)
  Requirement:            0.000ns  (clk_fpga_0 rise@0.000ns - clk_fpga_0 rise@0.000ns)
  Data Path Delay:        0.489ns  (logic 0.141ns (28.812%)  route 0.348ns (71.188%))
  Logic Levels:           0  
  Clock Path Skew:        0.354ns (DCD - SCD - CPR)
    Destination Clock Delay (DCD):    1.367ns
    Source Clock Delay      (SCD):    0.972ns
    Clock Pessimism Removal (CPR):    0.041ns

    Location             Delay type                Incr(ns)  Path(ns)    Netlist Resource(s)
  -------------------------------------------------------------------    -------------------
                         (clock clk_fpga_0 rise edge)
                                                      0.000     0.000 r  
    PS7_X0Y0             PS7                          0.000     0.000 r  rv32_top_i/ps7/inst/PS7_i/FCLKCLK[0]
                         net (fo=1, routed)           0.310     0.310    rv32_top_i/ps7/inst/FCLK_CLK_unbuffered[0]
    BUFGCTRL_X0Y17       BUFG (Prop_bufg_I_O)         0.026     0.336 r  rv32_top_i/ps7/inst/buffer_fclk_clk_0.FCLK_CLK_0_BUFG_replica/O
                         net (fo=6, routed)           0.030     0.366    rv32_top_i/ps7/inst/FCLK_CLK0_repN
    BUFGCTRL_X0Y16       BUFG (Prop_bufg_I_O)         0.026     0.392 r  rv32_top_i/ps7/inst/buffer_fclk_clk_0.FCLK_CLK_0_BUFG/O
                         net (fo=12375, routed)       0.580     0.972    rv32_top_i/plat/U0/u_mmio/u_npu/u_npu/u_array/gen_row[4].gen_col[12].u_pe/S_AXI_ACLK
    SLICE_X60Y99         FDRE                                         r  rv32_top_i/plat/U0/u_mmio/u_npu/u_npu/u_array/gen_row[4].gen_col[12].u_pe/b_r_reg[2]/C
  -------------------------------------------------------------------    -------------------
    SLICE_X60Y99         FDRE (Prop_fdre_C_Q)         0.141     1.113 r  rv32_top_i/plat/U0/u_mmio/u_npu/u_npu/u_array/gen_row[4].gen_col[12].u_pe/b_r_reg[2]/Q
                         net (fo=2, routed)           0.348     1.461    rv32_top_i/plat/U0/u_mmio/u_npu/u_npu/u_array/gen_row[5].gen_col[12].u_pe/D[2]
    SLICE_X81Y100        FDRE                                         r  rv32_top_i/plat/U0/u_mmio/u_npu/u_npu/u_array/gen_row[5].gen_col[12].u_pe/b_r_reg[2]/D
  -------------------------------------------------------------------    -------------------

                         (clock clk_fpga_0 rise edge)
                                                      0.000     0.000 r  
    PS7_X0Y0             PS7                          0.000     0.000 r  rv32_top_i/ps7/inst/PS7_i/FCLKCLK[0]
                         net (fo=1, routed)           0.337     0.337    rv32_top_i/ps7/inst/FCLK_CLK_unbuffered[0]
    BUFGCTRL_X0Y17       BUFG (Prop_bufg_I_O)         0.029     0.366 r  rv32_top_i/ps7/inst/buffer_fclk_clk_0.FCLK_CLK_0_BUFG_replica/O
                         net (fo=6, routed)           0.033     0.399    rv32_top_i/ps7/inst/FCLK_CLK0_repN
    BUFGCTRL_X0Y16       BUFG (Prop_bufg_I_O)         0.029     0.428 r  rv32_top_i/ps7/inst/buffer_fclk_clk_0.FCLK_CLK_0_BUFG/O
                         net (fo=12375, routed)       0.939     1.367    rv32_top_i/plat/U0/u_mmio/u_npu/u_npu/u_array/gen_row[5].gen_col[12].u_pe/S_AXI_ACLK
    SLICE_X81Y100        FDRE                                         r  rv32_top_i/plat/U0/u_mmio/u_npu/u_npu/u_array/gen_row[5].gen_col[12].u_pe/b_r_reg[2]/C
                         clock pessimism             -0.041     1.326    
    SLICE_X81Y100        FDRE (Hold_fdre_C_D)         0.070     1.396    rv32_top_i/plat/U0/u_mmio/u_npu/u_npu/u_array/gen_row[5].gen_col[12].u_pe/b_r_reg[2]
  -------------------------------------------------------------------
                         required time                         -1.396    
                         arrival time                           1.461    
  -------------------------------------------------------------------
                         slack                                  0.065    

Slack (MET) :             0.070ns  (arrival time - required time)
  Source:                 rv32_top_i/plat/U0/u_mmio/u_npu/u_npu/u_array/gen_row[3].gen_col[15].u_pe/b_r_reg[5]/C
                            (rising edge-triggered cell FDRE clocked by clk_fpga_0  {rise@0.000ns fall@4.000ns period=8.000ns})
  Destination:            rv32_top_i/plat/U0/u_mmio/u_npu/u_npu/u_array/gen_row[4].gen_col[15].u_pe/b_r_reg[5]/D
                            (rising edge-triggered cell FDRE clocked by clk_fpga_0  {rise@0.000ns fall@4.000ns period=8.000ns})
  Path Group:             clk_fpga_0
  Path Type:              Hold (Min at Fast Process Corner)
  Requirement:            0.000ns  (clk_fpga_0 rise@0.000ns - clk_fpga_0 rise@0.000ns)
  Data Path Delay:        0.488ns  (logic 0.141ns (28.879%)  route 0.347ns (71.121%))
  Logic Levels:           0  
  Clock Path Skew:        0.352ns (DCD - SCD - CPR)
    Destination Clock Delay (DCD):    1.362ns
    Source Clock Delay      (SCD):    0.969ns
    Clock Pessimism Removal (CPR):    0.041ns

    Location             Delay type                Incr(ns)  Path(ns)    Netlist Resource(s)
  -------------------------------------------------------------------    -------------------
                         (clock clk_fpga_0 rise edge)
                                                      0.000     0.000 r  
    PS7_X0Y0             PS7                          0.000     0.000 r  rv32_top_i/ps7/inst/PS7_i/FCLKCLK[0]
                         net (fo=1, routed)           0.310     0.310    rv32_top_i/ps7/inst/FCLK_CLK_unbuffered[0]
    BUFGCTRL_X0Y17       BUFG (Prop_bufg_I_O)         0.026     0.336 r  rv32_top_i/ps7/inst/buffer_fclk_clk_0.FCLK_CLK_0_BUFG_replica/O
                         net (fo=6, routed)           0.030     0.366    rv32_top_i/ps7/inst/FCLK_CLK0_repN
    BUFGCTRL_X0Y16       BUFG (Prop_bufg_I_O)         0.026     0.392 r  rv32_top_i/ps7/inst/buffer_fclk_clk_0.FCLK_CLK_0_BUFG/O
                         net (fo=12375, routed)       0.577     0.969    rv32_top_i/plat/U0/u_mmio/u_npu/u_npu/u_array/gen_row[3].gen_col[15].u_pe/S_AXI_ACLK
    SLICE_X61Y88         FDRE                                         r  rv32_top_i/plat/U0/u_mmio/u_npu/u_npu/u_array/gen_row[3].gen_col[15].u_pe/b_r_reg[5]/C
  -------------------------------------------------------------------    -------------------
    SLICE_X61Y88         FDRE (Prop_fdre_C_Q)         0.141     1.110 r  rv32_top_i/plat/U0/u_mmio/u_npu/u_npu/u_array/gen_row[3].gen_col[15].u_pe/b_r_reg[5]/Q
                         net (fo=2, routed)           0.347     1.457    rv32_top_i/plat/U0/u_mmio/u_npu/u_npu/u_array/gen_row[4].gen_col[15].u_pe/D[5]
    SLICE_X63Y103        FDRE                                         r  rv32_top_i/plat/U0/u_mmio/u_npu/u_npu/u_array/gen_row[4].gen_col[15].u_pe/b_r_reg[5]/D
  -------------------------------------------------------------------    -------------------

                         (clock clk_fpga_0 rise edge)
                                                      0.000     0.000 r  
    PS7_X0Y0             PS7                          0.000     0.000 r  rv32_top_i/ps7/inst/PS7_i/FCLKCLK[0]
                         net (fo=1, routed)           0.337     0.337    rv32_top_i/ps7/inst/FCLK_CLK_unbuffered[0]
    BUFGCTRL_X0Y17       BUFG (Prop_bufg_I_O)         0.029     0.366 r  rv32_top_i/ps7/inst/buffer_fclk_clk_0.FCLK_CLK_0_BUFG_replica/O
                         net (fo=6, routed)           0.033     0.399    rv32_top_i/ps7/inst/FCLK_CLK0_repN
    BUFGCTRL_X0Y16       BUFG (Prop_bufg_I_O)         0.029     0.428 r  rv32_top_i/ps7/inst/buffer_fclk_clk_0.FCLK_CLK_0_BUFG/O
                         net (fo=12375, routed)       0.934     1.362    rv32_top_i/plat/U0/u_mmio/u_npu/u_npu/u_array/gen_row[4].gen_col[15].u_pe/S_AXI_ACLK
    SLICE_X63Y103        FDRE                                         r  rv32_top_i/plat/U0/u_mmio/u_npu/u_npu/u_array/gen_row[4].gen_col[15].u_pe/b_r_reg[5]/C
                         clock pessimism             -0.041     1.321    
    SLICE_X63Y103        FDRE (Hold_fdre_C_D)         0.066     1.387    rv32_top_i/plat/U0/u_mmio/u_npu/u_npu/u_array/gen_row[4].gen_col[15].u_pe/b_r_reg[5]
  -------------------------------------------------------------------
                         required time                         -1.387    
                         arrival time                           1.457    
  -------------------------------------------------------------------
                         slack                                  0.070    

Slack (MET) :             0.071ns  (arrival time - required time)
  Source:                 rv32_top_i/plat/U0/u_mmio/u_pwm/cnt_reg[7]/C
                            (rising edge-triggered cell FDRE clocked by clk_fpga_0  {rise@0.000ns fall@4.000ns period=8.000ns})
  Destination:            rv32_top_i/plat/U0/u_mmio/u_pwm/cnt_reg[11]/D
                            (rising edge-triggered cell FDRE clocked by clk_fpga_0  {rise@0.000ns fall@4.000ns period=8.000ns})
  Path Group:             clk_fpga_0
  Path Type:              Hold (Min at Fast Process Corner)
  Requirement:            0.000ns  (clk_fpga_0 rise@0.000ns - clk_fpga_0 rise@0.000ns)
  Data Path Delay:        0.525ns  (logic 0.366ns (69.716%)  route 0.159ns (30.284%))
  Logic Levels:           2  (CARRY4=2)
  Clock Path Skew:        0.349ns (DCD - SCD - CPR)
    Destination Clock Delay (DCD):    1.339ns
    Source Clock Delay      (SCD):    0.949ns
    Clock Pessimism Removal (CPR):    0.041ns

    Location             Delay type                Incr(ns)  Path(ns)    Netlist Resource(s)
  -------------------------------------------------------------------    -------------------
                         (clock clk_fpga_0 rise edge)
                                                      0.000     0.000 r  
    PS7_X0Y0             PS7                          0.000     0.000 r  rv32_top_i/ps7/inst/PS7_i/FCLKCLK[0]
                         net (fo=1, routed)           0.310     0.310    rv32_top_i/ps7/inst/FCLK_CLK_unbuffered[0]
    BUFGCTRL_X0Y17       BUFG (Prop_bufg_I_O)         0.026     0.336 r  rv32_top_i/ps7/inst/buffer_fclk_clk_0.FCLK_CLK_0_BUFG_replica/O
                         net (fo=6, routed)           0.030     0.366    rv32_top_i/ps7/inst/FCLK_CLK0_repN
    BUFGCTRL_X0Y16       BUFG (Prop_bufg_I_O)         0.026     0.392 r  rv32_top_i/ps7/inst/buffer_fclk_clk_0.FCLK_CLK_0_BUFG/O
                         net (fo=12375, routed)       0.557     0.949    rv32_top_i/plat/U0/u_mmio/u_pwm/S_AXI_ACLK
    SLICE_X44Y99         FDRE                                         r  rv32_top_i/plat/U0/u_mmio/u_pwm/cnt_reg[7]/C
  -------------------------------------------------------------------    -------------------
    SLICE_X44Y99         FDRE (Prop_fdre_C_Q)         0.141     1.090 r  rv32_top_i/plat/U0/u_mmio/u_pwm/cnt_reg[7]/Q
                         net (fo=11, routed)          0.158     1.248    rv32_top_i/plat/U0/u_mmio/u_pwm/cnt_reg_n_0_[7]
    SLICE_X44Y99         CARRY4 (Prop_carry4_S[2]_CO[3])
                                                      0.160     1.408 r  rv32_top_i/plat/U0/u_mmio/u_pwm/cnt_reg[8]_i_1/CO[3]
                         net (fo=1, routed)           0.001     1.409    rv32_top_i/plat/U0/u_mmio/u_pwm/cnt_reg[8]_i_1_n_0
    SLICE_X44Y100        CARRY4 (Prop_carry4_CI_O[2])
                                                      0.065     1.474 r  rv32_top_i/plat/U0/u_mmio/u_pwm/cnt_reg[12]_i_1/O[2]
                         net (fo=1, routed)           0.000     1.474    rv32_top_i/plat/U0/u_mmio/u_pwm/plusOp[11]
    SLICE_X44Y100        FDRE                                         r  rv32_top_i/plat/U0/u_mmio/u_pwm/cnt_reg[11]/D
  -------------------------------------------------------------------    -------------------

                         (clock clk_fpga_0 rise edge)
                                                      0.000     0.000 r  
    PS7_X0Y0             PS7                          0.000     0.000 r  rv32_top_i/ps7/inst/PS7_i/FCLKCLK[0]
                         net (fo=1, routed)           0.337     0.337    rv32_top_i/ps7/inst/FCLK_CLK_unbuffered[0]
    BUFGCTRL_X0Y17       BUFG (Prop_bufg_I_O)         0.029     0.366 r  rv32_top_i/ps7/inst/buffer_fclk_clk_0.FCLK_CLK_0_BUFG_replica/O
                         net (fo=6, routed)           0.033     0.399    rv32_top_i/ps7/inst/FCLK_CLK0_repN
    BUFGCTRL_X0Y16       BUFG (Prop_bufg_I_O)         0.029     0.428 r  rv32_top_i/ps7/inst/buffer_fclk_clk_0.FCLK_CLK_0_BUFG/O
                         net (fo=12375, routed)       0.911     1.339    rv32_top_i/plat/U0/u_mmio/u_pwm/S_AXI_ACLK
    SLICE_X44Y100        FDRE                                         r  rv32_top_i/plat/U0/u_mmio/u_pwm/cnt_reg[11]/C
                         clock pessimism             -0.041     1.298    
    SLICE_X44Y100        FDRE (Hold_fdre_C_D)         0.105     1.403    rv32_top_i/plat/U0/u_mmio/u_pwm/cnt_reg[11]
  -------------------------------------------------------------------
                         required time                         -1.403    
                         arrival time                           1.474    
  -------------------------------------------------------------------
                         slack                                  0.071    

Slack (MET) :             0.072ns  (arrival time - required time)
  Source:                 rv32_top_i/plat/U0/u_core/exmem_rd_reg[0]/C
                            (rising edge-triggered cell FDCE clocked by clk_fpga_0  {rise@0.000ns fall@4.000ns period=8.000ns})
  Destination:            rv32_top_i/plat/U0/u_core/memwb_rd_reg[0]/D
                            (rising edge-triggered cell FDCE clocked by clk_fpga_0  {rise@0.000ns fall@4.000ns period=8.000ns})
  Path Group:             clk_fpga_0
  Path Type:              Hold (Min at Fast Process Corner)
  Requirement:            0.000ns  (clk_fpga_0 rise@0.000ns - clk_fpga_0 rise@0.000ns)
  Data Path Delay:        0.466ns  (logic 0.141ns (30.279%)  route 0.325ns (69.721%))
  Logic Levels:           0  
  Clock Path Skew:        0.331ns (DCD - SCD - CPR)
    Destination Clock Delay (DCD):    1.331ns
    Source Clock Delay      (SCD):    0.970ns
    Clock Pessimism Removal (CPR):    0.030ns

    Location             Delay type                Incr(ns)  Path(ns)    Netlist Resource(s)
  -------------------------------------------------------------------    -------------------
                         (clock clk_fpga_0 rise edge)
                                                      0.000     0.000 r  
    PS7_X0Y0             PS7                          0.000     0.000 r  rv32_top_i/ps7/inst/PS7_i/FCLKCLK[0]
                         net (fo=1, routed)           0.310     0.310    rv32_top_i/ps7/inst/FCLK_CLK_unbuffered[0]
    BUFGCTRL_X0Y17       BUFG (Prop_bufg_I_O)         0.026     0.336 r  rv32_top_i/ps7/inst/buffer_fclk_clk_0.FCLK_CLK_0_BUFG_replica/O
                         net (fo=6, routed)           0.634     0.970    rv32_top_i/plat/U0/u_core/FCLK_CLK0_repN_alias
    SLICE_X33Y117        FDCE                                         r  rv32_top_i/plat/U0/u_core/exmem_rd_reg[0]/C
  -------------------------------------------------------------------    -------------------
    SLICE_X33Y117        FDCE (Prop_fdce_C_Q)         0.141     1.111 r  rv32_top_i/plat/U0/u_core/exmem_rd_reg[0]/Q
                         net (fo=6, routed)           0.325     1.436    rv32_top_i/plat/U0/u_core/exmem_rd[0]
    SLICE_X36Y116        FDCE                                         r  rv32_top_i/plat/U0/u_core/memwb_rd_reg[0]/D
  -------------------------------------------------------------------    -------------------

                         (clock clk_fpga_0 rise edge)
                                                      0.000     0.000 r  
    PS7_X0Y0             PS7                          0.000     0.000 r  rv32_top_i/ps7/inst/PS7_i/FCLKCLK[0]
                         net (fo=1, routed)           0.337     0.337    rv32_top_i/ps7/inst/FCLK_CLK_unbuffered[0]
    BUFGCTRL_X0Y17       BUFG (Prop_bufg_I_O)         0.029     0.366 r  rv32_top_i/ps7/inst/buffer_fclk_clk_0.FCLK_CLK_0_BUFG_replica/O
                         net (fo=6, routed)           0.033     0.399    rv32_top_i/ps7/inst/FCLK_CLK0_repN
    BUFGCTRL_X0Y16       BUFG (Prop_bufg_I_O)         0.029     0.428 r  rv32_top_i/ps7/inst/buffer_fclk_clk_0.FCLK_CLK_0_BUFG/O
                         net (fo=12375, routed)       0.903     1.331    rv32_top_i/plat/U0/u_core/S_AXI_ACLK
    SLICE_X36Y116        FDCE                                         r  rv32_top_i/plat/U0/u_core/memwb_rd_reg[0]/C
                         clock pessimism             -0.030     1.301    
    SLICE_X36Y116        FDCE (Hold_fdce_C_D)         0.063     1.364    rv32_top_i/plat/U0/u_core/memwb_rd_reg[0]
  -------------------------------------------------------------------
                         required time                         -1.364    
                         arrival time                           1.436    
  -------------------------------------------------------------------
                         slack                                  0.072    

Slack (MET) :             0.077ns  (arrival time - required time)
  Source:                 rv32_top_i/plat/U0/u_icache/u_adp/buf_reg[82]/C
                            (rising edge-triggered cell FDCE clocked by clk_fpga_0  {rise@0.000ns fall@4.000ns period=8.000ns})
  Destination:            rv32_top_i/plat/U0/u_icache/u_data/mem_reg_0_255_82_82/RAMS64E_D/I
                            (rising edge-triggered cell RAMS64E clocked by clk_fpga_0  {rise@0.000ns fall@4.000ns period=8.000ns})
  Path Group:             clk_fpga_0
  Path Type:              Hold (Min at Fast Process Corner)
  Requirement:            0.000ns  (clk_fpga_0 rise@0.000ns - clk_fpga_0 rise@0.000ns)
  Data Path Delay:        0.507ns  (logic 0.141ns (27.815%)  route 0.366ns (72.185%))
  Logic Levels:           0  
  Clock Path Skew:        0.286ns (DCD - SCD - CPR)
    Destination Clock Delay (DCD):    1.354ns
    Source Clock Delay      (SCD):    1.023ns
    Clock Pessimism Removal (CPR):    0.045ns

    Location             Delay type                Incr(ns)  Path(ns)    Netlist Resource(s)
  -------------------------------------------------------------------    -------------------
                         (clock clk_fpga_0 rise edge)
                                                      0.000     0.000 r  
    PS7_X0Y0             PS7                          0.000     0.000 r  rv32_top_i/ps7/inst/PS7_i/FCLKCLK[0]
                         net (fo=1, routed)           0.310     0.310    rv32_top_i/ps7/inst/FCLK_CLK_unbuffered[0]
    BUFGCTRL_X0Y17       BUFG (Prop_bufg_I_O)         0.026     0.336 r  rv32_top_i/ps7/inst/buffer_fclk_clk_0.FCLK_CLK_0_BUFG_replica/O
                         net (fo=6, routed)           0.030     0.366    rv32_top_i/ps7/inst/FCLK_CLK0_repN
    BUFGCTRL_X0Y16       BUFG (Prop_bufg_I_O)         0.026     0.392 r  rv32_top_i/ps7/inst/buffer_fclk_clk_0.FCLK_CLK_0_BUFG/O
                         net (fo=12375, routed)       0.631     1.023    rv32_top_i/plat/U0/u_icache/u_adp/S_AXI_ACLK
    SLICE_X48Y132        FDCE                                         r  rv32_top_i/plat/U0/u_icache/u_adp/buf_reg[82]/C
  -------------------------------------------------------------------    -------------------
    SLICE_X48Y132        FDCE (Prop_fdce_C_Q)         0.141     1.164 r  rv32_top_i/plat/U0/u_icache/u_adp/buf_reg[82]/Q
                         net (fo=4, routed)           0.366     1.530    rv32_top_i/plat/U0/u_icache/u_data/mem_reg_0_255_82_82/D
    SLICE_X58Y133        RAMS64E                                      r  rv32_top_i/plat/U0/u_icache/u_data/mem_reg_0_255_82_82/RAMS64E_D/I
  -------------------------------------------------------------------    -------------------

                         (clock clk_fpga_0 rise edge)
                                                      0.000     0.000 r  
    PS7_X0Y0             PS7                          0.000     0.000 r  rv32_top_i/ps7/inst/PS7_i/FCLKCLK[0]
                         net (fo=1, routed)           0.337     0.337    rv32_top_i/ps7/inst/FCLK_CLK_unbuffered[0]
    BUFGCTRL_X0Y17       BUFG (Prop_bufg_I_O)         0.029     0.366 r  rv32_top_i/ps7/inst/buffer_fclk_clk_0.FCLK_CLK_0_BUFG_replica/O
                         net (fo=6, routed)           0.033     0.399    rv32_top_i/ps7/inst/FCLK_CLK0_repN
    BUFGCTRL_X0Y16       BUFG (Prop_bufg_I_O)         0.029     0.428 r  rv32_top_i/ps7/inst/buffer_fclk_clk_0.FCLK_CLK_0_BUFG/O
                         net (fo=12375, routed)       0.926     1.354    rv32_top_i/plat/U0/u_icache/u_data/mem_reg_0_255_82_82/WCLK
    SLICE_X58Y133        RAMS64E                                      r  rv32_top_i/plat/U0/u_icache/u_data/mem_reg_0_255_82_82/RAMS64E_D/CLK
                         clock pessimism             -0.045     1.309    
    SLICE_X58Y133        RAMS64E (Hold_rams64e_CLK_I)
                                                      0.144     1.453    rv32_top_i/plat/U0/u_icache/u_data/mem_reg_0_255_82_82/RAMS64E_D
  -------------------------------------------------------------------
                         required time                         -1.453    
                         arrival time                           1.530    
  -------------------------------------------------------------------
                         slack                                  0.077    

Slack (MET) :             0.077ns  (arrival time - required time)
  Source:                 rv32_top_i/plat/U0/u_mmio/u_npu/u_npu/u_array/gen_row[2].gen_col[0].u_pe/p_reg/CLK
                            (rising edge-triggered cell DSP48E1 clocked by clk_fpga_0  {rise@0.000ns fall@4.000ns period=8.000ns})
  Destination:            rv32_top_i/plat/U0/u_mmio/u_npu/u_npu/u_array/gen_row[3].gen_col[0].u_pe/p_reg/BCIN[0]
                            (rising edge-triggered cell DSP48E1 clocked by clk_fpga_0  {rise@0.000ns fall@4.000ns period=8.000ns})
  Path Group:             clk_fpga_0
  Path Type:              Hold (Min at Fast Process Corner)
  Requirement:            0.000ns  (clk_fpga_0 rise@0.000ns - clk_fpga_0 rise@0.000ns)
  Data Path Delay:        0.507ns  (logic 0.505ns (99.606%)  route 0.002ns (0.394%))
  Logic Levels:           0  
  Clock Path Skew:        0.348ns (DCD - SCD - CPR)
    Destination Clock Delay (DCD):    1.430ns
    Source Clock Delay      (SCD):    1.040ns
    Clock Pessimism Removal (CPR):    0.041ns

    Location             Delay type                Incr(ns)  Path(ns)    Netlist Resource(s)
  -------------------------------------------------------------------    -------------------
                         (clock clk_fpga_0 rise edge)
                                                      0.000     0.000 r  
    PS7_X0Y0             PS7                          0.000     0.000 r  rv32_top_i/ps7/inst/PS7_i/FCLKCLK[0]
                         net (fo=1, routed)           0.310     0.310    rv32_top_i/ps7/inst/FCLK_CLK_unbuffered[0]
    BUFGCTRL_X0Y17       BUFG (Prop_bufg_I_O)         0.026     0.336 r  rv32_top_i/ps7/inst/buffer_fclk_clk_0.FCLK_CLK_0_BUFG_replica/O
                         net (fo=6, routed)           0.030     0.366    rv32_top_i/ps7/inst/FCLK_CLK0_repN
    BUFGCTRL_X0Y16       BUFG (Prop_bufg_I_O)         0.026     0.392 r  rv32_top_i/ps7/inst/buffer_fclk_clk_0.FCLK_CLK_0_BUFG/O
                         net (fo=12375, routed)       0.648     1.040    rv32_top_i/plat/U0/u_mmio/u_npu/u_npu/u_array/gen_row[2].gen_col[0].u_pe/S_AXI_ACLK
    DSP48_X2Y39          DSP48E1                                      r  rv32_top_i/plat/U0/u_mmio/u_npu/u_npu/u_array/gen_row[2].gen_col[0].u_pe/p_reg/CLK
  -------------------------------------------------------------------    -------------------
    DSP48_X2Y39          DSP48E1 (Prop_dsp48e1_CLK_BCOUT[0])
                                                      0.505     1.545 r  rv32_top_i/plat/U0/u_mmio/u_npu/u_npu/u_array/gen_row[2].gen_col[0].u_pe/p_reg/BCOUT[0]
                         net (fo=1, routed)           0.002     1.547    rv32_top_i/plat/U0/u_mmio/u_npu/u_npu/u_array/gen_row[3].gen_col[0].u_pe/p_reg_1[0]
    DSP48_X2Y40          DSP48E1                                      r  rv32_top_i/plat/U0/u_mmio/u_npu/u_npu/u_array/gen_row[3].gen_col[0].u_pe/p_reg/BCIN[0]
  -------------------------------------------------------------------    -------------------

                         (clock clk_fpga_0 rise edge)
                                                      0.000     0.000 r  
    PS7_X0Y0             PS7                          0.000     0.000 r  rv32_top_i/ps7/inst/PS7_i/FCLKCLK[0]
                         net (fo=1, routed)           0.337     0.337    rv32_top_i/ps7/inst/FCLK_CLK_unbuffered[0]
    BUFGCTRL_X0Y17       BUFG (Prop_bufg_I_O)         0.029     0.366 r  rv32_top_i/ps7/inst/buffer_fclk_clk_0.FCLK_CLK_0_BUFG_replica/O
                         net (fo=6, routed)           0.033     0.399    rv32_top_i/ps7/inst/FCLK_CLK0_repN
    BUFGCTRL_X0Y16       BUFG (Prop_bufg_I_O)         0.029     0.428 r  rv32_top_i/ps7/inst/buffer_fclk_clk_0.FCLK_CLK_0_BUFG/O
                         net (fo=12375, routed)       1.002     1.430    rv32_top_i/plat/U0/u_mmio/u_npu/u_npu/u_array/gen_row[3].gen_col[0].u_pe/S_AXI_ACLK
    DSP48_X2Y40          DSP48E1                                      r  rv32_top_i/plat/U0/u_mmio/u_npu/u_npu/u_array/gen_row[3].gen_col[0].u_pe/p_reg/CLK
                         clock pessimism             -0.041     1.388    
    DSP48_X2Y40          DSP48E1 (Hold_dsp48e1_CLK_BCIN[0])
                                                      0.082     1.470    rv32_top_i/plat/U0/u_mmio/u_npu/u_npu/u_array/gen_row[3].gen_col[0].u_pe/p_reg
  -------------------------------------------------------------------
                         required time                         -1.470    
                         arrival time                           1.547    
  -------------------------------------------------------------------
                         slack                                  0.077    

Slack (MET) :             0.077ns  (arrival time - required time)
  Source:                 rv32_top_i/plat/U0/u_mmio/u_npu/u_npu/u_array/gen_row[2].gen_col[0].u_pe/p_reg/CLK
                            (rising edge-triggered cell DSP48E1 clocked by clk_fpga_0  {rise@0.000ns fall@4.000ns period=8.000ns})
  Destination:            rv32_top_i/plat/U0/u_mmio/u_npu/u_npu/u_array/gen_row[3].gen_col[0].u_pe/p_reg/BCIN[10]
                            (rising edge-triggered cell DSP48E1 clocked by clk_fpga_0  {rise@0.000ns fall@4.000ns period=8.000ns})
  Path Group:             clk_fpga_0
  Path Type:              Hold (Min at Fast Process Corner)
  Requirement:            0.000ns  (clk_fpga_0 rise@0.000ns - clk_fpga_0 rise@0.000ns)
  Data Path Delay:        0.507ns  (logic 0.505ns (99.606%)  route 0.002ns (0.394%))
  Logic Levels:           0  
  Clock Path Skew:        0.348ns (DCD - SCD - CPR)
    Destination Clock Delay (DCD):    1.430ns
    Source Clock Delay      (SCD):    1.040ns
    Clock Pessimism Removal (CPR):    0.041ns

    Location             Delay type                Incr(ns)  Path(ns)    Netlist Resource(s)
  -------------------------------------------------------------------    -------------------
                         (clock clk_fpga_0 rise edge)
                                                      0.000     0.000 r  
    PS7_X0Y0             PS7                          0.000     0.000 r  rv32_top_i/ps7/inst/PS7_i/FCLKCLK[0]
                         net (fo=1, routed)           0.310     0.310    rv32_top_i/ps7/inst/FCLK_CLK_unbuffered[0]
    BUFGCTRL_X0Y17       BUFG (Prop_bufg_I_O)         0.026     0.336 r  rv32_top_i/ps7/inst/buffer_fclk_clk_0.FCLK_CLK_0_BUFG_replica/O
                         net (fo=6, routed)           0.030     0.366    rv32_top_i/ps7/inst/FCLK_CLK0_repN
    BUFGCTRL_X0Y16       BUFG (Prop_bufg_I_O)         0.026     0.392 r  rv32_top_i/ps7/inst/buffer_fclk_clk_0.FCLK_CLK_0_BUFG/O
                         net (fo=12375, routed)       0.648     1.040    rv32_top_i/plat/U0/u_mmio/u_npu/u_npu/u_array/gen_row[2].gen_col[0].u_pe/S_AXI_ACLK
    DSP48_X2Y39          DSP48E1                                      r  rv32_top_i/plat/U0/u_mmio/u_npu/u_npu/u_array/gen_row[2].gen_col[0].u_pe/p_reg/CLK
  -------------------------------------------------------------------    -------------------
    DSP48_X2Y39          DSP48E1 (Prop_dsp48e1_CLK_BCOUT[10])
                                                      0.505     1.545 r  rv32_top_i/plat/U0/u_mmio/u_npu/u_npu/u_array/gen_row[2].gen_col[0].u_pe/p_reg/BCOUT[10]
                         net (fo=1, routed)           0.002     1.547    rv32_top_i/plat/U0/u_mmio/u_npu/u_npu/u_array/gen_row[3].gen_col[0].u_pe/p_reg_1[10]
    DSP48_X2Y40          DSP48E1                                      r  rv32_top_i/plat/U0/u_mmio/u_npu/u_npu/u_array/gen_row[3].gen_col[0].u_pe/p_reg/BCIN[10]
  -------------------------------------------------------------------    -------------------

                         (clock clk_fpga_0 rise edge)
                                                      0.000     0.000 r  
    PS7_X0Y0             PS7                          0.000     0.000 r  rv32_top_i/ps7/inst/PS7_i/FCLKCLK[0]
                         net (fo=1, routed)           0.337     0.337    rv32_top_i/ps7/inst/FCLK_CLK_unbuffered[0]
    BUFGCTRL_X0Y17       BUFG (Prop_bufg_I_O)         0.029     0.366 r  rv32_top_i/ps7/inst/buffer_fclk_clk_0.FCLK_CLK_0_BUFG_replica/O
                         net (fo=6, routed)           0.033     0.399    rv32_top_i/ps7/inst/FCLK_CLK0_repN
    BUFGCTRL_X0Y16       BUFG (Prop_bufg_I_O)         0.029     0.428 r  rv32_top_i/ps7/inst/buffer_fclk_clk_0.FCLK_CLK_0_BUFG/O
                         net (fo=12375, routed)       1.002     1.430    rv32_top_i/plat/U0/u_mmio/u_npu/u_npu/u_array/gen_row[3].gen_col[0].u_pe/S_AXI_ACLK
    DSP48_X2Y40          DSP48E1                                      r  rv32_top_i/plat/U0/u_mmio/u_npu/u_npu/u_array/gen_row[3].gen_col[0].u_pe/p_reg/CLK
                         clock pessimism             -0.041     1.388    
    DSP48_X2Y40          DSP48E1 (Hold_dsp48e1_CLK_BCIN[10])
                                                      0.082     1.470    rv32_top_i/plat/U0/u_mmio/u_npu/u_npu/u_array/gen_row[3].gen_col[0].u_pe/p_reg
  -------------------------------------------------------------------
                         required time                         -1.470    
                         arrival time                           1.547    
  -------------------------------------------------------------------
                         slack                                  0.077    

Slack (MET) :             0.077ns  (arrival time - required time)
  Source:                 rv32_top_i/plat/U0/u_mmio/u_npu/u_npu/u_array/gen_row[2].gen_col[0].u_pe/p_reg/CLK
                            (rising edge-triggered cell DSP48E1 clocked by clk_fpga_0  {rise@0.000ns fall@4.000ns period=8.000ns})
  Destination:            rv32_top_i/plat/U0/u_mmio/u_npu/u_npu/u_array/gen_row[3].gen_col[0].u_pe/p_reg/BCIN[11]
                            (rising edge-triggered cell DSP48E1 clocked by clk_fpga_0  {rise@0.000ns fall@4.000ns period=8.000ns})
  Path Group:             clk_fpga_0
  Path Type:              Hold (Min at Fast Process Corner)
  Requirement:            0.000ns  (clk_fpga_0 rise@0.000ns - clk_fpga_0 rise@0.000ns)
  Data Path Delay:        0.507ns  (logic 0.505ns (99.606%)  route 0.002ns (0.394%))
  Logic Levels:           0  
  Clock Path Skew:        0.348ns (DCD - SCD - CPR)
    Destination Clock Delay (DCD):    1.430ns
    Source Clock Delay      (SCD):    1.040ns
    Clock Pessimism Removal (CPR):    0.041ns

    Location             Delay type                Incr(ns)  Path(ns)    Netlist Resource(s)
  -------------------------------------------------------------------    -------------------
                         (clock clk_fpga_0 rise edge)
                                                      0.000     0.000 r  
    PS7_X0Y0             PS7                          0.000     0.000 r  rv32_top_i/ps7/inst/PS7_i/FCLKCLK[0]
                         net (fo=1, routed)           0.310     0.310    rv32_top_i/ps7/inst/FCLK_CLK_unbuffered[0]
    BUFGCTRL_X0Y17       BUFG (Prop_bufg_I_O)         0.026     0.336 r  rv32_top_i/ps7/inst/buffer_fclk_clk_0.FCLK_CLK_0_BUFG_replica/O
                         net (fo=6, routed)           0.030     0.366    rv32_top_i/ps7/inst/FCLK_CLK0_repN
    BUFGCTRL_X0Y16       BUFG (Prop_bufg_I_O)         0.026     0.392 r  rv32_top_i/ps7/inst/buffer_fclk_clk_0.FCLK_CLK_0_BUFG/O
                         net (fo=12375, routed)       0.648     1.040    rv32_top_i/plat/U0/u_mmio/u_npu/u_npu/u_array/gen_row[2].gen_col[0].u_pe/S_AXI_ACLK
    DSP48_X2Y39          DSP48E1                                      r  rv32_top_i/plat/U0/u_mmio/u_npu/u_npu/u_array/gen_row[2].gen_col[0].u_pe/p_reg/CLK
  -------------------------------------------------------------------    -------------------
    DSP48_X2Y39          DSP48E1 (Prop_dsp48e1_CLK_BCOUT[11])
                                                      0.505     1.545 r  rv32_top_i/plat/U0/u_mmio/u_npu/u_npu/u_array/gen_row[2].gen_col[0].u_pe/p_reg/BCOUT[11]
                         net (fo=1, routed)           0.002     1.547    rv32_top_i/plat/U0/u_mmio/u_npu/u_npu/u_array/gen_row[3].gen_col[0].u_pe/p_reg_1[11]
    DSP48_X2Y40          DSP48E1                                      r  rv32_top_i/plat/U0/u_mmio/u_npu/u_npu/u_array/gen_row[3].gen_col[0].u_pe/p_reg/BCIN[11]
  -------------------------------------------------------------------    -------------------

                         (clock clk_fpga_0 rise edge)
                                                      0.000     0.000 r  
    PS7_X0Y0             PS7                          0.000     0.000 r  rv32_top_i/ps7/inst/PS7_i/FCLKCLK[0]
                         net (fo=1, routed)           0.337     0.337    rv32_top_i/ps7/inst/FCLK_CLK_unbuffered[0]
    BUFGCTRL_X0Y17       BUFG (Prop_bufg_I_O)         0.029     0.366 r  rv32_top_i/ps7/inst/buffer_fclk_clk_0.FCLK_CLK_0_BUFG_replica/O
                         net (fo=6, routed)           0.033     0.399    rv32_top_i/ps7/inst/FCLK_CLK0_repN
    BUFGCTRL_X0Y16       BUFG (Prop_bufg_I_O)         0.029     0.428 r  rv32_top_i/ps7/inst/buffer_fclk_clk_0.FCLK_CLK_0_BUFG/O
                         net (fo=12375, routed)       1.002     1.430    rv32_top_i/plat/U0/u_mmio/u_npu/u_npu/u_array/gen_row[3].gen_col[0].u_pe/S_AXI_ACLK
    DSP48_X2Y40          DSP48E1                                      r  rv32_top_i/plat/U0/u_mmio/u_npu/u_npu/u_array/gen_row[3].gen_col[0].u_pe/p_reg/CLK
                         clock pessimism             -0.041     1.388    
    DSP48_X2Y40          DSP48E1 (Hold_dsp48e1_CLK_BCIN[11])
                                                      0.082     1.470    rv32_top_i/plat/U0/u_mmio/u_npu/u_npu/u_array/gen_row[3].gen_col[0].u_pe/p_reg
  -------------------------------------------------------------------
                         required time                         -1.470    
                         arrival time                           1.547    
  -------------------------------------------------------------------
                         slack                                  0.077    

Slack (MET) :             0.077ns  (arrival time - required time)
  Source:                 rv32_top_i/plat/U0/u_mmio/u_npu/u_npu/u_array/gen_row[2].gen_col[0].u_pe/p_reg/CLK
                            (rising edge-triggered cell DSP48E1 clocked by clk_fpga_0  {rise@0.000ns fall@4.000ns period=8.000ns})
  Destination:            rv32_top_i/plat/U0/u_mmio/u_npu/u_npu/u_array/gen_row[3].gen_col[0].u_pe/p_reg/BCIN[12]
                            (rising edge-triggered cell DSP48E1 clocked by clk_fpga_0  {rise@0.000ns fall@4.000ns period=8.000ns})
  Path Group:             clk_fpga_0
  Path Type:              Hold (Min at Fast Process Corner)
  Requirement:            0.000ns  (clk_fpga_0 rise@0.000ns - clk_fpga_0 rise@0.000ns)
  Data Path Delay:        0.507ns  (logic 0.505ns (99.606%)  route 0.002ns (0.394%))
  Logic Levels:           0  
  Clock Path Skew:        0.348ns (DCD - SCD - CPR)
    Destination Clock Delay (DCD):    1.430ns
    Source Clock Delay      (SCD):    1.040ns
    Clock Pessimism Removal (CPR):    0.041ns

    Location             Delay type                Incr(ns)  Path(ns)    Netlist Resource(s)
  -------------------------------------------------------------------    -------------------
                         (clock clk_fpga_0 rise edge)
                                                      0.000     0.000 r  
    PS7_X0Y0             PS7                          0.000     0.000 r  rv32_top_i/ps7/inst/PS7_i/FCLKCLK[0]
                         net (fo=1, routed)           0.310     0.310    rv32_top_i/ps7/inst/FCLK_CLK_unbuffered[0]
    BUFGCTRL_X0Y17       BUFG (Prop_bufg_I_O)         0.026     0.336 r  rv32_top_i/ps7/inst/buffer_fclk_clk_0.FCLK_CLK_0_BUFG_replica/O
                         net (fo=6, routed)           0.030     0.366    rv32_top_i/ps7/inst/FCLK_CLK0_repN
    BUFGCTRL_X0Y16       BUFG (Prop_bufg_I_O)         0.026     0.392 r  rv32_top_i/ps7/inst/buffer_fclk_clk_0.FCLK_CLK_0_BUFG/O
                         net (fo=12375, routed)       0.648     1.040    rv32_top_i/plat/U0/u_mmio/u_npu/u_npu/u_array/gen_row[2].gen_col[0].u_pe/S_AXI_ACLK
    DSP48_X2Y39          DSP48E1                                      r  rv32_top_i/plat/U0/u_mmio/u_npu/u_npu/u_array/gen_row[2].gen_col[0].u_pe/p_reg/CLK
  -------------------------------------------------------------------    -------------------
    DSP48_X2Y39          DSP48E1 (Prop_dsp48e1_CLK_BCOUT[12])
                                                      0.505     1.545 r  rv32_top_i/plat/U0/u_mmio/u_npu/u_npu/u_array/gen_row[2].gen_col[0].u_pe/p_reg/BCOUT[12]
                         net (fo=1, routed)           0.002     1.547    rv32_top_i/plat/U0/u_mmio/u_npu/u_npu/u_array/gen_row[3].gen_col[0].u_pe/p_reg_1[12]
    DSP48_X2Y40          DSP48E1                                      r  rv32_top_i/plat/U0/u_mmio/u_npu/u_npu/u_array/gen_row[3].gen_col[0].u_pe/p_reg/BCIN[12]
  -------------------------------------------------------------------    -------------------

                         (clock clk_fpga_0 rise edge)
                                                      0.000     0.000 r  
    PS7_X0Y0             PS7                          0.000     0.000 r  rv32_top_i/ps7/inst/PS7_i/FCLKCLK[0]
                         net (fo=1, routed)           0.337     0.337    rv32_top_i/ps7/inst/FCLK_CLK_unbuffered[0]
    BUFGCTRL_X0Y17       BUFG (Prop_bufg_I_O)         0.029     0.366 r  rv32_top_i/ps7/inst/buffer_fclk_clk_0.FCLK_CLK_0_BUFG_replica/O
                         net (fo=6, routed)           0.033     0.399    rv32_top_i/ps7/inst/FCLK_CLK0_repN
    BUFGCTRL_X0Y16       BUFG (Prop_bufg_I_O)         0.029     0.428 r  rv32_top_i/ps7/inst/buffer_fclk_clk_0.FCLK_CLK_0_BUFG/O
                         net (fo=12375, routed)       1.002     1.430    rv32_top_i/plat/U0/u_mmio/u_npu/u_npu/u_array/gen_row[3].gen_col[0].u_pe/S_AXI_ACLK
    DSP48_X2Y40          DSP48E1                                      r  rv32_top_i/plat/U0/u_mmio/u_npu/u_npu/u_array/gen_row[3].gen_col[0].u_pe/p_reg/CLK
                         clock pessimism             -0.041     1.388    
    DSP48_X2Y40          DSP48E1 (Hold_dsp48e1_CLK_BCIN[12])
                                                      0.082     1.470    rv32_top_i/plat/U0/u_mmio/u_npu/u_npu/u_array/gen_row[3].gen_col[0].u_pe/p_reg
  -------------------------------------------------------------------
                         required time                         -1.470    
                         arrival time                           1.547    
  -------------------------------------------------------------------
                         slack                                  0.077    

Slack (MET) :             0.077ns  (arrival time - required time)
  Source:                 rv32_top_i/plat/U0/u_mmio/u_npu/u_npu/u_array/gen_row[2].gen_col[0].u_pe/p_reg/CLK
                            (rising edge-triggered cell DSP48E1 clocked by clk_fpga_0  {rise@0.000ns fall@4.000ns period=8.000ns})
  Destination:            rv32_top_i/plat/U0/u_mmio/u_npu/u_npu/u_array/gen_row[3].gen_col[0].u_pe/p_reg/BCIN[13]
                            (rising edge-triggered cell DSP48E1 clocked by clk_fpga_0  {rise@0.000ns fall@4.000ns period=8.000ns})
  Path Group:             clk_fpga_0
  Path Type:              Hold (Min at Fast Process Corner)
  Requirement:            0.000ns  (clk_fpga_0 rise@0.000ns - clk_fpga_0 rise@0.000ns)
  Data Path Delay:        0.507ns  (logic 0.505ns (99.606%)  route 0.002ns (0.394%))
  Logic Levels:           0  
  Clock Path Skew:        0.348ns (DCD - SCD - CPR)
    Destination Clock Delay (DCD):    1.430ns
    Source Clock Delay      (SCD):    1.040ns
    Clock Pessimism Removal (CPR):    0.041ns

    Location             Delay type                Incr(ns)  Path(ns)    Netlist Resource(s)
  -------------------------------------------------------------------    -------------------
                         (clock clk_fpga_0 rise edge)
                                                      0.000     0.000 r  
    PS7_X0Y0             PS7                          0.000     0.000 r  rv32_top_i/ps7/inst/PS7_i/FCLKCLK[0]
                         net (fo=1, routed)           0.310     0.310    rv32_top_i/ps7/inst/FCLK_CLK_unbuffered[0]
    BUFGCTRL_X0Y17       BUFG (Prop_bufg_I_O)         0.026     0.336 r  rv32_top_i/ps7/inst/buffer_fclk_clk_0.FCLK_CLK_0_BUFG_replica/O
                         net (fo=6, routed)           0.030     0.366    rv32_top_i/ps7/inst/FCLK_CLK0_repN
    BUFGCTRL_X0Y16       BUFG (Prop_bufg_I_O)         0.026     0.392 r  rv32_top_i/ps7/inst/buffer_fclk_clk_0.FCLK_CLK_0_BUFG/O
                         net (fo=12375, routed)       0.648     1.040    rv32_top_i/plat/U0/u_mmio/u_npu/u_npu/u_array/gen_row[2].gen_col[0].u_pe/S_AXI_ACLK
    DSP48_X2Y39          DSP48E1                                      r  rv32_top_i/plat/U0/u_mmio/u_npu/u_npu/u_array/gen_row[2].gen_col[0].u_pe/p_reg/CLK
  -------------------------------------------------------------------    -------------------
    DSP48_X2Y39          DSP48E1 (Prop_dsp48e1_CLK_BCOUT[13])
                                                      0.505     1.545 r  rv32_top_i/plat/U0/u_mmio/u_npu/u_npu/u_array/gen_row[2].gen_col[0].u_pe/p_reg/BCOUT[13]
                         net (fo=1, routed)           0.002     1.547    rv32_top_i/plat/U0/u_mmio/u_npu/u_npu/u_array/gen_row[3].gen_col[0].u_pe/p_reg_1[13]
    DSP48_X2Y40          DSP48E1                                      r  rv32_top_i/plat/U0/u_mmio/u_npu/u_npu/u_array/gen_row[3].gen_col[0].u_pe/p_reg/BCIN[13]
  -------------------------------------------------------------------    -------------------

                         (clock clk_fpga_0 rise edge)
                                                      0.000     0.000 r  
    PS7_X0Y0             PS7                          0.000     0.000 r  rv32_top_i/ps7/inst/PS7_i/FCLKCLK[0]
                         net (fo=1, routed)           0.337     0.337    rv32_top_i/ps7/inst/FCLK_CLK_unbuffered[0]
    BUFGCTRL_X0Y17       BUFG (Prop_bufg_I_O)         0.029     0.366 r  rv32_top_i/ps7/inst/buffer_fclk_clk_0.FCLK_CLK_0_BUFG_replica/O
                         net (fo=6, routed)           0.033     0.399    rv32_top_i/ps7/inst/FCLK_CLK0_repN
    BUFGCTRL_X0Y16       BUFG (Prop_bufg_I_O)         0.029     0.428 r  rv32_top_i/ps7/inst/buffer_fclk_clk_0.FCLK_CLK_0_BUFG/O
                         net (fo=12375, routed)       1.002     1.430    rv32_top_i/plat/U0/u_mmio/u_npu/u_npu/u_array/gen_row[3].gen_col[0].u_pe/S_AXI_ACLK
    DSP48_X2Y40          DSP48E1                                      r  rv32_top_i/plat/U0/u_mmio/u_npu/u_npu/u_array/gen_row[3].gen_col[0].u_pe/p_reg/CLK
                         clock pessimism             -0.041     1.388    
    DSP48_X2Y40          DSP48E1 (Hold_dsp48e1_CLK_BCIN[13])
                                                      0.082     1.470    rv32_top_i/plat/U0/u_mmio/u_npu/u_npu/u_array/gen_row[3].gen_col[0].u_pe/p_reg
  -------------------------------------------------------------------
                         required time                         -1.470    
                         arrival time                           1.547    
  -------------------------------------------------------------------
                         slack                                  0.077    

Slack (MET) :             0.077ns  (arrival time - required time)
  Source:                 rv32_top_i/plat/U0/u_mmio/u_npu/u_npu/u_array/gen_row[2].gen_col[0].u_pe/p_reg/CLK
                            (rising edge-triggered cell DSP48E1 clocked by clk_fpga_0  {rise@0.000ns fall@4.000ns period=8.000ns})
  Destination:            rv32_top_i/plat/U0/u_mmio/u_npu/u_npu/u_array/gen_row[3].gen_col[0].u_pe/p_reg/BCIN[14]
                            (rising edge-triggered cell DSP48E1 clocked by clk_fpga_0  {rise@0.000ns fall@4.000ns period=8.000ns})
  Path Group:             clk_fpga_0
  Path Type:              Hold (Min at Fast Process Corner)
  Requirement:            0.000ns  (clk_fpga_0 rise@0.000ns - clk_fpga_0 rise@0.000ns)
  Data Path Delay:        0.507ns  (logic 0.505ns (99.606%)  route 0.002ns (0.394%))
  Logic Levels:           0  
  Clock Path Skew:        0.348ns (DCD - SCD - CPR)
    Destination Clock Delay (DCD):    1.430ns
    Source Clock Delay      (SCD):    1.040ns
    Clock Pessimism Removal (CPR):    0.041ns

    Location             Delay type                Incr(ns)  Path(ns)    Netlist Resource(s)
  -------------------------------------------------------------------    -------------------
                         (clock clk_fpga_0 rise edge)
                                                      0.000     0.000 r  
    PS7_X0Y0             PS7                          0.000     0.000 r  rv32_top_i/ps7/inst/PS7_i/FCLKCLK[0]
                         net (fo=1, routed)           0.310     0.310    rv32_top_i/ps7/inst/FCLK_CLK_unbuffered[0]
    BUFGCTRL_X0Y17       BUFG (Prop_bufg_I_O)         0.026     0.336 r  rv32_top_i/ps7/inst/buffer_fclk_clk_0.FCLK_CLK_0_BUFG_replica/O
                         net (fo=6, routed)           0.030     0.366    rv32_top_i/ps7/inst/FCLK_CLK0_repN
    BUFGCTRL_X0Y16       BUFG (Prop_bufg_I_O)         0.026     0.392 r  rv32_top_i/ps7/inst/buffer_fclk_clk_0.FCLK_CLK_0_BUFG/O
                         net (fo=12375, routed)       0.648     1.040    rv32_top_i/plat/U0/u_mmio/u_npu/u_npu/u_array/gen_row[2].gen_col[0].u_pe/S_AXI_ACLK
    DSP48_X2Y39          DSP48E1                                      r  rv32_top_i/plat/U0/u_mmio/u_npu/u_npu/u_array/gen_row[2].gen_col[0].u_pe/p_reg/CLK
  -------------------------------------------------------------------    -------------------
    DSP48_X2Y39          DSP48E1 (Prop_dsp48e1_CLK_BCOUT[14])
                                                      0.505     1.545 r  rv32_top_i/plat/U0/u_mmio/u_npu/u_npu/u_array/gen_row[2].gen_col[0].u_pe/p_reg/BCOUT[14]
                         net (fo=1, routed)           0.002     1.547    rv32_top_i/plat/U0/u_mmio/u_npu/u_npu/u_array/gen_row[3].gen_col[0].u_pe/p_reg_1[14]
    DSP48_X2Y40          DSP48E1                                      r  rv32_top_i/plat/U0/u_mmio/u_npu/u_npu/u_array/gen_row[3].gen_col[0].u_pe/p_reg/BCIN[14]
  -------------------------------------------------------------------    -------------------

                         (clock clk_fpga_0 rise edge)
                                                      0.000     0.000 r  
    PS7_X0Y0             PS7                          0.000     0.000 r  rv32_top_i/ps7/inst/PS7_i/FCLKCLK[0]
                         net (fo=1, routed)           0.337     0.337    rv32_top_i/ps7/inst/FCLK_CLK_unbuffered[0]
    BUFGCTRL_X0Y17       BUFG (Prop_bufg_I_O)         0.029     0.366 r  rv32_top_i/ps7/inst/buffer_fclk_clk_0.FCLK_CLK_0_BUFG_replica/O
                         net (fo=6, routed)           0.033     0.399    rv32_top_i/ps7/inst/FCLK_CLK0_repN
    BUFGCTRL_X0Y16       BUFG (Prop_bufg_I_O)         0.029     0.428 r  rv32_top_i/ps7/inst/buffer_fclk_clk_0.FCLK_CLK_0_BUFG/O
                         net (fo=12375, routed)       1.002     1.430    rv32_top_i/plat/U0/u_mmio/u_npu/u_npu/u_array/gen_row[3].gen_col[0].u_pe/S_AXI_ACLK
    DSP48_X2Y40          DSP48E1                                      r  rv32_top_i/plat/U0/u_mmio/u_npu/u_npu/u_array/gen_row[3].gen_col[0].u_pe/p_reg/CLK
                         clock pessimism             -0.041     1.388    
    DSP48_X2Y40          DSP48E1 (Hold_dsp48e1_CLK_BCIN[14])
                                                      0.082     1.470    rv32_top_i/plat/U0/u_mmio/u_npu/u_npu/u_array/gen_row[3].gen_col[0].u_pe/p_reg
  -------------------------------------------------------------------
                         required time                         -1.470    
                         arrival time                           1.547    
  -------------------------------------------------------------------
                         slack                                  0.077    





Pulse Width Checks
--------------------------------------------------------------------------------------
Clock Name:         clk_fpga_0
Waveform(ns):       { 0.000 4.000 }
Period(ns):         8.000
Sources:            { rv32_top_i/ps7/inst/PS7_i/FCLKCLK[0] }

Check Type        Corner  Lib Pin      Reference Pin  Required(ns)  Actual(ns)  Slack(ns)  Location       Pin
Min Period        n/a     DSP48E1/CLK  n/a            3.884         8.000       4.116      DSP48_X4Y39    rv32_top_i/plat/U0/u_mmio/u_npu/u_npu/u_array/gen_row[0].gen_col[0].u_pe/p_reg/CLK
Min Period        n/a     DSP48E1/CLK  n/a            3.884         8.000       4.116      DSP48_X0Y8     rv32_top_i/plat/U0/u_mmio/u_npu/u_npu/u_array/gen_row[0].gen_col[10].u_pe/p_reg/CLK
Min Period        n/a     DSP48E1/CLK  n/a            3.884         8.000       4.116      DSP48_X0Y9     rv32_top_i/plat/U0/u_mmio/u_npu/u_npu/u_array/gen_row[0].gen_col[11].u_pe/p_reg/CLK
Min Period        n/a     DSP48E1/CLK  n/a            3.884         8.000       4.116      DSP48_X0Y10    rv32_top_i/plat/U0/u_mmio/u_npu/u_npu/u_array/gen_row[0].gen_col[12].u_pe/p_reg/CLK
Min Period        n/a     DSP48E1/CLK  n/a            3.884         8.000       4.116      DSP48_X0Y11    rv32_top_i/plat/U0/u_mmio/u_npu/u_npu/u_array/gen_row[0].gen_col[13].u_pe/p_reg/CLK
Min Period        n/a     DSP48E1/CLK  n/a            3.884         8.000       4.116      DSP48_X0Y12    rv32_top_i/plat/U0/u_mmio/u_npu/u_npu/u_array/gen_row[0].gen_col[14].u_pe/p_reg/CLK
Min Period        n/a     DSP48E1/CLK  n/a            3.884         8.000       4.116      DSP48_X0Y13    rv32_top_i/plat/U0/u_mmio/u_npu/u_npu/u_array/gen_row[0].gen_col[15].u_pe/p_reg/CLK
Min Period        n/a     DSP48E1/CLK  n/a            3.884         8.000       4.116      DSP48_X4Y38    rv32_top_i/plat/U0/u_mmio/u_npu/u_npu/u_array/gen_row[0].gen_col[1].u_pe/p_reg/CLK
Min Period        n/a     DSP48E1/CLK  n/a            3.884         8.000       4.116      DSP48_X0Y0     rv32_top_i/plat/U0/u_mmio/u_npu/u_npu/u_array/gen_row[0].gen_col[2].u_pe/p_reg/CLK
Min Period        n/a     DSP48E1/CLK  n/a            3.884         8.000       4.116      DSP48_X0Y1     rv32_top_i/plat/U0/u_mmio/u_npu/u_npu/u_array/gen_row[0].gen_col[3].u_pe/p_reg/CLK
Min Period        n/a     DSP48E1/CLK  n/a            3.884         8.000       4.116      DSP48_X0Y2     rv32_top_i/plat/U0/u_mmio/u_npu/u_npu/u_array/gen_row[0].gen_col[4].u_pe/p_reg/CLK
Min Period        n/a     DSP48E1/CLK  n/a            3.884         8.000       4.116      DSP48_X0Y3     rv32_top_i/plat/U0/u_mmio/u_npu/u_npu/u_array/gen_row[0].gen_col[5].u_pe/p_reg/CLK
Min Period        n/a     DSP48E1/CLK  n/a            3.884         8.000       4.116      DSP48_X0Y4     rv32_top_i/plat/U0/u_mmio/u_npu/u_npu/u_array/gen_row[0].gen_col[6].u_pe/p_reg/CLK
Min Period        n/a     DSP48E1/CLK  n/a            3.884         8.000       4.116      DSP48_X0Y5     rv32_top_i/plat/U0/u_mmio/u_npu/u_npu/u_array/gen_row[0].gen_col[7].u_pe/p_reg/CLK
Min Period        n/a     DSP48E1/CLK  n/a            3.884         8.000       4.116      DSP48_X0Y6     rv32_top_i/plat/U0/u_mmio/u_npu/u_npu/u_array/gen_row[0].gen_col[8].u_pe/p_reg/CLK
Low Pulse Width   Slow    RAMS64E/CLK  n/a            1.250         4.000       2.750      SLICE_X46Y113  rv32_top_i/plat/U0/u_dcache/u_tag/tag_mem_reg_0_255_0_0/RAMS64E_A/CLK
Low Pulse Width   Fast    RAMS64E/CLK  n/a            1.250         4.000       2.750      SLICE_X46Y113  rv32_top_i/plat/U0/u_dcache/u_tag/tag_mem_reg_0_255_0_0/RAMS64E_A/CLK
Low Pulse Width   Slow    RAMS64E/CLK  n/a            1.250         4.000       2.750      SLICE_X46Y113  rv32_top_i/plat/U0/u_dcache/u_tag/tag_mem_reg_0_255_0_0/RAMS64E_B/CLK
Low Pulse Width   Fast    RAMS64E/CLK  n/a            1.250         4.000       2.750      SLICE_X46Y113  rv32_top_i/plat/U0/u_dcache/u_tag/tag_mem_reg_0_255_0_0/RAMS64E_B/CLK
Low Pulse Width   Slow    RAMS64E/CLK  n/a            1.250         4.000       2.750      SLICE_X46Y113  rv32_top_i/plat/U0/u_dcache/u_tag/tag_mem_reg_0_255_0_0/RAMS64E_C/CLK
Low Pulse Width   Fast    RAMS64E/CLK  n/a            1.250         4.000       2.750      SLICE_X46Y113  rv32_top_i/plat/U0/u_dcache/u_tag/tag_mem_reg_0_255_0_0/RAMS64E_C/CLK
Low Pulse Width   Slow    RAMS64E/CLK  n/a            1.250         4.000       2.750      SLICE_X46Y113  rv32_top_i/plat/U0/u_dcache/u_tag/tag_mem_reg_0_255_0_0/RAMS64E_D/CLK
Low Pulse Width   Fast    RAMS64E/CLK  n/a            1.250         4.000       2.750      SLICE_X46Y113  rv32_top_i/plat/U0/u_dcache/u_tag/tag_mem_reg_0_255_0_0/RAMS64E_D/CLK
Low Pulse Width   Slow    RAMS64E/CLK  n/a            1.250         4.000       2.750      SLICE_X46Y115  rv32_top_i/plat/U0/u_dcache/u_tag/tag_mem_reg_0_255_10_10/RAMS64E_A/CLK
Low Pulse Width   Fast    RAMS64E/CLK  n/a            1.250         4.000       2.750      SLICE_X46Y115  rv32_top_i/plat/U0/u_dcache/u_tag/tag_mem_reg_0_255_10_10/RAMS64E_A/CLK
Low Pulse Width   Slow    RAMS64E/CLK  n/a            1.250         4.000       2.750      SLICE_X46Y115  rv32_top_i/plat/U0/u_dcache/u_tag/tag_mem_reg_0_255_10_10/RAMS64E_B/CLK
Low Pulse Width   Fast    RAMS64E/CLK  n/a            1.250         4.000       2.750      SLICE_X46Y115  rv32_top_i/plat/U0/u_dcache/u_tag/tag_mem_reg_0_255_10_10/RAMS64E_B/CLK
Low Pulse Width   Slow    RAMS64E/CLK  n/a            1.250         4.000       2.750      SLICE_X46Y115  rv32_top_i/plat/U0/u_dcache/u_tag/tag_mem_reg_0_255_10_10/RAMS64E_C/CLK
Low Pulse Width   Fast    RAMS64E/CLK  n/a            1.250         4.000       2.750      SLICE_X46Y115  rv32_top_i/plat/U0/u_dcache/u_tag/tag_mem_reg_0_255_10_10/RAMS64E_C/CLK
Low Pulse Width   Slow    RAMS64E/CLK  n/a            1.250         4.000       2.750      SLICE_X46Y115  rv32_top_i/plat/U0/u_dcache/u_tag/tag_mem_reg_0_255_10_10/RAMS64E_D/CLK
High Pulse Width  Slow    RAMS64E/CLK  n/a            1.250         4.000       2.750      SLICE_X46Y113  rv32_top_i/plat/U0/u_dcache/u_tag/tag_mem_reg_0_255_0_0/RAMS64E_A/CLK
High Pulse Width  Fast    RAMS64E/CLK  n/a            1.250         4.000       2.750      SLICE_X46Y113  rv32_top_i/plat/U0/u_dcache/u_tag/tag_mem_reg_0_255_0_0/RAMS64E_A/CLK
High Pulse Width  Slow    RAMS64E/CLK  n/a            1.250         4.000       2.750      SLICE_X46Y113  rv32_top_i/plat/U0/u_dcache/u_tag/tag_mem_reg_0_255_0_0/RAMS64E_B/CLK
High Pulse Width  Fast    RAMS64E/CLK  n/a            1.250         4.000       2.750      SLICE_X46Y113  rv32_top_i/plat/U0/u_dcache/u_tag/tag_mem_reg_0_255_0_0/RAMS64E_B/CLK
High Pulse Width  Slow    RAMS64E/CLK  n/a            1.250         4.000       2.750      SLICE_X46Y113  rv32_top_i/plat/U0/u_dcache/u_tag/tag_mem_reg_0_255_0_0/RAMS64E_C/CLK
High Pulse Width  Fast    RAMS64E/CLK  n/a            1.250         4.000       2.750      SLICE_X46Y113  rv32_top_i/plat/U0/u_dcache/u_tag/tag_mem_reg_0_255_0_0/RAMS64E_C/CLK
High Pulse Width  Slow    RAMS64E/CLK  n/a            1.250         4.000       2.750      SLICE_X46Y113  rv32_top_i/plat/U0/u_dcache/u_tag/tag_mem_reg_0_255_0_0/RAMS64E_D/CLK
High Pulse Width  Fast    RAMS64E/CLK  n/a            1.250         4.000       2.750      SLICE_X46Y113  rv32_top_i/plat/U0/u_dcache/u_tag/tag_mem_reg_0_255_0_0/RAMS64E_D/CLK
High Pulse Width  Slow    RAMS64E/CLK  n/a            1.250         4.000       2.750      SLICE_X46Y115  rv32_top_i/plat/U0/u_dcache/u_tag/tag_mem_reg_0_255_10_10/RAMS64E_A/CLK
High Pulse Width  Fast    RAMS64E/CLK  n/a            1.250         4.000       2.750      SLICE_X46Y115  rv32_top_i/plat/U0/u_dcache/u_tag/tag_mem_reg_0_255_10_10/RAMS64E_A/CLK
High Pulse Width  Slow    RAMS64E/CLK  n/a            1.250         4.000       2.750      SLICE_X46Y115  rv32_top_i/plat/U0/u_dcache/u_tag/tag_mem_reg_0_255_10_10/RAMS64E_B/CLK
High Pulse Width  Fast    RAMS64E/CLK  n/a            1.250         4.000       2.750      SLICE_X46Y115  rv32_top_i/plat/U0/u_dcache/u_tag/tag_mem_reg_0_255_10_10/RAMS64E_B/CLK
High Pulse Width  Slow    RAMS64E/CLK  n/a            1.250         4.000       2.750      SLICE_X46Y115  rv32_top_i/plat/U0/u_dcache/u_tag/tag_mem_reg_0_255_10_10/RAMS64E_C/CLK
High Pulse Width  Fast    RAMS64E/CLK  n/a            1.250         4.000       2.750      SLICE_X46Y115  rv32_top_i/plat/U0/u_dcache/u_tag/tag_mem_reg_0_255_10_10/RAMS64E_C/CLK
High Pulse Width  Slow    RAMS64E/CLK  n/a            1.250         4.000       2.750      SLICE_X46Y115  rv32_top_i/plat/U0/u_dcache/u_tag/tag_mem_reg_0_255_10_10/RAMS64E_D/CLK



---------------------------------------------------------------------------------------------------
Path Group:  **async_default**
From Clock:  clk_fpga_0
  To Clock:  clk_fpga_0

Setup :            0  Failing Endpoints,  Worst Slack        0.342ns,  Total Violation        0.000ns
Hold  :            0  Failing Endpoints,  Worst Slack        0.862ns,  Total Violation        0.000ns
---------------------------------------------------------------------------------------------------


Max Delay Paths
--------------------------------------------------------------------------------------
Slack (MET) :             0.342ns  (required time - arrival time)
  Source:                 rv32_top_i/rst_ps7_50M/U0/ACTIVE_LOW_PR_OUT_DFF[0].FDRE_PER_N/C
                            (rising edge-triggered cell FDRE clocked by clk_fpga_0  {rise@0.000ns fall@4.000ns period=8.000ns})
  Destination:            rv32_top_i/plat/U0/u_core/shadow_reg[15][19]/CLR
                            (recovery check against rising-edge clock clk_fpga_0  {rise@0.000ns fall@4.000ns period=8.000ns})
  Path Group:             **async_default**
  Path Type:              Recovery (Max at Slow Process Corner)
  Requirement:            8.000ns  (clk_fpga_0 rise@8.000ns - clk_fpga_0 rise@0.000ns)
  Data Path Delay:        7.155ns  (logic 0.642ns (8.972%)  route 6.513ns (91.028%))
  Logic Levels:           1  (LUT2=1)
  Clock Path Skew:        0.027ns (DCD - SCD + CPR)
    Destination Clock Delay (DCD):    3.057ns = ( 11.057 - 8.000 ) 
    Source Clock Delay      (SCD):    3.182ns
    Clock Pessimism Removal (CPR):    0.152ns
  Clock Uncertainty:      0.125ns  ((TSJ^2 + TIJ^2)^1/2 + DJ) / 2 + PE
    Total System Jitter     (TSJ):    0.071ns
    Total Input Jitter      (TIJ):    0.240ns
    Discrete Jitter          (DJ):    0.000ns
    Phase Error              (PE):    0.000ns

    Location             Delay type                Incr(ns)  Path(ns)    Netlist Resource(s)
  -------------------------------------------------------------------    -------------------
                         (clock clk_fpga_0 rise edge)
                                                      0.000     0.000 r  
    PS7_X0Y0             PS7                          0.000     0.000 r  rv32_top_i/ps7/inst/PS7_i/FCLKCLK[0]
                         net (fo=1, routed)           1.193     1.193    rv32_top_i/ps7/inst/FCLK_CLK_unbuffered[0]
    BUFGCTRL_X0Y17       BUFG (Prop_bufg_I_O)         0.101     1.294 r  rv32_top_i/ps7/inst/buffer_fclk_clk_0.FCLK_CLK_0_BUFG_replica/O
                         net (fo=6, routed)           0.146     1.440    rv32_top_i/ps7/inst/FCLK_CLK0_repN
    BUFGCTRL_X0Y16       BUFG (Prop_bufg_I_O)         0.101     1.541 r  rv32_top_i/ps7/inst/buffer_fclk_clk_0.FCLK_CLK_0_BUFG/O
                         net (fo=12375, routed)       1.641     3.182    rv32_top_i/rst_ps7_50M/U0/slowest_sync_clk
    SLICE_X32Y81         FDRE                                         r  rv32_top_i/rst_ps7_50M/U0/ACTIVE_LOW_PR_OUT_DFF[0].FDRE_PER_N/C
  -------------------------------------------------------------------    -------------------
    SLICE_X32Y81         FDRE (Prop_fdre_C_Q)         0.518     3.700 r  rv32_top_i/rst_ps7_50M/U0/ACTIVE_LOW_PR_OUT_DFF[0].FDRE_PER_N/Q
                         net (fo=40, routed)          2.154     5.854    rv32_top_i/plat/U0/u_ctrl/S_AXI_ARESETN
    SLICE_X31Y96         LUT2 (Prop_lut2_I1_O)        0.124     5.978 f  rv32_top_i/plat/U0/u_ctrl/regs[1][31]_i_1/O
                         net (fo=1609, routed)        4.359    10.337    rv32_top_i/plat/U0/u_core/regs_reg[31][0]
    SLICE_X37Y147        FDCE                                         f  rv32_top_i/plat/U0/u_core/shadow_reg[15][19]/CLR
  -------------------------------------------------------------------    -------------------

                         (clock clk_fpga_0 rise edge)
                                                      8.000     8.000 r  
    PS7_X0Y0             PS7                          0.000     8.000 r  rv32_top_i/ps7/inst/PS7_i/FCLKCLK[0]
                         net (fo=1, routed)           1.088     9.088    rv32_top_i/ps7/inst/FCLK_CLK_unbuffered[0]
    BUFGCTRL_X0Y17       BUFG (Prop_bufg_I_O)         0.091     9.179 r  rv32_top_i/ps7/inst/buffer_fclk_clk_0.FCLK_CLK_0_BUFG_replica/O
                         net (fo=6, routed)           0.133     9.312    rv32_top_i/ps7/inst/FCLK_CLK0_repN
    BUFGCTRL_X0Y16       BUFG (Prop_bufg_I_O)         0.091     9.403 r  rv32_top_i/ps7/inst/buffer_fclk_clk_0.FCLK_CLK_0_BUFG/O
                         net (fo=12375, routed)       1.654    11.057    rv32_top_i/plat/U0/u_core/S_AXI_ACLK
    SLICE_X37Y147        FDCE                                         r  rv32_top_i/plat/U0/u_core/shadow_reg[15][19]/C
                         clock pessimism              0.152    11.209    
                         clock uncertainty           -0.125    11.084    
    SLICE_X37Y147        FDCE (Recov_fdce_C_CLR)     -0.405    10.679    rv32_top_i/plat/U0/u_core/shadow_reg[15][19]
  -------------------------------------------------------------------
                         required time                         10.679    
                         arrival time                         -10.337    
  -------------------------------------------------------------------
                         slack                                  0.342    

Slack (MET) :             0.342ns  (required time - arrival time)
  Source:                 rv32_top_i/rst_ps7_50M/U0/ACTIVE_LOW_PR_OUT_DFF[0].FDRE_PER_N/C
                            (rising edge-triggered cell FDRE clocked by clk_fpga_0  {rise@0.000ns fall@4.000ns period=8.000ns})
  Destination:            rv32_top_i/plat/U0/u_core/shadow_reg[15][22]/CLR
                            (recovery check against rising-edge clock clk_fpga_0  {rise@0.000ns fall@4.000ns period=8.000ns})
  Path Group:             **async_default**
  Path Type:              Recovery (Max at Slow Process Corner)
  Requirement:            8.000ns  (clk_fpga_0 rise@8.000ns - clk_fpga_0 rise@0.000ns)
  Data Path Delay:        7.155ns  (logic 0.642ns (8.972%)  route 6.513ns (91.028%))
  Logic Levels:           1  (LUT2=1)
  Clock Path Skew:        0.027ns (DCD - SCD + CPR)
    Destination Clock Delay (DCD):    3.057ns = ( 11.057 - 8.000 ) 
    Source Clock Delay      (SCD):    3.182ns
    Clock Pessimism Removal (CPR):    0.152ns
  Clock Uncertainty:      0.125ns  ((TSJ^2 + TIJ^2)^1/2 + DJ) / 2 + PE
    Total System Jitter     (TSJ):    0.071ns
    Total Input Jitter      (TIJ):    0.240ns
    Discrete Jitter          (DJ):    0.000ns
    Phase Error              (PE):    0.000ns

    Location             Delay type                Incr(ns)  Path(ns)    Netlist Resource(s)
  -------------------------------------------------------------------    -------------------
                         (clock clk_fpga_0 rise edge)
                                                      0.000     0.000 r  
    PS7_X0Y0             PS7                          0.000     0.000 r  rv32_top_i/ps7/inst/PS7_i/FCLKCLK[0]
                         net (fo=1, routed)           1.193     1.193    rv32_top_i/ps7/inst/FCLK_CLK_unbuffered[0]
    BUFGCTRL_X0Y17       BUFG (Prop_bufg_I_O)         0.101     1.294 r  rv32_top_i/ps7/inst/buffer_fclk_clk_0.FCLK_CLK_0_BUFG_replica/O
                         net (fo=6, routed)           0.146     1.440    rv32_top_i/ps7/inst/FCLK_CLK0_repN
    BUFGCTRL_X0Y16       BUFG (Prop_bufg_I_O)         0.101     1.541 r  rv32_top_i/ps7/inst/buffer_fclk_clk_0.FCLK_CLK_0_BUFG/O
                         net (fo=12375, routed)       1.641     3.182    rv32_top_i/rst_ps7_50M/U0/slowest_sync_clk
    SLICE_X32Y81         FDRE                                         r  rv32_top_i/rst_ps7_50M/U0/ACTIVE_LOW_PR_OUT_DFF[0].FDRE_PER_N/C
  -------------------------------------------------------------------    -------------------
    SLICE_X32Y81         FDRE (Prop_fdre_C_Q)         0.518     3.700 r  rv32_top_i/rst_ps7_50M/U0/ACTIVE_LOW_PR_OUT_DFF[0].FDRE_PER_N/Q
                         net (fo=40, routed)          2.154     5.854    rv32_top_i/plat/U0/u_ctrl/S_AXI_ARESETN
    SLICE_X31Y96         LUT2 (Prop_lut2_I1_O)        0.124     5.978 f  rv32_top_i/plat/U0/u_ctrl/regs[1][31]_i_1/O
                         net (fo=1609, routed)        4.359    10.337    rv32_top_i/plat/U0/u_core/regs_reg[31][0]
    SLICE_X37Y147        FDCE                                         f  rv32_top_i/plat/U0/u_core/shadow_reg[15][22]/CLR
  -------------------------------------------------------------------    -------------------

                         (clock clk_fpga_0 rise edge)
                                                      8.000     8.000 r  
    PS7_X0Y0             PS7                          0.000     8.000 r  rv32_top_i/ps7/inst/PS7_i/FCLKCLK[0]
                         net (fo=1, routed)           1.088     9.088    rv32_top_i/ps7/inst/FCLK_CLK_unbuffered[0]
    BUFGCTRL_X0Y17       BUFG (Prop_bufg_I_O)         0.091     9.179 r  rv32_top_i/ps7/inst/buffer_fclk_clk_0.FCLK_CLK_0_BUFG_replica/O
                         net (fo=6, routed)           0.133     9.312    rv32_top_i/ps7/inst/FCLK_CLK0_repN
    BUFGCTRL_X0Y16       BUFG (Prop_bufg_I_O)         0.091     9.403 r  rv32_top_i/ps7/inst/buffer_fclk_clk_0.FCLK_CLK_0_BUFG/O
                         net (fo=12375, routed)       1.654    11.057    rv32_top_i/plat/U0/u_core/S_AXI_ACLK
    SLICE_X37Y147        FDCE                                         r  rv32_top_i/plat/U0/u_core/shadow_reg[15][22]/C
                         clock pessimism              0.152    11.209    
                         clock uncertainty           -0.125    11.084    
    SLICE_X37Y147        FDCE (Recov_fdce_C_CLR)     -0.405    10.679    rv32_top_i/plat/U0/u_core/shadow_reg[15][22]
  -------------------------------------------------------------------
                         required time                         10.679    
                         arrival time                         -10.337    
  -------------------------------------------------------------------
                         slack                                  0.342    

Slack (MET) :             0.366ns  (required time - arrival time)
  Source:                 rv32_top_i/rst_ps7_50M/U0/ACTIVE_LOW_PR_OUT_DFF[0].FDRE_PER_N/C
                            (rising edge-triggered cell FDRE clocked by clk_fpga_0  {rise@0.000ns fall@4.000ns period=8.000ns})
  Destination:            rv32_top_i/plat/U0/u_core/shadow_reg[25][21]/CLR
                            (recovery check against rising-edge clock clk_fpga_0  {rise@0.000ns fall@4.000ns period=8.000ns})
  Path Group:             **async_default**
  Path Type:              Recovery (Max at Slow Process Corner)
  Requirement:            8.000ns  (clk_fpga_0 rise@8.000ns - clk_fpga_0 rise@0.000ns)
  Data Path Delay:        7.131ns  (logic 0.642ns (9.003%)  route 6.489ns (90.997%))
  Logic Levels:           1  (LUT2=1)
  Clock Path Skew:        0.027ns (DCD - SCD + CPR)
    Destination Clock Delay (DCD):    3.057ns = ( 11.057 - 8.000 ) 
    Source Clock Delay      (SCD):    3.182ns
    Clock Pessimism Removal (CPR):    0.152ns
  Clock Uncertainty:      0.125ns  ((TSJ^2 + TIJ^2)^1/2 + DJ) / 2 + PE
    Total System Jitter     (TSJ):    0.071ns
    Total Input Jitter      (TIJ):    0.240ns
    Discrete Jitter          (DJ):    0.000ns
    Phase Error              (PE):    0.000ns

    Location             Delay type                Incr(ns)  Path(ns)    Netlist Resource(s)
  -------------------------------------------------------------------    -------------------
                         (clock clk_fpga_0 rise edge)
                                                      0.000     0.000 r  
    PS7_X0Y0             PS7                          0.000     0.000 r  rv32_top_i/ps7/inst/PS7_i/FCLKCLK[0]
                         net (fo=1, routed)           1.193     1.193    rv32_top_i/ps7/inst/FCLK_CLK_unbuffered[0]
    BUFGCTRL_X0Y17       BUFG (Prop_bufg_I_O)         0.101     1.294 r  rv32_top_i/ps7/inst/buffer_fclk_clk_0.FCLK_CLK_0_BUFG_replica/O
                         net (fo=6, routed)           0.146     1.440    rv32_top_i/ps7/inst/FCLK_CLK0_repN
    BUFGCTRL_X0Y16       BUFG (Prop_bufg_I_O)         0.101     1.541 r  rv32_top_i/ps7/inst/buffer_fclk_clk_0.FCLK_CLK_0_BUFG/O
                         net (fo=12375, routed)       1.641     3.182    rv32_top_i/rst_ps7_50M/U0/slowest_sync_clk
    SLICE_X32Y81         FDRE                                         r  rv32_top_i/rst_ps7_50M/U0/ACTIVE_LOW_PR_OUT_DFF[0].FDRE_PER_N/C
  -------------------------------------------------------------------    -------------------
    SLICE_X32Y81         FDRE (Prop_fdre_C_Q)         0.518     3.700 r  rv32_top_i/rst_ps7_50M/U0/ACTIVE_LOW_PR_OUT_DFF[0].FDRE_PER_N/Q
                         net (fo=40, routed)          2.154     5.854    rv32_top_i/plat/U0/u_ctrl/S_AXI_ARESETN
    SLICE_X31Y96         LUT2 (Prop_lut2_I1_O)        0.124     5.978 f  rv32_top_i/plat/U0/u_ctrl/regs[1][31]_i_1/O
                         net (fo=1609, routed)        4.335    10.313    rv32_top_i/plat/U0/u_core/regs_reg[31][0]
    SLICE_X39Y148        FDCE                                         f  rv32_top_i/plat/U0/u_core/shadow_reg[25][21]/CLR
  -------------------------------------------------------------------    -------------------

                         (clock clk_fpga_0 rise edge)
                                                      8.000     8.000 r  
    PS7_X0Y0             PS7                          0.000     8.000 r  rv32_top_i/ps7/inst/PS7_i/FCLKCLK[0]
                         net (fo=1, routed)           1.088     9.088    rv32_top_i/ps7/inst/FCLK_CLK_unbuffered[0]
    BUFGCTRL_X0Y17       BUFG (Prop_bufg_I_O)         0.091     9.179 r  rv32_top_i/ps7/inst/buffer_fclk_clk_0.FCLK_CLK_0_BUFG_replica/O
                         net (fo=6, routed)           0.133     9.312    rv32_top_i/ps7/inst/FCLK_CLK0_repN
    BUFGCTRL_X0Y16       BUFG (Prop_bufg_I_O)         0.091     9.403 r  rv32_top_i/ps7/inst/buffer_fclk_clk_0.FCLK_CLK_0_BUFG/O
                         net (fo=12375, routed)       1.654    11.057    rv32_top_i/plat/U0/u_core/S_AXI_ACLK
    SLICE_X39Y148        FDCE                                         r  rv32_top_i/plat/U0/u_core/shadow_reg[25][21]/C
                         clock pessimism              0.152    11.209    
                         clock uncertainty           -0.125    11.084    
    SLICE_X39Y148        FDCE (Recov_fdce_C_CLR)     -0.405    10.679    rv32_top_i/plat/U0/u_core/shadow_reg[25][21]
  -------------------------------------------------------------------
                         required time                         10.679    
                         arrival time                         -10.313    
  -------------------------------------------------------------------
                         slack                                  0.366    

Slack (MET) :             0.366ns  (required time - arrival time)
  Source:                 rv32_top_i/rst_ps7_50M/U0/ACTIVE_LOW_PR_OUT_DFF[0].FDRE_PER_N/C
                            (rising edge-triggered cell FDRE clocked by clk_fpga_0  {rise@0.000ns fall@4.000ns period=8.000ns})
  Destination:            rv32_top_i/plat/U0/u_core/shadow_reg[25][22]/CLR
                            (recovery check against rising-edge clock clk_fpga_0  {rise@0.000ns fall@4.000ns period=8.000ns})
  Path Group:             **async_default**
  Path Type:              Recovery (Max at Slow Process Corner)
  Requirement:            8.000ns  (clk_fpga_0 rise@8.000ns - clk_fpga_0 rise@0.000ns)
  Data Path Delay:        7.131ns  (logic 0.642ns (9.003%)  route 6.489ns (90.997%))
  Logic Levels:           1  (LUT2=1)
  Clock Path Skew:        0.027ns (DCD - SCD + CPR)
    Destination Clock Delay (DCD):    3.057ns = ( 11.057 - 8.000 ) 
    Source Clock Delay      (SCD):    3.182ns
    Clock Pessimism Removal (CPR):    0.152ns
  Clock Uncertainty:      0.125ns  ((TSJ^2 + TIJ^2)^1/2 + DJ) / 2 + PE
    Total System Jitter     (TSJ):    0.071ns
    Total Input Jitter      (TIJ):    0.240ns
    Discrete Jitter          (DJ):    0.000ns
    Phase Error              (PE):    0.000ns

    Location             Delay type                Incr(ns)  Path(ns)    Netlist Resource(s)
  -------------------------------------------------------------------    -------------------
                         (clock clk_fpga_0 rise edge)
                                                      0.000     0.000 r  
    PS7_X0Y0             PS7                          0.000     0.000 r  rv32_top_i/ps7/inst/PS7_i/FCLKCLK[0]
                         net (fo=1, routed)           1.193     1.193    rv32_top_i/ps7/inst/FCLK_CLK_unbuffered[0]
    BUFGCTRL_X0Y17       BUFG (Prop_bufg_I_O)         0.101     1.294 r  rv32_top_i/ps7/inst/buffer_fclk_clk_0.FCLK_CLK_0_BUFG_replica/O
                         net (fo=6, routed)           0.146     1.440    rv32_top_i/ps7/inst/FCLK_CLK0_repN
    BUFGCTRL_X0Y16       BUFG (Prop_bufg_I_O)         0.101     1.541 r  rv32_top_i/ps7/inst/buffer_fclk_clk_0.FCLK_CLK_0_BUFG/O
                         net (fo=12375, routed)       1.641     3.182    rv32_top_i/rst_ps7_50M/U0/slowest_sync_clk
    SLICE_X32Y81         FDRE                                         r  rv32_top_i/rst_ps7_50M/U0/ACTIVE_LOW_PR_OUT_DFF[0].FDRE_PER_N/C
  -------------------------------------------------------------------    -------------------
    SLICE_X32Y81         FDRE (Prop_fdre_C_Q)         0.518     3.700 r  rv32_top_i/rst_ps7_50M/U0/ACTIVE_LOW_PR_OUT_DFF[0].FDRE_PER_N/Q
                         net (fo=40, routed)          2.154     5.854    rv32_top_i/plat/U0/u_ctrl/S_AXI_ARESETN
    SLICE_X31Y96         LUT2 (Prop_lut2_I1_O)        0.124     5.978 f  rv32_top_i/plat/U0/u_ctrl/regs[1][31]_i_1/O
                         net (fo=1609, routed)        4.335    10.313    rv32_top_i/plat/U0/u_core/regs_reg[31][0]
    SLICE_X39Y148        FDCE                                         f  rv32_top_i/plat/U0/u_core/shadow_reg[25][22]/CLR
  -------------------------------------------------------------------    -------------------

                         (clock clk_fpga_0 rise edge)
                                                      8.000     8.000 r  
    PS7_X0Y0             PS7                          0.000     8.000 r  rv32_top_i/ps7/inst/PS7_i/FCLKCLK[0]
                         net (fo=1, routed)           1.088     9.088    rv32_top_i/ps7/inst/FCLK_CLK_unbuffered[0]
    BUFGCTRL_X0Y17       BUFG (Prop_bufg_I_O)         0.091     9.179 r  rv32_top_i/ps7/inst/buffer_fclk_clk_0.FCLK_CLK_0_BUFG_replica/O
                         net (fo=6, routed)           0.133     9.312    rv32_top_i/ps7/inst/FCLK_CLK0_repN
    BUFGCTRL_X0Y16       BUFG (Prop_bufg_I_O)         0.091     9.403 r  rv32_top_i/ps7/inst/buffer_fclk_clk_0.FCLK_CLK_0_BUFG/O
                         net (fo=12375, routed)       1.654    11.057    rv32_top_i/plat/U0/u_core/S_AXI_ACLK
    SLICE_X39Y148        FDCE                                         r  rv32_top_i/plat/U0/u_core/shadow_reg[25][22]/C
                         clock pessimism              0.152    11.209    
                         clock uncertainty           -0.125    11.084    
    SLICE_X39Y148        FDCE (Recov_fdce_C_CLR)     -0.405    10.679    rv32_top_i/plat/U0/u_core/shadow_reg[25][22]
  -------------------------------------------------------------------
                         required time                         10.679    
                         arrival time                         -10.313    
  -------------------------------------------------------------------
                         slack                                  0.366    

Slack (MET) :             0.376ns  (required time - arrival time)
  Source:                 rv32_top_i/rst_ps7_50M/U0/ACTIVE_LOW_PR_OUT_DFF[0].FDRE_PER_N/C
                            (rising edge-triggered cell FDRE clocked by clk_fpga_0  {rise@0.000ns fall@4.000ns period=8.000ns})
  Destination:            rv32_top_i/plat/U0/u_core/shadow_reg[1][21]/CLR
                            (recovery check against rising-edge clock clk_fpga_0  {rise@0.000ns fall@4.000ns period=8.000ns})
  Path Group:             **async_default**
  Path Type:              Recovery (Max at Slow Process Corner)
  Requirement:            8.000ns  (clk_fpga_0 rise@8.000ns - clk_fpga_0 rise@0.000ns)
  Data Path Delay:        7.121ns  (logic 0.642ns (9.015%)  route 6.479ns (90.985%))
  Logic Levels:           1  (LUT2=1)
  Clock Path Skew:        0.027ns (DCD - SCD + CPR)
    Destination Clock Delay (DCD):    3.057ns = ( 11.057 - 8.000 ) 
    Source Clock Delay      (SCD):    3.182ns
    Clock Pessimism Removal (CPR):    0.152ns
  Clock Uncertainty:      0.125ns  ((TSJ^2 + TIJ^2)^1/2 + DJ) / 2 + PE
    Total System Jitter     (TSJ):    0.071ns
    Total Input Jitter      (TIJ):    0.240ns
    Discrete Jitter          (DJ):    0.000ns
    Phase Error              (PE):    0.000ns

    Location             Delay type                Incr(ns)  Path(ns)    Netlist Resource(s)
  -------------------------------------------------------------------    -------------------
                         (clock clk_fpga_0 rise edge)
                                                      0.000     0.000 r  
    PS7_X0Y0             PS7                          0.000     0.000 r  rv32_top_i/ps7/inst/PS7_i/FCLKCLK[0]
                         net (fo=1, routed)           1.193     1.193    rv32_top_i/ps7/inst/FCLK_CLK_unbuffered[0]
    BUFGCTRL_X0Y17       BUFG (Prop_bufg_I_O)         0.101     1.294 r  rv32_top_i/ps7/inst/buffer_fclk_clk_0.FCLK_CLK_0_BUFG_replica/O
                         net (fo=6, routed)           0.146     1.440    rv32_top_i/ps7/inst/FCLK_CLK0_repN
    BUFGCTRL_X0Y16       BUFG (Prop_bufg_I_O)         0.101     1.541 r  rv32_top_i/ps7/inst/buffer_fclk_clk_0.FCLK_CLK_0_BUFG/O
                         net (fo=12375, routed)       1.641     3.182    rv32_top_i/rst_ps7_50M/U0/slowest_sync_clk
    SLICE_X32Y81         FDRE                                         r  rv32_top_i/rst_ps7_50M/U0/ACTIVE_LOW_PR_OUT_DFF[0].FDRE_PER_N/C
  -------------------------------------------------------------------    -------------------
    SLICE_X32Y81         FDRE (Prop_fdre_C_Q)         0.518     3.700 r  rv32_top_i/rst_ps7_50M/U0/ACTIVE_LOW_PR_OUT_DFF[0].FDRE_PER_N/Q
                         net (fo=40, routed)          2.154     5.854    rv32_top_i/plat/U0/u_ctrl/S_AXI_ARESETN
    SLICE_X31Y96         LUT2 (Prop_lut2_I1_O)        0.124     5.978 f  rv32_top_i/plat/U0/u_ctrl/regs[1][31]_i_1/O
                         net (fo=1609, routed)        4.325    10.303    rv32_top_i/plat/U0/u_core/regs_reg[31][0]
    SLICE_X39Y149        FDCE                                         f  rv32_top_i/plat/U0/u_core/shadow_reg[1][21]/CLR
  -------------------------------------------------------------------    -------------------

                         (clock clk_fpga_0 rise edge)
                                                      8.000     8.000 r  
    PS7_X0Y0             PS7                          0.000     8.000 r  rv32_top_i/ps7/inst/PS7_i/FCLKCLK[0]
                         net (fo=1, routed)           1.088     9.088    rv32_top_i/ps7/inst/FCLK_CLK_unbuffered[0]
    BUFGCTRL_X0Y17       BUFG (Prop_bufg_I_O)         0.091     9.179 r  rv32_top_i/ps7/inst/buffer_fclk_clk_0.FCLK_CLK_0_BUFG_replica/O
                         net (fo=6, routed)           0.133     9.312    rv32_top_i/ps7/inst/FCLK_CLK0_repN
    BUFGCTRL_X0Y16       BUFG (Prop_bufg_I_O)         0.091     9.403 r  rv32_top_i/ps7/inst/buffer_fclk_clk_0.FCLK_CLK_0_BUFG/O
                         net (fo=12375, routed)       1.654    11.057    rv32_top_i/plat/U0/u_core/S_AXI_ACLK
    SLICE_X39Y149        FDCE                                         r  rv32_top_i/plat/U0/u_core/shadow_reg[1][21]/C
                         clock pessimism              0.152    11.209    
                         clock uncertainty           -0.125    11.084    
    SLICE_X39Y149        FDCE (Recov_fdce_C_CLR)     -0.405    10.679    rv32_top_i/plat/U0/u_core/shadow_reg[1][21]
  -------------------------------------------------------------------
                         required time                         10.679    
                         arrival time                         -10.303    
  -------------------------------------------------------------------
                         slack                                  0.376    

Slack (MET) :             0.376ns  (required time - arrival time)
  Source:                 rv32_top_i/rst_ps7_50M/U0/ACTIVE_LOW_PR_OUT_DFF[0].FDRE_PER_N/C
                            (rising edge-triggered cell FDRE clocked by clk_fpga_0  {rise@0.000ns fall@4.000ns period=8.000ns})
  Destination:            rv32_top_i/plat/U0/u_core/shadow_reg[1][22]/CLR
                            (recovery check against rising-edge clock clk_fpga_0  {rise@0.000ns fall@4.000ns period=8.000ns})
  Path Group:             **async_default**
  Path Type:              Recovery (Max at Slow Process Corner)
  Requirement:            8.000ns  (clk_fpga_0 rise@8.000ns - clk_fpga_0 rise@0.000ns)
  Data Path Delay:        7.121ns  (logic 0.642ns (9.015%)  route 6.479ns (90.985%))
  Logic Levels:           1  (LUT2=1)
  Clock Path Skew:        0.027ns (DCD - SCD + CPR)
    Destination Clock Delay (DCD):    3.057ns = ( 11.057 - 8.000 ) 
    Source Clock Delay      (SCD):    3.182ns
    Clock Pessimism Removal (CPR):    0.152ns
  Clock Uncertainty:      0.125ns  ((TSJ^2 + TIJ^2)^1/2 + DJ) / 2 + PE
    Total System Jitter     (TSJ):    0.071ns
    Total Input Jitter      (TIJ):    0.240ns
    Discrete Jitter          (DJ):    0.000ns
    Phase Error              (PE):    0.000ns

    Location             Delay type                Incr(ns)  Path(ns)    Netlist Resource(s)
  -------------------------------------------------------------------    -------------------
                         (clock clk_fpga_0 rise edge)
                                                      0.000     0.000 r  
    PS7_X0Y0             PS7                          0.000     0.000 r  rv32_top_i/ps7/inst/PS7_i/FCLKCLK[0]
                         net (fo=1, routed)           1.193     1.193    rv32_top_i/ps7/inst/FCLK_CLK_unbuffered[0]
    BUFGCTRL_X0Y17       BUFG (Prop_bufg_I_O)         0.101     1.294 r  rv32_top_i/ps7/inst/buffer_fclk_clk_0.FCLK_CLK_0_BUFG_replica/O
                         net (fo=6, routed)           0.146     1.440    rv32_top_i/ps7/inst/FCLK_CLK0_repN
    BUFGCTRL_X0Y16       BUFG (Prop_bufg_I_O)         0.101     1.541 r  rv32_top_i/ps7/inst/buffer_fclk_clk_0.FCLK_CLK_0_BUFG/O
                         net (fo=12375, routed)       1.641     3.182    rv32_top_i/rst_ps7_50M/U0/slowest_sync_clk
    SLICE_X32Y81         FDRE                                         r  rv32_top_i/rst_ps7_50M/U0/ACTIVE_LOW_PR_OUT_DFF[0].FDRE_PER_N/C
  -------------------------------------------------------------------    -------------------
    SLICE_X32Y81         FDRE (Prop_fdre_C_Q)         0.518     3.700 r  rv32_top_i/rst_ps7_50M/U0/ACTIVE_LOW_PR_OUT_DFF[0].FDRE_PER_N/Q
                         net (fo=40, routed)          2.154     5.854    rv32_top_i/plat/U0/u_ctrl/S_AXI_ARESETN
    SLICE_X31Y96         LUT2 (Prop_lut2_I1_O)        0.124     5.978 f  rv32_top_i/plat/U0/u_ctrl/regs[1][31]_i_1/O
                         net (fo=1609, routed)        4.325    10.303    rv32_top_i/plat/U0/u_core/regs_reg[31][0]
    SLICE_X39Y149        FDCE                                         f  rv32_top_i/plat/U0/u_core/shadow_reg[1][22]/CLR
  -------------------------------------------------------------------    -------------------

                         (clock clk_fpga_0 rise edge)
                                                      8.000     8.000 r  
    PS7_X0Y0             PS7                          0.000     8.000 r  rv32_top_i/ps7/inst/PS7_i/FCLKCLK[0]
                         net (fo=1, routed)           1.088     9.088    rv32_top_i/ps7/inst/FCLK_CLK_unbuffered[0]
    BUFGCTRL_X0Y17       BUFG (Prop_bufg_I_O)         0.091     9.179 r  rv32_top_i/ps7/inst/buffer_fclk_clk_0.FCLK_CLK_0_BUFG_replica/O
                         net (fo=6, routed)           0.133     9.312    rv32_top_i/ps7/inst/FCLK_CLK0_repN
    BUFGCTRL_X0Y16       BUFG (Prop_bufg_I_O)         0.091     9.403 r  rv32_top_i/ps7/inst/buffer_fclk_clk_0.FCLK_CLK_0_BUFG/O
                         net (fo=12375, routed)       1.654    11.057    rv32_top_i/plat/U0/u_core/S_AXI_ACLK
    SLICE_X39Y149        FDCE                                         r  rv32_top_i/plat/U0/u_core/shadow_reg[1][22]/C
                         clock pessimism              0.152    11.209    
                         clock uncertainty           -0.125    11.084    
    SLICE_X39Y149        FDCE (Recov_fdce_C_CLR)     -0.405    10.679    rv32_top_i/plat/U0/u_core/shadow_reg[1][22]
  -------------------------------------------------------------------
                         required time                         10.679    
                         arrival time                         -10.303    
  -------------------------------------------------------------------
                         slack                                  0.376    

Slack (MET) :             0.428ns  (required time - arrival time)
  Source:                 rv32_top_i/rst_ps7_50M/U0/ACTIVE_LOW_PR_OUT_DFF[0].FDRE_PER_N/C
                            (rising edge-triggered cell FDRE clocked by clk_fpga_0  {rise@0.000ns fall@4.000ns period=8.000ns})
  Destination:            rv32_top_i/plat/U0/u_core/shadow_reg[3][19]/CLR
                            (recovery check against rising-edge clock clk_fpga_0  {rise@0.000ns fall@4.000ns period=8.000ns})
  Path Group:             **async_default**
  Path Type:              Recovery (Max at Slow Process Corner)
  Requirement:            8.000ns  (clk_fpga_0 rise@8.000ns - clk_fpga_0 rise@0.000ns)
  Data Path Delay:        7.155ns  (logic 0.642ns (8.972%)  route 6.513ns (91.028%))
  Logic Levels:           1  (LUT2=1)
  Clock Path Skew:        0.027ns (DCD - SCD + CPR)
    Destination Clock Delay (DCD):    3.057ns = ( 11.057 - 8.000 ) 
    Source Clock Delay      (SCD):    3.182ns
    Clock Pessimism Removal (CPR):    0.152ns
  Clock Uncertainty:      0.125ns  ((TSJ^2 + TIJ^2)^1/2 + DJ) / 2 + PE
    Total System Jitter     (TSJ):    0.071ns
    Total Input Jitter      (TIJ):    0.240ns
    Discrete Jitter          (DJ):    0.000ns
    Phase Error              (PE):    0.000ns

    Location             Delay type                Incr(ns)  Path(ns)    Netlist Resource(s)
  -------------------------------------------------------------------    -------------------
                         (clock clk_fpga_0 rise edge)
                                                      0.000     0.000 r  
    PS7_X0Y0             PS7                          0.000     0.000 r  rv32_top_i/ps7/inst/PS7_i/FCLKCLK[0]
                         net (fo=1, routed)           1.193     1.193    rv32_top_i/ps7/inst/FCLK_CLK_unbuffered[0]
    BUFGCTRL_X0Y17       BUFG (Prop_bufg_I_O)         0.101     1.294 r  rv32_top_i/ps7/inst/buffer_fclk_clk_0.FCLK_CLK_0_BUFG_replica/O
                         net (fo=6, routed)           0.146     1.440    rv32_top_i/ps7/inst/FCLK_CLK0_repN
    BUFGCTRL_X0Y16       BUFG (Prop_bufg_I_O)         0.101     1.541 r  rv32_top_i/ps7/inst/buffer_fclk_clk_0.FCLK_CLK_0_BUFG/O
                         net (fo=12375, routed)       1.641     3.182    rv32_top_i/rst_ps7_50M/U0/slowest_sync_clk
    SLICE_X32Y81         FDRE                                         r  rv32_top_i/rst_ps7_50M/U0/ACTIVE_LOW_PR_OUT_DFF[0].FDRE_PER_N/C
  -------------------------------------------------------------------    -------------------
    SLICE_X32Y81         FDRE (Prop_fdre_C_Q)         0.518     3.700 r  rv32_top_i/rst_ps7_50M/U0/ACTIVE_LOW_PR_OUT_DFF[0].FDRE_PER_N/Q
                         net (fo=40, routed)          2.154     5.854    rv32_top_i/plat/U0/u_ctrl/S_AXI_ARESETN
    SLICE_X31Y96         LUT2 (Prop_lut2_I1_O)        0.124     5.978 f  rv32_top_i/plat/U0/u_ctrl/regs[1][31]_i_1/O
                         net (fo=1609, routed)        4.359    10.337    rv32_top_i/plat/U0/u_core/regs_reg[31][0]
    SLICE_X36Y147        FDCE                                         f  rv32_top_i/plat/U0/u_core/shadow_reg[3][19]/CLR
  -------------------------------------------------------------------    -------------------

                         (clock clk_fpga_0 rise edge)
                                                      8.000     8.000 r  
    PS7_X0Y0             PS7                          0.000     8.000 r  rv32_top_i/ps7/inst/PS7_i/FCLKCLK[0]
                         net (fo=1, routed)           1.088     9.088    rv32_top_i/ps7/inst/FCLK_CLK_unbuffered[0]
    BUFGCTRL_X0Y17       BUFG (Prop_bufg_I_O)         0.091     9.179 r  rv32_top_i/ps7/inst/buffer_fclk_clk_0.FCLK_CLK_0_BUFG_replica/O
                         net (fo=6, routed)           0.133     9.312    rv32_top_i/ps7/inst/FCLK_CLK0_repN
    BUFGCTRL_X0Y16       BUFG (Prop_bufg_I_O)         0.091     9.403 r  rv32_top_i/ps7/inst/buffer_fclk_clk_0.FCLK_CLK_0_BUFG/O
                         net (fo=12375, routed)       1.654    11.057    rv32_top_i/plat/U0/u_core/S_AXI_ACLK
    SLICE_X36Y147        FDCE                                         r  rv32_top_i/plat/U0/u_core/shadow_reg[3][19]/C
                         clock pessimism              0.152    11.209    
                         clock uncertainty           -0.125    11.084    
    SLICE_X36Y147        FDCE (Recov_fdce_C_CLR)     -0.319    10.765    rv32_top_i/plat/U0/u_core/shadow_reg[3][19]
  -------------------------------------------------------------------
                         required time                         10.765    
                         arrival time                         -10.337    
  -------------------------------------------------------------------
                         slack                                  0.428    

Slack (MET) :             0.428ns  (required time - arrival time)
  Source:                 rv32_top_i/rst_ps7_50M/U0/ACTIVE_LOW_PR_OUT_DFF[0].FDRE_PER_N/C
                            (rising edge-triggered cell FDRE clocked by clk_fpga_0  {rise@0.000ns fall@4.000ns period=8.000ns})
  Destination:            rv32_top_i/plat/U0/u_core/shadow_reg[3][22]/CLR
                            (recovery check against rising-edge clock clk_fpga_0  {rise@0.000ns fall@4.000ns period=8.000ns})
  Path Group:             **async_default**
  Path Type:              Recovery (Max at Slow Process Corner)
  Requirement:            8.000ns  (clk_fpga_0 rise@8.000ns - clk_fpga_0 rise@0.000ns)
  Data Path Delay:        7.155ns  (logic 0.642ns (8.972%)  route 6.513ns (91.028%))
  Logic Levels:           1  (LUT2=1)
  Clock Path Skew:        0.027ns (DCD - SCD + CPR)
    Destination Clock Delay (DCD):    3.057ns = ( 11.057 - 8.000 ) 
    Source Clock Delay      (SCD):    3.182ns
    Clock Pessimism Removal (CPR):    0.152ns
  Clock Uncertainty:      0.125ns  ((TSJ^2 + TIJ^2)^1/2 + DJ) / 2 + PE
    Total System Jitter     (TSJ):    0.071ns
    Total Input Jitter      (TIJ):    0.240ns
    Discrete Jitter          (DJ):    0.000ns
    Phase Error              (PE):    0.000ns

    Location             Delay type                Incr(ns)  Path(ns)    Netlist Resource(s)
  -------------------------------------------------------------------    -------------------
                         (clock clk_fpga_0 rise edge)
                                                      0.000     0.000 r  
    PS7_X0Y0             PS7                          0.000     0.000 r  rv32_top_i/ps7/inst/PS7_i/FCLKCLK[0]
                         net (fo=1, routed)           1.193     1.193    rv32_top_i/ps7/inst/FCLK_CLK_unbuffered[0]
    BUFGCTRL_X0Y17       BUFG (Prop_bufg_I_O)         0.101     1.294 r  rv32_top_i/ps7/inst/buffer_fclk_clk_0.FCLK_CLK_0_BUFG_replica/O
                         net (fo=6, routed)           0.146     1.440    rv32_top_i/ps7/inst/FCLK_CLK0_repN
    BUFGCTRL_X0Y16       BUFG (Prop_bufg_I_O)         0.101     1.541 r  rv32_top_i/ps7/inst/buffer_fclk_clk_0.FCLK_CLK_0_BUFG/O
                         net (fo=12375, routed)       1.641     3.182    rv32_top_i/rst_ps7_50M/U0/slowest_sync_clk
    SLICE_X32Y81         FDRE                                         r  rv32_top_i/rst_ps7_50M/U0/ACTIVE_LOW_PR_OUT_DFF[0].FDRE_PER_N/C
  -------------------------------------------------------------------    -------------------
    SLICE_X32Y81         FDRE (Prop_fdre_C_Q)         0.518     3.700 r  rv32_top_i/rst_ps7_50M/U0/ACTIVE_LOW_PR_OUT_DFF[0].FDRE_PER_N/Q
                         net (fo=40, routed)          2.154     5.854    rv32_top_i/plat/U0/u_ctrl/S_AXI_ARESETN
    SLICE_X31Y96         LUT2 (Prop_lut2_I1_O)        0.124     5.978 f  rv32_top_i/plat/U0/u_ctrl/regs[1][31]_i_1/O
                         net (fo=1609, routed)        4.359    10.337    rv32_top_i/plat/U0/u_core/regs_reg[31][0]
    SLICE_X36Y147        FDCE                                         f  rv32_top_i/plat/U0/u_core/shadow_reg[3][22]/CLR
  -------------------------------------------------------------------    -------------------

                         (clock clk_fpga_0 rise edge)
                                                      8.000     8.000 r  
    PS7_X0Y0             PS7                          0.000     8.000 r  rv32_top_i/ps7/inst/PS7_i/FCLKCLK[0]
                         net (fo=1, routed)           1.088     9.088    rv32_top_i/ps7/inst/FCLK_CLK_unbuffered[0]
    BUFGCTRL_X0Y17       BUFG (Prop_bufg_I_O)         0.091     9.179 r  rv32_top_i/ps7/inst/buffer_fclk_clk_0.FCLK_CLK_0_BUFG_replica/O
                         net (fo=6, routed)           0.133     9.312    rv32_top_i/ps7/inst/FCLK_CLK0_repN
    BUFGCTRL_X0Y16       BUFG (Prop_bufg_I_O)         0.091     9.403 r  rv32_top_i/ps7/inst/buffer_fclk_clk_0.FCLK_CLK_0_BUFG/O
                         net (fo=12375, routed)       1.654    11.057    rv32_top_i/plat/U0/u_core/S_AXI_ACLK
    SLICE_X36Y147        FDCE                                         r  rv32_top_i/plat/U0/u_core/shadow_reg[3][22]/C
                         clock pessimism              0.152    11.209    
                         clock uncertainty           -0.125    11.084    
    SLICE_X36Y147        FDCE (Recov_fdce_C_CLR)     -0.319    10.765    rv32_top_i/plat/U0/u_core/shadow_reg[3][22]
  -------------------------------------------------------------------
                         required time                         10.765    
                         arrival time                         -10.337    
  -------------------------------------------------------------------
                         slack                                  0.428    

Slack (MET) :             0.452ns  (required time - arrival time)
  Source:                 rv32_top_i/rst_ps7_50M/U0/ACTIVE_LOW_PR_OUT_DFF[0].FDRE_PER_N/C
                            (rising edge-triggered cell FDRE clocked by clk_fpga_0  {rise@0.000ns fall@4.000ns period=8.000ns})
  Destination:            rv32_top_i/plat/U0/u_core/shadow_reg[28][21]/CLR
                            (recovery check against rising-edge clock clk_fpga_0  {rise@0.000ns fall@4.000ns period=8.000ns})
  Path Group:             **async_default**
  Path Type:              Recovery (Max at Slow Process Corner)
  Requirement:            8.000ns  (clk_fpga_0 rise@8.000ns - clk_fpga_0 rise@0.000ns)
  Data Path Delay:        7.131ns  (logic 0.642ns (9.003%)  route 6.489ns (90.997%))
  Logic Levels:           1  (LUT2=1)
  Clock Path Skew:        0.027ns (DCD - SCD + CPR)
    Destination Clock Delay (DCD):    3.057ns = ( 11.057 - 8.000 ) 
    Source Clock Delay      (SCD):    3.182ns
    Clock Pessimism Removal (CPR):    0.152ns
  Clock Uncertainty:      0.125ns  ((TSJ^2 + TIJ^2)^1/2 + DJ) / 2 + PE
    Total System Jitter     (TSJ):    0.071ns
    Total Input Jitter      (TIJ):    0.240ns
    Discrete Jitter          (DJ):    0.000ns
    Phase Error              (PE):    0.000ns

    Location             Delay type                Incr(ns)  Path(ns)    Netlist Resource(s)
  -------------------------------------------------------------------    -------------------
                         (clock clk_fpga_0 rise edge)
                                                      0.000     0.000 r  
    PS7_X0Y0             PS7                          0.000     0.000 r  rv32_top_i/ps7/inst/PS7_i/FCLKCLK[0]
                         net (fo=1, routed)           1.193     1.193    rv32_top_i/ps7/inst/FCLK_CLK_unbuffered[0]
    BUFGCTRL_X0Y17       BUFG (Prop_bufg_I_O)         0.101     1.294 r  rv32_top_i/ps7/inst/buffer_fclk_clk_0.FCLK_CLK_0_BUFG_replica/O
                         net (fo=6, routed)           0.146     1.440    rv32_top_i/ps7/inst/FCLK_CLK0_repN
    BUFGCTRL_X0Y16       BUFG (Prop_bufg_I_O)         0.101     1.541 r  rv32_top_i/ps7/inst/buffer_fclk_clk_0.FCLK_CLK_0_BUFG/O
                         net (fo=12375, routed)       1.641     3.182    rv32_top_i/rst_ps7_50M/U0/slowest_sync_clk
    SLICE_X32Y81         FDRE                                         r  rv32_top_i/rst_ps7_50M/U0/ACTIVE_LOW_PR_OUT_DFF[0].FDRE_PER_N/C
  -------------------------------------------------------------------    -------------------
    SLICE_X32Y81         FDRE (Prop_fdre_C_Q)         0.518     3.700 r  rv32_top_i/rst_ps7_50M/U0/ACTIVE_LOW_PR_OUT_DFF[0].FDRE_PER_N/Q
                         net (fo=40, routed)          2.154     5.854    rv32_top_i/plat/U0/u_ctrl/S_AXI_ARESETN
    SLICE_X31Y96         LUT2 (Prop_lut2_I1_O)        0.124     5.978 f  rv32_top_i/plat/U0/u_ctrl/regs[1][31]_i_1/O
                         net (fo=1609, routed)        4.335    10.313    rv32_top_i/plat/U0/u_core/regs_reg[31][0]
    SLICE_X38Y148        FDCE                                         f  rv32_top_i/plat/U0/u_core/shadow_reg[28][21]/CLR
  -------------------------------------------------------------------    -------------------

                         (clock clk_fpga_0 rise edge)
                                                      8.000     8.000 r  
    PS7_X0Y0             PS7                          0.000     8.000 r  rv32_top_i/ps7/inst/PS7_i/FCLKCLK[0]
                         net (fo=1, routed)           1.088     9.088    rv32_top_i/ps7/inst/FCLK_CLK_unbuffered[0]
    BUFGCTRL_X0Y17       BUFG (Prop_bufg_I_O)         0.091     9.179 r  rv32_top_i/ps7/inst/buffer_fclk_clk_0.FCLK_CLK_0_BUFG_replica/O
                         net (fo=6, routed)           0.133     9.312    rv32_top_i/ps7/inst/FCLK_CLK0_repN
    BUFGCTRL_X0Y16       BUFG (Prop_bufg_I_O)         0.091     9.403 r  rv32_top_i/ps7/inst/buffer_fclk_clk_0.FCLK_CLK_0_BUFG/O
                         net (fo=12375, routed)       1.654    11.057    rv32_top_i/plat/U0/u_core/S_AXI_ACLK
    SLICE_X38Y148        FDCE                                         r  rv32_top_i/plat/U0/u_core/shadow_reg[28][21]/C
                         clock pessimism              0.152    11.209    
                         clock uncertainty           -0.125    11.084    
    SLICE_X38Y148        FDCE (Recov_fdce_C_CLR)     -0.319    10.765    rv32_top_i/plat/U0/u_core/shadow_reg[28][21]
  -------------------------------------------------------------------
                         required time                         10.765    
                         arrival time                         -10.313    
  -------------------------------------------------------------------
                         slack                                  0.452    

Slack (MET) :             0.452ns  (required time - arrival time)
  Source:                 rv32_top_i/rst_ps7_50M/U0/ACTIVE_LOW_PR_OUT_DFF[0].FDRE_PER_N/C
                            (rising edge-triggered cell FDRE clocked by clk_fpga_0  {rise@0.000ns fall@4.000ns period=8.000ns})
  Destination:            rv32_top_i/plat/U0/u_core/shadow_reg[28][22]/CLR
                            (recovery check against rising-edge clock clk_fpga_0  {rise@0.000ns fall@4.000ns period=8.000ns})
  Path Group:             **async_default**
  Path Type:              Recovery (Max at Slow Process Corner)
  Requirement:            8.000ns  (clk_fpga_0 rise@8.000ns - clk_fpga_0 rise@0.000ns)
  Data Path Delay:        7.131ns  (logic 0.642ns (9.003%)  route 6.489ns (90.997%))
  Logic Levels:           1  (LUT2=1)
  Clock Path Skew:        0.027ns (DCD - SCD + CPR)
    Destination Clock Delay (DCD):    3.057ns = ( 11.057 - 8.000 ) 
    Source Clock Delay      (SCD):    3.182ns
    Clock Pessimism Removal (CPR):    0.152ns
  Clock Uncertainty:      0.125ns  ((TSJ^2 + TIJ^2)^1/2 + DJ) / 2 + PE
    Total System Jitter     (TSJ):    0.071ns
    Total Input Jitter      (TIJ):    0.240ns
    Discrete Jitter          (DJ):    0.000ns
    Phase Error              (PE):    0.000ns

    Location             Delay type                Incr(ns)  Path(ns)    Netlist Resource(s)
  -------------------------------------------------------------------    -------------------
                         (clock clk_fpga_0 rise edge)
                                                      0.000     0.000 r  
    PS7_X0Y0             PS7                          0.000     0.000 r  rv32_top_i/ps7/inst/PS7_i/FCLKCLK[0]
                         net (fo=1, routed)           1.193     1.193    rv32_top_i/ps7/inst/FCLK_CLK_unbuffered[0]
    BUFGCTRL_X0Y17       BUFG (Prop_bufg_I_O)         0.101     1.294 r  rv32_top_i/ps7/inst/buffer_fclk_clk_0.FCLK_CLK_0_BUFG_replica/O
                         net (fo=6, routed)           0.146     1.440    rv32_top_i/ps7/inst/FCLK_CLK0_repN
    BUFGCTRL_X0Y16       BUFG (Prop_bufg_I_O)         0.101     1.541 r  rv32_top_i/ps7/inst/buffer_fclk_clk_0.FCLK_CLK_0_BUFG/O
                         net (fo=12375, routed)       1.641     3.182    rv32_top_i/rst_ps7_50M/U0/slowest_sync_clk
    SLICE_X32Y81         FDRE                                         r  rv32_top_i/rst_ps7_50M/U0/ACTIVE_LOW_PR_OUT_DFF[0].FDRE_PER_N/C
  -------------------------------------------------------------------    -------------------
    SLICE_X32Y81         FDRE (Prop_fdre_C_Q)         0.518     3.700 r  rv32_top_i/rst_ps7_50M/U0/ACTIVE_LOW_PR_OUT_DFF[0].FDRE_PER_N/Q
                         net (fo=40, routed)          2.154     5.854    rv32_top_i/plat/U0/u_ctrl/S_AXI_ARESETN
    SLICE_X31Y96         LUT2 (Prop_lut2_I1_O)        0.124     5.978 f  rv32_top_i/plat/U0/u_ctrl/regs[1][31]_i_1/O
                         net (fo=1609, routed)        4.335    10.313    rv32_top_i/plat/U0/u_core/regs_reg[31][0]
    SLICE_X38Y148        FDCE                                         f  rv32_top_i/plat/U0/u_core/shadow_reg[28][22]/CLR
  -------------------------------------------------------------------    -------------------

                         (clock clk_fpga_0 rise edge)
                                                      8.000     8.000 r  
    PS7_X0Y0             PS7                          0.000     8.000 r  rv32_top_i/ps7/inst/PS7_i/FCLKCLK[0]
                         net (fo=1, routed)           1.088     9.088    rv32_top_i/ps7/inst/FCLK_CLK_unbuffered[0]
    BUFGCTRL_X0Y17       BUFG (Prop_bufg_I_O)         0.091     9.179 r  rv32_top_i/ps7/inst/buffer_fclk_clk_0.FCLK_CLK_0_BUFG_replica/O
                         net (fo=6, routed)           0.133     9.312    rv32_top_i/ps7/inst/FCLK_CLK0_repN
    BUFGCTRL_X0Y16       BUFG (Prop_bufg_I_O)         0.091     9.403 r  rv32_top_i/ps7/inst/buffer_fclk_clk_0.FCLK_CLK_0_BUFG/O
                         net (fo=12375, routed)       1.654    11.057    rv32_top_i/plat/U0/u_core/S_AXI_ACLK
    SLICE_X38Y148        FDCE                                         r  rv32_top_i/plat/U0/u_core/shadow_reg[28][22]/C
                         clock pessimism              0.152    11.209    
                         clock uncertainty           -0.125    11.084    
    SLICE_X38Y148        FDCE (Recov_fdce_C_CLR)     -0.319    10.765    rv32_top_i/plat/U0/u_core/shadow_reg[28][22]
  -------------------------------------------------------------------
                         required time                         10.765    
                         arrival time                         -10.313    
  -------------------------------------------------------------------
                         slack                                  0.452    

Slack (MET) :             0.452ns  (required time - arrival time)
  Source:                 rv32_top_i/rst_ps7_50M/U0/ACTIVE_LOW_PR_OUT_DFF[0].FDRE_PER_N/C
                            (rising edge-triggered cell FDRE clocked by clk_fpga_0  {rise@0.000ns fall@4.000ns period=8.000ns})
  Destination:            rv32_top_i/plat/U0/u_core/shadow_reg[28][24]/CLR
                            (recovery check against rising-edge clock clk_fpga_0  {rise@0.000ns fall@4.000ns period=8.000ns})
  Path Group:             **async_default**
  Path Type:              Recovery (Max at Slow Process Corner)
  Requirement:            8.000ns  (clk_fpga_0 rise@8.000ns - clk_fpga_0 rise@0.000ns)
  Data Path Delay:        7.131ns  (logic 0.642ns (9.003%)  route 6.489ns (90.997%))
  Logic Levels:           1  (LUT2=1)
  Clock Path Skew:        0.027ns (DCD - SCD + CPR)
    Destination Clock Delay (DCD):    3.057ns = ( 11.057 - 8.000 ) 
    Source Clock Delay      (SCD):    3.182ns
    Clock Pessimism Removal (CPR):    0.152ns
  Clock Uncertainty:      0.125ns  ((TSJ^2 + TIJ^2)^1/2 + DJ) / 2 + PE
    Total System Jitter     (TSJ):    0.071ns
    Total Input Jitter      (TIJ):    0.240ns
    Discrete Jitter          (DJ):    0.000ns
    Phase Error              (PE):    0.000ns

    Location             Delay type                Incr(ns)  Path(ns)    Netlist Resource(s)
  -------------------------------------------------------------------    -------------------
                         (clock clk_fpga_0 rise edge)
                                                      0.000     0.000 r  
    PS7_X0Y0             PS7                          0.000     0.000 r  rv32_top_i/ps7/inst/PS7_i/FCLKCLK[0]
                         net (fo=1, routed)           1.193     1.193    rv32_top_i/ps7/inst/FCLK_CLK_unbuffered[0]
    BUFGCTRL_X0Y17       BUFG (Prop_bufg_I_O)         0.101     1.294 r  rv32_top_i/ps7/inst/buffer_fclk_clk_0.FCLK_CLK_0_BUFG_replica/O
                         net (fo=6, routed)           0.146     1.440    rv32_top_i/ps7/inst/FCLK_CLK0_repN
    BUFGCTRL_X0Y16       BUFG (Prop_bufg_I_O)         0.101     1.541 r  rv32_top_i/ps7/inst/buffer_fclk_clk_0.FCLK_CLK_0_BUFG/O
                         net (fo=12375, routed)       1.641     3.182    rv32_top_i/rst_ps7_50M/U0/slowest_sync_clk
    SLICE_X32Y81         FDRE                                         r  rv32_top_i/rst_ps7_50M/U0/ACTIVE_LOW_PR_OUT_DFF[0].FDRE_PER_N/C
  -------------------------------------------------------------------    -------------------
    SLICE_X32Y81         FDRE (Prop_fdre_C_Q)         0.518     3.700 r  rv32_top_i/rst_ps7_50M/U0/ACTIVE_LOW_PR_OUT_DFF[0].FDRE_PER_N/Q
                         net (fo=40, routed)          2.154     5.854    rv32_top_i/plat/U0/u_ctrl/S_AXI_ARESETN
    SLICE_X31Y96         LUT2 (Prop_lut2_I1_O)        0.124     5.978 f  rv32_top_i/plat/U0/u_ctrl/regs[1][31]_i_1/O
                         net (fo=1609, routed)        4.335    10.313    rv32_top_i/plat/U0/u_core/regs_reg[31][0]
    SLICE_X38Y148        FDCE                                         f  rv32_top_i/plat/U0/u_core/shadow_reg[28][24]/CLR
  -------------------------------------------------------------------    -------------------

                         (clock clk_fpga_0 rise edge)
                                                      8.000     8.000 r  
    PS7_X0Y0             PS7                          0.000     8.000 r  rv32_top_i/ps7/inst/PS7_i/FCLKCLK[0]
                         net (fo=1, routed)           1.088     9.088    rv32_top_i/ps7/inst/FCLK_CLK_unbuffered[0]
    BUFGCTRL_X0Y17       BUFG (Prop_bufg_I_O)         0.091     9.179 r  rv32_top_i/ps7/inst/buffer_fclk_clk_0.FCLK_CLK_0_BUFG_replica/O
                         net (fo=6, routed)           0.133     9.312    rv32_top_i/ps7/inst/FCLK_CLK0_repN
    BUFGCTRL_X0Y16       BUFG (Prop_bufg_I_O)         0.091     9.403 r  rv32_top_i/ps7/inst/buffer_fclk_clk_0.FCLK_CLK_0_BUFG/O
                         net (fo=12375, routed)       1.654    11.057    rv32_top_i/plat/U0/u_core/S_AXI_ACLK
    SLICE_X38Y148        FDCE                                         r  rv32_top_i/plat/U0/u_core/shadow_reg[28][24]/C
                         clock pessimism              0.152    11.209    
                         clock uncertainty           -0.125    11.084    
    SLICE_X38Y148        FDCE (Recov_fdce_C_CLR)     -0.319    10.765    rv32_top_i/plat/U0/u_core/shadow_reg[28][24]
  -------------------------------------------------------------------
                         required time                         10.765    
                         arrival time                         -10.313    
  -------------------------------------------------------------------
                         slack                                  0.452    

Slack (MET) :             0.452ns  (required time - arrival time)
  Source:                 rv32_top_i/rst_ps7_50M/U0/ACTIVE_LOW_PR_OUT_DFF[0].FDRE_PER_N/C
                            (rising edge-triggered cell FDRE clocked by clk_fpga_0  {rise@0.000ns fall@4.000ns period=8.000ns})
  Destination:            rv32_top_i/plat/U0/u_core/shadow_reg[28][29]/CLR
                            (recovery check against rising-edge clock clk_fpga_0  {rise@0.000ns fall@4.000ns period=8.000ns})
  Path Group:             **async_default**
  Path Type:              Recovery (Max at Slow Process Corner)
  Requirement:            8.000ns  (clk_fpga_0 rise@8.000ns - clk_fpga_0 rise@0.000ns)
  Data Path Delay:        7.131ns  (logic 0.642ns (9.003%)  route 6.489ns (90.997%))
  Logic Levels:           1  (LUT2=1)
  Clock Path Skew:        0.027ns (DCD - SCD + CPR)
    Destination Clock Delay (DCD):    3.057ns = ( 11.057 - 8.000 ) 
    Source Clock Delay      (SCD):    3.182ns
    Clock Pessimism Removal (CPR):    0.152ns
  Clock Uncertainty:      0.125ns  ((TSJ^2 + TIJ^2)^1/2 + DJ) / 2 + PE
    Total System Jitter     (TSJ):    0.071ns
    Total Input Jitter      (TIJ):    0.240ns
    Discrete Jitter          (DJ):    0.000ns
    Phase Error              (PE):    0.000ns

    Location             Delay type                Incr(ns)  Path(ns)    Netlist Resource(s)
  -------------------------------------------------------------------    -------------------
                         (clock clk_fpga_0 rise edge)
                                                      0.000     0.000 r  
    PS7_X0Y0             PS7                          0.000     0.000 r  rv32_top_i/ps7/inst/PS7_i/FCLKCLK[0]
                         net (fo=1, routed)           1.193     1.193    rv32_top_i/ps7/inst/FCLK_CLK_unbuffered[0]
    BUFGCTRL_X0Y17       BUFG (Prop_bufg_I_O)         0.101     1.294 r  rv32_top_i/ps7/inst/buffer_fclk_clk_0.FCLK_CLK_0_BUFG_replica/O
                         net (fo=6, routed)           0.146     1.440    rv32_top_i/ps7/inst/FCLK_CLK0_repN
    BUFGCTRL_X0Y16       BUFG (Prop_bufg_I_O)         0.101     1.541 r  rv32_top_i/ps7/inst/buffer_fclk_clk_0.FCLK_CLK_0_BUFG/O
                         net (fo=12375, routed)       1.641     3.182    rv32_top_i/rst_ps7_50M/U0/slowest_sync_clk
    SLICE_X32Y81         FDRE                                         r  rv32_top_i/rst_ps7_50M/U0/ACTIVE_LOW_PR_OUT_DFF[0].FDRE_PER_N/C
  -------------------------------------------------------------------    -------------------
    SLICE_X32Y81         FDRE (Prop_fdre_C_Q)         0.518     3.700 r  rv32_top_i/rst_ps7_50M/U0/ACTIVE_LOW_PR_OUT_DFF[0].FDRE_PER_N/Q
                         net (fo=40, routed)          2.154     5.854    rv32_top_i/plat/U0/u_ctrl/S_AXI_ARESETN
    SLICE_X31Y96         LUT2 (Prop_lut2_I1_O)        0.124     5.978 f  rv32_top_i/plat/U0/u_ctrl/regs[1][31]_i_1/O
                         net (fo=1609, routed)        4.335    10.313    rv32_top_i/plat/U0/u_core/regs_reg[31][0]
    SLICE_X38Y148        FDCE                                         f  rv32_top_i/plat/U0/u_core/shadow_reg[28][29]/CLR
  -------------------------------------------------------------------    -------------------

                         (clock clk_fpga_0 rise edge)
                                                      8.000     8.000 r  
    PS7_X0Y0             PS7                          0.000     8.000 r  rv32_top_i/ps7/inst/PS7_i/FCLKCLK[0]
                         net (fo=1, routed)           1.088     9.088    rv32_top_i/ps7/inst/FCLK_CLK_unbuffered[0]
    BUFGCTRL_X0Y17       BUFG (Prop_bufg_I_O)         0.091     9.179 r  rv32_top_i/ps7/inst/buffer_fclk_clk_0.FCLK_CLK_0_BUFG_replica/O
                         net (fo=6, routed)           0.133     9.312    rv32_top_i/ps7/inst/FCLK_CLK0_repN
    BUFGCTRL_X0Y16       BUFG (Prop_bufg_I_O)         0.091     9.403 r  rv32_top_i/ps7/inst/buffer_fclk_clk_0.FCLK_CLK_0_BUFG/O
                         net (fo=12375, routed)       1.654    11.057    rv32_top_i/plat/U0/u_core/S_AXI_ACLK
    SLICE_X38Y148        FDCE                                         r  rv32_top_i/plat/U0/u_core/shadow_reg[28][29]/C
                         clock pessimism              0.152    11.209    
                         clock uncertainty           -0.125    11.084    
    SLICE_X38Y148        FDCE (Recov_fdce_C_CLR)     -0.319    10.765    rv32_top_i/plat/U0/u_core/shadow_reg[28][29]
  -------------------------------------------------------------------
                         required time                         10.765    
                         arrival time                         -10.313    
  -------------------------------------------------------------------
                         slack                                  0.452    

Slack (MET) :             0.462ns  (required time - arrival time)
  Source:                 rv32_top_i/rst_ps7_50M/U0/ACTIVE_LOW_PR_OUT_DFF[0].FDRE_PER_N/C
                            (rising edge-triggered cell FDRE clocked by clk_fpga_0  {rise@0.000ns fall@4.000ns period=8.000ns})
  Destination:            rv32_top_i/plat/U0/u_core/shadow_reg[17][21]/CLR
                            (recovery check against rising-edge clock clk_fpga_0  {rise@0.000ns fall@4.000ns period=8.000ns})
  Path Group:             **async_default**
  Path Type:              Recovery (Max at Slow Process Corner)
  Requirement:            8.000ns  (clk_fpga_0 rise@8.000ns - clk_fpga_0 rise@0.000ns)
  Data Path Delay:        7.121ns  (logic 0.642ns (9.015%)  route 6.479ns (90.985%))
  Logic Levels:           1  (LUT2=1)
  Clock Path Skew:        0.027ns (DCD - SCD + CPR)
    Destination Clock Delay (DCD):    3.057ns = ( 11.057 - 8.000 ) 
    Source Clock Delay      (SCD):    3.182ns
    Clock Pessimism Removal (CPR):    0.152ns
  Clock Uncertainty:      0.125ns  ((TSJ^2 + TIJ^2)^1/2 + DJ) / 2 + PE
    Total System Jitter     (TSJ):    0.071ns
    Total Input Jitter      (TIJ):    0.240ns
    Discrete Jitter          (DJ):    0.000ns
    Phase Error              (PE):    0.000ns

    Location             Delay type                Incr(ns)  Path(ns)    Netlist Resource(s)
  -------------------------------------------------------------------    -------------------
                         (clock clk_fpga_0 rise edge)
                                                      0.000     0.000 r  
    PS7_X0Y0             PS7                          0.000     0.000 r  rv32_top_i/ps7/inst/PS7_i/FCLKCLK[0]
                         net (fo=1, routed)           1.193     1.193    rv32_top_i/ps7/inst/FCLK_CLK_unbuffered[0]
    BUFGCTRL_X0Y17       BUFG (Prop_bufg_I_O)         0.101     1.294 r  rv32_top_i/ps7/inst/buffer_fclk_clk_0.FCLK_CLK_0_BUFG_replica/O
                         net (fo=6, routed)           0.146     1.440    rv32_top_i/ps7/inst/FCLK_CLK0_repN
    BUFGCTRL_X0Y16       BUFG (Prop_bufg_I_O)         0.101     1.541 r  rv32_top_i/ps7/inst/buffer_fclk_clk_0.FCLK_CLK_0_BUFG/O
                         net (fo=12375, routed)       1.641     3.182    rv32_top_i/rst_ps7_50M/U0/slowest_sync_clk
    SLICE_X32Y81         FDRE                                         r  rv32_top_i/rst_ps7_50M/U0/ACTIVE_LOW_PR_OUT_DFF[0].FDRE_PER_N/C
  -------------------------------------------------------------------    -------------------
    SLICE_X32Y81         FDRE (Prop_fdre_C_Q)         0.518     3.700 r  rv32_top_i/rst_ps7_50M/U0/ACTIVE_LOW_PR_OUT_DFF[0].FDRE_PER_N/Q
                         net (fo=40, routed)          2.154     5.854    rv32_top_i/plat/U0/u_ctrl/S_AXI_ARESETN
    SLICE_X31Y96         LUT2 (Prop_lut2_I1_O)        0.124     5.978 f  rv32_top_i/plat/U0/u_ctrl/regs[1][31]_i_1/O
                         net (fo=1609, routed)        4.325    10.303    rv32_top_i/plat/U0/u_core/regs_reg[31][0]
    SLICE_X38Y149        FDCE                                         f  rv32_top_i/plat/U0/u_core/shadow_reg[17][21]/CLR
  -------------------------------------------------------------------    -------------------

                         (clock clk_fpga_0 rise edge)
                                                      8.000     8.000 r  
    PS7_X0Y0             PS7                          0.000     8.000 r  rv32_top_i/ps7/inst/PS7_i/FCLKCLK[0]
                         net (fo=1, routed)           1.088     9.088    rv32_top_i/ps7/inst/FCLK_CLK_unbuffered[0]
    BUFGCTRL_X0Y17       BUFG (Prop_bufg_I_O)         0.091     9.179 r  rv32_top_i/ps7/inst/buffer_fclk_clk_0.FCLK_CLK_0_BUFG_replica/O
                         net (fo=6, routed)           0.133     9.312    rv32_top_i/ps7/inst/FCLK_CLK0_repN
    BUFGCTRL_X0Y16       BUFG (Prop_bufg_I_O)         0.091     9.403 r  rv32_top_i/ps7/inst/buffer_fclk_clk_0.FCLK_CLK_0_BUFG/O
                         net (fo=12375, routed)       1.654    11.057    rv32_top_i/plat/U0/u_core/S_AXI_ACLK
    SLICE_X38Y149        FDCE                                         r  rv32_top_i/plat/U0/u_core/shadow_reg[17][21]/C
                         clock pessimism              0.152    11.209    
                         clock uncertainty           -0.125    11.084    
    SLICE_X38Y149        FDCE (Recov_fdce_C_CLR)     -0.319    10.765    rv32_top_i/plat/U0/u_core/shadow_reg[17][21]
  -------------------------------------------------------------------
                         required time                         10.765    
                         arrival time                         -10.303    
  -------------------------------------------------------------------
                         slack                                  0.462    

Slack (MET) :             0.462ns  (required time - arrival time)
  Source:                 rv32_top_i/rst_ps7_50M/U0/ACTIVE_LOW_PR_OUT_DFF[0].FDRE_PER_N/C
                            (rising edge-triggered cell FDRE clocked by clk_fpga_0  {rise@0.000ns fall@4.000ns period=8.000ns})
  Destination:            rv32_top_i/plat/U0/u_core/shadow_reg[17][22]/CLR
                            (recovery check against rising-edge clock clk_fpga_0  {rise@0.000ns fall@4.000ns period=8.000ns})
  Path Group:             **async_default**
  Path Type:              Recovery (Max at Slow Process Corner)
  Requirement:            8.000ns  (clk_fpga_0 rise@8.000ns - clk_fpga_0 rise@0.000ns)
  Data Path Delay:        7.121ns  (logic 0.642ns (9.015%)  route 6.479ns (90.985%))
  Logic Levels:           1  (LUT2=1)
  Clock Path Skew:        0.027ns (DCD - SCD + CPR)
    Destination Clock Delay (DCD):    3.057ns = ( 11.057 - 8.000 ) 
    Source Clock Delay      (SCD):    3.182ns
    Clock Pessimism Removal (CPR):    0.152ns
  Clock Uncertainty:      0.125ns  ((TSJ^2 + TIJ^2)^1/2 + DJ) / 2 + PE
    Total System Jitter     (TSJ):    0.071ns
    Total Input Jitter      (TIJ):    0.240ns
    Discrete Jitter          (DJ):    0.000ns
    Phase Error              (PE):    0.000ns

    Location             Delay type                Incr(ns)  Path(ns)    Netlist Resource(s)
  -------------------------------------------------------------------    -------------------
                         (clock clk_fpga_0 rise edge)
                                                      0.000     0.000 r  
    PS7_X0Y0             PS7                          0.000     0.000 r  rv32_top_i/ps7/inst/PS7_i/FCLKCLK[0]
                         net (fo=1, routed)           1.193     1.193    rv32_top_i/ps7/inst/FCLK_CLK_unbuffered[0]
    BUFGCTRL_X0Y17       BUFG (Prop_bufg_I_O)         0.101     1.294 r  rv32_top_i/ps7/inst/buffer_fclk_clk_0.FCLK_CLK_0_BUFG_replica/O
                         net (fo=6, routed)           0.146     1.440    rv32_top_i/ps7/inst/FCLK_CLK0_repN
    BUFGCTRL_X0Y16       BUFG (Prop_bufg_I_O)         0.101     1.541 r  rv32_top_i/ps7/inst/buffer_fclk_clk_0.FCLK_CLK_0_BUFG/O
                         net (fo=12375, routed)       1.641     3.182    rv32_top_i/rst_ps7_50M/U0/slowest_sync_clk
    SLICE_X32Y81         FDRE                                         r  rv32_top_i/rst_ps7_50M/U0/ACTIVE_LOW_PR_OUT_DFF[0].FDRE_PER_N/C
  -------------------------------------------------------------------    -------------------
    SLICE_X32Y81         FDRE (Prop_fdre_C_Q)         0.518     3.700 r  rv32_top_i/rst_ps7_50M/U0/ACTIVE_LOW_PR_OUT_DFF[0].FDRE_PER_N/Q
                         net (fo=40, routed)          2.154     5.854    rv32_top_i/plat/U0/u_ctrl/S_AXI_ARESETN
    SLICE_X31Y96         LUT2 (Prop_lut2_I1_O)        0.124     5.978 f  rv32_top_i/plat/U0/u_ctrl/regs[1][31]_i_1/O
                         net (fo=1609, routed)        4.325    10.303    rv32_top_i/plat/U0/u_core/regs_reg[31][0]
    SLICE_X38Y149        FDCE                                         f  rv32_top_i/plat/U0/u_core/shadow_reg[17][22]/CLR
  -------------------------------------------------------------------    -------------------

                         (clock clk_fpga_0 rise edge)
                                                      8.000     8.000 r  
    PS7_X0Y0             PS7                          0.000     8.000 r  rv32_top_i/ps7/inst/PS7_i/FCLKCLK[0]
                         net (fo=1, routed)           1.088     9.088    rv32_top_i/ps7/inst/FCLK_CLK_unbuffered[0]
    BUFGCTRL_X0Y17       BUFG (Prop_bufg_I_O)         0.091     9.179 r  rv32_top_i/ps7/inst/buffer_fclk_clk_0.FCLK_CLK_0_BUFG_replica/O
                         net (fo=6, routed)           0.133     9.312    rv32_top_i/ps7/inst/FCLK_CLK0_repN
    BUFGCTRL_X0Y16       BUFG (Prop_bufg_I_O)         0.091     9.403 r  rv32_top_i/ps7/inst/buffer_fclk_clk_0.FCLK_CLK_0_BUFG/O
                         net (fo=12375, routed)       1.654    11.057    rv32_top_i/plat/U0/u_core/S_AXI_ACLK
    SLICE_X38Y149        FDCE                                         r  rv32_top_i/plat/U0/u_core/shadow_reg[17][22]/C
                         clock pessimism              0.152    11.209    
                         clock uncertainty           -0.125    11.084    
    SLICE_X38Y149        FDCE (Recov_fdce_C_CLR)     -0.319    10.765    rv32_top_i/plat/U0/u_core/shadow_reg[17][22]
  -------------------------------------------------------------------
                         required time                         10.765    
                         arrival time                         -10.303    
  -------------------------------------------------------------------
                         slack                                  0.462    

Slack (MET) :             0.563ns  (required time - arrival time)
  Source:                 rv32_top_i/rst_ps7_50M/U0/ACTIVE_LOW_PR_OUT_DFF[0].FDRE_PER_N/C
                            (rising edge-triggered cell FDRE clocked by clk_fpga_0  {rise@0.000ns fall@4.000ns period=8.000ns})
  Destination:            rv32_top_i/plat/U0/u_dcache/u_tag/valid_mem_reg[24]/CLR
                            (recovery check against rising-edge clock clk_fpga_0  {rise@0.000ns fall@4.000ns period=8.000ns})
  Path Group:             **async_default**
  Path Type:              Recovery (Max at Slow Process Corner)
  Requirement:            8.000ns  (clk_fpga_0 rise@8.000ns - clk_fpga_0 rise@0.000ns)
  Data Path Delay:        6.983ns  (logic 0.642ns (9.194%)  route 6.341ns (90.806%))
  Logic Levels:           1  (LUT2=1)
  Clock Path Skew:        0.076ns (DCD - SCD + CPR)
    Destination Clock Delay (DCD):    3.106ns = ( 11.106 - 8.000 ) 
    Source Clock Delay      (SCD):    3.182ns
    Clock Pessimism Removal (CPR):    0.152ns
  Clock Uncertainty:      0.125ns  ((TSJ^2 + TIJ^2)^1/2 + DJ) / 2 + PE
    Total System Jitter     (TSJ):    0.071ns
    Total Input Jitter      (TIJ):    0.240ns
    Discrete Jitter          (DJ):    0.000ns
    Phase Error              (PE):    0.000ns

    Location             Delay type                Incr(ns)  Path(ns)    Netlist Resource(s)
  -------------------------------------------------------------------    -------------------
                         (clock clk_fpga_0 rise edge)
                                                      0.000     0.000 r  
    PS7_X0Y0             PS7                          0.000     0.000 r  rv32_top_i/ps7/inst/PS7_i/FCLKCLK[0]
                         net (fo=1, routed)           1.193     1.193    rv32_top_i/ps7/inst/FCLK_CLK_unbuffered[0]
    BUFGCTRL_X0Y17       BUFG (Prop_bufg_I_O)         0.101     1.294 r  rv32_top_i/ps7/inst/buffer_fclk_clk_0.FCLK_CLK_0_BUFG_replica/O
                         net (fo=6, routed)           0.146     1.440    rv32_top_i/ps7/inst/FCLK_CLK0_repN
    BUFGCTRL_X0Y16       BUFG (Prop_bufg_I_O)         0.101     1.541 r  rv32_top_i/ps7/inst/buffer_fclk_clk_0.FCLK_CLK_0_BUFG/O
                         net (fo=12375, routed)       1.641     3.182    rv32_top_i/rst_ps7_50M/U0/slowest_sync_clk
    SLICE_X32Y81         FDRE                                         r  rv32_top_i/rst_ps7_50M/U0/ACTIVE_LOW_PR_OUT_DFF[0].FDRE_PER_N/C
  -------------------------------------------------------------------    -------------------
    SLICE_X32Y81         FDRE (Prop_fdre_C_Q)         0.518     3.700 r  rv32_top_i/rst_ps7_50M/U0/ACTIVE_LOW_PR_OUT_DFF[0].FDRE_PER_N/Q
                         net (fo=40, routed)          2.154     5.854    rv32_top_i/plat/U0/u_ctrl/S_AXI_ARESETN
    SLICE_X31Y96         LUT2 (Prop_lut2_I1_O)        0.124     5.978 f  rv32_top_i/plat/U0/u_ctrl/regs[1][31]_i_1/O
                         net (fo=1609, routed)        4.187    10.165    rv32_top_i/plat/U0/u_dcache/u_tag/valid_mem_reg[0]_0
    SLICE_X59Y117        FDCE                                         f  rv32_top_i/plat/U0/u_dcache/u_tag/valid_mem_reg[24]/CLR
  -------------------------------------------------------------------    -------------------

                         (clock clk_fpga_0 rise edge)
                                                      8.000     8.000 r  
    PS7_X0Y0             PS7                          0.000     8.000 r  rv32_top_i/ps7/inst/PS7_i/FCLKCLK[0]
                         net (fo=1, routed)           1.088     9.088    rv32_top_i/ps7/inst/FCLK_CLK_unbuffered[0]
    BUFGCTRL_X0Y17       BUFG (Prop_bufg_I_O)         0.091     9.179 r  rv32_top_i/ps7/inst/buffer_fclk_clk_0.FCLK_CLK_0_BUFG_replica/O
                         net (fo=6, routed)           0.133     9.312    rv32_top_i/ps7/inst/FCLK_CLK0_repN
    BUFGCTRL_X0Y16       BUFG (Prop_bufg_I_O)         0.091     9.403 r  rv32_top_i/ps7/inst/buffer_fclk_clk_0.FCLK_CLK_0_BUFG/O
                         net (fo=12375, routed)       1.703    11.106    rv32_top_i/plat/U0/u_dcache/u_tag/S_AXI_ACLK
    SLICE_X59Y117        FDCE                                         r  rv32_top_i/plat/U0/u_dcache/u_tag/valid_mem_reg[24]/C
                         clock pessimism              0.152    11.258    
                         clock uncertainty           -0.125    11.133    
    SLICE_X59Y117        FDCE (Recov_fdce_C_CLR)     -0.405    10.728    rv32_top_i/plat/U0/u_dcache/u_tag/valid_mem_reg[24]
  -------------------------------------------------------------------
                         required time                         10.728    
                         arrival time                         -10.165    
  -------------------------------------------------------------------
                         slack                                  0.563    





Min Delay Paths
--------------------------------------------------------------------------------------
Slack (MET) :             0.862ns  (arrival time - required time)
  Source:                 rv32_top_i/plat/U0/u_ctrl/r_ctrl_reg[0]/C
                            (rising edge-triggered cell FDRE clocked by clk_fpga_0  {rise@0.000ns fall@4.000ns period=8.000ns})
  Destination:            rv32_top_i/plat/U0/u_dcache/u_axi/rbuf_reg[100]/CLR
                            (removal check against rising-edge clock clk_fpga_0  {rise@0.000ns fall@4.000ns period=8.000ns})
  Path Group:             **async_default**
  Path Type:              Removal (Min at Fast Process Corner)
  Requirement:            0.000ns  (clk_fpga_0 rise@0.000ns - clk_fpga_0 rise@0.000ns)
  Data Path Delay:        1.098ns  (logic 0.186ns (16.940%)  route 0.912ns (83.060%))
  Logic Levels:           1  (LUT2=1)
  Clock Path Skew:        0.328ns (DCD - SCD - CPR)
    Destination Clock Delay (DCD):    1.338ns
    Source Clock Delay      (SCD):    0.969ns
    Clock Pessimism Removal (CPR):    0.041ns

    Location             Delay type                Incr(ns)  Path(ns)    Netlist Resource(s)
  -------------------------------------------------------------------    -------------------
                         (clock clk_fpga_0 rise edge)
                                                      0.000     0.000 r  
    PS7_X0Y0             PS7                          0.000     0.000 r  rv32_top_i/ps7/inst/PS7_i/FCLKCLK[0]
                         net (fo=1, routed)           0.310     0.310    rv32_top_i/ps7/inst/FCLK_CLK_unbuffered[0]
    BUFGCTRL_X0Y17       BUFG (Prop_bufg_I_O)         0.026     0.336 r  rv32_top_i/ps7/inst/buffer_fclk_clk_0.FCLK_CLK_0_BUFG_replica/O
                         net (fo=6, routed)           0.030     0.366    rv32_top_i/ps7/inst/FCLK_CLK0_repN
    BUFGCTRL_X0Y16       BUFG (Prop_bufg_I_O)         0.026     0.392 r  rv32_top_i/ps7/inst/buffer_fclk_clk_0.FCLK_CLK_0_BUFG/O
                         net (fo=12375, routed)       0.577     0.969    rv32_top_i/plat/U0/u_ctrl/S_AXI_ACLK
    SLICE_X31Y97         FDRE                                         r  rv32_top_i/plat/U0/u_ctrl/r_ctrl_reg[0]/C
  -------------------------------------------------------------------    -------------------
    SLICE_X31Y97         FDRE (Prop_fdre_C_Q)         0.141     1.110 f  rv32_top_i/plat/U0/u_ctrl/r_ctrl_reg[0]/Q
                         net (fo=10, routed)          0.298     1.407    rv32_top_i/plat/U0/u_ctrl/cpu_reset
    SLICE_X31Y96         LUT2 (Prop_lut2_I0_O)        0.045     1.452 f  rv32_top_i/plat/U0/u_ctrl/regs[1][31]_i_1/O
                         net (fo=1609, routed)        0.614     2.067    rv32_top_i/plat/U0/u_dcache/u_axi/beat_reg[0]_1
    SLICE_X41Y103        FDCE                                         f  rv32_top_i/plat/U0/u_dcache/u_axi/rbuf_reg[100]/CLR
  -------------------------------------------------------------------    -------------------

                         (clock clk_fpga_0 rise edge)
                                                      0.000     0.000 r  
    PS7_X0Y0             PS7                          0.000     0.000 r  rv32_top_i/ps7/inst/PS7_i/FCLKCLK[0]
                         net (fo=1, routed)           0.337     0.337    rv32_top_i/ps7/inst/FCLK_CLK_unbuffered[0]
    BUFGCTRL_X0Y17       BUFG (Prop_bufg_I_O)         0.029     0.366 r  rv32_top_i/ps7/inst/buffer_fclk_clk_0.FCLK_CLK_0_BUFG_replica/O
                         net (fo=6, routed)           0.033     0.399    rv32_top_i/ps7/inst/FCLK_CLK0_repN
    BUFGCTRL_X0Y16       BUFG (Prop_bufg_I_O)         0.029     0.428 r  rv32_top_i/ps7/inst/buffer_fclk_clk_0.FCLK_CLK_0_BUFG/O
                         net (fo=12375, routed)       0.910     1.338    rv32_top_i/plat/U0/u_dcache/u_axi/S_AXI_ACLK
    SLICE_X41Y103        FDCE                                         r  rv32_top_i/plat/U0/u_dcache/u_axi/rbuf_reg[100]/C
                         clock pessimism             -0.041     1.297    
    SLICE_X41Y103        FDCE (Remov_fdce_C_CLR)     -0.092     1.205    rv32_top_i/plat/U0/u_dcache/u_axi/rbuf_reg[100]
  -------------------------------------------------------------------
                         required time                         -1.205    
                         arrival time                           2.067    
  -------------------------------------------------------------------
                         slack                                  0.862    

Slack (MET) :             0.862ns  (arrival time - required time)
  Source:                 rv32_top_i/plat/U0/u_ctrl/r_ctrl_reg[0]/C
                            (rising edge-triggered cell FDRE clocked by clk_fpga_0  {rise@0.000ns fall@4.000ns period=8.000ns})
  Destination:            rv32_top_i/plat/U0/u_dcache/u_axi/rbuf_reg[102]/CLR
                            (removal check against rising-edge clock clk_fpga_0  {rise@0.000ns fall@4.000ns period=8.000ns})
  Path Group:             **async_default**
  Path Type:              Removal (Min at Fast Process Corner)
  Requirement:            0.000ns  (clk_fpga_0 rise@0.000ns - clk_fpga_0 rise@0.000ns)
  Data Path Delay:        1.098ns  (logic 0.186ns (16.940%)  route 0.912ns (83.060%))
  Logic Levels:           1  (LUT2=1)
  Clock Path Skew:        0.328ns (DCD - SCD - CPR)
    Destination Clock Delay (DCD):    1.338ns
    Source Clock Delay      (SCD):    0.969ns
    Clock Pessimism Removal (CPR):    0.041ns

    Location             Delay type                Incr(ns)  Path(ns)    Netlist Resource(s)
  -------------------------------------------------------------------    -------------------
                         (clock clk_fpga_0 rise edge)
                                                      0.000     0.000 r  
    PS7_X0Y0             PS7                          0.000     0.000 r  rv32_top_i/ps7/inst/PS7_i/FCLKCLK[0]
                         net (fo=1, routed)           0.310     0.310    rv32_top_i/ps7/inst/FCLK_CLK_unbuffered[0]
    BUFGCTRL_X0Y17       BUFG (Prop_bufg_I_O)         0.026     0.336 r  rv32_top_i/ps7/inst/buffer_fclk_clk_0.FCLK_CLK_0_BUFG_replica/O
                         net (fo=6, routed)           0.030     0.366    rv32_top_i/ps7/inst/FCLK_CLK0_repN
    BUFGCTRL_X0Y16       BUFG (Prop_bufg_I_O)         0.026     0.392 r  rv32_top_i/ps7/inst/buffer_fclk_clk_0.FCLK_CLK_0_BUFG/O
                         net (fo=12375, routed)       0.577     0.969    rv32_top_i/plat/U0/u_ctrl/S_AXI_ACLK
    SLICE_X31Y97         FDRE                                         r  rv32_top_i/plat/U0/u_ctrl/r_ctrl_reg[0]/C
  -------------------------------------------------------------------    -------------------
    SLICE_X31Y97         FDRE (Prop_fdre_C_Q)         0.141     1.110 f  rv32_top_i/plat/U0/u_ctrl/r_ctrl_reg[0]/Q
                         net (fo=10, routed)          0.298     1.407    rv32_top_i/plat/U0/u_ctrl/cpu_reset
    SLICE_X31Y96         LUT2 (Prop_lut2_I0_O)        0.045     1.452 f  rv32_top_i/plat/U0/u_ctrl/regs[1][31]_i_1/O
                         net (fo=1609, routed)        0.614     2.067    rv32_top_i/plat/U0/u_dcache/u_axi/beat_reg[0]_1
    SLICE_X41Y103        FDCE                                         f  rv32_top_i/plat/U0/u_dcache/u_axi/rbuf_reg[102]/CLR
  -------------------------------------------------------------------    -------------------

                         (clock clk_fpga_0 rise edge)
                                                      0.000     0.000 r  
    PS7_X0Y0             PS7                          0.000     0.000 r  rv32_top_i/ps7/inst/PS7_i/FCLKCLK[0]
                         net (fo=1, routed)           0.337     0.337    rv32_top_i/ps7/inst/FCLK_CLK_unbuffered[0]
    BUFGCTRL_X0Y17       BUFG (Prop_bufg_I_O)         0.029     0.366 r  rv32_top_i/ps7/inst/buffer_fclk_clk_0.FCLK_CLK_0_BUFG_replica/O
                         net (fo=6, routed)           0.033     0.399    rv32_top_i/ps7/inst/FCLK_CLK0_repN
    BUFGCTRL_X0Y16       BUFG (Prop_bufg_I_O)         0.029     0.428 r  rv32_top_i/ps7/inst/buffer_fclk_clk_0.FCLK_CLK_0_BUFG/O
                         net (fo=12375, routed)       0.910     1.338    rv32_top_i/plat/U0/u_dcache/u_axi/S_AXI_ACLK
    SLICE_X41Y103        FDCE                                         r  rv32_top_i/plat/U0/u_dcache/u_axi/rbuf_reg[102]/C
                         clock pessimism             -0.041     1.297    
    SLICE_X41Y103        FDCE (Remov_fdce_C_CLR)     -0.092     1.205    rv32_top_i/plat/U0/u_dcache/u_axi/rbuf_reg[102]
  -------------------------------------------------------------------
                         required time                         -1.205    
                         arrival time                           2.067    
  -------------------------------------------------------------------
                         slack                                  0.862    

Slack (MET) :             0.862ns  (arrival time - required time)
  Source:                 rv32_top_i/plat/U0/u_ctrl/r_ctrl_reg[0]/C
                            (rising edge-triggered cell FDRE clocked by clk_fpga_0  {rise@0.000ns fall@4.000ns period=8.000ns})
  Destination:            rv32_top_i/plat/U0/u_dcache/u_axi/rbuf_reg[111]/CLR
                            (removal check against rising-edge clock clk_fpga_0  {rise@0.000ns fall@4.000ns period=8.000ns})
  Path Group:             **async_default**
  Path Type:              Removal (Min at Fast Process Corner)
  Requirement:            0.000ns  (clk_fpga_0 rise@0.000ns - clk_fpga_0 rise@0.000ns)
  Data Path Delay:        1.098ns  (logic 0.186ns (16.940%)  route 0.912ns (83.060%))
  Logic Levels:           1  (LUT2=1)
  Clock Path Skew:        0.328ns (DCD - SCD - CPR)
    Destination Clock Delay (DCD):    1.338ns
    Source Clock Delay      (SCD):    0.969ns
    Clock Pessimism Removal (CPR):    0.041ns

    Location             Delay type                Incr(ns)  Path(ns)    Netlist Resource(s)
  -------------------------------------------------------------------    -------------------
                         (clock clk_fpga_0 rise edge)
                                                      0.000     0.000 r  
    PS7_X0Y0             PS7                          0.000     0.000 r  rv32_top_i/ps7/inst/PS7_i/FCLKCLK[0]
                         net (fo=1, routed)           0.310     0.310    rv32_top_i/ps7/inst/FCLK_CLK_unbuffered[0]
    BUFGCTRL_X0Y17       BUFG (Prop_bufg_I_O)         0.026     0.336 r  rv32_top_i/ps7/inst/buffer_fclk_clk_0.FCLK_CLK_0_BUFG_replica/O
                         net (fo=6, routed)           0.030     0.366    rv32_top_i/ps7/inst/FCLK_CLK0_repN
    BUFGCTRL_X0Y16       BUFG (Prop_bufg_I_O)         0.026     0.392 r  rv32_top_i/ps7/inst/buffer_fclk_clk_0.FCLK_CLK_0_BUFG/O
                         net (fo=12375, routed)       0.577     0.969    rv32_top_i/plat/U0/u_ctrl/S_AXI_ACLK
    SLICE_X31Y97         FDRE                                         r  rv32_top_i/plat/U0/u_ctrl/r_ctrl_reg[0]/C
  -------------------------------------------------------------------    -------------------
    SLICE_X31Y97         FDRE (Prop_fdre_C_Q)         0.141     1.110 f  rv32_top_i/plat/U0/u_ctrl/r_ctrl_reg[0]/Q
                         net (fo=10, routed)          0.298     1.407    rv32_top_i/plat/U0/u_ctrl/cpu_reset
    SLICE_X31Y96         LUT2 (Prop_lut2_I0_O)        0.045     1.452 f  rv32_top_i/plat/U0/u_ctrl/regs[1][31]_i_1/O
                         net (fo=1609, routed)        0.614     2.067    rv32_top_i/plat/U0/u_dcache/u_axi/beat_reg[0]_1
    SLICE_X41Y103        FDCE                                         f  rv32_top_i/plat/U0/u_dcache/u_axi/rbuf_reg[111]/CLR
  -------------------------------------------------------------------    -------------------

                         (clock clk_fpga_0 rise edge)
                                                      0.000     0.000 r  
    PS7_X0Y0             PS7                          0.000     0.000 r  rv32_top_i/ps7/inst/PS7_i/FCLKCLK[0]
                         net (fo=1, routed)           0.337     0.337    rv32_top_i/ps7/inst/FCLK_CLK_unbuffered[0]
    BUFGCTRL_X0Y17       BUFG (Prop_bufg_I_O)         0.029     0.366 r  rv32_top_i/ps7/inst/buffer_fclk_clk_0.FCLK_CLK_0_BUFG_replica/O
                         net (fo=6, routed)           0.033     0.399    rv32_top_i/ps7/inst/FCLK_CLK0_repN
    BUFGCTRL_X0Y16       BUFG (Prop_bufg_I_O)         0.029     0.428 r  rv32_top_i/ps7/inst/buffer_fclk_clk_0.FCLK_CLK_0_BUFG/O
                         net (fo=12375, routed)       0.910     1.338    rv32_top_i/plat/U0/u_dcache/u_axi/S_AXI_ACLK
    SLICE_X41Y103        FDCE                                         r  rv32_top_i/plat/U0/u_dcache/u_axi/rbuf_reg[111]/C
                         clock pessimism             -0.041     1.297    
    SLICE_X41Y103        FDCE (Remov_fdce_C_CLR)     -0.092     1.205    rv32_top_i/plat/U0/u_dcache/u_axi/rbuf_reg[111]
  -------------------------------------------------------------------
                         required time                         -1.205    
                         arrival time                           2.067    
  -------------------------------------------------------------------
                         slack                                  0.862    

Slack (MET) :             0.865ns  (arrival time - required time)
  Source:                 rv32_top_i/plat/U0/u_ctrl/r_ctrl_reg[0]/C
                            (rising edge-triggered cell FDRE clocked by clk_fpga_0  {rise@0.000ns fall@4.000ns period=8.000ns})
  Destination:            rv32_top_i/plat/U0/u_core/exmem_alu_result_reg[6]_rep__2/CLR
                            (removal check against rising-edge clock clk_fpga_0  {rise@0.000ns fall@4.000ns period=8.000ns})
  Path Group:             **async_default**
  Path Type:              Removal (Min at Fast Process Corner)
  Requirement:            0.000ns  (clk_fpga_0 rise@0.000ns - clk_fpga_0 rise@0.000ns)
  Data Path Delay:        1.101ns  (logic 0.186ns (16.899%)  route 0.915ns (83.101%))
  Logic Levels:           1  (LUT2=1)
  Clock Path Skew:        0.327ns (DCD - SCD - CPR)
    Destination Clock Delay (DCD):    1.337ns
    Source Clock Delay      (SCD):    0.969ns
    Clock Pessimism Removal (CPR):    0.041ns

    Location             Delay type                Incr(ns)  Path(ns)    Netlist Resource(s)
  -------------------------------------------------------------------    -------------------
                         (clock clk_fpga_0 rise edge)
                                                      0.000     0.000 r  
    PS7_X0Y0             PS7                          0.000     0.000 r  rv32_top_i/ps7/inst/PS7_i/FCLKCLK[0]
                         net (fo=1, routed)           0.310     0.310    rv32_top_i/ps7/inst/FCLK_CLK_unbuffered[0]
    BUFGCTRL_X0Y17       BUFG (Prop_bufg_I_O)         0.026     0.336 r  rv32_top_i/ps7/inst/buffer_fclk_clk_0.FCLK_CLK_0_BUFG_replica/O
                         net (fo=6, routed)           0.030     0.366    rv32_top_i/ps7/inst/FCLK_CLK0_repN
    BUFGCTRL_X0Y16       BUFG (Prop_bufg_I_O)         0.026     0.392 r  rv32_top_i/ps7/inst/buffer_fclk_clk_0.FCLK_CLK_0_BUFG/O
                         net (fo=12375, routed)       0.577     0.969    rv32_top_i/plat/U0/u_ctrl/S_AXI_ACLK
    SLICE_X31Y97         FDRE                                         r  rv32_top_i/plat/U0/u_ctrl/r_ctrl_reg[0]/C
  -------------------------------------------------------------------    -------------------
    SLICE_X31Y97         FDRE (Prop_fdre_C_Q)         0.141     1.110 f  rv32_top_i/plat/U0/u_ctrl/r_ctrl_reg[0]/Q
                         net (fo=10, routed)          0.298     1.407    rv32_top_i/plat/U0/u_ctrl/cpu_reset
    SLICE_X31Y96         LUT2 (Prop_lut2_I0_O)        0.045     1.452 f  rv32_top_i/plat/U0/u_ctrl/regs[1][31]_i_1/O
                         net (fo=1609, routed)        0.617     2.069    rv32_top_i/plat/U0/u_core/regs_reg[31][0]
    SLICE_X43Y109        FDCE                                         f  rv32_top_i/plat/U0/u_core/exmem_alu_result_reg[6]_rep__2/CLR
  -------------------------------------------------------------------    -------------------

                         (clock clk_fpga_0 rise edge)
                                                      0.000     0.000 r  
    PS7_X0Y0             PS7                          0.000     0.000 r  rv32_top_i/ps7/inst/PS7_i/FCLKCLK[0]
                         net (fo=1, routed)           0.337     0.337    rv32_top_i/ps7/inst/FCLK_CLK_unbuffered[0]
    BUFGCTRL_X0Y17       BUFG (Prop_bufg_I_O)         0.029     0.366 r  rv32_top_i/ps7/inst/buffer_fclk_clk_0.FCLK_CLK_0_BUFG_replica/O
                         net (fo=6, routed)           0.033     0.399    rv32_top_i/ps7/inst/FCLK_CLK0_repN
    BUFGCTRL_X0Y16       BUFG (Prop_bufg_I_O)         0.029     0.428 r  rv32_top_i/ps7/inst/buffer_fclk_clk_0.FCLK_CLK_0_BUFG/O
                         net (fo=12375, routed)       0.909     1.337    rv32_top_i/plat/U0/u_core/S_AXI_ACLK
    SLICE_X43Y109        FDCE                                         r  rv32_top_i/plat/U0/u_core/exmem_alu_result_reg[6]_rep__2/C
                         clock pessimism             -0.041     1.296    
    SLICE_X43Y109        FDCE (Remov_fdce_C_CLR)     -0.092     1.204    rv32_top_i/plat/U0/u_core/exmem_alu_result_reg[6]_rep__2
  -------------------------------------------------------------------
                         required time                         -1.204    
                         arrival time                           2.069    
  -------------------------------------------------------------------
                         slack                                  0.865    

Slack (MET) :             0.914ns  (arrival time - required time)
  Source:                 rv32_top_i/plat/U0/u_ctrl/r_ctrl_reg[0]/C
                            (rising edge-triggered cell FDRE clocked by clk_fpga_0  {rise@0.000ns fall@4.000ns period=8.000ns})
  Destination:            rv32_top_i/plat/U0/u_icache/u_adp/araddr_q_reg[10]/CLR
                            (removal check against rising-edge clock clk_fpga_0  {rise@0.000ns fall@4.000ns period=8.000ns})
  Path Group:             **async_default**
  Path Type:              Removal (Min at Fast Process Corner)
  Requirement:            0.000ns  (clk_fpga_0 rise@0.000ns - clk_fpga_0 rise@0.000ns)
  Data Path Delay:        0.836ns  (logic 0.186ns (22.257%)  route 0.650ns (77.743%))
  Logic Levels:           1  (LUT2=1)
  Clock Path Skew:        0.014ns (DCD - SCD - CPR)
    Destination Clock Delay (DCD):    1.271ns
    Source Clock Delay      (SCD):    0.969ns
    Clock Pessimism Removal (CPR):    0.288ns

    Location             Delay type                Incr(ns)  Path(ns)    Netlist Resource(s)
  -------------------------------------------------------------------    -------------------
                         (clock clk_fpga_0 rise edge)
                                                      0.000     0.000 r  
    PS7_X0Y0             PS7                          0.000     0.000 r  rv32_top_i/ps7/inst/PS7_i/FCLKCLK[0]
                         net (fo=1, routed)           0.310     0.310    rv32_top_i/ps7/inst/FCLK_CLK_unbuffered[0]
    BUFGCTRL_X0Y17       BUFG (Prop_bufg_I_O)         0.026     0.336 r  rv32_top_i/ps7/inst/buffer_fclk_clk_0.FCLK_CLK_0_BUFG_replica/O
                         net (fo=6, routed)           0.030     0.366    rv32_top_i/ps7/inst/FCLK_CLK0_repN
    BUFGCTRL_X0Y16       BUFG (Prop_bufg_I_O)         0.026     0.392 r  rv32_top_i/ps7/inst/buffer_fclk_clk_0.FCLK_CLK_0_BUFG/O
                         net (fo=12375, routed)       0.577     0.969    rv32_top_i/plat/U0/u_ctrl/S_AXI_ACLK
    SLICE_X31Y97         FDRE                                         r  rv32_top_i/plat/U0/u_ctrl/r_ctrl_reg[0]/C
  -------------------------------------------------------------------    -------------------
    SLICE_X31Y97         FDRE (Prop_fdre_C_Q)         0.141     1.110 f  rv32_top_i/plat/U0/u_ctrl/r_ctrl_reg[0]/Q
                         net (fo=10, routed)          0.298     1.407    rv32_top_i/plat/U0/u_ctrl/cpu_reset
    SLICE_X31Y96         LUT2 (Prop_lut2_I0_O)        0.045     1.452 f  rv32_top_i/plat/U0/u_ctrl/regs[1][31]_i_1/O
                         net (fo=1609, routed)        0.352     1.804    rv32_top_i/plat/U0/u_icache/u_adp/araddr_q_reg[4]_0
    SLICE_X29Y92         FDCE                                         f  rv32_top_i/plat/U0/u_icache/u_adp/araddr_q_reg[10]/CLR
  -------------------------------------------------------------------    -------------------

                         (clock clk_fpga_0 rise edge)
                                                      0.000     0.000 r  
    PS7_X0Y0             PS7                          0.000     0.000 r  rv32_top_i/ps7/inst/PS7_i/FCLKCLK[0]
                         net (fo=1, routed)           0.337     0.337    rv32_top_i/ps7/inst/FCLK_CLK_unbuffered[0]
    BUFGCTRL_X0Y17       BUFG (Prop_bufg_I_O)         0.029     0.366 r  rv32_top_i/ps7/inst/buffer_fclk_clk_0.FCLK_CLK_0_BUFG_replica/O
                         net (fo=6, routed)           0.033     0.399    rv32_top_i/ps7/inst/FCLK_CLK0_repN
    BUFGCTRL_X0Y16       BUFG (Prop_bufg_I_O)         0.029     0.428 r  rv32_top_i/ps7/inst/buffer_fclk_clk_0.FCLK_CLK_0_BUFG/O
                         net (fo=12375, routed)       0.843     1.271    rv32_top_i/plat/U0/u_icache/u_adp/S_AXI_ACLK
    SLICE_X29Y92         FDCE                                         r  rv32_top_i/plat/U0/u_icache/u_adp/araddr_q_reg[10]/C
                         clock pessimism             -0.288     0.983    
    SLICE_X29Y92         FDCE (Remov_fdce_C_CLR)     -0.092     0.891    rv32_top_i/plat/U0/u_icache/u_adp/araddr_q_reg[10]
  -------------------------------------------------------------------
                         required time                         -0.891    
                         arrival time                           1.804    
  -------------------------------------------------------------------
                         slack                                  0.914    

Slack (MET) :             0.933ns  (arrival time - required time)
  Source:                 rv32_top_i/plat/U0/u_ctrl/r_ctrl_reg[0]/C
                            (rising edge-triggered cell FDRE clocked by clk_fpga_0  {rise@0.000ns fall@4.000ns period=8.000ns})
  Destination:            rv32_top_i/plat/U0/u_dcache/u_axi/rbuf_reg[36]/CLR
                            (removal check against rising-edge clock clk_fpga_0  {rise@0.000ns fall@4.000ns period=8.000ns})
  Path Group:             **async_default**
  Path Type:              Removal (Min at Fast Process Corner)
  Requirement:            0.000ns  (clk_fpga_0 rise@0.000ns - clk_fpga_0 rise@0.000ns)
  Data Path Delay:        1.189ns  (logic 0.186ns (15.643%)  route 1.003ns (84.357%))
  Logic Levels:           1  (LUT2=1)
  Clock Path Skew:        0.348ns (DCD - SCD - CPR)
    Destination Clock Delay (DCD):    1.358ns
    Source Clock Delay      (SCD):    0.969ns
    Clock Pessimism Removal (CPR):    0.041ns

    Location             Delay type                Incr(ns)  Path(ns)    Netlist Resource(s)
  -------------------------------------------------------------------    -------------------
                         (clock clk_fpga_0 rise edge)
                                                      0.000     0.000 r  
    PS7_X0Y0             PS7                          0.000     0.000 r  rv32_top_i/ps7/inst/PS7_i/FCLKCLK[0]
                         net (fo=1, routed)           0.310     0.310    rv32_top_i/ps7/inst/FCLK_CLK_unbuffered[0]
    BUFGCTRL_X0Y17       BUFG (Prop_bufg_I_O)         0.026     0.336 r  rv32_top_i/ps7/inst/buffer_fclk_clk_0.FCLK_CLK_0_BUFG_replica/O
                         net (fo=6, routed)           0.030     0.366    rv32_top_i/ps7/inst/FCLK_CLK0_repN
    BUFGCTRL_X0Y16       BUFG (Prop_bufg_I_O)         0.026     0.392 r  rv32_top_i/ps7/inst/buffer_fclk_clk_0.FCLK_CLK_0_BUFG/O
                         net (fo=12375, routed)       0.577     0.969    rv32_top_i/plat/U0/u_ctrl/S_AXI_ACLK
    SLICE_X31Y97         FDRE                                         r  rv32_top_i/plat/U0/u_ctrl/r_ctrl_reg[0]/C
  -------------------------------------------------------------------    -------------------
    SLICE_X31Y97         FDRE (Prop_fdre_C_Q)         0.141     1.110 f  rv32_top_i/plat/U0/u_ctrl/r_ctrl_reg[0]/Q
                         net (fo=10, routed)          0.298     1.407    rv32_top_i/plat/U0/u_ctrl/cpu_reset
    SLICE_X31Y96         LUT2 (Prop_lut2_I0_O)        0.045     1.452 f  rv32_top_i/plat/U0/u_ctrl/regs[1][31]_i_1/O
                         net (fo=1609, routed)        0.705     2.158    rv32_top_i/plat/U0/u_dcache/u_axi/beat_reg[0]_1
    SLICE_X31Y106        FDCE                                         f  rv32_top_i/plat/U0/u_dcache/u_axi/rbuf_reg[36]/CLR
  -------------------------------------------------------------------    -------------------

                         (clock clk_fpga_0 rise edge)
                                                      0.000     0.000 r  
    PS7_X0Y0             PS7                          0.000     0.000 r  rv32_top_i/ps7/inst/PS7_i/FCLKCLK[0]
                         net (fo=1, routed)           0.337     0.337    rv32_top_i/ps7/inst/FCLK_CLK_unbuffered[0]
    BUFGCTRL_X0Y17       BUFG (Prop_bufg_I_O)         0.029     0.366 r  rv32_top_i/ps7/inst/buffer_fclk_clk_0.FCLK_CLK_0_BUFG_replica/O
                         net (fo=6, routed)           0.033     0.399    rv32_top_i/ps7/inst/FCLK_CLK0_repN
    BUFGCTRL_X0Y16       BUFG (Prop_bufg_I_O)         0.029     0.428 r  rv32_top_i/ps7/inst/buffer_fclk_clk_0.FCLK_CLK_0_BUFG/O
                         net (fo=12375, routed)       0.930     1.358    rv32_top_i/plat/U0/u_dcache/u_axi/S_AXI_ACLK
    SLICE_X31Y106        FDCE                                         r  rv32_top_i/plat/U0/u_dcache/u_axi/rbuf_reg[36]/C
                         clock pessimism             -0.041     1.317    
    SLICE_X31Y106        FDCE (Remov_fdce_C_CLR)     -0.092     1.225    rv32_top_i/plat/U0/u_dcache/u_axi/rbuf_reg[36]
  -------------------------------------------------------------------
                         required time                         -1.225    
                         arrival time                           2.158    
  -------------------------------------------------------------------
                         slack                                  0.933    

Slack (MET) :             0.933ns  (arrival time - required time)
  Source:                 rv32_top_i/plat/U0/u_ctrl/r_ctrl_reg[0]/C
                            (rising edge-triggered cell FDRE clocked by clk_fpga_0  {rise@0.000ns fall@4.000ns period=8.000ns})
  Destination:            rv32_top_i/plat/U0/u_dcache/u_axi/rbuf_reg[39]/CLR
                            (removal check against rising-edge clock clk_fpga_0  {rise@0.000ns fall@4.000ns period=8.000ns})
  Path Group:             **async_default**
  Path Type:              Removal (Min at Fast Process Corner)
  Requirement:            0.000ns  (clk_fpga_0 rise@0.000ns - clk_fpga_0 rise@0.000ns)
  Data Path Delay:        1.189ns  (logic 0.186ns (15.643%)  route 1.003ns (84.357%))
  Logic Levels:           1  (LUT2=1)
  Clock Path Skew:        0.348ns (DCD - SCD - CPR)
    Destination Clock Delay (DCD):    1.358ns
    Source Clock Delay      (SCD):    0.969ns
    Clock Pessimism Removal (CPR):    0.041ns

    Location             Delay type                Incr(ns)  Path(ns)    Netlist Resource(s)
  -------------------------------------------------------------------    -------------------
                         (clock clk_fpga_0 rise edge)
                                                      0.000     0.000 r  
    PS7_X0Y0             PS7                          0.000     0.000 r  rv32_top_i/ps7/inst/PS7_i/FCLKCLK[0]
                         net (fo=1, routed)           0.310     0.310    rv32_top_i/ps7/inst/FCLK_CLK_unbuffered[0]
    BUFGCTRL_X0Y17       BUFG (Prop_bufg_I_O)         0.026     0.336 r  rv32_top_i/ps7/inst/buffer_fclk_clk_0.FCLK_CLK_0_BUFG_replica/O
                         net (fo=6, routed)           0.030     0.366    rv32_top_i/ps7/inst/FCLK_CLK0_repN
    BUFGCTRL_X0Y16       BUFG (Prop_bufg_I_O)         0.026     0.392 r  rv32_top_i/ps7/inst/buffer_fclk_clk_0.FCLK_CLK_0_BUFG/O
                         net (fo=12375, routed)       0.577     0.969    rv32_top_i/plat/U0/u_ctrl/S_AXI_ACLK
    SLICE_X31Y97         FDRE                                         r  rv32_top_i/plat/U0/u_ctrl/r_ctrl_reg[0]/C
  -------------------------------------------------------------------    -------------------
    SLICE_X31Y97         FDRE (Prop_fdre_C_Q)         0.141     1.110 f  rv32_top_i/plat/U0/u_ctrl/r_ctrl_reg[0]/Q
                         net (fo=10, routed)          0.298     1.407    rv32_top_i/plat/U0/u_ctrl/cpu_reset
    SLICE_X31Y96         LUT2 (Prop_lut2_I0_O)        0.045     1.452 f  rv32_top_i/plat/U0/u_ctrl/regs[1][31]_i_1/O
                         net (fo=1609, routed)        0.705     2.158    rv32_top_i/plat/U0/u_dcache/u_axi/beat_reg[0]_1
    SLICE_X31Y106        FDCE                                         f  rv32_top_i/plat/U0/u_dcache/u_axi/rbuf_reg[39]/CLR
  -------------------------------------------------------------------    -------------------

                         (clock clk_fpga_0 rise edge)
                                                      0.000     0.000 r  
    PS7_X0Y0             PS7                          0.000     0.000 r  rv32_top_i/ps7/inst/PS7_i/FCLKCLK[0]
                         net (fo=1, routed)           0.337     0.337    rv32_top_i/ps7/inst/FCLK_CLK_unbuffered[0]
    BUFGCTRL_X0Y17       BUFG (Prop_bufg_I_O)         0.029     0.366 r  rv32_top_i/ps7/inst/buffer_fclk_clk_0.FCLK_CLK_0_BUFG_replica/O
                         net (fo=6, routed)           0.033     0.399    rv32_top_i/ps7/inst/FCLK_CLK0_repN
    BUFGCTRL_X0Y16       BUFG (Prop_bufg_I_O)         0.029     0.428 r  rv32_top_i/ps7/inst/buffer_fclk_clk_0.FCLK_CLK_0_BUFG/O
                         net (fo=12375, routed)       0.930     1.358    rv32_top_i/plat/U0/u_dcache/u_axi/S_AXI_ACLK
    SLICE_X31Y106        FDCE                                         r  rv32_top_i/plat/U0/u_dcache/u_axi/rbuf_reg[39]/C
                         clock pessimism             -0.041     1.317    
    SLICE_X31Y106        FDCE (Remov_fdce_C_CLR)     -0.092     1.225    rv32_top_i/plat/U0/u_dcache/u_axi/rbuf_reg[39]
  -------------------------------------------------------------------
                         required time                         -1.225    
                         arrival time                           2.158    
  -------------------------------------------------------------------
                         slack                                  0.933    

Slack (MET) :             0.941ns  (arrival time - required time)
  Source:                 rv32_top_i/rst_ps7_50M/U0/ACTIVE_LOW_PR_OUT_DFF[0].FDRE_PER_N/C
                            (rising edge-triggered cell FDRE clocked by clk_fpga_0  {rise@0.000ns fall@4.000ns period=8.000ns})
  Destination:            rv32_top_i/plat/U0/u_mmio/led_reg_reg[2]_lopt_replica/CLR
                            (removal check against rising-edge clock clk_fpga_0  {rise@0.000ns fall@4.000ns period=8.000ns})
  Path Group:             **async_default**
  Path Type:              Removal (Min at Fast Process Corner)
  Requirement:            0.000ns  (clk_fpga_0 rise@0.000ns - clk_fpga_0 rise@0.000ns)
  Data Path Delay:        1.217ns  (logic 0.209ns (17.172%)  route 1.008ns (82.828%))
  Logic Levels:           1  (LUT1=1)
  Clock Path Skew:        0.368ns (DCD - SCD - CPR)
    Destination Clock Delay (DCD):    1.352ns
    Source Clock Delay      (SCD):    0.943ns
    Clock Pessimism Removal (CPR):    0.041ns

    Location             Delay type                Incr(ns)  Path(ns)    Netlist Resource(s)
  -------------------------------------------------------------------    -------------------
                         (clock clk_fpga_0 rise edge)
                                                      0.000     0.000 r  
    PS7_X0Y0             PS7                          0.000     0.000 r  rv32_top_i/ps7/inst/PS7_i/FCLKCLK[0]
                         net (fo=1, routed)           0.310     0.310    rv32_top_i/ps7/inst/FCLK_CLK_unbuffered[0]
    BUFGCTRL_X0Y17       BUFG (Prop_bufg_I_O)         0.026     0.336 r  rv32_top_i/ps7/inst/buffer_fclk_clk_0.FCLK_CLK_0_BUFG_replica/O
                         net (fo=6, routed)           0.030     0.366    rv32_top_i/ps7/inst/FCLK_CLK0_repN
    BUFGCTRL_X0Y16       BUFG (Prop_bufg_I_O)         0.026     0.392 r  rv32_top_i/ps7/inst/buffer_fclk_clk_0.FCLK_CLK_0_BUFG/O
                         net (fo=12375, routed)       0.551     0.943    rv32_top_i/rst_ps7_50M/U0/slowest_sync_clk
    SLICE_X32Y81         FDRE                                         r  rv32_top_i/rst_ps7_50M/U0/ACTIVE_LOW_PR_OUT_DFF[0].FDRE_PER_N/C
  -------------------------------------------------------------------    -------------------
    SLICE_X32Y81         FDRE (Prop_fdre_C_Q)         0.164     1.107 r  rv32_top_i/rst_ps7_50M/U0/ACTIVE_LOW_PR_OUT_DFF[0].FDRE_PER_N/Q
                         net (fo=40, routed)          0.244     1.351    rv32_top_i/plat/U0/u_mmio/u_pwm/S_AXI_ARESETN
    SLICE_X34Y81         LUT1 (Prop_lut1_I0_O)        0.045     1.396 f  rv32_top_i/plat/U0/u_mmio/u_pwm/awready_i_1/O
                         net (fo=745, routed)         0.764     2.160    rv32_top_i/plat/U0/u_mmio/rst
    SLICE_X31Y115        FDCE                                         f  rv32_top_i/plat/U0/u_mmio/led_reg_reg[2]_lopt_replica/CLR
  -------------------------------------------------------------------    -------------------

                         (clock clk_fpga_0 rise edge)
                                                      0.000     0.000 r  
    PS7_X0Y0             PS7                          0.000     0.000 r  rv32_top_i/ps7/inst/PS7_i/FCLKCLK[0]
                         net (fo=1, routed)           0.337     0.337    rv32_top_i/ps7/inst/FCLK_CLK_unbuffered[0]
    BUFGCTRL_X0Y17       BUFG (Prop_bufg_I_O)         0.029     0.366 r  rv32_top_i/ps7/inst/buffer_fclk_clk_0.FCLK_CLK_0_BUFG_replica/O
                         net (fo=6, routed)           0.033     0.399    rv32_top_i/ps7/inst/FCLK_CLK0_repN
    BUFGCTRL_X0Y16       BUFG (Prop_bufg_I_O)         0.029     0.428 r  rv32_top_i/ps7/inst/buffer_fclk_clk_0.FCLK_CLK_0_BUFG/O
                         net (fo=12375, routed)       0.924     1.352    rv32_top_i/plat/U0/u_mmio/S_AXI_ACLK
    SLICE_X31Y115        FDCE                                         r  rv32_top_i/plat/U0/u_mmio/led_reg_reg[2]_lopt_replica/C
                         clock pessimism             -0.041     1.311    
    SLICE_X31Y115        FDCE (Remov_fdce_C_CLR)     -0.092     1.219    rv32_top_i/plat/U0/u_mmio/led_reg_reg[2]_lopt_replica
  -------------------------------------------------------------------
                         required time                         -1.219    
                         arrival time                           2.160    
  -------------------------------------------------------------------
                         slack                                  0.941    

Slack (MET) :             0.941ns  (arrival time - required time)
  Source:                 rv32_top_i/rst_ps7_50M/U0/ACTIVE_LOW_PR_OUT_DFF[0].FDRE_PER_N/C
                            (rising edge-triggered cell FDRE clocked by clk_fpga_0  {rise@0.000ns fall@4.000ns period=8.000ns})
  Destination:            rv32_top_i/plat/U0/u_mmio/led_reg_reg[3]_lopt_replica/CLR
                            (removal check against rising-edge clock clk_fpga_0  {rise@0.000ns fall@4.000ns period=8.000ns})
  Path Group:             **async_default**
  Path Type:              Removal (Min at Fast Process Corner)
  Requirement:            0.000ns  (clk_fpga_0 rise@0.000ns - clk_fpga_0 rise@0.000ns)
  Data Path Delay:        1.217ns  (logic 0.209ns (17.172%)  route 1.008ns (82.828%))
  Logic Levels:           1  (LUT1=1)
  Clock Path Skew:        0.368ns (DCD - SCD - CPR)
    Destination Clock Delay (DCD):    1.352ns
    Source Clock Delay      (SCD):    0.943ns
    Clock Pessimism Removal (CPR):    0.041ns

    Location             Delay type                Incr(ns)  Path(ns)    Netlist Resource(s)
  -------------------------------------------------------------------    -------------------
                         (clock clk_fpga_0 rise edge)
                                                      0.000     0.000 r  
    PS7_X0Y0             PS7                          0.000     0.000 r  rv32_top_i/ps7/inst/PS7_i/FCLKCLK[0]
                         net (fo=1, routed)           0.310     0.310    rv32_top_i/ps7/inst/FCLK_CLK_unbuffered[0]
    BUFGCTRL_X0Y17       BUFG (Prop_bufg_I_O)         0.026     0.336 r  rv32_top_i/ps7/inst/buffer_fclk_clk_0.FCLK_CLK_0_BUFG_replica/O
                         net (fo=6, routed)           0.030     0.366    rv32_top_i/ps7/inst/FCLK_CLK0_repN
    BUFGCTRL_X0Y16       BUFG (Prop_bufg_I_O)         0.026     0.392 r  rv32_top_i/ps7/inst/buffer_fclk_clk_0.FCLK_CLK_0_BUFG/O
                         net (fo=12375, routed)       0.551     0.943    rv32_top_i/rst_ps7_50M/U0/slowest_sync_clk
    SLICE_X32Y81         FDRE                                         r  rv32_top_i/rst_ps7_50M/U0/ACTIVE_LOW_PR_OUT_DFF[0].FDRE_PER_N/C
  -------------------------------------------------------------------    -------------------
    SLICE_X32Y81         FDRE (Prop_fdre_C_Q)         0.164     1.107 r  rv32_top_i/rst_ps7_50M/U0/ACTIVE_LOW_PR_OUT_DFF[0].FDRE_PER_N/Q
                         net (fo=40, routed)          0.244     1.351    rv32_top_i/plat/U0/u_mmio/u_pwm/S_AXI_ARESETN
    SLICE_X34Y81         LUT1 (Prop_lut1_I0_O)        0.045     1.396 f  rv32_top_i/plat/U0/u_mmio/u_pwm/awready_i_1/O
                         net (fo=745, routed)         0.764     2.160    rv32_top_i/plat/U0/u_mmio/rst
    SLICE_X31Y115        FDCE                                         f  rv32_top_i/plat/U0/u_mmio/led_reg_reg[3]_lopt_replica/CLR
  -------------------------------------------------------------------    -------------------

                         (clock clk_fpga_0 rise edge)
                                                      0.000     0.000 r  
    PS7_X0Y0             PS7                          0.000     0.000 r  rv32_top_i/ps7/inst/PS7_i/FCLKCLK[0]
                         net (fo=1, routed)           0.337     0.337    rv32_top_i/ps7/inst/FCLK_CLK_unbuffered[0]
    BUFGCTRL_X0Y17       BUFG (Prop_bufg_I_O)         0.029     0.366 r  rv32_top_i/ps7/inst/buffer_fclk_clk_0.FCLK_CLK_0_BUFG_replica/O
                         net (fo=6, routed)           0.033     0.399    rv32_top_i/ps7/inst/FCLK_CLK0_repN
    BUFGCTRL_X0Y16       BUFG (Prop_bufg_I_O)         0.029     0.428 r  rv32_top_i/ps7/inst/buffer_fclk_clk_0.FCLK_CLK_0_BUFG/O
                         net (fo=12375, routed)       0.924     1.352    rv32_top_i/plat/U0/u_mmio/S_AXI_ACLK
    SLICE_X31Y115        FDCE                                         r  rv32_top_i/plat/U0/u_mmio/led_reg_reg[3]_lopt_replica/C
                         clock pessimism             -0.041     1.311    
    SLICE_X31Y115        FDCE (Remov_fdce_C_CLR)     -0.092     1.219    rv32_top_i/plat/U0/u_mmio/led_reg_reg[3]_lopt_replica
  -------------------------------------------------------------------
                         required time                         -1.219    
                         arrival time                           2.160    
  -------------------------------------------------------------------
                         slack                                  0.941    

Slack (MET) :             0.977ns  (arrival time - required time)
  Source:                 rv32_top_i/plat/U0/u_ctrl/r_ctrl_reg[0]/C
                            (rising edge-triggered cell FDRE clocked by clk_fpga_0  {rise@0.000ns fall@4.000ns period=8.000ns})
  Destination:            rv32_top_i/plat/U0/u_icache/u_adp/araddr_q_reg[11]/CLR
                            (removal check against rising-edge clock clk_fpga_0  {rise@0.000ns fall@4.000ns period=8.000ns})
  Path Group:             **async_default**
  Path Type:              Removal (Min at Fast Process Corner)
  Requirement:            0.000ns  (clk_fpga_0 rise@0.000ns - clk_fpga_0 rise@0.000ns)
  Data Path Delay:        0.899ns  (logic 0.186ns (20.679%)  route 0.713ns (79.321%))
  Logic Levels:           1  (LUT2=1)
  Clock Path Skew:        0.014ns (DCD - SCD - CPR)
    Destination Clock Delay (DCD):    1.271ns
    Source Clock Delay      (SCD):    0.969ns
    Clock Pessimism Removal (CPR):    0.288ns

    Location             Delay type                Incr(ns)  Path(ns)    Netlist Resource(s)
  -------------------------------------------------------------------    -------------------
                         (clock clk_fpga_0 rise edge)
                                                      0.000     0.000 r  
    PS7_X0Y0             PS7                          0.000     0.000 r  rv32_top_i/ps7/inst/PS7_i/FCLKCLK[0]
                         net (fo=1, routed)           0.310     0.310    rv32_top_i/ps7/inst/FCLK_CLK_unbuffered[0]
    BUFGCTRL_X0Y17       BUFG (Prop_bufg_I_O)         0.026     0.336 r  rv32_top_i/ps7/inst/buffer_fclk_clk_0.FCLK_CLK_0_BUFG_replica/O
                         net (fo=6, routed)           0.030     0.366    rv32_top_i/ps7/inst/FCLK_CLK0_repN
    BUFGCTRL_X0Y16       BUFG (Prop_bufg_I_O)         0.026     0.392 r  rv32_top_i/ps7/inst/buffer_fclk_clk_0.FCLK_CLK_0_BUFG/O
                         net (fo=12375, routed)       0.577     0.969    rv32_top_i/plat/U0/u_ctrl/S_AXI_ACLK
    SLICE_X31Y97         FDRE                                         r  rv32_top_i/plat/U0/u_ctrl/r_ctrl_reg[0]/C
  -------------------------------------------------------------------    -------------------
    SLICE_X31Y97         FDRE (Prop_fdre_C_Q)         0.141     1.110 f  rv32_top_i/plat/U0/u_ctrl/r_ctrl_reg[0]/Q
                         net (fo=10, routed)          0.298     1.407    rv32_top_i/plat/U0/u_ctrl/cpu_reset
    SLICE_X31Y96         LUT2 (Prop_lut2_I0_O)        0.045     1.452 f  rv32_top_i/plat/U0/u_ctrl/regs[1][31]_i_1/O
                         net (fo=1609, routed)        0.416     1.868    rv32_top_i/plat/U0/u_icache/u_adp/araddr_q_reg[4]_0
    SLICE_X29Y91         FDCE                                         f  rv32_top_i/plat/U0/u_icache/u_adp/araddr_q_reg[11]/CLR
  -------------------------------------------------------------------    -------------------

                         (clock clk_fpga_0 rise edge)
                                                      0.000     0.000 r  
    PS7_X0Y0             PS7                          0.000     0.000 r  rv32_top_i/ps7/inst/PS7_i/FCLKCLK[0]
                         net (fo=1, routed)           0.337     0.337    rv32_top_i/ps7/inst/FCLK_CLK_unbuffered[0]
    BUFGCTRL_X0Y17       BUFG (Prop_bufg_I_O)         0.029     0.366 r  rv32_top_i/ps7/inst/buffer_fclk_clk_0.FCLK_CLK_0_BUFG_replica/O
                         net (fo=6, routed)           0.033     0.399    rv32_top_i/ps7/inst/FCLK_CLK0_repN
    BUFGCTRL_X0Y16       BUFG (Prop_bufg_I_O)         0.029     0.428 r  rv32_top_i/ps7/inst/buffer_fclk_clk_0.FCLK_CLK_0_BUFG/O
                         net (fo=12375, routed)       0.843     1.271    rv32_top_i/plat/U0/u_icache/u_adp/S_AXI_ACLK
    SLICE_X29Y91         FDCE                                         r  rv32_top_i/plat/U0/u_icache/u_adp/araddr_q_reg[11]/C
                         clock pessimism             -0.288     0.983    
    SLICE_X29Y91         FDCE (Remov_fdce_C_CLR)     -0.092     0.891    rv32_top_i/plat/U0/u_icache/u_adp/araddr_q_reg[11]
  -------------------------------------------------------------------
                         required time                         -0.891    
                         arrival time                           1.868    
  -------------------------------------------------------------------
                         slack                                  0.977    

Slack (MET) :             0.977ns  (arrival time - required time)
  Source:                 rv32_top_i/plat/U0/u_ctrl/r_ctrl_reg[0]/C
                            (rising edge-triggered cell FDRE clocked by clk_fpga_0  {rise@0.000ns fall@4.000ns period=8.000ns})
  Destination:            rv32_top_i/plat/U0/u_icache/u_adp/araddr_q_reg[5]/CLR
                            (removal check against rising-edge clock clk_fpga_0  {rise@0.000ns fall@4.000ns period=8.000ns})
  Path Group:             **async_default**
  Path Type:              Removal (Min at Fast Process Corner)
  Requirement:            0.000ns  (clk_fpga_0 rise@0.000ns - clk_fpga_0 rise@0.000ns)
  Data Path Delay:        0.899ns  (logic 0.186ns (20.679%)  route 0.713ns (79.321%))
  Logic Levels:           1  (LUT2=1)
  Clock Path Skew:        0.014ns (DCD - SCD - CPR)
    Destination Clock Delay (DCD):    1.271ns
    Source Clock Delay      (SCD):    0.969ns
    Clock Pessimism Removal (CPR):    0.288ns

    Location             Delay type                Incr(ns)  Path(ns)    Netlist Resource(s)
  -------------------------------------------------------------------    -------------------
                         (clock clk_fpga_0 rise edge)
                                                      0.000     0.000 r  
    PS7_X0Y0             PS7                          0.000     0.000 r  rv32_top_i/ps7/inst/PS7_i/FCLKCLK[0]
                         net (fo=1, routed)           0.310     0.310    rv32_top_i/ps7/inst/FCLK_CLK_unbuffered[0]
    BUFGCTRL_X0Y17       BUFG (Prop_bufg_I_O)         0.026     0.336 r  rv32_top_i/ps7/inst/buffer_fclk_clk_0.FCLK_CLK_0_BUFG_replica/O
                         net (fo=6, routed)           0.030     0.366    rv32_top_i/ps7/inst/FCLK_CLK0_repN
    BUFGCTRL_X0Y16       BUFG (Prop_bufg_I_O)         0.026     0.392 r  rv32_top_i/ps7/inst/buffer_fclk_clk_0.FCLK_CLK_0_BUFG/O
                         net (fo=12375, routed)       0.577     0.969    rv32_top_i/plat/U0/u_ctrl/S_AXI_ACLK
    SLICE_X31Y97         FDRE                                         r  rv32_top_i/plat/U0/u_ctrl/r_ctrl_reg[0]/C
  -------------------------------------------------------------------    -------------------
    SLICE_X31Y97         FDRE (Prop_fdre_C_Q)         0.141     1.110 f  rv32_top_i/plat/U0/u_ctrl/r_ctrl_reg[0]/Q
                         net (fo=10, routed)          0.298     1.407    rv32_top_i/plat/U0/u_ctrl/cpu_reset
    SLICE_X31Y96         LUT2 (Prop_lut2_I0_O)        0.045     1.452 f  rv32_top_i/plat/U0/u_ctrl/regs[1][31]_i_1/O
                         net (fo=1609, routed)        0.416     1.868    rv32_top_i/plat/U0/u_icache/u_adp/araddr_q_reg[4]_0
    SLICE_X29Y91         FDCE                                         f  rv32_top_i/plat/U0/u_icache/u_adp/araddr_q_reg[5]/CLR
  -------------------------------------------------------------------    -------------------

                         (clock clk_fpga_0 rise edge)
                                                      0.000     0.000 r  
    PS7_X0Y0             PS7                          0.000     0.000 r  rv32_top_i/ps7/inst/PS7_i/FCLKCLK[0]
                         net (fo=1, routed)           0.337     0.337    rv32_top_i/ps7/inst/FCLK_CLK_unbuffered[0]
    BUFGCTRL_X0Y17       BUFG (Prop_bufg_I_O)         0.029     0.366 r  rv32_top_i/ps7/inst/buffer_fclk_clk_0.FCLK_CLK_0_BUFG_replica/O
                         net (fo=6, routed)           0.033     0.399    rv32_top_i/ps7/inst/FCLK_CLK0_repN
    BUFGCTRL_X0Y16       BUFG (Prop_bufg_I_O)         0.029     0.428 r  rv32_top_i/ps7/inst/buffer_fclk_clk_0.FCLK_CLK_0_BUFG/O
                         net (fo=12375, routed)       0.843     1.271    rv32_top_i/plat/U0/u_icache/u_adp/S_AXI_ACLK
    SLICE_X29Y91         FDCE                                         r  rv32_top_i/plat/U0/u_icache/u_adp/araddr_q_reg[5]/C
                         clock pessimism             -0.288     0.983    
    SLICE_X29Y91         FDCE (Remov_fdce_C_CLR)     -0.092     0.891    rv32_top_i/plat/U0/u_icache/u_adp/araddr_q_reg[5]
  -------------------------------------------------------------------
                         required time                         -0.891    
                         arrival time                           1.868    
  -------------------------------------------------------------------
                         slack                                  0.977    

Slack (MET) :             0.977ns  (arrival time - required time)
  Source:                 rv32_top_i/plat/U0/u_ctrl/r_ctrl_reg[0]/C
                            (rising edge-triggered cell FDRE clocked by clk_fpga_0  {rise@0.000ns fall@4.000ns period=8.000ns})
  Destination:            rv32_top_i/plat/U0/u_icache/u_adp/araddr_q_reg[6]/CLR
                            (removal check against rising-edge clock clk_fpga_0  {rise@0.000ns fall@4.000ns period=8.000ns})
  Path Group:             **async_default**
  Path Type:              Removal (Min at Fast Process Corner)
  Requirement:            0.000ns  (clk_fpga_0 rise@0.000ns - clk_fpga_0 rise@0.000ns)
  Data Path Delay:        0.899ns  (logic 0.186ns (20.679%)  route 0.713ns (79.321%))
  Logic Levels:           1  (LUT2=1)
  Clock Path Skew:        0.014ns (DCD - SCD - CPR)
    Destination Clock Delay (DCD):    1.271ns
    Source Clock Delay      (SCD):    0.969ns
    Clock Pessimism Removal (CPR):    0.288ns

    Location             Delay type                Incr(ns)  Path(ns)    Netlist Resource(s)
  -------------------------------------------------------------------    -------------------
                         (clock clk_fpga_0 rise edge)
                                                      0.000     0.000 r  
    PS7_X0Y0             PS7                          0.000     0.000 r  rv32_top_i/ps7/inst/PS7_i/FCLKCLK[0]
                         net (fo=1, routed)           0.310     0.310    rv32_top_i/ps7/inst/FCLK_CLK_unbuffered[0]
    BUFGCTRL_X0Y17       BUFG (Prop_bufg_I_O)         0.026     0.336 r  rv32_top_i/ps7/inst/buffer_fclk_clk_0.FCLK_CLK_0_BUFG_replica/O
                         net (fo=6, routed)           0.030     0.366    rv32_top_i/ps7/inst/FCLK_CLK0_repN
    BUFGCTRL_X0Y16       BUFG (Prop_bufg_I_O)         0.026     0.392 r  rv32_top_i/ps7/inst/buffer_fclk_clk_0.FCLK_CLK_0_BUFG/O
                         net (fo=12375, routed)       0.577     0.969    rv32_top_i/plat/U0/u_ctrl/S_AXI_ACLK
    SLICE_X31Y97         FDRE                                         r  rv32_top_i/plat/U0/u_ctrl/r_ctrl_reg[0]/C
  -------------------------------------------------------------------    -------------------
    SLICE_X31Y97         FDRE (Prop_fdre_C_Q)         0.141     1.110 f  rv32_top_i/plat/U0/u_ctrl/r_ctrl_reg[0]/Q
                         net (fo=10, routed)          0.298     1.407    rv32_top_i/plat/U0/u_ctrl/cpu_reset
    SLICE_X31Y96         LUT2 (Prop_lut2_I0_O)        0.045     1.452 f  rv32_top_i/plat/U0/u_ctrl/regs[1][31]_i_1/O
                         net (fo=1609, routed)        0.416     1.868    rv32_top_i/plat/U0/u_icache/u_adp/araddr_q_reg[4]_0
    SLICE_X29Y91         FDCE                                         f  rv32_top_i/plat/U0/u_icache/u_adp/araddr_q_reg[6]/CLR
  -------------------------------------------------------------------    -------------------

                         (clock clk_fpga_0 rise edge)
                                                      0.000     0.000 r  
    PS7_X0Y0             PS7                          0.000     0.000 r  rv32_top_i/ps7/inst/PS7_i/FCLKCLK[0]
                         net (fo=1, routed)           0.337     0.337    rv32_top_i/ps7/inst/FCLK_CLK_unbuffered[0]
    BUFGCTRL_X0Y17       BUFG (Prop_bufg_I_O)         0.029     0.366 r  rv32_top_i/ps7/inst/buffer_fclk_clk_0.FCLK_CLK_0_BUFG_replica/O
                         net (fo=6, routed)           0.033     0.399    rv32_top_i/ps7/inst/FCLK_CLK0_repN
    BUFGCTRL_X0Y16       BUFG (Prop_bufg_I_O)         0.029     0.428 r  rv32_top_i/ps7/inst/buffer_fclk_clk_0.FCLK_CLK_0_BUFG/O
                         net (fo=12375, routed)       0.843     1.271    rv32_top_i/plat/U0/u_icache/u_adp/S_AXI_ACLK
    SLICE_X29Y91         FDCE                                         r  rv32_top_i/plat/U0/u_icache/u_adp/araddr_q_reg[6]/C
                         clock pessimism             -0.288     0.983    
    SLICE_X29Y91         FDCE (Remov_fdce_C_CLR)     -0.092     0.891    rv32_top_i/plat/U0/u_icache/u_adp/araddr_q_reg[6]
  -------------------------------------------------------------------
                         required time                         -0.891    
                         arrival time                           1.868    
  -------------------------------------------------------------------
                         slack                                  0.977    

Slack (MET) :             0.977ns  (arrival time - required time)
  Source:                 rv32_top_i/plat/U0/u_ctrl/r_ctrl_reg[0]/C
                            (rising edge-triggered cell FDRE clocked by clk_fpga_0  {rise@0.000ns fall@4.000ns period=8.000ns})
  Destination:            rv32_top_i/plat/U0/u_icache/u_adp/araddr_q_reg[8]/CLR
                            (removal check against rising-edge clock clk_fpga_0  {rise@0.000ns fall@4.000ns period=8.000ns})
  Path Group:             **async_default**
  Path Type:              Removal (Min at Fast Process Corner)
  Requirement:            0.000ns  (clk_fpga_0 rise@0.000ns - clk_fpga_0 rise@0.000ns)
  Data Path Delay:        0.899ns  (logic 0.186ns (20.679%)  route 0.713ns (79.321%))
  Logic Levels:           1  (LUT2=1)
  Clock Path Skew:        0.014ns (DCD - SCD - CPR)
    Destination Clock Delay (DCD):    1.271ns
    Source Clock Delay      (SCD):    0.969ns
    Clock Pessimism Removal (CPR):    0.288ns

    Location             Delay type                Incr(ns)  Path(ns)    Netlist Resource(s)
  -------------------------------------------------------------------    -------------------
                         (clock clk_fpga_0 rise edge)
                                                      0.000     0.000 r  
    PS7_X0Y0             PS7                          0.000     0.000 r  rv32_top_i/ps7/inst/PS7_i/FCLKCLK[0]
                         net (fo=1, routed)           0.310     0.310    rv32_top_i/ps7/inst/FCLK_CLK_unbuffered[0]
    BUFGCTRL_X0Y17       BUFG (Prop_bufg_I_O)         0.026     0.336 r  rv32_top_i/ps7/inst/buffer_fclk_clk_0.FCLK_CLK_0_BUFG_replica/O
                         net (fo=6, routed)           0.030     0.366    rv32_top_i/ps7/inst/FCLK_CLK0_repN
    BUFGCTRL_X0Y16       BUFG (Prop_bufg_I_O)         0.026     0.392 r  rv32_top_i/ps7/inst/buffer_fclk_clk_0.FCLK_CLK_0_BUFG/O
                         net (fo=12375, routed)       0.577     0.969    rv32_top_i/plat/U0/u_ctrl/S_AXI_ACLK
    SLICE_X31Y97         FDRE                                         r  rv32_top_i/plat/U0/u_ctrl/r_ctrl_reg[0]/C
  -------------------------------------------------------------------    -------------------
    SLICE_X31Y97         FDRE (Prop_fdre_C_Q)         0.141     1.110 f  rv32_top_i/plat/U0/u_ctrl/r_ctrl_reg[0]/Q
                         net (fo=10, routed)          0.298     1.407    rv32_top_i/plat/U0/u_ctrl/cpu_reset
    SLICE_X31Y96         LUT2 (Prop_lut2_I0_O)        0.045     1.452 f  rv32_top_i/plat/U0/u_ctrl/regs[1][31]_i_1/O
                         net (fo=1609, routed)        0.416     1.868    rv32_top_i/plat/U0/u_icache/u_adp/araddr_q_reg[4]_0
    SLICE_X29Y91         FDCE                                         f  rv32_top_i/plat/U0/u_icache/u_adp/araddr_q_reg[8]/CLR
  -------------------------------------------------------------------    -------------------

                         (clock clk_fpga_0 rise edge)
                                                      0.000     0.000 r  
    PS7_X0Y0             PS7                          0.000     0.000 r  rv32_top_i/ps7/inst/PS7_i/FCLKCLK[0]
                         net (fo=1, routed)           0.337     0.337    rv32_top_i/ps7/inst/FCLK_CLK_unbuffered[0]
    BUFGCTRL_X0Y17       BUFG (Prop_bufg_I_O)         0.029     0.366 r  rv32_top_i/ps7/inst/buffer_fclk_clk_0.FCLK_CLK_0_BUFG_replica/O
                         net (fo=6, routed)           0.033     0.399    rv32_top_i/ps7/inst/FCLK_CLK0_repN
    BUFGCTRL_X0Y16       BUFG (Prop_bufg_I_O)         0.029     0.428 r  rv32_top_i/ps7/inst/buffer_fclk_clk_0.FCLK_CLK_0_BUFG/O
                         net (fo=12375, routed)       0.843     1.271    rv32_top_i/plat/U0/u_icache/u_adp/S_AXI_ACLK
    SLICE_X29Y91         FDCE                                         r  rv32_top_i/plat/U0/u_icache/u_adp/araddr_q_reg[8]/C
                         clock pessimism             -0.288     0.983    
    SLICE_X29Y91         FDCE (Remov_fdce_C_CLR)     -0.092     0.891    rv32_top_i/plat/U0/u_icache/u_adp/araddr_q_reg[8]
  -------------------------------------------------------------------
                         required time                         -0.891    
                         arrival time                           1.868    
  -------------------------------------------------------------------
                         slack                                  0.977    

Slack (MET) :             0.981ns  (arrival time - required time)
  Source:                 rv32_top_i/plat/U0/u_ctrl/r_ctrl_reg[0]/C
                            (rising edge-triggered cell FDRE clocked by clk_fpga_0  {rise@0.000ns fall@4.000ns period=8.000ns})
  Destination:            rv32_top_i/plat/U0/u_icache/u_adp/araddr_q_reg[13]/CLR
                            (removal check against rising-edge clock clk_fpga_0  {rise@0.000ns fall@4.000ns period=8.000ns})
  Path Group:             **async_default**
  Path Type:              Removal (Min at Fast Process Corner)
  Requirement:            0.000ns  (clk_fpga_0 rise@0.000ns - clk_fpga_0 rise@0.000ns)
  Data Path Delay:        1.237ns  (logic 0.186ns (15.038%)  route 1.051ns (84.962%))
  Logic Levels:           1  (LUT2=1)
  Clock Path Skew:        0.348ns (DCD - SCD - CPR)
    Destination Clock Delay (DCD):    1.358ns
    Source Clock Delay      (SCD):    0.969ns
    Clock Pessimism Removal (CPR):    0.041ns

    Location             Delay type                Incr(ns)  Path(ns)    Netlist Resource(s)
  -------------------------------------------------------------------    -------------------
                         (clock clk_fpga_0 rise edge)
                                                      0.000     0.000 r  
    PS7_X0Y0             PS7                          0.000     0.000 r  rv32_top_i/ps7/inst/PS7_i/FCLKCLK[0]
                         net (fo=1, routed)           0.310     0.310    rv32_top_i/ps7/inst/FCLK_CLK_unbuffered[0]
    BUFGCTRL_X0Y17       BUFG (Prop_bufg_I_O)         0.026     0.336 r  rv32_top_i/ps7/inst/buffer_fclk_clk_0.FCLK_CLK_0_BUFG_replica/O
                         net (fo=6, routed)           0.030     0.366    rv32_top_i/ps7/inst/FCLK_CLK0_repN
    BUFGCTRL_X0Y16       BUFG (Prop_bufg_I_O)         0.026     0.392 r  rv32_top_i/ps7/inst/buffer_fclk_clk_0.FCLK_CLK_0_BUFG/O
                         net (fo=12375, routed)       0.577     0.969    rv32_top_i/plat/U0/u_ctrl/S_AXI_ACLK
    SLICE_X31Y97         FDRE                                         r  rv32_top_i/plat/U0/u_ctrl/r_ctrl_reg[0]/C
  -------------------------------------------------------------------    -------------------
    SLICE_X31Y97         FDRE (Prop_fdre_C_Q)         0.141     1.110 f  rv32_top_i/plat/U0/u_ctrl/r_ctrl_reg[0]/Q
                         net (fo=10, routed)          0.298     1.407    rv32_top_i/plat/U0/u_ctrl/cpu_reset
    SLICE_X31Y96         LUT2 (Prop_lut2_I0_O)        0.045     1.452 f  rv32_top_i/plat/U0/u_ctrl/regs[1][31]_i_1/O
                         net (fo=1609, routed)        0.753     2.205    rv32_top_i/plat/U0/u_icache/u_adp/araddr_q_reg[4]_0
    SLICE_X29Y104        FDCE                                         f  rv32_top_i/plat/U0/u_icache/u_adp/araddr_q_reg[13]/CLR
  -------------------------------------------------------------------    -------------------

                         (clock clk_fpga_0 rise edge)
                                                      0.000     0.000 r  
    PS7_X0Y0             PS7                          0.000     0.000 r  rv32_top_i/ps7/inst/PS7_i/FCLKCLK[0]
                         net (fo=1, routed)           0.337     0.337    rv32_top_i/ps7/inst/FCLK_CLK_unbuffered[0]
    BUFGCTRL_X0Y17       BUFG (Prop_bufg_I_O)         0.029     0.366 r  rv32_top_i/ps7/inst/buffer_fclk_clk_0.FCLK_CLK_0_BUFG_replica/O
                         net (fo=6, routed)           0.033     0.399    rv32_top_i/ps7/inst/FCLK_CLK0_repN
    BUFGCTRL_X0Y16       BUFG (Prop_bufg_I_O)         0.029     0.428 r  rv32_top_i/ps7/inst/buffer_fclk_clk_0.FCLK_CLK_0_BUFG/O
                         net (fo=12375, routed)       0.930     1.358    rv32_top_i/plat/U0/u_icache/u_adp/S_AXI_ACLK
    SLICE_X29Y104        FDCE                                         r  rv32_top_i/plat/U0/u_icache/u_adp/araddr_q_reg[13]/C
                         clock pessimism             -0.041     1.317    
    SLICE_X29Y104        FDCE (Remov_fdce_C_CLR)     -0.092     1.225    rv32_top_i/plat/U0/u_icache/u_adp/araddr_q_reg[13]
  -------------------------------------------------------------------
                         required time                         -1.225    
                         arrival time                           2.205    
  -------------------------------------------------------------------
                         slack                                  0.981    

Slack (MET) :             0.981ns  (arrival time - required time)
  Source:                 rv32_top_i/plat/U0/u_ctrl/r_ctrl_reg[0]/C
                            (rising edge-triggered cell FDRE clocked by clk_fpga_0  {rise@0.000ns fall@4.000ns period=8.000ns})
  Destination:            rv32_top_i/plat/U0/u_icache/u_adp/araddr_q_reg[9]/CLR
                            (removal check against rising-edge clock clk_fpga_0  {rise@0.000ns fall@4.000ns period=8.000ns})
  Path Group:             **async_default**
  Path Type:              Removal (Min at Fast Process Corner)
  Requirement:            0.000ns  (clk_fpga_0 rise@0.000ns - clk_fpga_0 rise@0.000ns)
  Data Path Delay:        1.237ns  (logic 0.186ns (15.038%)  route 1.051ns (84.962%))
  Logic Levels:           1  (LUT2=1)
  Clock Path Skew:        0.348ns (DCD - SCD - CPR)
    Destination Clock Delay (DCD):    1.358ns
    Source Clock Delay      (SCD):    0.969ns
    Clock Pessimism Removal (CPR):    0.041ns

    Location             Delay type                Incr(ns)  Path(ns)    Netlist Resource(s)
  -------------------------------------------------------------------    -------------------
                         (clock clk_fpga_0 rise edge)
                                                      0.000     0.000 r  
    PS7_X0Y0             PS7                          0.000     0.000 r  rv32_top_i/ps7/inst/PS7_i/FCLKCLK[0]
                         net (fo=1, routed)           0.310     0.310    rv32_top_i/ps7/inst/FCLK_CLK_unbuffered[0]
    BUFGCTRL_X0Y17       BUFG (Prop_bufg_I_O)         0.026     0.336 r  rv32_top_i/ps7/inst/buffer_fclk_clk_0.FCLK_CLK_0_BUFG_replica/O
                         net (fo=6, routed)           0.030     0.366    rv32_top_i/ps7/inst/FCLK_CLK0_repN
    BUFGCTRL_X0Y16       BUFG (Prop_bufg_I_O)         0.026     0.392 r  rv32_top_i/ps7/inst/buffer_fclk_clk_0.FCLK_CLK_0_BUFG/O
                         net (fo=12375, routed)       0.577     0.969    rv32_top_i/plat/U0/u_ctrl/S_AXI_ACLK
    SLICE_X31Y97         FDRE                                         r  rv32_top_i/plat/U0/u_ctrl/r_ctrl_reg[0]/C
  -------------------------------------------------------------------    -------------------
    SLICE_X31Y97         FDRE (Prop_fdre_C_Q)         0.141     1.110 f  rv32_top_i/plat/U0/u_ctrl/r_ctrl_reg[0]/Q
                         net (fo=10, routed)          0.298     1.407    rv32_top_i/plat/U0/u_ctrl/cpu_reset
    SLICE_X31Y96         LUT2 (Prop_lut2_I0_O)        0.045     1.452 f  rv32_top_i/plat/U0/u_ctrl/regs[1][31]_i_1/O
                         net (fo=1609, routed)        0.753     2.205    rv32_top_i/plat/U0/u_icache/u_adp/araddr_q_reg[4]_0
    SLICE_X29Y104        FDCE                                         f  rv32_top_i/plat/U0/u_icache/u_adp/araddr_q_reg[9]/CLR
  -------------------------------------------------------------------    -------------------

                         (clock clk_fpga_0 rise edge)
                                                      0.000     0.000 r  
    PS7_X0Y0             PS7                          0.000     0.000 r  rv32_top_i/ps7/inst/PS7_i/FCLKCLK[0]
                         net (fo=1, routed)           0.337     0.337    rv32_top_i/ps7/inst/FCLK_CLK_unbuffered[0]
    BUFGCTRL_X0Y17       BUFG (Prop_bufg_I_O)         0.029     0.366 r  rv32_top_i/ps7/inst/buffer_fclk_clk_0.FCLK_CLK_0_BUFG_replica/O
                         net (fo=6, routed)           0.033     0.399    rv32_top_i/ps7/inst/FCLK_CLK0_repN
    BUFGCTRL_X0Y16       BUFG (Prop_bufg_I_O)         0.029     0.428 r  rv32_top_i/ps7/inst/buffer_fclk_clk_0.FCLK_CLK_0_BUFG/O
                         net (fo=12375, routed)       0.930     1.358    rv32_top_i/plat/U0/u_icache/u_adp/S_AXI_ACLK
    SLICE_X29Y104        FDCE                                         r  rv32_top_i/plat/U0/u_icache/u_adp/araddr_q_reg[9]/C
                         clock pessimism             -0.041     1.317    
    SLICE_X29Y104        FDCE (Remov_fdce_C_CLR)     -0.092     1.225    rv32_top_i/plat/U0/u_icache/u_adp/araddr_q_reg[9]
  -------------------------------------------------------------------
                         required time                         -1.225    
                         arrival time                           2.205    
  -------------------------------------------------------------------
                         slack                                  0.981    





