Copyright 1986-2022 Xilinx, Inc. All Rights Reserved. Copyright 2022-2025 Advanced Micro Devices, Inc. All Rights Reserved.
---------------------------------------------------------------------------------------------------------------------------------------------
| Tool Version : Vivado v.2025.2 (win64) Build 6299465 Fri Nov 14 19:35:11 GMT 2025
| Date         : Wed Jun 24 09:32:19 2026
| Host         : devot-soul-to-hw running 64-bit major release  (build 9200)
| Command      : report_timing_summary -max_paths 5 -file C:/work/github/RV32-FullStack/flash/timing_mmcm_opt.rpt
| Design       : rv32_top_wrapper
| Device       : 7z020-clg400
| Speed File   : -1  PRODUCTION 1.12 2019-11-22
| Design State : Physopt postRoute
---------------------------------------------------------------------------------------------------------------------------------------------

Timing Summary Report

------------------------------------------------------------------------------------------------
| Timer Settings
| --------------
------------------------------------------------------------------------------------------------

  Enable Multi Corner Analysis               :  Yes
  Enable Pessimism Removal                   :  Yes
  Pessimism Removal Resolution               :  Nearest Common Node
  Enable Input Delay Default Clock           :  No
  Enable Preset / Clear Arcs                 :  No
  Disable Flight Delays                      :  No
  Ignore I/O Paths                           :  No
  Timing Early Launch at Borrowing Latches   :  No
  Borrow Time for Max Delay Exceptions       :  Yes
  Merge Timing Exceptions                    :  Yes
  Inter-SLR Compensation                     :  Conservative

  Corner  Analyze    Analyze    
  Name    Max Paths  Min Paths  
  ------  ---------  ---------  
  Slow    Yes        Yes        
  Fast    Yes        Yes        


------------------------------------------------------------------------------------------------
| Report Methodology
| ------------------
------------------------------------------------------------------------------------------------

Rule      Severity          Description                                         Violations  
--------  ----------------  --------------------------------------------------  ----------  
TIMING-2  Critical Warning  Invalid primary clock source pin                    1           
TIMING-4  Critical Warning  Invalid primary clock redefinition on a clock tree  1           
HPDR-1    Warning           Port pin direction inconsistency                    11          
HPDR-2    Warning           Port pin INOUT inconsistency                        28          
LUTAR-1   Warning           LUT drives async reset alert                        1           

Note: This report is based on the most recent report_methodology run and may not be up-to-date. Run report_methodology on the current design for the latest report.



check_timing report

Table of Contents
-----------------
1. checking no_clock (0)
2. checking constant_clock (0)
3. checking pulse_width_clock (0)
4. checking unconstrained_internal_endpoints (0)
5. checking no_input_delay (37)
6. checking no_output_delay (41)
7. checking multiple_clock (0)
8. checking generated_clocks (0)
9. checking loops (0)
10. checking partial_input_delay (0)
11. checking partial_output_delay (0)
12. checking latch_loops (0)

1. checking no_clock (0)
------------------------
 There are 0 register/latch pins with no clock.


2. checking constant_clock (0)
------------------------------
 There are 0 register/latch pins with constant_clock.


3. checking pulse_width_clock (0)
---------------------------------
 There are 0 register/latch pins which need pulse_width check


4. checking unconstrained_internal_endpoints (0)
------------------------------------------------
 There are 0 pins that are not constrained for maximum delay.

 There are 0 pins that are not constrained for maximum delay due to constant clock.


5. checking no_input_delay (37)
-------------------------------
 There are 37 input ports with no input delay specified. (HIGH)

 There are 0 input ports with no input delay but user has a false path constraint.


6. checking no_output_delay (41)
--------------------------------
 There are 41 ports with no output delay specified. (HIGH)

 There are 0 ports with no output delay but user has a false path constraint

 There are 0 ports with no output delay but with a timing clock defined on it or propagating through it


7. checking multiple_clock (0)
------------------------------
 There are 0 register/latch pins with multiple clocks.


8. checking generated_clocks (0)
--------------------------------
 There are 0 generated clocks that are not connected to a clock source.


9. checking loops (0)
---------------------
 There are 0 combinational loops in the design.


10. checking partial_input_delay (0)
------------------------------------
 There are 0 input ports with partial input delay specified.


11. checking partial_output_delay (0)
-------------------------------------
 There are 0 ports with partial output delay specified.


12. checking latch_loops (0)
----------------------------
 There are 0 combinational latch loops in the design through latch input



------------------------------------------------------------------------------------------------
| Design Timing Summary
| ---------------------
------------------------------------------------------------------------------------------------

    WNS(ns)      TNS(ns)  TNS Failing Endpoints  TNS Total Endpoints      WHS(ns)      THS(ns)  THS Failing Endpoints  THS Total Endpoints     WPWS(ns)     TPWS(ns)  TPWS Failing Endpoints  TPWS Total Endpoints  
    -------      -------  ---------------------  -------------------      -------      -------  ---------------------  -------------------     --------     --------  ----------------------  --------------------  
      0.003        0.000                      0                52010        0.038        0.000                      0                52010        3.000        0.000                       0                 12247  


All user specified timing constraints are met.


------------------------------------------------------------------------------------------------
| Clock Summary
| -------------
------------------------------------------------------------------------------------------------

Clock                              Waveform(ns)         Period(ns)      Frequency(MHz)
-----                              ------------         ----------      --------------
clk_fpga_0                         {0.000 5.000}        10.000          100.000         
rv32_top_i/clk_wiz_0/inst/clk_in1  {0.000 5.000}        10.000          100.000         
  clk_out1_rv32_top_clk_wiz_0_0    {0.000 4.717}        9.434           106.000         
  clkfbout_rv32_top_clk_wiz_0_0    {0.000 10.000}       20.000          50.000          


------------------------------------------------------------------------------------------------
| Intra Clock Table
| -----------------
------------------------------------------------------------------------------------------------

Clock                                  WNS(ns)      TNS(ns)  TNS Failing Endpoints  TNS Total Endpoints      WHS(ns)      THS(ns)  THS Failing Endpoints  THS Total Endpoints     WPWS(ns)     TPWS(ns)  TPWS Failing Endpoints  TPWS Total Endpoints  
-----                                  -------      -------  ---------------------  -------------------      -------      -------  ---------------------  -------------------     --------     --------  ----------------------  --------------------  
clk_fpga_0                                                                                                                                                                           7.845        0.000                       0                     1  
rv32_top_i/clk_wiz_0/inst/clk_in1                                                                                                                                                    3.000        0.000                       0                     1  
  clk_out1_rv32_top_clk_wiz_0_0          0.003        0.000                      0                49023        0.038        0.000                      0                49023        3.467        0.000                       0                 12242  
  clkfbout_rv32_top_clk_wiz_0_0                                                                                                                                                     17.845        0.000                       0                     3  


------------------------------------------------------------------------------------------------
| Inter Clock Table
| -----------------
------------------------------------------------------------------------------------------------

From Clock    To Clock          WNS(ns)      TNS(ns)  TNS Failing Endpoints  TNS Total Endpoints      WHS(ns)      THS(ns)  THS Failing Endpoints  THS Total Endpoints  
----------    --------          -------      -------  ---------------------  -------------------      -------      -------  ---------------------  -------------------  


------------------------------------------------------------------------------------------------
| Other Path Groups Table
| -----------------------
------------------------------------------------------------------------------------------------

Path Group                     From Clock                     To Clock                           WNS(ns)      TNS(ns)  TNS Failing Endpoints  TNS Total Endpoints      WHS(ns)      THS(ns)  THS Failing Endpoints  THS Total Endpoints  
----------                     ----------                     --------                           -------      -------  ---------------------  -------------------      -------      -------  ---------------------  -------------------  
**async_default**              clk_out1_rv32_top_clk_wiz_0_0  clk_out1_rv32_top_clk_wiz_0_0        1.161        0.000                      0                 2987        0.746        0.000                      0                 2987  


------------------------------------------------------------------------------------------------
| Timing Details
| --------------
------------------------------------------------------------------------------------------------


---------------------------------------------------------------------------------------------------
From Clock:  clk_fpga_0
  To Clock:  clk_fpga_0

Setup :           NA  Failing Endpoints,  Worst Slack           NA  ,  Total Violation           NA
Hold  :           NA  Failing Endpoints,  Worst Slack           NA  ,  Total Violation           NA
PW    :            0  Failing Endpoints,  Worst Slack        7.845ns,  Total Violation        0.000ns
---------------------------------------------------------------------------------------------------


Pulse Width Checks
--------------------------------------------------------------------------------------
Clock Name:         clk_fpga_0
Waveform(ns):       { 0.000 5.000 }
Period(ns):         10.000
Sources:            { rv32_top_i/ps7/inst/PS7_i/FCLKCLK[0] }

Check Type  Corner  Lib Pin  Reference Pin  Required(ns)  Actual(ns)  Slack(ns)  Location        Pin
Min Period  n/a     BUFG/I   n/a            2.155         10.000      7.845      BUFGCTRL_X0Y16  rv32_top_i/ps7/inst/buffer_fclk_clk_0.FCLK_CLK_0_BUFG/I



---------------------------------------------------------------------------------------------------
From Clock:  rv32_top_i/clk_wiz_0/inst/clk_in1
  To Clock:  rv32_top_i/clk_wiz_0/inst/clk_in1

Setup :           NA  Failing Endpoints,  Worst Slack           NA  ,  Total Violation           NA
Hold  :           NA  Failing Endpoints,  Worst Slack           NA  ,  Total Violation           NA
PW    :            0  Failing Endpoints,  Worst Slack        3.000ns,  Total Violation        0.000ns
---------------------------------------------------------------------------------------------------


Pulse Width Checks
--------------------------------------------------------------------------------------
Clock Name:         rv32_top_i/clk_wiz_0/inst/clk_in1
Waveform(ns):       { 0.000 5.000 }
Period(ns):         10.000
Sources:            { rv32_top_i/clk_wiz_0/inst/clk_in1 }

Check Type        Corner  Lib Pin            Reference Pin  Required(ns)  Actual(ns)  Slack(ns)  Location         Pin
Min Period        n/a     MMCME2_ADV/CLKIN1  n/a            1.249         10.000      8.751      MMCME2_ADV_X1Y0  rv32_top_i/clk_wiz_0/inst/mmcm_adv_inst/CLKIN1
Max Period        n/a     MMCME2_ADV/CLKIN1  n/a            100.000       10.000      90.000     MMCME2_ADV_X1Y0  rv32_top_i/clk_wiz_0/inst/mmcm_adv_inst/CLKIN1
Low Pulse Width   Slow    MMCME2_ADV/CLKIN1  n/a            2.000         5.000       3.000      MMCME2_ADV_X1Y0  rv32_top_i/clk_wiz_0/inst/mmcm_adv_inst/CLKIN1
Low Pulse Width   Fast    MMCME2_ADV/CLKIN1  n/a            2.000         5.000       3.000      MMCME2_ADV_X1Y0  rv32_top_i/clk_wiz_0/inst/mmcm_adv_inst/CLKIN1
High Pulse Width  Slow    MMCME2_ADV/CLKIN1  n/a            2.000         5.000       3.000      MMCME2_ADV_X1Y0  rv32_top_i/clk_wiz_0/inst/mmcm_adv_inst/CLKIN1
High Pulse Width  Fast    MMCME2_ADV/CLKIN1  n/a            2.000         5.000       3.000      MMCME2_ADV_X1Y0  rv32_top_i/clk_wiz_0/inst/mmcm_adv_inst/CLKIN1



---------------------------------------------------------------------------------------------------
From Clock:  clk_out1_rv32_top_clk_wiz_0_0
  To Clock:  clk_out1_rv32_top_clk_wiz_0_0

Setup :            0  Failing Endpoints,  Worst Slack        0.003ns,  Total Violation        0.000ns
Hold  :            0  Failing Endpoints,  Worst Slack        0.038ns,  Total Violation        0.000ns
PW    :            0  Failing Endpoints,  Worst Slack        3.467ns,  Total Violation        0.000ns
---------------------------------------------------------------------------------------------------


Max Delay Paths
--------------------------------------------------------------------------------------
Slack (MET) :             0.003ns  (required time - arrival time)
  Source:                 rv32_top_i/plat/U0/u_core/memwb_rd_reg[2]/C
                            (rising edge-triggered cell FDCE clocked by clk_out1_rv32_top_clk_wiz_0_0  {rise@0.000ns fall@4.717ns period=9.434ns})
  Destination:            rv32_top_i/plat/U0/u_core/exmem_alu_result_reg[4]_rep__2/D
                            (rising edge-triggered cell FDCE clocked by clk_out1_rv32_top_clk_wiz_0_0  {rise@0.000ns fall@4.717ns period=9.434ns})
  Path Group:             clk_out1_rv32_top_clk_wiz_0_0
  Path Type:              Setup (Max at Slow Process Corner)
  Requirement:            9.434ns  (clk_out1_rv32_top_clk_wiz_0_0 rise@9.434ns - clk_out1_rv32_top_clk_wiz_0_0 rise@0.000ns)
  Data Path Delay:        9.187ns  (logic 2.633ns (28.660%)  route 6.554ns (71.340%))
  Logic Levels:           11  (CARRY4=2 LUT2=1 LUT3=1 LUT4=1 LUT6=6)
  Clock Path Skew:        -0.143ns (DCD - SCD + CPR)
    Destination Clock Delay (DCD):    1.629ns = ( 11.063 - 9.434 ) 
    Source Clock Delay      (SCD):    1.904ns
    Clock Pessimism Removal (CPR):    0.132ns
  Clock Uncertainty:      0.085ns  ((TSJ^2 + DJ^2)^1/2) / 2 + PE
    Total System Jitter     (TSJ):    0.071ns
    Discrete Jitter          (DJ):    0.154ns
    Phase Error              (PE):    0.000ns

    Location             Delay type                Incr(ns)  Path(ns)    Netlist Resource(s)
  -------------------------------------------------------------------    -------------------
                         (clock clk_out1_rv32_top_clk_wiz_0_0 rise edge)
                                                      0.000     0.000 r  
    BUFGCTRL_X0Y16       BUFG                         0.000     0.000 r  rv32_top_i/ps7/inst/buffer_fclk_clk_0.FCLK_CLK_0_BUFG/O
                         net (fo=1, routed)           1.806     1.806    rv32_top_i/clk_wiz_0/inst/clk_in1
    MMCME2_ADV_X1Y0      MMCME2_ADV (Prop_mmcme2_adv_CLKIN1_CLKOUT0)
                                                     -3.793    -1.987 r  rv32_top_i/clk_wiz_0/inst/mmcm_adv_inst/CLKOUT0
                         net (fo=1, routed)           1.889    -0.098    rv32_top_i/clk_wiz_0/inst/clk_out1_rv32_top_clk_wiz_0_0
    BUFGCTRL_X0Y0        BUFG (Prop_bufg_I_O)         0.101     0.003 r  rv32_top_i/clk_wiz_0/inst/clkout1_buf/O
                         net (fo=12242, routed)       1.901     1.904    rv32_top_i/plat/U0/u_core/S_AXI_ACLK
    SLICE_X67Y117        FDCE                                         r  rv32_top_i/plat/U0/u_core/memwb_rd_reg[2]/C
  -------------------------------------------------------------------    -------------------
    SLICE_X67Y117        FDCE (Prop_fdce_C_Q)         0.419     2.323 r  rv32_top_i/plat/U0/u_core/memwb_rd_reg[2]/Q
                         net (fo=69, routed)          0.841     3.164    rv32_top_i/plat/U0/u_core/u_pc/exmem_alu_result[30]_i_66_0[2]
    SLICE_X66Y120        LUT6 (Prop_lut6_I4_O)        0.299     3.463 f  rv32_top_i/plat/U0/u_core/u_pc/exmem_store[31]_i_10/O
                         net (fo=3, routed)           0.851     4.314    rv32_top_i/plat/U0/u_core/u_pc/idex_rs2_reg[4]_0
    SLICE_X66Y119        LUT6 (Prop_lut6_I5_O)        0.124     4.438 f  rv32_top_i/plat/U0/u_core/u_pc/exmem_store[31]_i_3/O
                         net (fo=32, routed)          0.580     5.017    rv32_top_i/plat/U0/u_core/u_pc/exmem_store[31]_i_3_n_0
    SLICE_X66Y118        LUT6 (Prop_lut6_I3_O)        0.124     5.141 r  rv32_top_i/plat/U0/u_core/u_pc/exmem_store[1]_i_1/O
                         net (fo=14, routed)          0.680     5.821    rv32_top_i/plat/U0/u_core/fb_val[1]
    SLICE_X65Y117        LUT3 (Prop_lut3_I1_O)        0.124     5.945 r  rv32_top_i/plat/U0/u_core/exmem_alu_result[26]_i_7/O
                         net (fo=52, routed)          0.898     6.843    rv32_top_i/plat/U0/u_core/alu_b[1]
    SLICE_X62Y119        LUT2 (Prop_lut2_I1_O)        0.124     6.967 r  rv32_top_i/plat/U0/u_core/exmem_alu_result[3]_i_21/O
                         net (fo=1, routed)           0.000     6.967    rv32_top_i/plat/U0/u_core/exmem_alu_result[3]_i_21_n_0
    SLICE_X62Y119        CARRY4 (Prop_carry4_S[1]_CO[3])
                                                      0.533     7.500 r  rv32_top_i/plat/U0/u_core/exmem_alu_result_reg[3]_i_11/CO[3]
                         net (fo=1, routed)           0.000     7.500    rv32_top_i/plat/U0/u_core/exmem_alu_result_reg[3]_i_11_n_0
    SLICE_X62Y120        CARRY4 (Prop_carry4_CI_O[0])
                                                      0.219     7.719 r  rv32_top_i/plat/U0/u_core/exmem_alu_result_reg[7]_i_15/O[0]
                         net (fo=1, routed)           0.709     8.428    rv32_top_i/plat/U0/u_core/u_alu/data0[4]
    SLICE_X59Y117        LUT4 (Prop_lut4_I2_O)        0.295     8.723 r  rv32_top_i/plat/U0/u_core/exmem_alu_result[4]_i_12/O
                         net (fo=1, routed)           0.288     9.011    rv32_top_i/plat/U0/u_core/exmem_alu_result[4]_i_12_n_0
    SLICE_X57Y117        LUT6 (Prop_lut6_I5_O)        0.124     9.135 r  rv32_top_i/plat/U0/u_core/exmem_alu_result[4]_i_6/O
                         net (fo=1, routed)           0.340     9.474    rv32_top_i/plat/U0/u_core/exmem_alu_result[4]_i_6_n_0
    SLICE_X57Y116        LUT6 (Prop_lut6_I0_O)        0.124     9.598 r  rv32_top_i/plat/U0/u_core/exmem_alu_result[4]_i_2/O
                         net (fo=16, routed)          0.752    10.351    rv32_top_i/plat/U0/u_core/exmem_alu_result[4]_i_2_n_0
    SLICE_X51Y118        LUT6 (Prop_lut6_I1_O)        0.124    10.475 r  rv32_top_i/plat/U0/u_core/exmem_alu_result[4]_rep_i_1__2/O
                         net (fo=1, routed)           0.616    11.091    rv32_top_i/plat/U0/u_core/exmem_alu_result[4]_rep_i_1__2_n_0
    SLICE_X50Y124        FDCE                                         r  rv32_top_i/plat/U0/u_core/exmem_alu_result_reg[4]_rep__2/D
  -------------------------------------------------------------------    -------------------

                         (clock clk_out1_rv32_top_clk_wiz_0_0 rise edge)
                                                      9.434     9.434 r  
    BUFGCTRL_X0Y16       BUFG                         0.000     9.434 r  rv32_top_i/ps7/inst/buffer_fclk_clk_0.FCLK_CLK_0_BUFG/O
                         net (fo=1, routed)           1.612    11.046    rv32_top_i/clk_wiz_0/inst/clk_in1
    MMCME2_ADV_X1Y0      MMCME2_ADV (Prop_mmcme2_adv_CLKIN1_CLKOUT0)
                                                     -3.425     7.621 r  rv32_top_i/clk_wiz_0/inst/mmcm_adv_inst/CLKOUT0
                         net (fo=1, routed)           1.725     9.346    rv32_top_i/clk_wiz_0/inst/clk_out1_rv32_top_clk_wiz_0_0
    BUFGCTRL_X0Y0        BUFG (Prop_bufg_I_O)         0.091     9.437 r  rv32_top_i/clk_wiz_0/inst/clkout1_buf/O
                         net (fo=12242, routed)       1.626    11.063    rv32_top_i/plat/U0/u_core/S_AXI_ACLK
    SLICE_X50Y124        FDCE                                         r  rv32_top_i/plat/U0/u_core/exmem_alu_result_reg[4]_rep__2/C
                         clock pessimism              0.132    11.195    
                         clock uncertainty           -0.085    11.110    
    SLICE_X50Y124        FDCE (Setup_fdce_C_D)       -0.016    11.094    rv32_top_i/plat/U0/u_core/exmem_alu_result_reg[4]_rep__2
  -------------------------------------------------------------------
                         required time                         11.094    
                         arrival time                         -11.091    
  -------------------------------------------------------------------
                         slack                                  0.003    

Slack (MET) :             0.022ns  (required time - arrival time)
  Source:                 rv32_top_i/plat/U0/u_core/memwb_rd_reg[2]/C
                            (rising edge-triggered cell FDCE clocked by clk_out1_rv32_top_clk_wiz_0_0  {rise@0.000ns fall@4.717ns period=9.434ns})
  Destination:            rv32_top_i/plat/U0/u_core/exmem_alu_result_reg[4]/D
                            (rising edge-triggered cell FDCE clocked by clk_out1_rv32_top_clk_wiz_0_0  {rise@0.000ns fall@4.717ns period=9.434ns})
  Path Group:             clk_out1_rv32_top_clk_wiz_0_0
  Path Type:              Setup (Max at Slow Process Corner)
  Requirement:            9.434ns  (clk_out1_rv32_top_clk_wiz_0_0 rise@9.434ns - clk_out1_rv32_top_clk_wiz_0_0 rise@0.000ns)
  Data Path Delay:        9.212ns  (logic 2.633ns (28.583%)  route 6.579ns (71.417%))
  Logic Levels:           11  (CARRY4=2 LUT2=1 LUT3=1 LUT4=1 LUT6=6)
  Clock Path Skew:        -0.069ns (DCD - SCD + CPR)
    Destination Clock Delay (DCD):    1.703ns = ( 11.137 - 9.434 ) 
    Source Clock Delay      (SCD):    1.904ns
    Clock Pessimism Removal (CPR):    0.132ns
  Clock Uncertainty:      0.085ns  ((TSJ^2 + DJ^2)^1/2) / 2 + PE
    Total System Jitter     (TSJ):    0.071ns
    Discrete Jitter          (DJ):    0.154ns
    Phase Error              (PE):    0.000ns

    Location             Delay type                Incr(ns)  Path(ns)    Netlist Resource(s)
  -------------------------------------------------------------------    -------------------
                         (clock clk_out1_rv32_top_clk_wiz_0_0 rise edge)
                                                      0.000     0.000 r  
    BUFGCTRL_X0Y16       BUFG                         0.000     0.000 r  rv32_top_i/ps7/inst/buffer_fclk_clk_0.FCLK_CLK_0_BUFG/O
                         net (fo=1, routed)           1.806     1.806    rv32_top_i/clk_wiz_0/inst/clk_in1
    MMCME2_ADV_X1Y0      MMCME2_ADV (Prop_mmcme2_adv_CLKIN1_CLKOUT0)
                                                     -3.793    -1.987 r  rv32_top_i/clk_wiz_0/inst/mmcm_adv_inst/CLKOUT0
                         net (fo=1, routed)           1.889    -0.098    rv32_top_i/clk_wiz_0/inst/clk_out1_rv32_top_clk_wiz_0_0
    BUFGCTRL_X0Y0        BUFG (Prop_bufg_I_O)         0.101     0.003 r  rv32_top_i/clk_wiz_0/inst/clkout1_buf/O
                         net (fo=12242, routed)       1.901     1.904    rv32_top_i/plat/U0/u_core/S_AXI_ACLK
    SLICE_X67Y117        FDCE                                         r  rv32_top_i/plat/U0/u_core/memwb_rd_reg[2]/C
  -------------------------------------------------------------------    -------------------
    SLICE_X67Y117        FDCE (Prop_fdce_C_Q)         0.419     2.323 r  rv32_top_i/plat/U0/u_core/memwb_rd_reg[2]/Q
                         net (fo=69, routed)          0.841     3.164    rv32_top_i/plat/U0/u_core/u_pc/exmem_alu_result[30]_i_66_0[2]
    SLICE_X66Y120        LUT6 (Prop_lut6_I4_O)        0.299     3.463 f  rv32_top_i/plat/U0/u_core/u_pc/exmem_store[31]_i_10/O
                         net (fo=3, routed)           0.851     4.314    rv32_top_i/plat/U0/u_core/u_pc/idex_rs2_reg[4]_0
    SLICE_X66Y119        LUT6 (Prop_lut6_I5_O)        0.124     4.438 f  rv32_top_i/plat/U0/u_core/u_pc/exmem_store[31]_i_3/O
                         net (fo=32, routed)          0.580     5.017    rv32_top_i/plat/U0/u_core/u_pc/exmem_store[31]_i_3_n_0
    SLICE_X66Y118        LUT6 (Prop_lut6_I3_O)        0.124     5.141 r  rv32_top_i/plat/U0/u_core/u_pc/exmem_store[1]_i_1/O
                         net (fo=14, routed)          0.680     5.821    rv32_top_i/plat/U0/u_core/fb_val[1]
    SLICE_X65Y117        LUT3 (Prop_lut3_I1_O)        0.124     5.945 r  rv32_top_i/plat/U0/u_core/exmem_alu_result[26]_i_7/O
                         net (fo=52, routed)          0.898     6.843    rv32_top_i/plat/U0/u_core/alu_b[1]
    SLICE_X62Y119        LUT2 (Prop_lut2_I1_O)        0.124     6.967 r  rv32_top_i/plat/U0/u_core/exmem_alu_result[3]_i_21/O
                         net (fo=1, routed)           0.000     6.967    rv32_top_i/plat/U0/u_core/exmem_alu_result[3]_i_21_n_0
    SLICE_X62Y119        CARRY4 (Prop_carry4_S[1]_CO[3])
                                                      0.533     7.500 r  rv32_top_i/plat/U0/u_core/exmem_alu_result_reg[3]_i_11/CO[3]
                         net (fo=1, routed)           0.000     7.500    rv32_top_i/plat/U0/u_core/exmem_alu_result_reg[3]_i_11_n_0
    SLICE_X62Y120        CARRY4 (Prop_carry4_CI_O[0])
                                                      0.219     7.719 r  rv32_top_i/plat/U0/u_core/exmem_alu_result_reg[7]_i_15/O[0]
                         net (fo=1, routed)           0.709     8.428    rv32_top_i/plat/U0/u_core/u_alu/data0[4]
    SLICE_X59Y117        LUT4 (Prop_lut4_I2_O)        0.295     8.723 r  rv32_top_i/plat/U0/u_core/exmem_alu_result[4]_i_12/O
                         net (fo=1, routed)           0.288     9.011    rv32_top_i/plat/U0/u_core/exmem_alu_result[4]_i_12_n_0
    SLICE_X57Y117        LUT6 (Prop_lut6_I5_O)        0.124     9.135 r  rv32_top_i/plat/U0/u_core/exmem_alu_result[4]_i_6/O
                         net (fo=1, routed)           0.340     9.474    rv32_top_i/plat/U0/u_core/exmem_alu_result[4]_i_6_n_0
    SLICE_X57Y116        LUT6 (Prop_lut6_I0_O)        0.124     9.598 r  rv32_top_i/plat/U0/u_core/exmem_alu_result[4]_i_2/O
                         net (fo=16, routed)          0.647    10.245    rv32_top_i/plat/U0/u_core/exmem_alu_result[4]_i_2_n_0
    SLICE_X57Y118        LUT6 (Prop_lut6_I1_O)        0.124    10.369 r  rv32_top_i/plat/U0/u_core/exmem_alu_result[4]_i_1/O
                         net (fo=1, routed)           0.747    11.116    rv32_top_i/plat/U0/u_core/exmem_alu_result[4]_i_1_n_0
    SLICE_X57Y127        FDCE                                         r  rv32_top_i/plat/U0/u_core/exmem_alu_result_reg[4]/D
  -------------------------------------------------------------------    -------------------

                         (clock clk_out1_rv32_top_clk_wiz_0_0 rise edge)
                                                      9.434     9.434 r  
    BUFGCTRL_X0Y16       BUFG                         0.000     9.434 r  rv32_top_i/ps7/inst/buffer_fclk_clk_0.FCLK_CLK_0_BUFG/O
                         net (fo=1, routed)           1.612    11.046    rv32_top_i/clk_wiz_0/inst/clk_in1
    MMCME2_ADV_X1Y0      MMCME2_ADV (Prop_mmcme2_adv_CLKIN1_CLKOUT0)
                                                     -3.425     7.621 r  rv32_top_i/clk_wiz_0/inst/mmcm_adv_inst/CLKOUT0
                         net (fo=1, routed)           1.725     9.346    rv32_top_i/clk_wiz_0/inst/clk_out1_rv32_top_clk_wiz_0_0
    BUFGCTRL_X0Y0        BUFG (Prop_bufg_I_O)         0.091     9.437 r  rv32_top_i/clk_wiz_0/inst/clkout1_buf/O
                         net (fo=12242, routed)       1.700    11.137    rv32_top_i/plat/U0/u_core/S_AXI_ACLK
    SLICE_X57Y127        FDCE                                         r  rv32_top_i/plat/U0/u_core/exmem_alu_result_reg[4]/C
                         clock pessimism              0.132    11.269    
                         clock uncertainty           -0.085    11.184    
    SLICE_X57Y127        FDCE (Setup_fdce_C_D)       -0.047    11.137    rv32_top_i/plat/U0/u_core/exmem_alu_result_reg[4]
  -------------------------------------------------------------------
                         required time                         11.137    
                         arrival time                         -11.116    
  -------------------------------------------------------------------
                         slack                                  0.022    

Slack (MET) :             0.022ns  (required time - arrival time)
  Source:                 rv32_top_i/plat/U0/u_core/memwb_rd_reg[1]/C
                            (rising edge-triggered cell FDCE clocked by clk_out1_rv32_top_clk_wiz_0_0  {rise@0.000ns fall@4.717ns period=9.434ns})
  Destination:            rv32_top_i/plat/U0/u_core/exmem_alu_result_reg[20]/D
                            (rising edge-triggered cell FDCE clocked by clk_out1_rv32_top_clk_wiz_0_0  {rise@0.000ns fall@4.717ns period=9.434ns})
  Path Group:             clk_out1_rv32_top_clk_wiz_0_0
  Path Type:              Setup (Max at Slow Process Corner)
  Requirement:            9.434ns  (clk_out1_rv32_top_clk_wiz_0_0 rise@9.434ns - clk_out1_rv32_top_clk_wiz_0_0 rise@0.000ns)
  Data Path Delay:        9.296ns  (logic 2.722ns (29.283%)  route 6.574ns (70.717%))
  Logic Levels:           14  (CARRY4=4 LUT2=1 LUT3=1 LUT4=2 LUT6=6)
  Clock Path Skew:        -0.064ns (DCD - SCD + CPR)
    Destination Clock Delay (DCD):    1.708ns = ( 11.142 - 9.434 ) 
    Source Clock Delay      (SCD):    1.904ns
    Clock Pessimism Removal (CPR):    0.132ns
  Clock Uncertainty:      0.085ns  ((TSJ^2 + DJ^2)^1/2) / 2 + PE
    Total System Jitter     (TSJ):    0.071ns
    Discrete Jitter          (DJ):    0.154ns
    Phase Error              (PE):    0.000ns

    Location             Delay type                Incr(ns)  Path(ns)    Netlist Resource(s)
  -------------------------------------------------------------------    -------------------
                         (clock clk_out1_rv32_top_clk_wiz_0_0 rise edge)
                                                      0.000     0.000 r  
    BUFGCTRL_X0Y16       BUFG                         0.000     0.000 r  rv32_top_i/ps7/inst/buffer_fclk_clk_0.FCLK_CLK_0_BUFG/O
                         net (fo=1, routed)           1.806     1.806    rv32_top_i/clk_wiz_0/inst/clk_in1
    MMCME2_ADV_X1Y0      MMCME2_ADV (Prop_mmcme2_adv_CLKIN1_CLKOUT0)
                                                     -3.793    -1.987 r  rv32_top_i/clk_wiz_0/inst/mmcm_adv_inst/CLKOUT0
                         net (fo=1, routed)           1.889    -0.098    rv32_top_i/clk_wiz_0/inst/clk_out1_rv32_top_clk_wiz_0_0
    BUFGCTRL_X0Y0        BUFG (Prop_bufg_I_O)         0.101     0.003 r  rv32_top_i/clk_wiz_0/inst/clkout1_buf/O
                         net (fo=12242, routed)       1.901     1.904    rv32_top_i/plat/U0/u_core/S_AXI_ACLK
    SLICE_X67Y117        FDCE                                         r  rv32_top_i/plat/U0/u_core/memwb_rd_reg[1]/C
  -------------------------------------------------------------------    -------------------
    SLICE_X67Y117        FDCE (Prop_fdce_C_Q)         0.456     2.360 r  rv32_top_i/plat/U0/u_core/memwb_rd_reg[1]/Q
                         net (fo=69, routed)          0.822     3.182    rv32_top_i/plat/U0/u_core/u_pc/exmem_alu_result[30]_i_66_0[1]
    SLICE_X67Y116        LUT4 (Prop_lut4_I2_O)        0.124     3.306 r  rv32_top_i/plat/U0/u_core/u_pc/pc_internal[31]_i_63/O
                         net (fo=3, routed)           0.823     4.130    rv32_top_i/plat/U0/u_core/u_pc/memwb_rd_reg[0]
    SLICE_X64Y117        LUT6 (Prop_lut6_I0_O)        0.124     4.254 r  rv32_top_i/plat/U0/u_core/u_pc/pc_internal[31]_i_33/O
                         net (fo=32, routed)          1.066     5.320    rv32_top_i/plat/U0/u_core/u_pc/pc_internal[31]_i_33_n_0
    SLICE_X66Y119        LUT6 (Prop_lut6_I5_O)        0.124     5.444 r  rv32_top_i/plat/U0/u_core/u_pc/pc_internal[11]_i_6/O
                         net (fo=13, routed)          0.800     6.244    rv32_top_i/plat/U0/u_core/fa_val[11]
    SLICE_X67Y121        LUT3 (Prop_lut3_I1_O)        0.124     6.368 r  rv32_top_i/plat/U0/u_core/exmem_alu_result[11]_i_7/O
                         net (fo=17, routed)          0.919     7.288    rv32_top_i/plat/U0/u_core/alu_a[11]
    SLICE_X61Y120        LUT2 (Prop_lut2_I0_O)        0.124     7.412 r  rv32_top_i/plat/U0/u_core/exmem_alu_result[10]_i_29/O
                         net (fo=1, routed)           0.000     7.412    rv32_top_i/plat/U0/u_core/exmem_alu_result[10]_i_29_n_0
    SLICE_X61Y120        CARRY4 (Prop_carry4_S[3]_CO[3])
                                                      0.401     7.813 r  rv32_top_i/plat/U0/u_core/exmem_alu_result_reg[10]_i_11/CO[3]
                         net (fo=1, routed)           0.000     7.813    rv32_top_i/plat/U0/u_core/exmem_alu_result_reg[10]_i_11_n_0
    SLICE_X61Y121        CARRY4 (Prop_carry4_CI_CO[3])
                                                      0.114     7.927 r  rv32_top_i/plat/U0/u_core/exmem_alu_result_reg[19]_i_18/CO[3]
                         net (fo=1, routed)           0.000     7.927    rv32_top_i/plat/U0/u_core/exmem_alu_result_reg[19]_i_18_n_0
    SLICE_X61Y122        CARRY4 (Prop_carry4_CI_CO[3])
                                                      0.114     8.041 r  rv32_top_i/plat/U0/u_core/exmem_alu_result_reg[19]_i_16/CO[3]
                         net (fo=1, routed)           0.000     8.041    rv32_top_i/plat/U0/u_core/exmem_alu_result_reg[19]_i_16_n_0
    SLICE_X61Y123        CARRY4 (Prop_carry4_CI_O[0])
                                                      0.222     8.263 r  rv32_top_i/plat/U0/u_core/exmem_alu_result_reg[26]_i_26/O[0]
                         net (fo=1, routed)           0.606     8.868    rv32_top_i/plat/U0/u_core/u_alu/data1[20]
    SLICE_X63Y126        LUT4 (Prop_lut4_I2_O)        0.299     9.167 r  rv32_top_i/plat/U0/u_core/exmem_alu_result[20]_i_14/O
                         net (fo=1, routed)           0.306     9.473    rv32_top_i/plat/U0/u_core/exmem_alu_result[20]_i_14_n_0
    SLICE_X64Y126        LUT6 (Prop_lut6_I5_O)        0.124     9.597 r  rv32_top_i/plat/U0/u_core/exmem_alu_result[20]_i_11/O
                         net (fo=1, routed)           0.295     9.892    rv32_top_i/plat/U0/u_core/exmem_alu_result[20]_i_11_n_0
    SLICE_X66Y126        LUT6 (Prop_lut6_I0_O)        0.124    10.016 r  rv32_top_i/plat/U0/u_core/exmem_alu_result[20]_i_8/O
                         net (fo=1, routed)           0.639    10.656    rv32_top_i/plat/U0/u_core/exmem_alu_result[20]_i_8_n_0
    SLICE_X80Y125        LUT6 (Prop_lut6_I0_O)        0.124    10.780 r  rv32_top_i/plat/U0/u_core/exmem_alu_result[20]_i_5/O
                         net (fo=1, routed)           0.296    11.076    rv32_top_i/plat/U0/u_core/exmem_alu_result[20]_i_5_n_0
    SLICE_X81Y125        LUT6 (Prop_lut6_I4_O)        0.124    11.200 r  rv32_top_i/plat/U0/u_core/exmem_alu_result[20]_i_1/O
                         net (fo=1, routed)           0.000    11.200    rv32_top_i/plat/U0/u_core/exmem_alu_result[20]_i_1_n_0
    SLICE_X81Y125        FDCE                                         r  rv32_top_i/plat/U0/u_core/exmem_alu_result_reg[20]/D
  -------------------------------------------------------------------    -------------------

                         (clock clk_out1_rv32_top_clk_wiz_0_0 rise edge)
                                                      9.434     9.434 r  
    BUFGCTRL_X0Y16       BUFG                         0.000     9.434 r  rv32_top_i/ps7/inst/buffer_fclk_clk_0.FCLK_CLK_0_BUFG/O
                         net (fo=1, routed)           1.612    11.046    rv32_top_i/clk_wiz_0/inst/clk_in1
    MMCME2_ADV_X1Y0      MMCME2_ADV (Prop_mmcme2_adv_CLKIN1_CLKOUT0)
                                                     -3.425     7.621 r  rv32_top_i/clk_wiz_0/inst/mmcm_adv_inst/CLKOUT0
                         net (fo=1, routed)           1.725     9.346    rv32_top_i/clk_wiz_0/inst/clk_out1_rv32_top_clk_wiz_0_0
    BUFGCTRL_X0Y0        BUFG (Prop_bufg_I_O)         0.091     9.437 r  rv32_top_i/clk_wiz_0/inst/clkout1_buf/O
                         net (fo=12242, routed)       1.705    11.142    rv32_top_i/plat/U0/u_core/S_AXI_ACLK
    SLICE_X81Y125        FDCE                                         r  rv32_top_i/plat/U0/u_core/exmem_alu_result_reg[20]/C
                         clock pessimism              0.132    11.274    
                         clock uncertainty           -0.085    11.189    
    SLICE_X81Y125        FDCE (Setup_fdce_C_D)        0.032    11.221    rv32_top_i/plat/U0/u_core/exmem_alu_result_reg[20]
  -------------------------------------------------------------------
                         required time                         11.221    
                         arrival time                         -11.200    
  -------------------------------------------------------------------
                         slack                                  0.022    

Slack (MET) :             0.042ns  (required time - arrival time)
  Source:                 rv32_top_i/plat/U0/u_core/idex_rs2_reg[2]/C
                            (rising edge-triggered cell FDCE clocked by clk_out1_rv32_top_clk_wiz_0_0  {rise@0.000ns fall@4.717ns period=9.434ns})
  Destination:            rv32_top_i/plat/U0/u_core/exmem_alu_result_reg[6]_rep__3/D
                            (rising edge-triggered cell FDCE clocked by clk_out1_rv32_top_clk_wiz_0_0  {rise@0.000ns fall@4.717ns period=9.434ns})
  Path Group:             clk_out1_rv32_top_clk_wiz_0_0
  Path Type:              Setup (Max at Slow Process Corner)
  Requirement:            9.434ns  (clk_out1_rv32_top_clk_wiz_0_0 rise@9.434ns - clk_out1_rv32_top_clk_wiz_0_0 rise@0.000ns)
  Data Path Delay:        9.045ns  (logic 1.510ns (16.694%)  route 7.535ns (83.306%))
  Logic Levels:           8  (LUT3=1 LUT5=3 LUT6=4)
  Clock Path Skew:        -0.219ns (DCD - SCD + CPR)
    Destination Clock Delay (DCD):    1.649ns = ( 11.083 - 9.434 ) 
    Source Clock Delay      (SCD):    1.900ns
    Clock Pessimism Removal (CPR):    0.032ns
  Clock Uncertainty:      0.085ns  ((TSJ^2 + DJ^2)^1/2) / 2 + PE
    Total System Jitter     (TSJ):    0.071ns
    Discrete Jitter          (DJ):    0.154ns
    Phase Error              (PE):    0.000ns

    Location             Delay type                Incr(ns)  Path(ns)    Netlist Resource(s)
  -------------------------------------------------------------------    -------------------
                         (clock clk_out1_rv32_top_clk_wiz_0_0 rise edge)
                                                      0.000     0.000 r  
    BUFGCTRL_X0Y16       BUFG                         0.000     0.000 r  rv32_top_i/ps7/inst/buffer_fclk_clk_0.FCLK_CLK_0_BUFG/O
                         net (fo=1, routed)           1.806     1.806    rv32_top_i/clk_wiz_0/inst/clk_in1
    MMCME2_ADV_X1Y0      MMCME2_ADV (Prop_mmcme2_adv_CLKIN1_CLKOUT0)
                                                     -3.793    -1.987 r  rv32_top_i/clk_wiz_0/inst/mmcm_adv_inst/CLKOUT0
                         net (fo=1, routed)           1.889    -0.098    rv32_top_i/clk_wiz_0/inst/clk_out1_rv32_top_clk_wiz_0_0
    BUFGCTRL_X0Y0        BUFG (Prop_bufg_I_O)         0.101     0.003 r  rv32_top_i/clk_wiz_0/inst/clkout1_buf/O
                         net (fo=12242, routed)       1.897     1.900    rv32_top_i/plat/U0/u_core/S_AXI_ACLK
    SLICE_X66Y120        FDCE                                         r  rv32_top_i/plat/U0/u_core/idex_rs2_reg[2]/C
  -------------------------------------------------------------------    -------------------
    SLICE_X66Y120        FDCE (Prop_fdce_C_Q)         0.518     2.418 r  rv32_top_i/plat/U0/u_core/idex_rs2_reg[2]/Q
                         net (fo=2, routed)           0.820     3.238    rv32_top_i/plat/U0/u_core/u_pc/exmem_alu_result[30]_i_64_0[2]
    SLICE_X65Y118        LUT6 (Prop_lut6_I5_O)        0.124     3.362 r  rv32_top_i/plat/U0/u_core/u_pc/exmem_store[31]_i_7/O
                         net (fo=5, routed)           0.614     3.976    rv32_top_i/plat/U0/u_core/u_pc/idex_rs2_reg[4]
    SLICE_X65Y120        LUT3 (Prop_lut3_I2_O)        0.124     4.100 r  rv32_top_i/plat/U0/u_core/u_pc/exmem_store[31]_i_2/O
                         net (fo=32, routed)          1.114     5.214    rv32_top_i/plat/U0/u_core/u_pc/exmem_store[31]_i_2_n_0
    SLICE_X66Y117        LUT6 (Prop_lut6_I0_O)        0.124     5.338 r  rv32_top_i/plat/U0/u_core/u_pc/exmem_store[0]_i_1/O
                         net (fo=14, routed)          0.961     6.300    rv32_top_i/plat/U0/u_core/fb_val[0]
    SLICE_X66Y114        LUT5 (Prop_lut5_I0_O)        0.124     6.424 r  rv32_top_i/plat/U0/u_core/exmem_alu_result[31]_i_28/O
                         net (fo=17, routed)          1.166     7.590    rv32_top_i/plat/U0/u_core/exmem_alu_result[31]_i_28_n_0
    SLICE_X64Y112        LUT5 (Prop_lut5_I0_O)        0.124     7.714 r  rv32_top_i/plat/U0/u_core/exmem_alu_result[6]_i_17/O
                         net (fo=1, routed)           0.643     8.357    rv32_top_i/plat/U0/u_core/exmem_alu_result[6]_i_17_n_0
    SLICE_X64Y111        LUT5 (Prop_lut5_I0_O)        0.124     8.481 r  rv32_top_i/plat/U0/u_core/exmem_alu_result[6]_i_9/O
                         net (fo=2, routed)           0.975     9.456    rv32_top_i/plat/U0/u_core/exmem_alu_result[6]_i_9_n_0
    SLICE_X60Y113        LUT6 (Prop_lut6_I2_O)        0.124     9.580 r  rv32_top_i/plat/U0/u_core/exmem_alu_result[6]_i_3/O
                         net (fo=6, routed)           0.763    10.343    rv32_top_i/plat/U0/u_core/exmem_alu_result[6]_i_3_n_0
    SLICE_X52Y117        LUT6 (Prop_lut6_I3_O)        0.124    10.467 r  rv32_top_i/plat/U0/u_core/exmem_alu_result[6]_rep_i_1__3/O
                         net (fo=1, routed)           0.478    10.945    rv32_top_i/plat/U0/u_core/exmem_alu_result[6]_rep_i_1__3_n_0
    SLICE_X48Y117        FDCE                                         r  rv32_top_i/plat/U0/u_core/exmem_alu_result_reg[6]_rep__3/D
  -------------------------------------------------------------------    -------------------

                         (clock clk_out1_rv32_top_clk_wiz_0_0 rise edge)
                                                      9.434     9.434 r  
    BUFGCTRL_X0Y16       BUFG                         0.000     9.434 r  rv32_top_i/ps7/inst/buffer_fclk_clk_0.FCLK_CLK_0_BUFG/O
                         net (fo=1, routed)           1.612    11.046    rv32_top_i/clk_wiz_0/inst/clk_in1
    MMCME2_ADV_X1Y0      MMCME2_ADV (Prop_mmcme2_adv_CLKIN1_CLKOUT0)
                                                     -3.425     7.621 r  rv32_top_i/clk_wiz_0/inst/mmcm_adv_inst/CLKOUT0
                         net (fo=1, routed)           1.725     9.346    rv32_top_i/clk_wiz_0/inst/clk_out1_rv32_top_clk_wiz_0_0
    BUFGCTRL_X0Y0        BUFG (Prop_bufg_I_O)         0.091     9.437 r  rv32_top_i/clk_wiz_0/inst/clkout1_buf/O
                         net (fo=12242, routed)       1.646    11.083    rv32_top_i/plat/U0/u_core/S_AXI_ACLK
    SLICE_X48Y117        FDCE                                         r  rv32_top_i/plat/U0/u_core/exmem_alu_result_reg[6]_rep__3/C
                         clock pessimism              0.032    11.115    
                         clock uncertainty           -0.085    11.030    
    SLICE_X48Y117        FDCE (Setup_fdce_C_D)       -0.043    10.987    rv32_top_i/plat/U0/u_core/exmem_alu_result_reg[6]_rep__3
  -------------------------------------------------------------------
                         required time                         10.987    
                         arrival time                         -10.945    
  -------------------------------------------------------------------
                         slack                                  0.042    

Slack (MET) :             0.043ns  (required time - arrival time)
  Source:                 rv32_top_i/plat/U0/u_core/memwb_rd_reg[1]/C
                            (rising edge-triggered cell FDCE clocked by clk_out1_rv32_top_clk_wiz_0_0  {rise@0.000ns fall@4.717ns period=9.434ns})
  Destination:            rv32_top_i/plat/U0/u_core/u_pc/pc_internal_reg[8]_rep/D
                            (rising edge-triggered cell FDCE clocked by clk_out1_rv32_top_clk_wiz_0_0  {rise@0.000ns fall@4.717ns period=9.434ns})
  Path Group:             clk_out1_rv32_top_clk_wiz_0_0
  Path Type:              Setup (Max at Slow Process Corner)
  Requirement:            9.434ns  (clk_out1_rv32_top_clk_wiz_0_0 rise@9.434ns - clk_out1_rv32_top_clk_wiz_0_0 rise@0.000ns)
  Data Path Delay:        8.997ns  (logic 2.142ns (23.808%)  route 6.855ns (76.192%))
  Logic Levels:           9  (CARRY4=2 LUT4=1 LUT5=2 LUT6=4)
  Clock Path Skew:        -0.228ns (DCD - SCD + CPR)
    Destination Clock Delay (DCD):    1.644ns = ( 11.078 - 9.434 ) 
    Source Clock Delay      (SCD):    1.904ns
    Clock Pessimism Removal (CPR):    0.032ns
  Clock Uncertainty:      0.085ns  ((TSJ^2 + DJ^2)^1/2) / 2 + PE
    Total System Jitter     (TSJ):    0.071ns
    Discrete Jitter          (DJ):    0.154ns
    Phase Error              (PE):    0.000ns

    Location             Delay type                Incr(ns)  Path(ns)    Netlist Resource(s)
  -------------------------------------------------------------------    -------------------
                         (clock clk_out1_rv32_top_clk_wiz_0_0 rise edge)
                                                      0.000     0.000 r  
    BUFGCTRL_X0Y16       BUFG                         0.000     0.000 r  rv32_top_i/ps7/inst/buffer_fclk_clk_0.FCLK_CLK_0_BUFG/O
                         net (fo=1, routed)           1.806     1.806    rv32_top_i/clk_wiz_0/inst/clk_in1
    MMCME2_ADV_X1Y0      MMCME2_ADV (Prop_mmcme2_adv_CLKIN1_CLKOUT0)
                                                     -3.793    -1.987 r  rv32_top_i/clk_wiz_0/inst/mmcm_adv_inst/CLKOUT0
                         net (fo=1, routed)           1.889    -0.098    rv32_top_i/clk_wiz_0/inst/clk_out1_rv32_top_clk_wiz_0_0
    BUFGCTRL_X0Y0        BUFG (Prop_bufg_I_O)         0.101     0.003 r  rv32_top_i/clk_wiz_0/inst/clkout1_buf/O
                         net (fo=12242, routed)       1.901     1.904    rv32_top_i/plat/U0/u_core/S_AXI_ACLK
    SLICE_X67Y117        FDCE                                         r  rv32_top_i/plat/U0/u_core/memwb_rd_reg[1]/C
  -------------------------------------------------------------------    -------------------
    SLICE_X67Y117        FDCE (Prop_fdce_C_Q)         0.456     2.360 r  rv32_top_i/plat/U0/u_core/memwb_rd_reg[1]/Q
                         net (fo=69, routed)          0.822     3.182    rv32_top_i/plat/U0/u_core/u_pc/exmem_alu_result[30]_i_66_0[1]
    SLICE_X67Y116        LUT4 (Prop_lut4_I2_O)        0.124     3.306 r  rv32_top_i/plat/U0/u_core/u_pc/pc_internal[31]_i_63/O
                         net (fo=3, routed)           0.823     4.130    rv32_top_i/plat/U0/u_core/u_pc/memwb_rd_reg[0]
    SLICE_X64Y117        LUT6 (Prop_lut6_I0_O)        0.124     4.254 r  rv32_top_i/plat/U0/u_core/u_pc/pc_internal[31]_i_33/O
                         net (fo=32, routed)          1.156     5.409    rv32_top_i/plat/U0/u_core/u_pc/pc_internal[31]_i_33_n_0
    SLICE_X66Y123        LUT6 (Prop_lut6_I5_O)        0.124     5.533 r  rv32_top_i/plat/U0/u_core/u_pc/pc_internal[23]_i_7/O
                         net (fo=13, routed)          1.357     6.890    rv32_top_i/plat/U0/u_core/u_pc/fa_val[22]
    SLICE_X60Y121        LUT6 (Prop_lut6_I5_O)        0.124     7.014 r  rv32_top_i/plat/U0/u_core/u_pc/ifid_instr[31]_i_21/O
                         net (fo=1, routed)           0.000     7.014    rv32_top_i/plat/U0/u_core/u_pc/ifid_instr[31]_i_21_n_0
    SLICE_X60Y121        CARRY4 (Prop_carry4_S[3]_CO[3])
                                                      0.401     7.415 r  rv32_top_i/plat/U0/u_core/u_pc/ifid_instr_reg[31]_i_11/CO[3]
                         net (fo=1, routed)           0.000     7.415    rv32_top_i/plat/U0/u_core/u_pc/ifid_instr_reg[31]_i_11_n_0
    SLICE_X60Y122        CARRY4 (Prop_carry4_CI_CO[2])
                                                      0.228     7.643 r  rv32_top_i/plat/U0/u_core/u_pc/ifid_instr_reg[31]_i_6/CO[2]
                         net (fo=2, routed)           0.653     8.296    rv32_top_i/plat/U0/u_core/u_pc/ifid_instr[31]_i_14_0[0]
    SLICE_X55Y124        LUT5 (Prop_lut5_I4_O)        0.313     8.609 r  rv32_top_i/plat/U0/u_core/u_pc/pc_internal[31]_i_16/O
                         net (fo=1, routed)           0.428     9.037    rv32_top_i/plat/U0/u_core/u_pc/pc_internal[31]_i_16_n_0
    SLICE_X56Y123        LUT6 (Prop_lut6_I4_O)        0.124     9.161 r  rv32_top_i/plat/U0/u_core/u_pc/pc_internal[31]_i_6/O
                         net (fo=79, routed)          0.989    10.149    rv32_top_i/plat/U0/u_core/u_npc/ex_pc_src
    SLICE_X47Y121        LUT5 (Prop_lut5_I3_O)        0.124    10.273 r  rv32_top_i/plat/U0/u_core/u_npc/pc_internal[8]_rep_i_1/O
                         net (fo=1, routed)           0.627    10.901    rv32_top_i/plat/U0/u_core/u_pc/pc_internal_reg[8]_rep_0
    SLICE_X47Y122        FDCE                                         r  rv32_top_i/plat/U0/u_core/u_pc/pc_internal_reg[8]_rep/D
  -------------------------------------------------------------------    -------------------

                         (clock clk_out1_rv32_top_clk_wiz_0_0 rise edge)
                                                      9.434     9.434 r  
    BUFGCTRL_X0Y16       BUFG                         0.000     9.434 r  rv32_top_i/ps7/inst/buffer_fclk_clk_0.FCLK_CLK_0_BUFG/O
                         net (fo=1, routed)           1.612    11.046    rv32_top_i/clk_wiz_0/inst/clk_in1
    MMCME2_ADV_X1Y0      MMCME2_ADV (Prop_mmcme2_adv_CLKIN1_CLKOUT0)
                                                     -3.425     7.621 r  rv32_top_i/clk_wiz_0/inst/mmcm_adv_inst/CLKOUT0
                         net (fo=1, routed)           1.725     9.346    rv32_top_i/clk_wiz_0/inst/clk_out1_rv32_top_clk_wiz_0_0
    BUFGCTRL_X0Y0        BUFG (Prop_bufg_I_O)         0.091     9.437 r  rv32_top_i/clk_wiz_0/inst/clkout1_buf/O
                         net (fo=12242, routed)       1.641    11.078    rv32_top_i/plat/U0/u_core/u_pc/S_AXI_ACLK
    SLICE_X47Y122        FDCE                                         r  rv32_top_i/plat/U0/u_core/u_pc/pc_internal_reg[8]_rep/C
                         clock pessimism              0.032    11.110    
                         clock uncertainty           -0.085    11.025    
    SLICE_X47Y122        FDCE (Setup_fdce_C_D)       -0.081    10.944    rv32_top_i/plat/U0/u_core/u_pc/pc_internal_reg[8]_rep
  -------------------------------------------------------------------
                         required time                         10.944    
                         arrival time                         -10.901    
  -------------------------------------------------------------------
                         slack                                  0.043    





Min Delay Paths
--------------------------------------------------------------------------------------
Slack (MET) :             0.038ns  (arrival time - required time)
  Source:                 rv32_top_i/plat/U0/u_mmio/u_npu/u_npu/u_array/gen_row[12].gen_col[8].u_pe/p_reg[3]/C
                            (rising edge-triggered cell FDRE clocked by clk_out1_rv32_top_clk_wiz_0_0  {rise@0.000ns fall@4.717ns period=9.434ns})
  Destination:            rv32_top_i/plat/U0/u_mmio/u_npu/u_npu/u_array/gen_row[12].gen_col[8].u_pe/p_reg[4]/D
                            (rising edge-triggered cell FDRE clocked by clk_out1_rv32_top_clk_wiz_0_0  {rise@0.000ns fall@4.717ns period=9.434ns})
  Path Group:             clk_out1_rv32_top_clk_wiz_0_0
  Path Type:              Hold (Min at Fast Process Corner)
  Requirement:            0.000ns  (clk_out1_rv32_top_clk_wiz_0_0 rise@0.000ns - clk_out1_rv32_top_clk_wiz_0_0 rise@0.000ns)
  Data Path Delay:        0.522ns  (logic 0.371ns (71.027%)  route 0.151ns (28.973%))
  Logic Levels:           3  (CARRY4=2 LUT3=1)
  Clock Path Skew:        0.350ns (DCD - SCD - CPR)
    Destination Clock Delay (DCD):    0.939ns
    Source Clock Delay      (SCD):    0.584ns
    Clock Pessimism Removal (CPR):    0.005ns

    Location             Delay type                Incr(ns)  Path(ns)    Netlist Resource(s)
  -------------------------------------------------------------------    -------------------
                         (clock clk_out1_rv32_top_clk_wiz_0_0 rise edge)
                                                      0.000     0.000 r  
    BUFGCTRL_X0Y16       BUFG                         0.000     0.000 r  rv32_top_i/ps7/inst/buffer_fclk_clk_0.FCLK_CLK_0_BUFG/O
                         net (fo=1, routed)           0.597     0.597    rv32_top_i/clk_wiz_0/inst/clk_in1
    MMCME2_ADV_X1Y0      MMCME2_ADV (Prop_mmcme2_adv_CLKIN1_CLKOUT0)
                                                     -1.150    -0.553 r  rv32_top_i/clk_wiz_0/inst/mmcm_adv_inst/CLKOUT0
                         net (fo=1, routed)           0.529    -0.024    rv32_top_i/clk_wiz_0/inst/clk_out1_rv32_top_clk_wiz_0_0
    BUFGCTRL_X0Y0        BUFG (Prop_bufg_I_O)         0.026     0.002 r  rv32_top_i/clk_wiz_0/inst/clkout1_buf/O
                         net (fo=12242, routed)       0.582     0.584    rv32_top_i/plat/U0/u_mmio/u_npu/u_npu/u_array/gen_row[12].gen_col[8].u_pe/S_AXI_ACLK
    SLICE_X66Y99         FDRE                                         r  rv32_top_i/plat/U0/u_mmio/u_npu/u_npu/u_array/gen_row[12].gen_col[8].u_pe/p_reg[3]/C
  -------------------------------------------------------------------    -------------------
    SLICE_X66Y99         FDRE (Prop_fdre_C_Q)         0.164     0.748 r  rv32_top_i/plat/U0/u_mmio/u_npu/u_npu/u_array/gen_row[12].gen_col[8].u_pe/p_reg[3]/Q
                         net (fo=3, routed)           0.151     0.898    rv32_top_i/plat/U0/u_mmio/u_npu/u_npu/u_array/gen_row[11].gen_col[8].u_pe/p_reg[15]_1[0]
    SLICE_X66Y99         LUT3 (Prop_lut3_I0_O)        0.045     0.943 r  rv32_top_i/plat/U0/u_mmio/u_npu/u_npu/u_array/gen_row[11].gen_col[8].u_pe/p[3]_i_2/O
                         net (fo=1, routed)           0.000     0.943    rv32_top_i/plat/U0/u_mmio/u_npu/u_npu/u_array/gen_row[12].gen_col[8].u_pe/p_reg[3]_1[0]
    SLICE_X66Y99         CARRY4 (Prop_carry4_S[3]_CO[3])
                                                      0.109     1.052 r  rv32_top_i/plat/U0/u_mmio/u_npu/u_npu/u_array/gen_row[12].gen_col[8].u_pe/p_reg[3]_i_1/CO[3]
                         net (fo=1, routed)           0.001     1.053    rv32_top_i/plat/U0/u_mmio/u_npu/u_npu/u_array/gen_row[12].gen_col[8].u_pe/p_reg[3]_i_1_n_0
    SLICE_X66Y100        CARRY4 (Prop_carry4_CI_O[0])
                                                      0.053     1.106 r  rv32_top_i/plat/U0/u_mmio/u_npu/u_npu/u_array/gen_row[12].gen_col[8].u_pe/p_reg[7]_i_1/O[0]
                         net (fo=1, routed)           0.000     1.106    rv32_top_i/plat/U0/u_mmio/u_npu/u_npu/u_array/gen_row[12].gen_col[8].u_pe/p_0_in[4]
    SLICE_X66Y100        FDRE                                         r  rv32_top_i/plat/U0/u_mmio/u_npu/u_npu/u_array/gen_row[12].gen_col[8].u_pe/p_reg[4]/D
  -------------------------------------------------------------------    -------------------

                         (clock clk_out1_rv32_top_clk_wiz_0_0 rise edge)
                                                      0.000     0.000 r  
    BUFGCTRL_X0Y16       BUFG                         0.000     0.000 r  rv32_top_i/ps7/inst/buffer_fclk_clk_0.FCLK_CLK_0_BUFG/O
                         net (fo=1, routed)           0.864     0.864    rv32_top_i/clk_wiz_0/inst/clk_in1
    MMCME2_ADV_X1Y0      MMCME2_ADV (Prop_mmcme2_adv_CLKIN1_CLKOUT0)
                                                     -1.467    -0.603 r  rv32_top_i/clk_wiz_0/inst/mmcm_adv_inst/CLKOUT0
                         net (fo=1, routed)           0.576    -0.027    rv32_top_i/clk_wiz_0/inst/clk_out1_rv32_top_clk_wiz_0_0
    BUFGCTRL_X0Y0        BUFG (Prop_bufg_I_O)         0.029     0.002 r  rv32_top_i/clk_wiz_0/inst/clkout1_buf/O
                         net (fo=12242, routed)       0.937     0.939    rv32_top_i/plat/U0/u_mmio/u_npu/u_npu/u_array/gen_row[12].gen_col[8].u_pe/S_AXI_ACLK
    SLICE_X66Y100        FDRE                                         r  rv32_top_i/plat/U0/u_mmio/u_npu/u_npu/u_array/gen_row[12].gen_col[8].u_pe/p_reg[4]/C
                         clock pessimism             -0.005     0.934    
    SLICE_X66Y100        FDRE (Hold_fdre_C_D)         0.134     1.068    rv32_top_i/plat/U0/u_mmio/u_npu/u_npu/u_array/gen_row[12].gen_col[8].u_pe/p_reg[4]
  -------------------------------------------------------------------
                         required time                         -1.068    
                         arrival time                           1.106    
  -------------------------------------------------------------------
                         slack                                  0.038    

Slack (MET) :             0.042ns  (arrival time - required time)
  Source:                 rv32_top_i/plat/U0/u_mmio/u_uart/div_reg_reg[4]/C
                            (rising edge-triggered cell FDSE clocked by clk_out1_rv32_top_clk_wiz_0_0  {rise@0.000ns fall@4.717ns period=9.434ns})
  Destination:            rv32_top_i/plat/U0/u_mmio/u_uart/rx_cnt_reg[3]/D
                            (rising edge-triggered cell FDRE clocked by clk_out1_rv32_top_clk_wiz_0_0  {rise@0.000ns fall@4.717ns period=9.434ns})
  Path Group:             clk_out1_rv32_top_clk_wiz_0_0
  Path Type:              Hold (Min at Fast Process Corner)
  Requirement:            0.000ns  (clk_out1_rv32_top_clk_wiz_0_0 rise@0.000ns - clk_out1_rv32_top_clk_wiz_0_0 rise@0.000ns)
  Data Path Delay:        0.315ns  (logic 0.186ns (59.025%)  route 0.129ns (40.975%))
  Logic Levels:           1  (LUT6=1)
  Clock Path Skew:        0.181ns (DCD - SCD - CPR)
    Destination Clock Delay (DCD):    0.825ns
    Source Clock Delay      (SCD):    0.639ns
    Clock Pessimism Removal (CPR):    0.005ns

    Location             Delay type                Incr(ns)  Path(ns)    Netlist Resource(s)
  -------------------------------------------------------------------    -------------------
                         (clock clk_out1_rv32_top_clk_wiz_0_0 rise edge)
                                                      0.000     0.000 r  
    BUFGCTRL_X0Y16       BUFG                         0.000     0.000 r  rv32_top_i/ps7/inst/buffer_fclk_clk_0.FCLK_CLK_0_BUFG/O
                         net (fo=1, routed)           0.597     0.597    rv32_top_i/clk_wiz_0/inst/clk_in1
    MMCME2_ADV_X1Y0      MMCME2_ADV (Prop_mmcme2_adv_CLKIN1_CLKOUT0)
                                                     -1.150    -0.553 r  rv32_top_i/clk_wiz_0/inst/mmcm_adv_inst/CLKOUT0
                         net (fo=1, routed)           0.529    -0.024    rv32_top_i/clk_wiz_0/inst/clk_out1_rv32_top_clk_wiz_0_0
    BUFGCTRL_X0Y0        BUFG (Prop_bufg_I_O)         0.026     0.002 r  rv32_top_i/clk_wiz_0/inst/clkout1_buf/O
                         net (fo=12242, routed)       0.637     0.639    rv32_top_i/plat/U0/u_mmio/u_uart/S_AXI_ACLK
    SLICE_X53Y100        FDSE                                         r  rv32_top_i/plat/U0/u_mmio/u_uart/div_reg_reg[4]/C
  -------------------------------------------------------------------    -------------------
    SLICE_X53Y100        FDSE (Prop_fdse_C_Q)         0.141     0.780 r  rv32_top_i/plat/U0/u_mmio/u_uart/div_reg_reg[4]/Q
                         net (fo=4, routed)           0.129     0.909    rv32_top_i/plat/U0/u_mmio/u_uart/Q[1]
    SLICE_X52Y98         LUT6 (Prop_lut6_I3_O)        0.045     0.954 r  rv32_top_i/plat/U0/u_mmio/u_uart/rx_cnt[3]_i_1/O
                         net (fo=1, routed)           0.000     0.954    rv32_top_i/plat/U0/u_mmio/u_uart/p_1_in[3]
    SLICE_X52Y98         FDRE                                         r  rv32_top_i/plat/U0/u_mmio/u_uart/rx_cnt_reg[3]/D
  -------------------------------------------------------------------    -------------------

                         (clock clk_out1_rv32_top_clk_wiz_0_0 rise edge)
                                                      0.000     0.000 r  
    BUFGCTRL_X0Y16       BUFG                         0.000     0.000 r  rv32_top_i/ps7/inst/buffer_fclk_clk_0.FCLK_CLK_0_BUFG/O
                         net (fo=1, routed)           0.864     0.864    rv32_top_i/clk_wiz_0/inst/clk_in1
    MMCME2_ADV_X1Y0      MMCME2_ADV (Prop_mmcme2_adv_CLKIN1_CLKOUT0)
                                                     -1.467    -0.603 r  rv32_top_i/clk_wiz_0/inst/mmcm_adv_inst/CLKOUT0
                         net (fo=1, routed)           0.576    -0.027    rv32_top_i/clk_wiz_0/inst/clk_out1_rv32_top_clk_wiz_0_0
    BUFGCTRL_X0Y0        BUFG (Prop_bufg_I_O)         0.029     0.002 r  rv32_top_i/clk_wiz_0/inst/clkout1_buf/O
                         net (fo=12242, routed)       0.823     0.825    rv32_top_i/plat/U0/u_mmio/u_uart/S_AXI_ACLK
    SLICE_X52Y98         FDRE                                         r  rv32_top_i/plat/U0/u_mmio/u_uart/rx_cnt_reg[3]/C
                         clock pessimism             -0.005     0.820    
    SLICE_X52Y98         FDRE (Hold_fdre_C_D)         0.092     0.912    rv32_top_i/plat/U0/u_mmio/u_uart/rx_cnt_reg[3]
  -------------------------------------------------------------------
                         required time                         -0.912    
                         arrival time                           0.954    
  -------------------------------------------------------------------
                         slack                                  0.042    

Slack (MET) :             0.044ns  (arrival time - required time)
  Source:                 rv32_top_i/plat/U0/u_mmio/u_npu/u_npu/u_array/gen_row[15].gen_col[7].u_pe/p_reg[1]/C
                            (rising edge-triggered cell FDRE clocked by clk_out1_rv32_top_clk_wiz_0_0  {rise@0.000ns fall@4.717ns period=9.434ns})
  Destination:            rv32_top_i/plat/U0/u_mmio/u_npu/u_npu/u_array/gen_row[15].gen_col[7].u_pe/p_reg[4]/D
                            (rising edge-triggered cell FDRE clocked by clk_out1_rv32_top_clk_wiz_0_0  {rise@0.000ns fall@4.717ns period=9.434ns})
  Path Group:             clk_out1_rv32_top_clk_wiz_0_0
  Path Type:              Hold (Min at Fast Process Corner)
  Requirement:            0.000ns  (clk_out1_rv32_top_clk_wiz_0_0 rise@0.000ns - clk_out1_rv32_top_clk_wiz_0_0 rise@0.000ns)
  Data Path Delay:        0.447ns  (logic 0.367ns (82.123%)  route 0.080ns (17.877%))
  Logic Levels:           2  (CARRY4=2)
  Clock Path Skew:        0.268ns (DCD - SCD - CPR)
    Destination Clock Delay (DCD):    0.883ns
    Source Clock Delay      (SCD):    0.615ns
    Clock Pessimism Removal (CPR):    -0.000ns

    Location             Delay type                Incr(ns)  Path(ns)    Netlist Resource(s)
  -------------------------------------------------------------------    -------------------
                         (clock clk_out1_rv32_top_clk_wiz_0_0 rise edge)
                                                      0.000     0.000 r  
    BUFGCTRL_X0Y16       BUFG                         0.000     0.000 r  rv32_top_i/ps7/inst/buffer_fclk_clk_0.FCLK_CLK_0_BUFG/O
                         net (fo=1, routed)           0.597     0.597    rv32_top_i/clk_wiz_0/inst/clk_in1
    MMCME2_ADV_X1Y0      MMCME2_ADV (Prop_mmcme2_adv_CLKIN1_CLKOUT0)
                                                     -1.150    -0.553 r  rv32_top_i/clk_wiz_0/inst/mmcm_adv_inst/CLKOUT0
                         net (fo=1, routed)           0.529    -0.024    rv32_top_i/clk_wiz_0/inst/clk_out1_rv32_top_clk_wiz_0_0
    BUFGCTRL_X0Y0        BUFG (Prop_bufg_I_O)         0.026     0.002 r  rv32_top_i/clk_wiz_0/inst/clkout1_buf/O
                         net (fo=12242, routed)       0.613     0.615    rv32_top_i/plat/U0/u_mmio/u_npu/u_npu/u_array/gen_row[15].gen_col[7].u_pe/S_AXI_ACLK
    SLICE_X98Y49         FDRE                                         r  rv32_top_i/plat/U0/u_mmio/u_npu/u_npu/u_array/gen_row[15].gen_col[7].u_pe/p_reg[1]/C
  -------------------------------------------------------------------    -------------------
    SLICE_X98Y49         FDRE (Prop_fdre_C_Q)         0.164     0.779 r  rv32_top_i/plat/U0/u_mmio/u_npu/u_npu/u_array/gen_row[15].gen_col[7].u_pe/p_reg[1]/Q
                         net (fo=3, routed)           0.079     0.858    rv32_top_i/plat/U0/u_mmio/u_npu/u_npu/u_array/gen_row[15].gen_col[7].u_pe/acc_flat[7905]
    SLICE_X98Y49         CARRY4 (Prop_carry4_DI[1]_CO[3])
                                                      0.150     1.008 r  rv32_top_i/plat/U0/u_mmio/u_npu/u_npu/u_array/gen_row[15].gen_col[7].u_pe/p_reg[3]_i_1__46/CO[3]
                         net (fo=1, routed)           0.001     1.008    rv32_top_i/plat/U0/u_mmio/u_npu/u_npu/u_array/gen_row[15].gen_col[7].u_pe/p_reg[3]_i_1__46_n_0
    SLICE_X98Y50         CARRY4 (Prop_carry4_CI_O[0])
                                                      0.053     1.061 r  rv32_top_i/plat/U0/u_mmio/u_npu/u_npu/u_array/gen_row[15].gen_col[7].u_pe/p_reg[7]_i_1__46/O[0]
                         net (fo=1, routed)           0.000     1.061    rv32_top_i/plat/U0/u_mmio/u_npu/u_npu/u_array/gen_row[15].gen_col[7].u_pe/p_0_in[4]
    SLICE_X98Y50         FDRE                                         r  rv32_top_i/plat/U0/u_mmio/u_npu/u_npu/u_array/gen_row[15].gen_col[7].u_pe/p_reg[4]/D
  -------------------------------------------------------------------    -------------------

                         (clock clk_out1_rv32_top_clk_wiz_0_0 rise edge)
                                                      0.000     0.000 r  
    BUFGCTRL_X0Y16       BUFG                         0.000     0.000 r  rv32_top_i/ps7/inst/buffer_fclk_clk_0.FCLK_CLK_0_BUFG/O
                         net (fo=1, routed)           0.864     0.864    rv32_top_i/clk_wiz_0/inst/clk_in1
    MMCME2_ADV_X1Y0      MMCME2_ADV (Prop_mmcme2_adv_CLKIN1_CLKOUT0)
                                                     -1.467    -0.603 r  rv32_top_i/clk_wiz_0/inst/mmcm_adv_inst/CLKOUT0
                         net (fo=1, routed)           0.576    -0.027    rv32_top_i/clk_wiz_0/inst/clk_out1_rv32_top_clk_wiz_0_0
    BUFGCTRL_X0Y0        BUFG (Prop_bufg_I_O)         0.029     0.002 r  rv32_top_i/clk_wiz_0/inst/clkout1_buf/O
                         net (fo=12242, routed)       0.881     0.883    rv32_top_i/plat/U0/u_mmio/u_npu/u_npu/u_array/gen_row[15].gen_col[7].u_pe/S_AXI_ACLK
    SLICE_X98Y50         FDRE                                         r  rv32_top_i/plat/U0/u_mmio/u_npu/u_npu/u_array/gen_row[15].gen_col[7].u_pe/p_reg[4]/C
                         clock pessimism              0.000     0.883    
    SLICE_X98Y50         FDRE (Hold_fdre_C_D)         0.134     1.017    rv32_top_i/plat/U0/u_mmio/u_npu/u_npu/u_array/gen_row[15].gen_col[7].u_pe/p_reg[4]
  -------------------------------------------------------------------
                         required time                         -1.017    
                         arrival time                           1.061    
  -------------------------------------------------------------------
                         slack                                  0.044    

Slack (MET) :             0.048ns  (arrival time - required time)
  Source:                 rv32_top_i/plat/U0/u_mmio/u_npu/u_npu/u_array/gen_row[2].gen_col[6].u_pe/b_r_reg[3]/C
                            (rising edge-triggered cell FDRE clocked by clk_out1_rv32_top_clk_wiz_0_0  {rise@0.000ns fall@4.717ns period=9.434ns})
  Destination:            rv32_top_i/plat/U0/u_mmio/u_npu/u_npu/u_array/gen_row[3].gen_col[6].u_pe/b_r_reg[3]/D
                            (rising edge-triggered cell FDRE clocked by clk_out1_rv32_top_clk_wiz_0_0  {rise@0.000ns fall@4.717ns period=9.434ns})
  Path Group:             clk_out1_rv32_top_clk_wiz_0_0
  Path Type:              Hold (Min at Fast Process Corner)
  Requirement:            0.000ns  (clk_out1_rv32_top_clk_wiz_0_0 rise@0.000ns - clk_out1_rv32_top_clk_wiz_0_0 rise@0.000ns)
  Data Path Delay:        0.375ns  (logic 0.164ns (43.769%)  route 0.211ns (56.231%))
  Logic Levels:           0  
  Clock Path Skew:        0.267ns (DCD - SCD - CPR)
    Destination Clock Delay (DCD):    0.851ns
    Source Clock Delay      (SCD):    0.584ns
    Clock Pessimism Removal (CPR):    -0.000ns

    Location             Delay type                Incr(ns)  Path(ns)    Netlist Resource(s)
  -------------------------------------------------------------------    -------------------
                         (clock clk_out1_rv32_top_clk_wiz_0_0 rise edge)
                                                      0.000     0.000 r  
    BUFGCTRL_X0Y16       BUFG                         0.000     0.000 r  rv32_top_i/ps7/inst/buffer_fclk_clk_0.FCLK_CLK_0_BUFG/O
                         net (fo=1, routed)           0.597     0.597    rv32_top_i/clk_wiz_0/inst/clk_in1
    MMCME2_ADV_X1Y0      MMCME2_ADV (Prop_mmcme2_adv_CLKIN1_CLKOUT0)
                                                     -1.150    -0.553 r  rv32_top_i/clk_wiz_0/inst/mmcm_adv_inst/CLKOUT0
                         net (fo=1, routed)           0.529    -0.024    rv32_top_i/clk_wiz_0/inst/clk_out1_rv32_top_clk_wiz_0_0
    BUFGCTRL_X0Y0        BUFG (Prop_bufg_I_O)         0.026     0.002 r  rv32_top_i/clk_wiz_0/inst/clkout1_buf/O
                         net (fo=12242, routed)       0.582     0.584    rv32_top_i/plat/U0/u_mmio/u_npu/u_npu/u_array/gen_row[2].gen_col[6].u_pe/S_AXI_ACLK
    SLICE_X58Y49         FDRE                                         r  rv32_top_i/plat/U0/u_mmio/u_npu/u_npu/u_array/gen_row[2].gen_col[6].u_pe/b_r_reg[3]/C
  -------------------------------------------------------------------    -------------------
    SLICE_X58Y49         FDRE (Prop_fdre_C_Q)         0.164     0.748 r  rv32_top_i/plat/U0/u_mmio/u_npu/u_npu/u_array/gen_row[2].gen_col[6].u_pe/b_r_reg[3]/Q
                         net (fo=2, routed)           0.211     0.958    rv32_top_i/plat/U0/u_mmio/u_npu/u_npu/u_array/gen_row[3].gen_col[6].u_pe/D[3]
    SLICE_X58Y54         FDRE                                         r  rv32_top_i/plat/U0/u_mmio/u_npu/u_npu/u_array/gen_row[3].gen_col[6].u_pe/b_r_reg[3]/D
  -------------------------------------------------------------------    -------------------

                         (clock clk_out1_rv32_top_clk_wiz_0_0 rise edge)
                                                      0.000     0.000 r  
    BUFGCTRL_X0Y16       BUFG                         0.000     0.000 r  rv32_top_i/ps7/inst/buffer_fclk_clk_0.FCLK_CLK_0_BUFG/O
                         net (fo=1, routed)           0.864     0.864    rv32_top_i/clk_wiz_0/inst/clk_in1
    MMCME2_ADV_X1Y0      MMCME2_ADV (Prop_mmcme2_adv_CLKIN1_CLKOUT0)
                                                     -1.467    -0.603 r  rv32_top_i/clk_wiz_0/inst/mmcm_adv_inst/CLKOUT0
                         net (fo=1, routed)           0.576    -0.027    rv32_top_i/clk_wiz_0/inst/clk_out1_rv32_top_clk_wiz_0_0
    BUFGCTRL_X0Y0        BUFG (Prop_bufg_I_O)         0.029     0.002 r  rv32_top_i/clk_wiz_0/inst/clkout1_buf/O
                         net (fo=12242, routed)       0.849     0.851    rv32_top_i/plat/U0/u_mmio/u_npu/u_npu/u_array/gen_row[3].gen_col[6].u_pe/S_AXI_ACLK
    SLICE_X58Y54         FDRE                                         r  rv32_top_i/plat/U0/u_mmio/u_npu/u_npu/u_array/gen_row[3].gen_col[6].u_pe/b_r_reg[3]/C
                         clock pessimism              0.000     0.851    
    SLICE_X58Y54         FDRE (Hold_fdre_C_D)         0.059     0.910    rv32_top_i/plat/U0/u_mmio/u_npu/u_npu/u_array/gen_row[3].gen_col[6].u_pe/b_r_reg[3]
  -------------------------------------------------------------------
                         required time                         -0.910    
                         arrival time                           0.958    
  -------------------------------------------------------------------
                         slack                                  0.048    

Slack (MET) :             0.050ns  (arrival time - required time)
  Source:                 rv32_top_i/plat/U0/u_mmio/u_npu/u_npu/u_array/gen_row[12].gen_col[11].u_pe/p_reg[3]/C
                            (rising edge-triggered cell FDRE clocked by clk_out1_rv32_top_clk_wiz_0_0  {rise@0.000ns fall@4.717ns period=9.434ns})
  Destination:            rv32_top_i/plat/U0/u_mmio/u_npu/u_npu/u_array/gen_row[12].gen_col[11].u_pe/p_reg[4]/D
                            (rising edge-triggered cell FDRE clocked by clk_out1_rv32_top_clk_wiz_0_0  {rise@0.000ns fall@4.717ns period=9.434ns})
  Path Group:             clk_out1_rv32_top_clk_wiz_0_0
  Path Type:              Hold (Min at Fast Process Corner)
  Requirement:            0.000ns  (clk_out1_rv32_top_clk_wiz_0_0 rise@0.000ns - clk_out1_rv32_top_clk_wiz_0_0 rise@0.000ns)
  Data Path Delay:        0.535ns  (logic 0.371ns (69.307%)  route 0.164ns (30.693%))
  Logic Levels:           3  (CARRY4=2 LUT3=1)
  Clock Path Skew:        0.351ns (DCD - SCD - CPR)
    Destination Clock Delay (DCD):    0.967ns
    Source Clock Delay      (SCD):    0.611ns
    Clock Pessimism Removal (CPR):    0.005ns

    Location             Delay type                Incr(ns)  Path(ns)    Netlist Resource(s)
  -------------------------------------------------------------------    -------------------
                         (clock clk_out1_rv32_top_clk_wiz_0_0 rise edge)
                                                      0.000     0.000 r  
    BUFGCTRL_X0Y16       BUFG                         0.000     0.000 r  rv32_top_i/ps7/inst/buffer_fclk_clk_0.FCLK_CLK_0_BUFG/O
                         net (fo=1, routed)           0.597     0.597    rv32_top_i/clk_wiz_0/inst/clk_in1
    MMCME2_ADV_X1Y0      MMCME2_ADV (Prop_mmcme2_adv_CLKIN1_CLKOUT0)
                                                     -1.150    -0.553 r  rv32_top_i/clk_wiz_0/inst/mmcm_adv_inst/CLKOUT0
                         net (fo=1, routed)           0.529    -0.024    rv32_top_i/clk_wiz_0/inst/clk_out1_rv32_top_clk_wiz_0_0
    BUFGCTRL_X0Y0        BUFG (Prop_bufg_I_O)         0.026     0.002 r  rv32_top_i/clk_wiz_0/inst/clkout1_buf/O
                         net (fo=12242, routed)       0.609     0.611    rv32_top_i/plat/U0/u_mmio/u_npu/u_npu/u_array/gen_row[12].gen_col[11].u_pe/S_AXI_ACLK
    SLICE_X90Y99         FDRE                                         r  rv32_top_i/plat/U0/u_mmio/u_npu/u_npu/u_array/gen_row[12].gen_col[11].u_pe/p_reg[3]/C
  -------------------------------------------------------------------    -------------------
    SLICE_X90Y99         FDRE (Prop_fdre_C_Q)         0.164     0.775 r  rv32_top_i/plat/U0/u_mmio/u_npu/u_npu/u_array/gen_row[12].gen_col[11].u_pe/p_reg[3]/Q
                         net (fo=3, routed)           0.164     0.938    rv32_top_i/plat/U0/u_mmio/u_npu/u_npu/u_array/gen_row[11].gen_col[11].u_pe/p_reg[15]_0[96]
    SLICE_X90Y99         LUT3 (Prop_lut3_I0_O)        0.045     0.983 r  rv32_top_i/plat/U0/u_mmio/u_npu/u_npu/u_array/gen_row[11].gen_col[11].u_pe/p[3]_i_2__2/O
                         net (fo=1, routed)           0.000     0.983    rv32_top_i/plat/U0/u_mmio/u_npu/u_npu/u_array/gen_row[12].gen_col[11].u_pe/p_reg[3]_1[0]
    SLICE_X90Y99         CARRY4 (Prop_carry4_S[3]_CO[3])
                                                      0.109     1.092 r  rv32_top_i/plat/U0/u_mmio/u_npu/u_npu/u_array/gen_row[12].gen_col[11].u_pe/p_reg[3]_i_1__2/CO[3]
                         net (fo=1, routed)           0.001     1.093    rv32_top_i/plat/U0/u_mmio/u_npu/u_npu/u_array/gen_row[12].gen_col[11].u_pe/p_reg[3]_i_1__2_n_0
    SLICE_X90Y100        CARRY4 (Prop_carry4_CI_O[0])
                                                      0.053     1.146 r  rv32_top_i/plat/U0/u_mmio/u_npu/u_npu/u_array/gen_row[12].gen_col[11].u_pe/p_reg[7]_i_1__2/O[0]
                         net (fo=1, routed)           0.000     1.146    rv32_top_i/plat/U0/u_mmio/u_npu/u_npu/u_array/gen_row[12].gen_col[11].u_pe/p_0_in[4]
    SLICE_X90Y100        FDRE                                         r  rv32_top_i/plat/U0/u_mmio/u_npu/u_npu/u_array/gen_row[12].gen_col[11].u_pe/p_reg[4]/D
  -------------------------------------------------------------------    -------------------

                         (clock clk_out1_rv32_top_clk_wiz_0_0 rise edge)
                                                      0.000     0.000 r  
    BUFGCTRL_X0Y16       BUFG                         0.000     0.000 r  rv32_top_i/ps7/inst/buffer_fclk_clk_0.FCLK_CLK_0_BUFG/O
                         net (fo=1, routed)           0.864     0.864    rv32_top_i/clk_wiz_0/inst/clk_in1
    MMCME2_ADV_X1Y0      MMCME2_ADV (Prop_mmcme2_adv_CLKIN1_CLKOUT0)
                                                     -1.467    -0.603 r  rv32_top_i/clk_wiz_0/inst/mmcm_adv_inst/CLKOUT0
                         net (fo=1, routed)           0.576    -0.027    rv32_top_i/clk_wiz_0/inst/clk_out1_rv32_top_clk_wiz_0_0
    BUFGCTRL_X0Y0        BUFG (Prop_bufg_I_O)         0.029     0.002 r  rv32_top_i/clk_wiz_0/inst/clkout1_buf/O
                         net (fo=12242, routed)       0.965     0.967    rv32_top_i/plat/U0/u_mmio/u_npu/u_npu/u_array/gen_row[12].gen_col[11].u_pe/S_AXI_ACLK
    SLICE_X90Y100        FDRE                                         r  rv32_top_i/plat/U0/u_mmio/u_npu/u_npu/u_array/gen_row[12].gen_col[11].u_pe/p_reg[4]/C
                         clock pessimism             -0.005     0.962    
    SLICE_X90Y100        FDRE (Hold_fdre_C_D)         0.134     1.096    rv32_top_i/plat/U0/u_mmio/u_npu/u_npu/u_array/gen_row[12].gen_col[11].u_pe/p_reg[4]
  -------------------------------------------------------------------
                         required time                         -1.096    
                         arrival time                           1.146    
  -------------------------------------------------------------------
                         slack                                  0.050    





Pulse Width Checks
--------------------------------------------------------------------------------------
Clock Name:         clk_out1_rv32_top_clk_wiz_0_0
Waveform(ns):       { 0.000 4.717 }
Period(ns):         9.434
Sources:            { rv32_top_i/clk_wiz_0/inst/mmcm_adv_inst/CLKOUT0 }

Check Type        Corner  Lib Pin             Reference Pin  Required(ns)  Actual(ns)  Slack(ns)  Location         Pin
Min Period        n/a     DSP48E1/CLK         n/a            3.884         9.434       5.550      DSP48_X3Y58      rv32_top_i/plat/U0/u_mmio/u_npu/u_npu/prod_q_reg/CLK
Min Period        n/a     DSP48E1/CLK         n/a            3.884         9.434       5.550      DSP48_X4Y39      rv32_top_i/plat/U0/u_mmio/u_npu/u_npu/u_array/gen_row[0].gen_col[0].u_pe/p_reg/CLK
Min Period        n/a     DSP48E1/CLK         n/a            3.884         9.434       5.550      DSP48_X0Y8       rv32_top_i/plat/U0/u_mmio/u_npu/u_npu/u_array/gen_row[0].gen_col[10].u_pe/p_reg/CLK
Min Period        n/a     DSP48E1/CLK         n/a            3.884         9.434       5.550      DSP48_X0Y9       rv32_top_i/plat/U0/u_mmio/u_npu/u_npu/u_array/gen_row[0].gen_col[11].u_pe/p_reg/CLK
Min Period        n/a     DSP48E1/CLK         n/a            3.884         9.434       5.550      DSP48_X0Y10      rv32_top_i/plat/U0/u_mmio/u_npu/u_npu/u_array/gen_row[0].gen_col[12].u_pe/p_reg/CLK
Max Period        n/a     MMCME2_ADV/CLKOUT0  n/a            213.360       9.434       203.926    MMCME2_ADV_X1Y0  rv32_top_i/clk_wiz_0/inst/mmcm_adv_inst/CLKOUT0
Low Pulse Width   Slow    RAMS64E/CLK         n/a            1.250         4.717       3.467      SLICE_X54Y116    rv32_top_i/plat/U0/u_dcache/u_tag/tag_mem_reg_0_255_0_0/RAMS64E_A/CLK
Low Pulse Width   Fast    RAMS64E/CLK         n/a            1.250         4.717       3.467      SLICE_X54Y116    rv32_top_i/plat/U0/u_dcache/u_tag/tag_mem_reg_0_255_0_0/RAMS64E_A/CLK
Low Pulse Width   Slow    RAMS64E/CLK         n/a            1.250         4.717       3.467      SLICE_X54Y116    rv32_top_i/plat/U0/u_dcache/u_tag/tag_mem_reg_0_255_0_0/RAMS64E_B/CLK
Low Pulse Width   Fast    RAMS64E/CLK         n/a            1.250         4.717       3.467      SLICE_X54Y116    rv32_top_i/plat/U0/u_dcache/u_tag/tag_mem_reg_0_255_0_0/RAMS64E_B/CLK
Low Pulse Width   Slow    RAMS64E/CLK         n/a            1.250         4.717       3.467      SLICE_X54Y116    rv32_top_i/plat/U0/u_dcache/u_tag/tag_mem_reg_0_255_0_0/RAMS64E_C/CLK
High Pulse Width  Slow    RAMS64E/CLK         n/a            1.250         4.717       3.467      SLICE_X54Y116    rv32_top_i/plat/U0/u_dcache/u_tag/tag_mem_reg_0_255_0_0/RAMS64E_A/CLK
High Pulse Width  Fast    RAMS64E/CLK         n/a            1.250         4.717       3.467      SLICE_X54Y116    rv32_top_i/plat/U0/u_dcache/u_tag/tag_mem_reg_0_255_0_0/RAMS64E_A/CLK
High Pulse Width  Slow    RAMS64E/CLK         n/a            1.250         4.717       3.467      SLICE_X54Y116    rv32_top_i/plat/U0/u_dcache/u_tag/tag_mem_reg_0_255_0_0/RAMS64E_B/CLK
High Pulse Width  Fast    RAMS64E/CLK         n/a            1.250         4.717       3.467      SLICE_X54Y116    rv32_top_i/plat/U0/u_dcache/u_tag/tag_mem_reg_0_255_0_0/RAMS64E_B/CLK
High Pulse Width  Slow    RAMS64E/CLK         n/a            1.250         4.717       3.467      SLICE_X54Y116    rv32_top_i/plat/U0/u_dcache/u_tag/tag_mem_reg_0_255_0_0/RAMS64E_C/CLK



---------------------------------------------------------------------------------------------------
From Clock:  clkfbout_rv32_top_clk_wiz_0_0
  To Clock:  clkfbout_rv32_top_clk_wiz_0_0

Setup :           NA  Failing Endpoints,  Worst Slack           NA  ,  Total Violation           NA
Hold  :           NA  Failing Endpoints,  Worst Slack           NA  ,  Total Violation           NA
PW    :            0  Failing Endpoints,  Worst Slack       17.845ns,  Total Violation        0.000ns
---------------------------------------------------------------------------------------------------


Pulse Width Checks
--------------------------------------------------------------------------------------
Clock Name:         clkfbout_rv32_top_clk_wiz_0_0
Waveform(ns):       { 0.000 10.000 }
Period(ns):         20.000
Sources:            { rv32_top_i/clk_wiz_0/inst/mmcm_adv_inst/CLKFBOUT }

Check Type  Corner  Lib Pin              Reference Pin  Required(ns)  Actual(ns)  Slack(ns)  Location         Pin
Min Period  n/a     BUFG/I               n/a            2.155         20.000      17.845     BUFGCTRL_X0Y1    rv32_top_i/clk_wiz_0/inst/clkf_buf/I
Min Period  n/a     MMCME2_ADV/CLKFBOUT  n/a            1.249         20.000      18.751     MMCME2_ADV_X1Y0  rv32_top_i/clk_wiz_0/inst/mmcm_adv_inst/CLKFBOUT
Min Period  n/a     MMCME2_ADV/CLKFBIN   n/a            1.249         20.000      18.751     MMCME2_ADV_X1Y0  rv32_top_i/clk_wiz_0/inst/mmcm_adv_inst/CLKFBIN
Max Period  n/a     MMCME2_ADV/CLKFBIN   n/a            100.000       20.000      80.000     MMCME2_ADV_X1Y0  rv32_top_i/clk_wiz_0/inst/mmcm_adv_inst/CLKFBIN
Max Period  n/a     MMCME2_ADV/CLKFBOUT  n/a            213.360       20.000      193.360    MMCME2_ADV_X1Y0  rv32_top_i/clk_wiz_0/inst/mmcm_adv_inst/CLKFBOUT



---------------------------------------------------------------------------------------------------
Path Group:  **async_default**
From Clock:  clk_out1_rv32_top_clk_wiz_0_0
  To Clock:  clk_out1_rv32_top_clk_wiz_0_0

Setup :            0  Failing Endpoints,  Worst Slack        1.161ns,  Total Violation        0.000ns
Hold  :            0  Failing Endpoints,  Worst Slack        0.746ns,  Total Violation        0.000ns
---------------------------------------------------------------------------------------------------


Max Delay Paths
--------------------------------------------------------------------------------------
Slack (MET) :             1.161ns  (required time - arrival time)
  Source:                 rv32_top_i/rst_ps7_50M/U0/ACTIVE_LOW_PR_OUT_DFF[0].FDRE_PER_N/C
                            (rising edge-triggered cell FDRE clocked by clk_out1_rv32_top_clk_wiz_0_0  {rise@0.000ns fall@4.717ns period=9.434ns})
  Destination:            rv32_top_i/plat/U0/u_dcache/u_tag/dirty_mem_reg[168]/CLR
                            (recovery check against rising-edge clock clk_out1_rv32_top_clk_wiz_0_0  {rise@0.000ns fall@4.717ns period=9.434ns})
  Path Group:             **async_default**
  Path Type:              Recovery (Max at Slow Process Corner)
  Requirement:            9.434ns  (clk_out1_rv32_top_clk_wiz_0_0 rise@9.434ns - clk_out1_rv32_top_clk_wiz_0_0 rise@0.000ns)
  Data Path Delay:        7.743ns  (logic 0.580ns (7.491%)  route 7.163ns (92.509%))
  Logic Levels:           1  (LUT2=1)
  Clock Path Skew:        -0.040ns (DCD - SCD + CPR)
    Destination Clock Delay (DCD):    1.719ns = ( 11.153 - 9.434 ) 
    Source Clock Delay      (SCD):    1.773ns
    Clock Pessimism Removal (CPR):    0.014ns
  Clock Uncertainty:      0.085ns  ((TSJ^2 + DJ^2)^1/2) / 2 + PE
    Total System Jitter     (TSJ):    0.071ns
    Discrete Jitter          (DJ):    0.154ns
    Phase Error              (PE):    0.000ns

    Location             Delay type                Incr(ns)  Path(ns)    Netlist Resource(s)
  -------------------------------------------------------------------    -------------------
                         (clock clk_out1_rv32_top_clk_wiz_0_0 rise edge)
                                                      0.000     0.000 r  
    BUFGCTRL_X0Y16       BUFG                         0.000     0.000 r  rv32_top_i/ps7/inst/buffer_fclk_clk_0.FCLK_CLK_0_BUFG/O
                         net (fo=1, routed)           1.806     1.806    rv32_top_i/clk_wiz_0/inst/clk_in1
    MMCME2_ADV_X1Y0      MMCME2_ADV (Prop_mmcme2_adv_CLKIN1_CLKOUT0)
                                                     -3.793    -1.987 r  rv32_top_i/clk_wiz_0/inst/mmcm_adv_inst/CLKOUT0
                         net (fo=1, routed)           1.889    -0.098    rv32_top_i/clk_wiz_0/inst/clk_out1_rv32_top_clk_wiz_0_0
    BUFGCTRL_X0Y0        BUFG (Prop_bufg_I_O)         0.101     0.003 r  rv32_top_i/clk_wiz_0/inst/clkout1_buf/O
                         net (fo=12242, routed)       1.770     1.773    rv32_top_i/rst_ps7_50M/U0/slowest_sync_clk
    SLICE_X105Y73        FDRE                                         r  rv32_top_i/rst_ps7_50M/U0/ACTIVE_LOW_PR_OUT_DFF[0].FDRE_PER_N/C
  -------------------------------------------------------------------    -------------------
    SLICE_X105Y73        FDRE (Prop_fdre_C_Q)         0.456     2.229 r  rv32_top_i/rst_ps7_50M/U0/ACTIVE_LOW_PR_OUT_DFF[0].FDRE_PER_N/Q
                         net (fo=31, routed)          3.173     5.402    rv32_top_i/plat/U0/u_ctrl/S_AXI_ARESETN
    SLICE_X31Y98         LUT2 (Prop_lut2_I1_O)        0.124     5.526 f  rv32_top_i/plat/U0/u_ctrl/regs[1][31]_i_1/O
                         net (fo=3987, routed)        3.990     9.516    rv32_top_i/plat/U0/u_dcache/u_tag/valid_mem_reg[0]_0
    SLICE_X60Y142        FDCE                                         f  rv32_top_i/plat/U0/u_dcache/u_tag/dirty_mem_reg[168]/CLR
  -------------------------------------------------------------------    -------------------

                         (clock clk_out1_rv32_top_clk_wiz_0_0 rise edge)
                                                      9.434     9.434 r  
    BUFGCTRL_X0Y16       BUFG                         0.000     9.434 r  rv32_top_i/ps7/inst/buffer_fclk_clk_0.FCLK_CLK_0_BUFG/O
                         net (fo=1, routed)           1.612    11.046    rv32_top_i/clk_wiz_0/inst/clk_in1
    MMCME2_ADV_X1Y0      MMCME2_ADV (Prop_mmcme2_adv_CLKIN1_CLKOUT0)
                                                     -3.425     7.621 r  rv32_top_i/clk_wiz_0/inst/mmcm_adv_inst/CLKOUT0
                         net (fo=1, routed)           1.725     9.346    rv32_top_i/clk_wiz_0/inst/clk_out1_rv32_top_clk_wiz_0_0
    BUFGCTRL_X0Y0        BUFG (Prop_bufg_I_O)         0.091     9.437 r  rv32_top_i/clk_wiz_0/inst/clkout1_buf/O
                         net (fo=12242, routed)       1.716    11.153    rv32_top_i/plat/U0/u_dcache/u_tag/S_AXI_ACLK
    SLICE_X60Y142        FDCE                                         r  rv32_top_i/plat/U0/u_dcache/u_tag/dirty_mem_reg[168]/C
                         clock pessimism              0.014    11.167    
                         clock uncertainty           -0.085    11.082    
    SLICE_X60Y142        FDCE (Recov_fdce_C_CLR)     -0.405    10.677    rv32_top_i/plat/U0/u_dcache/u_tag/dirty_mem_reg[168]
  -------------------------------------------------------------------
                         required time                         10.677    
                         arrival time                          -9.516    
  -------------------------------------------------------------------
                         slack                                  1.161    

Slack (MET) :             1.161ns  (required time - arrival time)
  Source:                 rv32_top_i/rst_ps7_50M/U0/ACTIVE_LOW_PR_OUT_DFF[0].FDRE_PER_N/C
                            (rising edge-triggered cell FDRE clocked by clk_out1_rv32_top_clk_wiz_0_0  {rise@0.000ns fall@4.717ns period=9.434ns})
  Destination:            rv32_top_i/plat/U0/u_dcache/u_tag/dirty_mem_reg[171]/CLR
                            (recovery check against rising-edge clock clk_out1_rv32_top_clk_wiz_0_0  {rise@0.000ns fall@4.717ns period=9.434ns})
  Path Group:             **async_default**
  Path Type:              Recovery (Max at Slow Process Corner)
  Requirement:            9.434ns  (clk_out1_rv32_top_clk_wiz_0_0 rise@9.434ns - clk_out1_rv32_top_clk_wiz_0_0 rise@0.000ns)
  Data Path Delay:        7.743ns  (logic 0.580ns (7.491%)  route 7.163ns (92.509%))
  Logic Levels:           1  (LUT2=1)
  Clock Path Skew:        -0.040ns (DCD - SCD + CPR)
    Destination Clock Delay (DCD):    1.719ns = ( 11.153 - 9.434 ) 
    Source Clock Delay      (SCD):    1.773ns
    Clock Pessimism Removal (CPR):    0.014ns
  Clock Uncertainty:      0.085ns  ((TSJ^2 + DJ^2)^1/2) / 2 + PE
    Total System Jitter     (TSJ):    0.071ns
    Discrete Jitter          (DJ):    0.154ns
    Phase Error              (PE):    0.000ns

    Location             Delay type                Incr(ns)  Path(ns)    Netlist Resource(s)
  -------------------------------------------------------------------    -------------------
                         (clock clk_out1_rv32_top_clk_wiz_0_0 rise edge)
                                                      0.000     0.000 r  
    BUFGCTRL_X0Y16       BUFG                         0.000     0.000 r  rv32_top_i/ps7/inst/buffer_fclk_clk_0.FCLK_CLK_0_BUFG/O
                         net (fo=1, routed)           1.806     1.806    rv32_top_i/clk_wiz_0/inst/clk_in1
    MMCME2_ADV_X1Y0      MMCME2_ADV (Prop_mmcme2_adv_CLKIN1_CLKOUT0)
                                                     -3.793    -1.987 r  rv32_top_i/clk_wiz_0/inst/mmcm_adv_inst/CLKOUT0
                         net (fo=1, routed)           1.889    -0.098    rv32_top_i/clk_wiz_0/inst/clk_out1_rv32_top_clk_wiz_0_0
    BUFGCTRL_X0Y0        BUFG (Prop_bufg_I_O)         0.101     0.003 r  rv32_top_i/clk_wiz_0/inst/clkout1_buf/O
                         net (fo=12242, routed)       1.770     1.773    rv32_top_i/rst_ps7_50M/U0/slowest_sync_clk
    SLICE_X105Y73        FDRE                                         r  rv32_top_i/rst_ps7_50M/U0/ACTIVE_LOW_PR_OUT_DFF[0].FDRE_PER_N/C
  -------------------------------------------------------------------    -------------------
    SLICE_X105Y73        FDRE (Prop_fdre_C_Q)         0.456     2.229 r  rv32_top_i/rst_ps7_50M/U0/ACTIVE_LOW_PR_OUT_DFF[0].FDRE_PER_N/Q
                         net (fo=31, routed)          3.173     5.402    rv32_top_i/plat/U0/u_ctrl/S_AXI_ARESETN
    SLICE_X31Y98         LUT2 (Prop_lut2_I1_O)        0.124     5.526 f  rv32_top_i/plat/U0/u_ctrl/regs[1][31]_i_1/O
                         net (fo=3987, routed)        3.990     9.516    rv32_top_i/plat/U0/u_dcache/u_tag/valid_mem_reg[0]_0
    SLICE_X60Y142        FDCE                                         f  rv32_top_i/plat/U0/u_dcache/u_tag/dirty_mem_reg[171]/CLR
  -------------------------------------------------------------------    -------------------

                         (clock clk_out1_rv32_top_clk_wiz_0_0 rise edge)
                                                      9.434     9.434 r  
    BUFGCTRL_X0Y16       BUFG                         0.000     9.434 r  rv32_top_i/ps7/inst/buffer_fclk_clk_0.FCLK_CLK_0_BUFG/O
                         net (fo=1, routed)           1.612    11.046    rv32_top_i/clk_wiz_0/inst/clk_in1
    MMCME2_ADV_X1Y0      MMCME2_ADV (Prop_mmcme2_adv_CLKIN1_CLKOUT0)
                                                     -3.425     7.621 r  rv32_top_i/clk_wiz_0/inst/mmcm_adv_inst/CLKOUT0
                         net (fo=1, routed)           1.725     9.346    rv32_top_i/clk_wiz_0/inst/clk_out1_rv32_top_clk_wiz_0_0
    BUFGCTRL_X0Y0        BUFG (Prop_bufg_I_O)         0.091     9.437 r  rv32_top_i/clk_wiz_0/inst/clkout1_buf/O
                         net (fo=12242, routed)       1.716    11.153    rv32_top_i/plat/U0/u_dcache/u_tag/S_AXI_ACLK
    SLICE_X60Y142        FDCE                                         r  rv32_top_i/plat/U0/u_dcache/u_tag/dirty_mem_reg[171]/C
                         clock pessimism              0.014    11.167    
                         clock uncertainty           -0.085    11.082    
    SLICE_X60Y142        FDCE (Recov_fdce_C_CLR)     -0.405    10.677    rv32_top_i/plat/U0/u_dcache/u_tag/dirty_mem_reg[171]
  -------------------------------------------------------------------
                         required time                         10.677    
                         arrival time                          -9.516    
  -------------------------------------------------------------------
                         slack                                  1.161    

Slack (MET) :             1.161ns  (required time - arrival time)
  Source:                 rv32_top_i/rst_ps7_50M/U0/ACTIVE_LOW_PR_OUT_DFF[0].FDRE_PER_N/C
                            (rising edge-triggered cell FDRE clocked by clk_out1_rv32_top_clk_wiz_0_0  {rise@0.000ns fall@4.717ns period=9.434ns})
  Destination:            rv32_top_i/plat/U0/u_dcache/u_tag/dirty_mem_reg[173]/CLR
                            (recovery check against rising-edge clock clk_out1_rv32_top_clk_wiz_0_0  {rise@0.000ns fall@4.717ns period=9.434ns})
  Path Group:             **async_default**
  Path Type:              Recovery (Max at Slow Process Corner)
  Requirement:            9.434ns  (clk_out1_rv32_top_clk_wiz_0_0 rise@9.434ns - clk_out1_rv32_top_clk_wiz_0_0 rise@0.000ns)
  Data Path Delay:        7.743ns  (logic 0.580ns (7.491%)  route 7.163ns (92.509%))
  Logic Levels:           1  (LUT2=1)
  Clock Path Skew:        -0.040ns (DCD - SCD + CPR)
    Destination Clock Delay (DCD):    1.719ns = ( 11.153 - 9.434 ) 
    Source Clock Delay      (SCD):    1.773ns
    Clock Pessimism Removal (CPR):    0.014ns
  Clock Uncertainty:      0.085ns  ((TSJ^2 + DJ^2)^1/2) / 2 + PE
    Total System Jitter     (TSJ):    0.071ns
    Discrete Jitter          (DJ):    0.154ns
    Phase Error              (PE):    0.000ns

    Location             Delay type                Incr(ns)  Path(ns)    Netlist Resource(s)
  -------------------------------------------------------------------    -------------------
                         (clock clk_out1_rv32_top_clk_wiz_0_0 rise edge)
                                                      0.000     0.000 r  
    BUFGCTRL_X0Y16       BUFG                         0.000     0.000 r  rv32_top_i/ps7/inst/buffer_fclk_clk_0.FCLK_CLK_0_BUFG/O
                         net (fo=1, routed)           1.806     1.806    rv32_top_i/clk_wiz_0/inst/clk_in1
    MMCME2_ADV_X1Y0      MMCME2_ADV (Prop_mmcme2_adv_CLKIN1_CLKOUT0)
                                                     -3.793    -1.987 r  rv32_top_i/clk_wiz_0/inst/mmcm_adv_inst/CLKOUT0
                         net (fo=1, routed)           1.889    -0.098    rv32_top_i/clk_wiz_0/inst/clk_out1_rv32_top_clk_wiz_0_0
    BUFGCTRL_X0Y0        BUFG (Prop_bufg_I_O)         0.101     0.003 r  rv32_top_i/clk_wiz_0/inst/clkout1_buf/O
                         net (fo=12242, routed)       1.770     1.773    rv32_top_i/rst_ps7_50M/U0/slowest_sync_clk
    SLICE_X105Y73        FDRE                                         r  rv32_top_i/rst_ps7_50M/U0/ACTIVE_LOW_PR_OUT_DFF[0].FDRE_PER_N/C
  -------------------------------------------------------------------    -------------------
    SLICE_X105Y73        FDRE (Prop_fdre_C_Q)         0.456     2.229 r  rv32_top_i/rst_ps7_50M/U0/ACTIVE_LOW_PR_OUT_DFF[0].FDRE_PER_N/Q
                         net (fo=31, routed)          3.173     5.402    rv32_top_i/plat/U0/u_ctrl/S_AXI_ARESETN
    SLICE_X31Y98         LUT2 (Prop_lut2_I1_O)        0.124     5.526 f  rv32_top_i/plat/U0/u_ctrl/regs[1][31]_i_1/O
                         net (fo=3987, routed)        3.990     9.516    rv32_top_i/plat/U0/u_dcache/u_tag/valid_mem_reg[0]_0
    SLICE_X60Y142        FDCE                                         f  rv32_top_i/plat/U0/u_dcache/u_tag/dirty_mem_reg[173]/CLR
  -------------------------------------------------------------------    -------------------

                         (clock clk_out1_rv32_top_clk_wiz_0_0 rise edge)
                                                      9.434     9.434 r  
    BUFGCTRL_X0Y16       BUFG                         0.000     9.434 r  rv32_top_i/ps7/inst/buffer_fclk_clk_0.FCLK_CLK_0_BUFG/O
                         net (fo=1, routed)           1.612    11.046    rv32_top_i/clk_wiz_0/inst/clk_in1
    MMCME2_ADV_X1Y0      MMCME2_ADV (Prop_mmcme2_adv_CLKIN1_CLKOUT0)
                                                     -3.425     7.621 r  rv32_top_i/clk_wiz_0/inst/mmcm_adv_inst/CLKOUT0
                         net (fo=1, routed)           1.725     9.346    rv32_top_i/clk_wiz_0/inst/clk_out1_rv32_top_clk_wiz_0_0
    BUFGCTRL_X0Y0        BUFG (Prop_bufg_I_O)         0.091     9.437 r  rv32_top_i/clk_wiz_0/inst/clkout1_buf/O
                         net (fo=12242, routed)       1.716    11.153    rv32_top_i/plat/U0/u_dcache/u_tag/S_AXI_ACLK
    SLICE_X60Y142        FDCE                                         r  rv32_top_i/plat/U0/u_dcache/u_tag/dirty_mem_reg[173]/C
                         clock pessimism              0.014    11.167    
                         clock uncertainty           -0.085    11.082    
    SLICE_X60Y142        FDCE (Recov_fdce_C_CLR)     -0.405    10.677    rv32_top_i/plat/U0/u_dcache/u_tag/dirty_mem_reg[173]
  -------------------------------------------------------------------
                         required time                         10.677    
                         arrival time                          -9.516    
  -------------------------------------------------------------------
                         slack                                  1.161    

Slack (MET) :             1.161ns  (required time - arrival time)
  Source:                 rv32_top_i/rst_ps7_50M/U0/ACTIVE_LOW_PR_OUT_DFF[0].FDRE_PER_N/C
                            (rising edge-triggered cell FDRE clocked by clk_out1_rv32_top_clk_wiz_0_0  {rise@0.000ns fall@4.717ns period=9.434ns})
  Destination:            rv32_top_i/plat/U0/u_dcache/u_tag/dirty_mem_reg[174]/CLR
                            (recovery check against rising-edge clock clk_out1_rv32_top_clk_wiz_0_0  {rise@0.000ns fall@4.717ns period=9.434ns})
  Path Group:             **async_default**
  Path Type:              Recovery (Max at Slow Process Corner)
  Requirement:            9.434ns  (clk_out1_rv32_top_clk_wiz_0_0 rise@9.434ns - clk_out1_rv32_top_clk_wiz_0_0 rise@0.000ns)
  Data Path Delay:        7.743ns  (logic 0.580ns (7.491%)  route 7.163ns (92.509%))
  Logic Levels:           1  (LUT2=1)
  Clock Path Skew:        -0.040ns (DCD - SCD + CPR)
    Destination Clock Delay (DCD):    1.719ns = ( 11.153 - 9.434 ) 
    Source Clock Delay      (SCD):    1.773ns
    Clock Pessimism Removal (CPR):    0.014ns
  Clock Uncertainty:      0.085ns  ((TSJ^2 + DJ^2)^1/2) / 2 + PE
    Total System Jitter     (TSJ):    0.071ns
    Discrete Jitter          (DJ):    0.154ns
    Phase Error              (PE):    0.000ns

    Location             Delay type                Incr(ns)  Path(ns)    Netlist Resource(s)
  -------------------------------------------------------------------    -------------------
                         (clock clk_out1_rv32_top_clk_wiz_0_0 rise edge)
                                                      0.000     0.000 r  
    BUFGCTRL_X0Y16       BUFG                         0.000     0.000 r  rv32_top_i/ps7/inst/buffer_fclk_clk_0.FCLK_CLK_0_BUFG/O
                         net (fo=1, routed)           1.806     1.806    rv32_top_i/clk_wiz_0/inst/clk_in1
    MMCME2_ADV_X1Y0      MMCME2_ADV (Prop_mmcme2_adv_CLKIN1_CLKOUT0)
                                                     -3.793    -1.987 r  rv32_top_i/clk_wiz_0/inst/mmcm_adv_inst/CLKOUT0
                         net (fo=1, routed)           1.889    -0.098    rv32_top_i/clk_wiz_0/inst/clk_out1_rv32_top_clk_wiz_0_0
    BUFGCTRL_X0Y0        BUFG (Prop_bufg_I_O)         0.101     0.003 r  rv32_top_i/clk_wiz_0/inst/clkout1_buf/O
                         net (fo=12242, routed)       1.770     1.773    rv32_top_i/rst_ps7_50M/U0/slowest_sync_clk
    SLICE_X105Y73        FDRE                                         r  rv32_top_i/rst_ps7_50M/U0/ACTIVE_LOW_PR_OUT_DFF[0].FDRE_PER_N/C
  -------------------------------------------------------------------    -------------------
    SLICE_X105Y73        FDRE (Prop_fdre_C_Q)         0.456     2.229 r  rv32_top_i/rst_ps7_50M/U0/ACTIVE_LOW_PR_OUT_DFF[0].FDRE_PER_N/Q
                         net (fo=31, routed)          3.173     5.402    rv32_top_i/plat/U0/u_ctrl/S_AXI_ARESETN
    SLICE_X31Y98         LUT2 (Prop_lut2_I1_O)        0.124     5.526 f  rv32_top_i/plat/U0/u_ctrl/regs[1][31]_i_1/O
                         net (fo=3987, routed)        3.990     9.516    rv32_top_i/plat/U0/u_dcache/u_tag/valid_mem_reg[0]_0
    SLICE_X60Y142        FDCE                                         f  rv32_top_i/plat/U0/u_dcache/u_tag/dirty_mem_reg[174]/CLR
  -------------------------------------------------------------------    -------------------

                         (clock clk_out1_rv32_top_clk_wiz_0_0 rise edge)
                                                      9.434     9.434 r  
    BUFGCTRL_X0Y16       BUFG                         0.000     9.434 r  rv32_top_i/ps7/inst/buffer_fclk_clk_0.FCLK_CLK_0_BUFG/O
                         net (fo=1, routed)           1.612    11.046    rv32_top_i/clk_wiz_0/inst/clk_in1
    MMCME2_ADV_X1Y0      MMCME2_ADV (Prop_mmcme2_adv_CLKIN1_CLKOUT0)
                                                     -3.425     7.621 r  rv32_top_i/clk_wiz_0/inst/mmcm_adv_inst/CLKOUT0
                         net (fo=1, routed)           1.725     9.346    rv32_top_i/clk_wiz_0/inst/clk_out1_rv32_top_clk_wiz_0_0
    BUFGCTRL_X0Y0        BUFG (Prop_bufg_I_O)         0.091     9.437 r  rv32_top_i/clk_wiz_0/inst/clkout1_buf/O
                         net (fo=12242, routed)       1.716    11.153    rv32_top_i/plat/U0/u_dcache/u_tag/S_AXI_ACLK
    SLICE_X60Y142        FDCE                                         r  rv32_top_i/plat/U0/u_dcache/u_tag/dirty_mem_reg[174]/C
                         clock pessimism              0.014    11.167    
                         clock uncertainty           -0.085    11.082    
    SLICE_X60Y142        FDCE (Recov_fdce_C_CLR)     -0.405    10.677    rv32_top_i/plat/U0/u_dcache/u_tag/dirty_mem_reg[174]
  -------------------------------------------------------------------
                         required time                         10.677    
                         arrival time                          -9.516    
  -------------------------------------------------------------------
                         slack                                  1.161    

Slack (MET) :             1.165ns  (required time - arrival time)
  Source:                 rv32_top_i/rst_ps7_50M/U0/ACTIVE_LOW_PR_OUT_DFF[0].FDRE_PER_N/C
                            (rising edge-triggered cell FDRE clocked by clk_out1_rv32_top_clk_wiz_0_0  {rise@0.000ns fall@4.717ns period=9.434ns})
  Destination:            rv32_top_i/plat/U0/u_core/shadow_reg[31][14]/CLR
                            (recovery check against rising-edge clock clk_out1_rv32_top_clk_wiz_0_0  {rise@0.000ns fall@4.717ns period=9.434ns})
  Path Group:             **async_default**
  Path Type:              Recovery (Max at Slow Process Corner)
  Requirement:            9.434ns  (clk_out1_rv32_top_clk_wiz_0_0 rise@9.434ns - clk_out1_rv32_top_clk_wiz_0_0 rise@0.000ns)
  Data Path Delay:        7.739ns  (logic 0.580ns (7.495%)  route 7.159ns (92.505%))
  Logic Levels:           1  (LUT2=1)
  Clock Path Skew:        -0.040ns (DCD - SCD + CPR)
    Destination Clock Delay (DCD):    1.719ns = ( 11.153 - 9.434 ) 
    Source Clock Delay      (SCD):    1.773ns
    Clock Pessimism Removal (CPR):    0.014ns
  Clock Uncertainty:      0.085ns  ((TSJ^2 + DJ^2)^1/2) / 2 + PE
    Total System Jitter     (TSJ):    0.071ns
    Discrete Jitter          (DJ):    0.154ns
    Phase Error              (PE):    0.000ns

    Location             Delay type                Incr(ns)  Path(ns)    Netlist Resource(s)
  -------------------------------------------------------------------    -------------------
                         (clock clk_out1_rv32_top_clk_wiz_0_0 rise edge)
                                                      0.000     0.000 r  
    BUFGCTRL_X0Y16       BUFG                         0.000     0.000 r  rv32_top_i/ps7/inst/buffer_fclk_clk_0.FCLK_CLK_0_BUFG/O
                         net (fo=1, routed)           1.806     1.806    rv32_top_i/clk_wiz_0/inst/clk_in1
    MMCME2_ADV_X1Y0      MMCME2_ADV (Prop_mmcme2_adv_CLKIN1_CLKOUT0)
                                                     -3.793    -1.987 r  rv32_top_i/clk_wiz_0/inst/mmcm_adv_inst/CLKOUT0
                         net (fo=1, routed)           1.889    -0.098    rv32_top_i/clk_wiz_0/inst/clk_out1_rv32_top_clk_wiz_0_0
    BUFGCTRL_X0Y0        BUFG (Prop_bufg_I_O)         0.101     0.003 r  rv32_top_i/clk_wiz_0/inst/clkout1_buf/O
                         net (fo=12242, routed)       1.770     1.773    rv32_top_i/rst_ps7_50M/U0/slowest_sync_clk
    SLICE_X105Y73        FDRE                                         r  rv32_top_i/rst_ps7_50M/U0/ACTIVE_LOW_PR_OUT_DFF[0].FDRE_PER_N/C
  -------------------------------------------------------------------    -------------------
    SLICE_X105Y73        FDRE (Prop_fdre_C_Q)         0.456     2.229 r  rv32_top_i/rst_ps7_50M/U0/ACTIVE_LOW_PR_OUT_DFF[0].FDRE_PER_N/Q
                         net (fo=31, routed)          3.173     5.402    rv32_top_i/plat/U0/u_ctrl/S_AXI_ARESETN
    SLICE_X31Y98         LUT2 (Prop_lut2_I1_O)        0.124     5.526 f  rv32_top_i/plat/U0/u_ctrl/regs[1][31]_i_1/O
                         net (fo=3987, routed)        3.985     9.512    rv32_top_i/plat/U0/u_core/regs_reg[31][0]
    SLICE_X61Y142        FDCE                                         f  rv32_top_i/plat/U0/u_core/shadow_reg[31][14]/CLR
  -------------------------------------------------------------------    -------------------

                         (clock clk_out1_rv32_top_clk_wiz_0_0 rise edge)
                                                      9.434     9.434 r  
    BUFGCTRL_X0Y16       BUFG                         0.000     9.434 r  rv32_top_i/ps7/inst/buffer_fclk_clk_0.FCLK_CLK_0_BUFG/O
                         net (fo=1, routed)           1.612    11.046    rv32_top_i/clk_wiz_0/inst/clk_in1
    MMCME2_ADV_X1Y0      MMCME2_ADV (Prop_mmcme2_adv_CLKIN1_CLKOUT0)
                                                     -3.425     7.621 r  rv32_top_i/clk_wiz_0/inst/mmcm_adv_inst/CLKOUT0
                         net (fo=1, routed)           1.725     9.346    rv32_top_i/clk_wiz_0/inst/clk_out1_rv32_top_clk_wiz_0_0
    BUFGCTRL_X0Y0        BUFG (Prop_bufg_I_O)         0.091     9.437 r  rv32_top_i/clk_wiz_0/inst/clkout1_buf/O
                         net (fo=12242, routed)       1.716    11.153    rv32_top_i/plat/U0/u_core/S_AXI_ACLK
    SLICE_X61Y142        FDCE                                         r  rv32_top_i/plat/U0/u_core/shadow_reg[31][14]/C
                         clock pessimism              0.014    11.167    
                         clock uncertainty           -0.085    11.082    
    SLICE_X61Y142        FDCE (Recov_fdce_C_CLR)     -0.405    10.677    rv32_top_i/plat/U0/u_core/shadow_reg[31][14]
  -------------------------------------------------------------------
                         required time                         10.677    
                         arrival time                          -9.512    
  -------------------------------------------------------------------
                         slack                                  1.165    





Min Delay Paths
--------------------------------------------------------------------------------------
Slack (MET) :             0.746ns  (arrival time - required time)
  Source:                 rv32_top_i/plat/U0/u_ctrl/r_ctrl_reg[0]/C
                            (rising edge-triggered cell FDRE clocked by clk_out1_rv32_top_clk_wiz_0_0  {rise@0.000ns fall@4.717ns period=9.434ns})
  Destination:            rv32_top_i/plat/U0/u_icache/u_adp/buf_reg[30]/CLR
                            (removal check against rising-edge clock clk_out1_rv32_top_clk_wiz_0_0  {rise@0.000ns fall@4.717ns period=9.434ns})
  Path Group:             **async_default**
  Path Type:              Removal (Min at Fast Process Corner)
  Requirement:            0.000ns  (clk_out1_rv32_top_clk_wiz_0_0 rise@0.000ns - clk_out1_rv32_top_clk_wiz_0_0 rise@0.000ns)
  Data Path Delay:        0.669ns  (logic 0.186ns (27.819%)  route 0.483ns (72.181%))
  Logic Levels:           1  (LUT2=1)
  Clock Path Skew:        0.015ns (DCD - SCD - CPR)
    Destination Clock Delay (DCD):    0.934ns
    Source Clock Delay      (SCD):    0.663ns
    Clock Pessimism Removal (CPR):    0.256ns

    Location             Delay type                Incr(ns)  Path(ns)    Netlist Resource(s)
  -------------------------------------------------------------------    -------------------
                         (clock clk_out1_rv32_top_clk_wiz_0_0 rise edge)
                                                      0.000     0.000 r  
    BUFGCTRL_X0Y16       BUFG                         0.000     0.000 r  rv32_top_i/ps7/inst/buffer_fclk_clk_0.FCLK_CLK_0_BUFG/O
                         net (fo=1, routed)           0.597     0.597    rv32_top_i/clk_wiz_0/inst/clk_in1
    MMCME2_ADV_X1Y0      MMCME2_ADV (Prop_mmcme2_adv_CLKIN1_CLKOUT0)
                                                     -1.150    -0.553 r  rv32_top_i/clk_wiz_0/inst/mmcm_adv_inst/CLKOUT0
                         net (fo=1, routed)           0.529    -0.024    rv32_top_i/clk_wiz_0/inst/clk_out1_rv32_top_clk_wiz_0_0
    BUFGCTRL_X0Y0        BUFG (Prop_bufg_I_O)         0.026     0.002 r  rv32_top_i/clk_wiz_0/inst/clkout1_buf/O
                         net (fo=12242, routed)       0.661     0.663    rv32_top_i/plat/U0/u_ctrl/S_AXI_ACLK
    SLICE_X31Y101        FDRE                                         r  rv32_top_i/plat/U0/u_ctrl/r_ctrl_reg[0]/C
  -------------------------------------------------------------------    -------------------
    SLICE_X31Y101        FDRE (Prop_fdre_C_Q)         0.141     0.804 f  rv32_top_i/plat/U0/u_ctrl/r_ctrl_reg[0]/Q
                         net (fo=2, routed)           0.265     1.069    rv32_top_i/plat/U0/u_ctrl/cpu_reset
    SLICE_X31Y98         LUT2 (Prop_lut2_I0_O)        0.045     1.114 f  rv32_top_i/plat/U0/u_ctrl/regs[1][31]_i_1/O
                         net (fo=3987, routed)        0.218     1.332    rv32_top_i/plat/U0/u_icache/u_adp/araddr_q_reg[4]_0
    SLICE_X31Y104        FDCE                                         f  rv32_top_i/plat/U0/u_icache/u_adp/buf_reg[30]/CLR
  -------------------------------------------------------------------    -------------------

                         (clock clk_out1_rv32_top_clk_wiz_0_0 rise edge)
                                                      0.000     0.000 r  
    BUFGCTRL_X0Y16       BUFG                         0.000     0.000 r  rv32_top_i/ps7/inst/buffer_fclk_clk_0.FCLK_CLK_0_BUFG/O
                         net (fo=1, routed)           0.864     0.864    rv32_top_i/clk_wiz_0/inst/clk_in1
    MMCME2_ADV_X1Y0      MMCME2_ADV (Prop_mmcme2_adv_CLKIN1_CLKOUT0)
                                                     -1.467    -0.603 r  rv32_top_i/clk_wiz_0/inst/mmcm_adv_inst/CLKOUT0
                         net (fo=1, routed)           0.576    -0.027    rv32_top_i/clk_wiz_0/inst/clk_out1_rv32_top_clk_wiz_0_0
    BUFGCTRL_X0Y0        BUFG (Prop_bufg_I_O)         0.029     0.002 r  rv32_top_i/clk_wiz_0/inst/clkout1_buf/O
                         net (fo=12242, routed)       0.932     0.934    rv32_top_i/plat/U0/u_icache/u_adp/S_AXI_ACLK
    SLICE_X31Y104        FDCE                                         r  rv32_top_i/plat/U0/u_icache/u_adp/buf_reg[30]/C
                         clock pessimism             -0.256     0.678    
    SLICE_X31Y104        FDCE (Remov_fdce_C_CLR)     -0.092     0.586    rv32_top_i/plat/U0/u_icache/u_adp/buf_reg[30]
  -------------------------------------------------------------------
                         required time                         -0.586    
                         arrival time                           1.332    
  -------------------------------------------------------------------
                         slack                                  0.746    

Slack (MET) :             0.746ns  (arrival time - required time)
  Source:                 rv32_top_i/plat/U0/u_ctrl/r_ctrl_reg[0]/C
                            (rising edge-triggered cell FDRE clocked by clk_out1_rv32_top_clk_wiz_0_0  {rise@0.000ns fall@4.717ns period=9.434ns})
  Destination:            rv32_top_i/plat/U0/u_icache/u_adp/buf_reg[31]/CLR
                            (removal check against rising-edge clock clk_out1_rv32_top_clk_wiz_0_0  {rise@0.000ns fall@4.717ns period=9.434ns})
  Path Group:             **async_default**
  Path Type:              Removal (Min at Fast Process Corner)
  Requirement:            0.000ns  (clk_out1_rv32_top_clk_wiz_0_0 rise@0.000ns - clk_out1_rv32_top_clk_wiz_0_0 rise@0.000ns)
  Data Path Delay:        0.669ns  (logic 0.186ns (27.819%)  route 0.483ns (72.181%))
  Logic Levels:           1  (LUT2=1)
  Clock Path Skew:        0.015ns (DCD - SCD - CPR)
    Destination Clock Delay (DCD):    0.934ns
    Source Clock Delay      (SCD):    0.663ns
    Clock Pessimism Removal (CPR):    0.256ns

    Location             Delay type                Incr(ns)  Path(ns)    Netlist Resource(s)
  -------------------------------------------------------------------    -------------------
                         (clock clk_out1_rv32_top_clk_wiz_0_0 rise edge)
                                                      0.000     0.000 r  
    BUFGCTRL_X0Y16       BUFG                         0.000     0.000 r  rv32_top_i/ps7/inst/buffer_fclk_clk_0.FCLK_CLK_0_BUFG/O
                         net (fo=1, routed)           0.597     0.597    rv32_top_i/clk_wiz_0/inst/clk_in1
    MMCME2_ADV_X1Y0      MMCME2_ADV (Prop_mmcme2_adv_CLKIN1_CLKOUT0)
                                                     -1.150    -0.553 r  rv32_top_i/clk_wiz_0/inst/mmcm_adv_inst/CLKOUT0
                         net (fo=1, routed)           0.529    -0.024    rv32_top_i/clk_wiz_0/inst/clk_out1_rv32_top_clk_wiz_0_0
    BUFGCTRL_X0Y0        BUFG (Prop_bufg_I_O)         0.026     0.002 r  rv32_top_i/clk_wiz_0/inst/clkout1_buf/O
                         net (fo=12242, routed)       0.661     0.663    rv32_top_i/plat/U0/u_ctrl/S_AXI_ACLK
    SLICE_X31Y101        FDRE                                         r  rv32_top_i/plat/U0/u_ctrl/r_ctrl_reg[0]/C
  -------------------------------------------------------------------    -------------------
    SLICE_X31Y101        FDRE (Prop_fdre_C_Q)         0.141     0.804 f  rv32_top_i/plat/U0/u_ctrl/r_ctrl_reg[0]/Q
                         net (fo=2, routed)           0.265     1.069    rv32_top_i/plat/U0/u_ctrl/cpu_reset
    SLICE_X31Y98         LUT2 (Prop_lut2_I0_O)        0.045     1.114 f  rv32_top_i/plat/U0/u_ctrl/regs[1][31]_i_1/O
                         net (fo=3987, routed)        0.218     1.332    rv32_top_i/plat/U0/u_icache/u_adp/araddr_q_reg[4]_0
    SLICE_X31Y104        FDCE                                         f  rv32_top_i/plat/U0/u_icache/u_adp/buf_reg[31]/CLR
  -------------------------------------------------------------------    -------------------

                         (clock clk_out1_rv32_top_clk_wiz_0_0 rise edge)
                                                      0.000     0.000 r  
    BUFGCTRL_X0Y16       BUFG                         0.000     0.000 r  rv32_top_i/ps7/inst/buffer_fclk_clk_0.FCLK_CLK_0_BUFG/O
                         net (fo=1, routed)           0.864     0.864    rv32_top_i/clk_wiz_0/inst/clk_in1
    MMCME2_ADV_X1Y0      MMCME2_ADV (Prop_mmcme2_adv_CLKIN1_CLKOUT0)
                                                     -1.467    -0.603 r  rv32_top_i/clk_wiz_0/inst/mmcm_adv_inst/CLKOUT0
                         net (fo=1, routed)           0.576    -0.027    rv32_top_i/clk_wiz_0/inst/clk_out1_rv32_top_clk_wiz_0_0
    BUFGCTRL_X0Y0        BUFG (Prop_bufg_I_O)         0.029     0.002 r  rv32_top_i/clk_wiz_0/inst/clkout1_buf/O
                         net (fo=12242, routed)       0.932     0.934    rv32_top_i/plat/U0/u_icache/u_adp/S_AXI_ACLK
    SLICE_X31Y104        FDCE                                         r  rv32_top_i/plat/U0/u_icache/u_adp/buf_reg[31]/C
                         clock pessimism             -0.256     0.678    
    SLICE_X31Y104        FDCE (Remov_fdce_C_CLR)     -0.092     0.586    rv32_top_i/plat/U0/u_icache/u_adp/buf_reg[31]
  -------------------------------------------------------------------
                         required time                         -0.586    
                         arrival time                           1.332    
  -------------------------------------------------------------------
                         slack                                  0.746    

Slack (MET) :             0.813ns  (arrival time - required time)
  Source:                 rv32_top_i/plat/U0/u_ctrl/r_ctrl_reg[0]/C
                            (rising edge-triggered cell FDRE clocked by clk_out1_rv32_top_clk_wiz_0_0  {rise@0.000ns fall@4.717ns period=9.434ns})
  Destination:            rv32_top_i/plat/U0/u_icache/u_adp/buf_reg[84]/CLR
                            (removal check against rising-edge clock clk_out1_rv32_top_clk_wiz_0_0  {rise@0.000ns fall@4.717ns period=9.434ns})
  Path Group:             **async_default**
  Path Type:              Removal (Min at Fast Process Corner)
  Requirement:            0.000ns  (clk_out1_rv32_top_clk_wiz_0_0 rise@0.000ns - clk_out1_rv32_top_clk_wiz_0_0 rise@0.000ns)
  Data Path Delay:        0.736ns  (logic 0.186ns (25.279%)  route 0.550ns (74.721%))
  Logic Levels:           1  (LUT2=1)
  Clock Path Skew:        0.015ns (DCD - SCD - CPR)
    Destination Clock Delay (DCD):    0.916ns
    Source Clock Delay      (SCD):    0.663ns
    Clock Pessimism Removal (CPR):    0.238ns

    Location             Delay type                Incr(ns)  Path(ns)    Netlist Resource(s)
  -------------------------------------------------------------------    -------------------
                         (clock clk_out1_rv32_top_clk_wiz_0_0 rise edge)
                                                      0.000     0.000 r  
    BUFGCTRL_X0Y16       BUFG                         0.000     0.000 r  rv32_top_i/ps7/inst/buffer_fclk_clk_0.FCLK_CLK_0_BUFG/O
                         net (fo=1, routed)           0.597     0.597    rv32_top_i/clk_wiz_0/inst/clk_in1
    MMCME2_ADV_X1Y0      MMCME2_ADV (Prop_mmcme2_adv_CLKIN1_CLKOUT0)
                                                     -1.150    -0.553 r  rv32_top_i/clk_wiz_0/inst/mmcm_adv_inst/CLKOUT0
                         net (fo=1, routed)           0.529    -0.024    rv32_top_i/clk_wiz_0/inst/clk_out1_rv32_top_clk_wiz_0_0
    BUFGCTRL_X0Y0        BUFG (Prop_bufg_I_O)         0.026     0.002 r  rv32_top_i/clk_wiz_0/inst/clkout1_buf/O
                         net (fo=12242, routed)       0.661     0.663    rv32_top_i/plat/U0/u_ctrl/S_AXI_ACLK
    SLICE_X31Y101        FDRE                                         r  rv32_top_i/plat/U0/u_ctrl/r_ctrl_reg[0]/C
  -------------------------------------------------------------------    -------------------
    SLICE_X31Y101        FDRE (Prop_fdre_C_Q)         0.141     0.804 f  rv32_top_i/plat/U0/u_ctrl/r_ctrl_reg[0]/Q
                         net (fo=2, routed)           0.265     1.069    rv32_top_i/plat/U0/u_ctrl/cpu_reset
    SLICE_X31Y98         LUT2 (Prop_lut2_I0_O)        0.045     1.114 f  rv32_top_i/plat/U0/u_ctrl/regs[1][31]_i_1/O
                         net (fo=3987, routed)        0.285     1.399    rv32_top_i/plat/U0/u_icache/u_adp/araddr_q_reg[4]_0
    SLICE_X33Y102        FDCE                                         f  rv32_top_i/plat/U0/u_icache/u_adp/buf_reg[84]/CLR
  -------------------------------------------------------------------    -------------------

                         (clock clk_out1_rv32_top_clk_wiz_0_0 rise edge)
                                                      0.000     0.000 r  
    BUFGCTRL_X0Y16       BUFG                         0.000     0.000 r  rv32_top_i/ps7/inst/buffer_fclk_clk_0.FCLK_CLK_0_BUFG/O
                         net (fo=1, routed)           0.864     0.864    rv32_top_i/clk_wiz_0/inst/clk_in1
    MMCME2_ADV_X1Y0      MMCME2_ADV (Prop_mmcme2_adv_CLKIN1_CLKOUT0)
                                                     -1.467    -0.603 r  rv32_top_i/clk_wiz_0/inst/mmcm_adv_inst/CLKOUT0
                         net (fo=1, routed)           0.576    -0.027    rv32_top_i/clk_wiz_0/inst/clk_out1_rv32_top_clk_wiz_0_0
    BUFGCTRL_X0Y0        BUFG (Prop_bufg_I_O)         0.029     0.002 r  rv32_top_i/clk_wiz_0/inst/clkout1_buf/O
                         net (fo=12242, routed)       0.914     0.916    rv32_top_i/plat/U0/u_icache/u_adp/S_AXI_ACLK
    SLICE_X33Y102        FDCE                                         r  rv32_top_i/plat/U0/u_icache/u_adp/buf_reg[84]/C
                         clock pessimism             -0.238     0.678    
    SLICE_X33Y102        FDCE (Remov_fdce_C_CLR)     -0.092     0.586    rv32_top_i/plat/U0/u_icache/u_adp/buf_reg[84]
  -------------------------------------------------------------------
                         required time                         -0.586    
                         arrival time                           1.399    
  -------------------------------------------------------------------
                         slack                                  0.813    

Slack (MET) :             0.875ns  (arrival time - required time)
  Source:                 rv32_top_i/plat/U0/u_ctrl/r_ctrl_reg[0]/C
                            (rising edge-triggered cell FDRE clocked by clk_out1_rv32_top_clk_wiz_0_0  {rise@0.000ns fall@4.717ns period=9.434ns})
  Destination:            rv32_top_i/plat/U0/u_icache/u_adp/buf_reg[126]/CLR
                            (removal check against rising-edge clock clk_out1_rv32_top_clk_wiz_0_0  {rise@0.000ns fall@4.717ns period=9.434ns})
  Path Group:             **async_default**
  Path Type:              Removal (Min at Fast Process Corner)
  Requirement:            0.000ns  (clk_out1_rv32_top_clk_wiz_0_0 rise@0.000ns - clk_out1_rv32_top_clk_wiz_0_0 rise@0.000ns)
  Data Path Delay:        0.798ns  (logic 0.186ns (23.319%)  route 0.612ns (76.681%))
  Logic Levels:           1  (LUT2=1)
  Clock Path Skew:        0.015ns (DCD - SCD - CPR)
    Destination Clock Delay (DCD):    0.934ns
    Source Clock Delay      (SCD):    0.663ns
    Clock Pessimism Removal (CPR):    0.256ns

    Location             Delay type                Incr(ns)  Path(ns)    Netlist Resource(s)
  -------------------------------------------------------------------    -------------------
                         (clock clk_out1_rv32_top_clk_wiz_0_0 rise edge)
                                                      0.000     0.000 r  
    BUFGCTRL_X0Y16       BUFG                         0.000     0.000 r  rv32_top_i/ps7/inst/buffer_fclk_clk_0.FCLK_CLK_0_BUFG/O
                         net (fo=1, routed)           0.597     0.597    rv32_top_i/clk_wiz_0/inst/clk_in1
    MMCME2_ADV_X1Y0      MMCME2_ADV (Prop_mmcme2_adv_CLKIN1_CLKOUT0)
                                                     -1.150    -0.553 r  rv32_top_i/clk_wiz_0/inst/mmcm_adv_inst/CLKOUT0
                         net (fo=1, routed)           0.529    -0.024    rv32_top_i/clk_wiz_0/inst/clk_out1_rv32_top_clk_wiz_0_0
    BUFGCTRL_X0Y0        BUFG (Prop_bufg_I_O)         0.026     0.002 r  rv32_top_i/clk_wiz_0/inst/clkout1_buf/O
                         net (fo=12242, routed)       0.661     0.663    rv32_top_i/plat/U0/u_ctrl/S_AXI_ACLK
    SLICE_X31Y101        FDRE                                         r  rv32_top_i/plat/U0/u_ctrl/r_ctrl_reg[0]/C
  -------------------------------------------------------------------    -------------------
    SLICE_X31Y101        FDRE (Prop_fdre_C_Q)         0.141     0.804 f  rv32_top_i/plat/U0/u_ctrl/r_ctrl_reg[0]/Q
                         net (fo=2, routed)           0.265     1.069    rv32_top_i/plat/U0/u_ctrl/cpu_reset
    SLICE_X31Y98         LUT2 (Prop_lut2_I0_O)        0.045     1.114 f  rv32_top_i/plat/U0/u_ctrl/regs[1][31]_i_1/O
                         net (fo=3987, routed)        0.347     1.461    rv32_top_i/plat/U0/u_icache/u_adp/araddr_q_reg[4]_0
    SLICE_X31Y106        FDCE                                         f  rv32_top_i/plat/U0/u_icache/u_adp/buf_reg[126]/CLR
  -------------------------------------------------------------------    -------------------

                         (clock clk_out1_rv32_top_clk_wiz_0_0 rise edge)
                                                      0.000     0.000 r  
    BUFGCTRL_X0Y16       BUFG                         0.000     0.000 r  rv32_top_i/ps7/inst/buffer_fclk_clk_0.FCLK_CLK_0_BUFG/O
                         net (fo=1, routed)           0.864     0.864    rv32_top_i/clk_wiz_0/inst/clk_in1
    MMCME2_ADV_X1Y0      MMCME2_ADV (Prop_mmcme2_adv_CLKIN1_CLKOUT0)
                                                     -1.467    -0.603 r  rv32_top_i/clk_wiz_0/inst/mmcm_adv_inst/CLKOUT0
                         net (fo=1, routed)           0.576    -0.027    rv32_top_i/clk_wiz_0/inst/clk_out1_rv32_top_clk_wiz_0_0
    BUFGCTRL_X0Y0        BUFG (Prop_bufg_I_O)         0.029     0.002 r  rv32_top_i/clk_wiz_0/inst/clkout1_buf/O
                         net (fo=12242, routed)       0.932     0.934    rv32_top_i/plat/U0/u_icache/u_adp/S_AXI_ACLK
    SLICE_X31Y106        FDCE                                         r  rv32_top_i/plat/U0/u_icache/u_adp/buf_reg[126]/C
                         clock pessimism             -0.256     0.678    
    SLICE_X31Y106        FDCE (Remov_fdce_C_CLR)     -0.092     0.586    rv32_top_i/plat/U0/u_icache/u_adp/buf_reg[126]
  -------------------------------------------------------------------
                         required time                         -0.586    
                         arrival time                           1.461    
  -------------------------------------------------------------------
                         slack                                  0.875    

Slack (MET) :             0.875ns  (arrival time - required time)
  Source:                 rv32_top_i/plat/U0/u_ctrl/r_ctrl_reg[0]/C
                            (rising edge-triggered cell FDRE clocked by clk_out1_rv32_top_clk_wiz_0_0  {rise@0.000ns fall@4.717ns period=9.434ns})
  Destination:            rv32_top_i/plat/U0/u_icache/u_adp/buf_reg[127]/CLR
                            (removal check against rising-edge clock clk_out1_rv32_top_clk_wiz_0_0  {rise@0.000ns fall@4.717ns period=9.434ns})
  Path Group:             **async_default**
  Path Type:              Removal (Min at Fast Process Corner)
  Requirement:            0.000ns  (clk_out1_rv32_top_clk_wiz_0_0 rise@0.000ns - clk_out1_rv32_top_clk_wiz_0_0 rise@0.000ns)
  Data Path Delay:        0.798ns  (logic 0.186ns (23.319%)  route 0.612ns (76.681%))
  Logic Levels:           1  (LUT2=1)
  Clock Path Skew:        0.015ns (DCD - SCD - CPR)
    Destination Clock Delay (DCD):    0.934ns
    Source Clock Delay      (SCD):    0.663ns
    Clock Pessimism Removal (CPR):    0.256ns

    Location             Delay type                Incr(ns)  Path(ns)    Netlist Resource(s)
  -------------------------------------------------------------------    -------------------
                         (clock clk_out1_rv32_top_clk_wiz_0_0 rise edge)
                                                      0.000     0.000 r  
    BUFGCTRL_X0Y16       BUFG                         0.000     0.000 r  rv32_top_i/ps7/inst/buffer_fclk_clk_0.FCLK_CLK_0_BUFG/O
                         net (fo=1, routed)           0.597     0.597    rv32_top_i/clk_wiz_0/inst/clk_in1
    MMCME2_ADV_X1Y0      MMCME2_ADV (Prop_mmcme2_adv_CLKIN1_CLKOUT0)
                                                     -1.150    -0.553 r  rv32_top_i/clk_wiz_0/inst/mmcm_adv_inst/CLKOUT0
                         net (fo=1, routed)           0.529    -0.024    rv32_top_i/clk_wiz_0/inst/clk_out1_rv32_top_clk_wiz_0_0
    BUFGCTRL_X0Y0        BUFG (Prop_bufg_I_O)         0.026     0.002 r  rv32_top_i/clk_wiz_0/inst/clkout1_buf/O
                         net (fo=12242, routed)       0.661     0.663    rv32_top_i/plat/U0/u_ctrl/S_AXI_ACLK
    SLICE_X31Y101        FDRE                                         r  rv32_top_i/plat/U0/u_ctrl/r_ctrl_reg[0]/C
  -------------------------------------------------------------------    -------------------
    SLICE_X31Y101        FDRE (Prop_fdre_C_Q)         0.141     0.804 f  rv32_top_i/plat/U0/u_ctrl/r_ctrl_reg[0]/Q
                         net (fo=2, routed)           0.265     1.069    rv32_top_i/plat/U0/u_ctrl/cpu_reset
    SLICE_X31Y98         LUT2 (Prop_lut2_I0_O)        0.045     1.114 f  rv32_top_i/plat/U0/u_ctrl/regs[1][31]_i_1/O
                         net (fo=3987, routed)        0.347     1.461    rv32_top_i/plat/U0/u_icache/u_adp/araddr_q_reg[4]_0
    SLICE_X31Y106        FDCE                                         f  rv32_top_i/plat/U0/u_icache/u_adp/buf_reg[127]/CLR
  -------------------------------------------------------------------    -------------------

                         (clock clk_out1_rv32_top_clk_wiz_0_0 rise edge)
                                                      0.000     0.000 r  
    BUFGCTRL_X0Y16       BUFG                         0.000     0.000 r  rv32_top_i/ps7/inst/buffer_fclk_clk_0.FCLK_CLK_0_BUFG/O
                         net (fo=1, routed)           0.864     0.864    rv32_top_i/clk_wiz_0/inst/clk_in1
    MMCME2_ADV_X1Y0      MMCME2_ADV (Prop_mmcme2_adv_CLKIN1_CLKOUT0)
                                                     -1.467    -0.603 r  rv32_top_i/clk_wiz_0/inst/mmcm_adv_inst/CLKOUT0
                         net (fo=1, routed)           0.576    -0.027    rv32_top_i/clk_wiz_0/inst/clk_out1_rv32_top_clk_wiz_0_0
    BUFGCTRL_X0Y0        BUFG (Prop_bufg_I_O)         0.029     0.002 r  rv32_top_i/clk_wiz_0/inst/clkout1_buf/O
                         net (fo=12242, routed)       0.932     0.934    rv32_top_i/plat/U0/u_icache/u_adp/S_AXI_ACLK
    SLICE_X31Y106        FDCE                                         r  rv32_top_i/plat/U0/u_icache/u_adp/buf_reg[127]/C
                         clock pessimism             -0.256     0.678    
    SLICE_X31Y106        FDCE (Remov_fdce_C_CLR)     -0.092     0.586    rv32_top_i/plat/U0/u_icache/u_adp/buf_reg[127]
  -------------------------------------------------------------------
                         required time                         -0.586    
                         arrival time                           1.461    
  -------------------------------------------------------------------
                         slack                                  0.875    





