Copyright 1986-2022 Xilinx, Inc. All Rights Reserved. Copyright 2022-2025 Advanced Micro Devices, Inc. All Rights Reserved.
------------------------------------------------------------------------------------------------------------------------------------------------------------------------------------------------------------------------------------------------------------------------------------
| Tool Version : Vivado v.2025.2 (win64) Build 6299465 Fri Nov 14 19:35:11 GMT 2025
| Date         : Wed Jun 24 10:16:31 2026
| Host         : devot-soul-to-hw running 64-bit major release  (build 9200)
| Command      : report_timing_summary -max_paths 10 -report_unconstrained -warn_on_violation -file rv32_top_wrapper_timing_summary_postroute_physopted.rpt -pb rv32_top_wrapper_timing_summary_postroute_physopted.pb -rpx rv32_top_wrapper_timing_summary_postroute_physopted.rpx
| Design       : rv32_top_wrapper
| Device       : 7z020-clg400
| Speed File   : -1  PRODUCTION 1.12 2019-11-22
| Design State : Physopt postRoute
------------------------------------------------------------------------------------------------------------------------------------------------------------------------------------------------------------------------------------------------------------------------------------

Timing Summary Report

------------------------------------------------------------------------------------------------
| Timer Settings
| --------------
------------------------------------------------------------------------------------------------

  Enable Multi Corner Analysis               :  Yes
  Enable Pessimism Removal                   :  Yes
  Pessimism Removal Resolution               :  Nearest Common Node
  Enable Input Delay Default Clock           :  No
  Enable Preset / Clear Arcs                 :  No
  Disable Flight Delays                      :  No
  Ignore I/O Paths                           :  No
  Timing Early Launch at Borrowing Latches   :  No
  Borrow Time for Max Delay Exceptions       :  Yes
  Merge Timing Exceptions                    :  Yes
  Inter-SLR Compensation                     :  Conservative

  Corner  Analyze    Analyze    
  Name    Max Paths  Min Paths  
  ------  ---------  ---------  
  Slow    Yes        Yes        
  Fast    Yes        Yes        


------------------------------------------------------------------------------------------------
| Report Methodology
| ------------------
------------------------------------------------------------------------------------------------

Rule      Severity          Description                                         Violations  
--------  ----------------  --------------------------------------------------  ----------  
TIMING-2  Critical Warning  Invalid primary clock source pin                    1           
TIMING-4  Critical Warning  Invalid primary clock redefinition on a clock tree  1           
HPDR-1    Warning           Port pin direction inconsistency                    11          
HPDR-2    Warning           Port pin INOUT inconsistency                        28          
LUTAR-1   Warning           LUT drives async reset alert                        1           

Note: This report is based on the most recent report_methodology run and may not be up-to-date. Run report_methodology on the current design for the latest report.



check_timing report

Table of Contents
-----------------
1. checking no_clock (0)
2. checking constant_clock (0)
3. checking pulse_width_clock (0)
4. checking unconstrained_internal_endpoints (0)
5. checking no_input_delay (37)
6. checking no_output_delay (41)
7. checking multiple_clock (0)
8. checking generated_clocks (0)
9. checking loops (0)
10. checking partial_input_delay (0)
11. checking partial_output_delay (0)
12. checking latch_loops (0)

1. checking no_clock (0)
------------------------
 There are 0 register/latch pins with no clock.


2. checking constant_clock (0)
------------------------------
 There are 0 register/latch pins with constant_clock.


3. checking pulse_width_clock (0)
---------------------------------
 There are 0 register/latch pins which need pulse_width check


4. checking unconstrained_internal_endpoints (0)
------------------------------------------------
 There are 0 pins that are not constrained for maximum delay.

 There are 0 pins that are not constrained for maximum delay due to constant clock.


5. checking no_input_delay (37)
-------------------------------
 There are 37 input ports with no input delay specified. (HIGH)

 There are 0 input ports with no input delay but user has a false path constraint.


6. checking no_output_delay (41)
--------------------------------
 There are 41 ports with no output delay specified. (HIGH)

 There are 0 ports with no output delay but user has a false path constraint

 There are 0 ports with no output delay but with a timing clock defined on it or propagating through it


7. checking multiple_clock (0)
------------------------------
 There are 0 register/latch pins with multiple clocks.


8. checking generated_clocks (0)
--------------------------------
 There are 0 generated clocks that are not connected to a clock source.


9. checking loops (0)
---------------------
 There are 0 combinational loops in the design.


10. checking partial_input_delay (0)
------------------------------------
 There are 0 input ports with partial input delay specified.


11. checking partial_output_delay (0)
-------------------------------------
 There are 0 ports with partial output delay specified.


12. checking latch_loops (0)
----------------------------
 There are 0 combinational latch loops in the design through latch input



------------------------------------------------------------------------------------------------
| Design Timing Summary
| ---------------------
------------------------------------------------------------------------------------------------

    WNS(ns)      TNS(ns)  TNS Failing Endpoints  TNS Total Endpoints      WHS(ns)      THS(ns)  THS Failing Endpoints  THS Total Endpoints     WPWS(ns)     TPWS(ns)  TPWS Failing Endpoints  TPWS Total Endpoints  
    -------      -------  ---------------------  -------------------      -------      -------  ---------------------  -------------------     --------     --------  ----------------------  --------------------  
      0.029        0.000                      0                52010        0.038        0.000                      0                52010        3.000        0.000                       0                 12247  


All user specified timing constraints are met.


------------------------------------------------------------------------------------------------
| Clock Summary
| -------------
------------------------------------------------------------------------------------------------

Clock                              Waveform(ns)         Period(ns)      Frequency(MHz)
-----                              ------------         ----------      --------------
clk_fpga_0                         {0.000 5.000}        10.000          100.000         
rv32_top_i/clk_wiz_0/inst/clk_in1  {0.000 5.000}        10.000          100.000         
  clk_out1_rv32_top_clk_wiz_0_0    {0.000 4.717}        9.434           106.000         
  clkfbout_rv32_top_clk_wiz_0_0    {0.000 10.000}       20.000          50.000          


------------------------------------------------------------------------------------------------
| Intra Clock Table
| -----------------
------------------------------------------------------------------------------------------------

Clock                                  WNS(ns)      TNS(ns)  TNS Failing Endpoints  TNS Total Endpoints      WHS(ns)      THS(ns)  THS Failing Endpoints  THS Total Endpoints     WPWS(ns)     TPWS(ns)  TPWS Failing Endpoints  TPWS Total Endpoints  
-----                                  -------      -------  ---------------------  -------------------      -------      -------  ---------------------  -------------------     --------     --------  ----------------------  --------------------  
clk_fpga_0                                                                                                                                                                           7.845        0.000                       0                     1  
rv32_top_i/clk_wiz_0/inst/clk_in1                                                                                                                                                    3.000        0.000                       0                     1  
  clk_out1_rv32_top_clk_wiz_0_0          0.029        0.000                      0                49023        0.038        0.000                      0                49023        3.467        0.000                       0                 12242  
  clkfbout_rv32_top_clk_wiz_0_0                                                                                                                                                     17.845        0.000                       0                     3  


------------------------------------------------------------------------------------------------
| Inter Clock Table
| -----------------
------------------------------------------------------------------------------------------------

From Clock    To Clock          WNS(ns)      TNS(ns)  TNS Failing Endpoints  TNS Total Endpoints      WHS(ns)      THS(ns)  THS Failing Endpoints  THS Total Endpoints  
----------    --------          -------      -------  ---------------------  -------------------      -------      -------  ---------------------  -------------------  


------------------------------------------------------------------------------------------------
| Other Path Groups Table
| -----------------------
------------------------------------------------------------------------------------------------

Path Group                     From Clock                     To Clock                           WNS(ns)      TNS(ns)  TNS Failing Endpoints  TNS Total Endpoints      WHS(ns)      THS(ns)  THS Failing Endpoints  THS Total Endpoints  
----------                     ----------                     --------                           -------      -------  ---------------------  -------------------      -------      -------  ---------------------  -------------------  
**async_default**              clk_out1_rv32_top_clk_wiz_0_0  clk_out1_rv32_top_clk_wiz_0_0        1.147        0.000                      0                 2987        0.759        0.000                      0                 2987  


------------------------------------------------------------------------------------------------
| User Ignored Path Table
| -----------------------
------------------------------------------------------------------------------------------------

Path Group                     From Clock                     To Clock                     
----------                     ----------                     --------                     
(none)                                                        clk_out1_rv32_top_clk_wiz_0_0  
(none)                         clk_out1_rv32_top_clk_wiz_0_0  clk_out1_rv32_top_clk_wiz_0_0  


------------------------------------------------------------------------------------------------
| Unconstrained Path Table
| ------------------------
------------------------------------------------------------------------------------------------

Path Group                     From Clock                     To Clock                     
----------                     ----------                     --------                     
(none)                         clk_out1_rv32_top_clk_wiz_0_0                                 
(none)                                                        clk_out1_rv32_top_clk_wiz_0_0  


------------------------------------------------------------------------------------------------
| Timing Details
| --------------
------------------------------------------------------------------------------------------------


---------------------------------------------------------------------------------------------------
From Clock:  clk_fpga_0
  To Clock:  clk_fpga_0

Setup :           NA  Failing Endpoints,  Worst Slack           NA  ,  Total Violation           NA
Hold  :           NA  Failing Endpoints,  Worst Slack           NA  ,  Total Violation           NA
PW    :            0  Failing Endpoints,  Worst Slack        7.845ns,  Total Violation        0.000ns
---------------------------------------------------------------------------------------------------


Pulse Width Checks
--------------------------------------------------------------------------------------
Clock Name:         clk_fpga_0
Waveform(ns):       { 0.000 5.000 }
Period(ns):         10.000
Sources:            { rv32_top_i/ps7/inst/PS7_i/FCLKCLK[0] }

Check Type  Corner  Lib Pin  Reference Pin  Required(ns)  Actual(ns)  Slack(ns)  Location        Pin
Min Period  n/a     BUFG/I   n/a            2.155         10.000      7.845      BUFGCTRL_X0Y16  rv32_top_i/ps7/inst/buffer_fclk_clk_0.FCLK_CLK_0_BUFG/I



---------------------------------------------------------------------------------------------------
From Clock:  rv32_top_i/clk_wiz_0/inst/clk_in1
  To Clock:  rv32_top_i/clk_wiz_0/inst/clk_in1

Setup :           NA  Failing Endpoints,  Worst Slack           NA  ,  Total Violation           NA
Hold  :           NA  Failing Endpoints,  Worst Slack           NA  ,  Total Violation           NA
PW    :            0  Failing Endpoints,  Worst Slack        3.000ns,  Total Violation        0.000ns
---------------------------------------------------------------------------------------------------


Pulse Width Checks
--------------------------------------------------------------------------------------
Clock Name:         rv32_top_i/clk_wiz_0/inst/clk_in1
Waveform(ns):       { 0.000 5.000 }
Period(ns):         10.000
Sources:            { rv32_top_i/clk_wiz_0/inst/clk_in1 }

Check Type        Corner  Lib Pin            Reference Pin  Required(ns)  Actual(ns)  Slack(ns)  Location         Pin
Min Period        n/a     MMCME2_ADV/CLKIN1  n/a            1.249         10.000      8.751      MMCME2_ADV_X1Y0  rv32_top_i/clk_wiz_0/inst/mmcm_adv_inst/CLKIN1
Max Period        n/a     MMCME2_ADV/CLKIN1  n/a            100.000       10.000      90.000     MMCME2_ADV_X1Y0  rv32_top_i/clk_wiz_0/inst/mmcm_adv_inst/CLKIN1
Low Pulse Width   Slow    MMCME2_ADV/CLKIN1  n/a            2.000         5.000       3.000      MMCME2_ADV_X1Y0  rv32_top_i/clk_wiz_0/inst/mmcm_adv_inst/CLKIN1
Low Pulse Width   Fast    MMCME2_ADV/CLKIN1  n/a            2.000         5.000       3.000      MMCME2_ADV_X1Y0  rv32_top_i/clk_wiz_0/inst/mmcm_adv_inst/CLKIN1
High Pulse Width  Slow    MMCME2_ADV/CLKIN1  n/a            2.000         5.000       3.000      MMCME2_ADV_X1Y0  rv32_top_i/clk_wiz_0/inst/mmcm_adv_inst/CLKIN1
High Pulse Width  Fast    MMCME2_ADV/CLKIN1  n/a            2.000         5.000       3.000      MMCME2_ADV_X1Y0  rv32_top_i/clk_wiz_0/inst/mmcm_adv_inst/CLKIN1



---------------------------------------------------------------------------------------------------
From Clock:  clk_out1_rv32_top_clk_wiz_0_0
  To Clock:  clk_out1_rv32_top_clk_wiz_0_0

Setup :            0  Failing Endpoints,  Worst Slack        0.029ns,  Total Violation        0.000ns
Hold  :            0  Failing Endpoints,  Worst Slack        0.038ns,  Total Violation        0.000ns
PW    :            0  Failing Endpoints,  Worst Slack        3.467ns,  Total Violation        0.000ns
---------------------------------------------------------------------------------------------------


Max Delay Paths
--------------------------------------------------------------------------------------
Slack (MET) :             0.029ns  (required time - arrival time)
  Source:                 rv32_top_i/plat/U0/u_core/memwb_rd_reg[4]/C
                            (rising edge-triggered cell FDCE clocked by clk_out1_rv32_top_clk_wiz_0_0  {rise@0.000ns fall@4.717ns period=9.434ns})
  Destination:            rv32_top_i/plat/U0/u_core/exmem_alu_result_reg[5]_rep__2/D
                            (rising edge-triggered cell FDCE clocked by clk_out1_rv32_top_clk_wiz_0_0  {rise@0.000ns fall@4.717ns period=9.434ns})
  Path Group:             clk_out1_rv32_top_clk_wiz_0_0
  Path Type:              Setup (Max at Slow Process Corner)
  Requirement:            9.434ns  (clk_out1_rv32_top_clk_wiz_0_0 rise@9.434ns - clk_out1_rv32_top_clk_wiz_0_0 rise@0.000ns)
  Data Path Delay:        9.164ns  (logic 2.617ns (28.557%)  route 6.547ns (71.443%))
  Logic Levels:           11  (CARRY4=2 LUT2=1 LUT3=1 LUT5=1 LUT6=6)
  Clock Path Skew:        -0.128ns (DCD - SCD + CPR)
    Destination Clock Delay (DCD):    1.641ns = ( 11.075 - 9.434 ) 
    Source Clock Delay      (SCD):    1.901ns
    Clock Pessimism Removal (CPR):    0.132ns
  Clock Uncertainty:      0.085ns  ((TSJ^2 + DJ^2)^1/2) / 2 + PE
    Total System Jitter     (TSJ):    0.071ns
    Discrete Jitter          (DJ):    0.154ns
    Phase Error              (PE):    0.000ns

    Location             Delay type                Incr(ns)  Path(ns)    Netlist Resource(s)
  -------------------------------------------------------------------    -------------------
                         (clock clk_out1_rv32_top_clk_wiz_0_0 rise edge)
                                                      0.000     0.000 r  
    BUFGCTRL_X0Y16       BUFG                         0.000     0.000 r  rv32_top_i/ps7/inst/buffer_fclk_clk_0.FCLK_CLK_0_BUFG/O
                         net (fo=1, routed)           1.806     1.806    rv32_top_i/clk_wiz_0/inst/clk_in1
    MMCME2_ADV_X1Y0      MMCME2_ADV (Prop_mmcme2_adv_CLKIN1_CLKOUT0)
                                                     -3.793    -1.987 r  rv32_top_i/clk_wiz_0/inst/mmcm_adv_inst/CLKOUT0
                         net (fo=1, routed)           1.889    -0.098    rv32_top_i/clk_wiz_0/inst/clk_out1_rv32_top_clk_wiz_0_0
    BUFGCTRL_X0Y0        BUFG (Prop_bufg_I_O)         0.101     0.003 r  rv32_top_i/clk_wiz_0/inst/clkout1_buf/O
                         net (fo=12242, routed)       1.898     1.901    rv32_top_i/plat/U0/u_core/S_AXI_ACLK
    SLICE_X65Y119        FDCE                                         r  rv32_top_i/plat/U0/u_core/memwb_rd_reg[4]/C
  -------------------------------------------------------------------    -------------------
    SLICE_X65Y119        FDCE (Prop_fdce_C_Q)         0.456     2.357 r  rv32_top_i/plat/U0/u_core/memwb_rd_reg[4]/Q
                         net (fo=69, routed)          0.856     3.213    rv32_top_i/plat/U0/u_core/u_pc/exmem_alu_result[30]_i_66_0[4]
    SLICE_X66Y120        LUT6 (Prop_lut6_I1_O)        0.124     3.337 f  rv32_top_i/plat/U0/u_core/u_pc/exmem_store[31]_i_10/O
                         net (fo=3, routed)           0.851     4.188    rv32_top_i/plat/U0/u_core/u_pc/idex_rs2_reg[4]_0
    SLICE_X66Y119        LUT6 (Prop_lut6_I5_O)        0.124     4.312 f  rv32_top_i/plat/U0/u_core/u_pc/exmem_store[31]_i_3/O
                         net (fo=32, routed)          0.894     5.206    rv32_top_i/plat/U0/u_core/u_pc/exmem_store[31]_i_3_n_0
    SLICE_X66Y117        LUT6 (Prop_lut6_I3_O)        0.124     5.330 r  rv32_top_i/plat/U0/u_core/u_pc/exmem_store[0]_i_1/O
                         net (fo=14, routed)          0.383     5.713    rv32_top_i/plat/U0/u_core/fb_val[0]
    SLICE_X64Y118        LUT3 (Prop_lut3_I1_O)        0.124     5.837 r  rv32_top_i/plat/U0/u_core/exmem_alu_result[26]_i_8/O
                         net (fo=50, routed)          0.899     6.736    rv32_top_i/plat/U0/u_core/alu_b[0]
    SLICE_X61Y118        LUT2 (Prop_lut2_I1_O)        0.124     6.860 r  rv32_top_i/plat/U0/u_core/exmem_alu_result[0]_i_29/O
                         net (fo=1, routed)           0.000     6.860    rv32_top_i/plat/U0/u_core/exmem_alu_result[0]_i_29_n_0
    SLICE_X61Y118        CARRY4 (Prop_carry4_S[0]_CO[3])
                                                      0.532     7.392 r  rv32_top_i/plat/U0/u_core/exmem_alu_result_reg[0]_i_12/CO[3]
                         net (fo=1, routed)           0.000     7.392    rv32_top_i/plat/U0/u_core/exmem_alu_result_reg[0]_i_12_n_0
    SLICE_X61Y119        CARRY4 (Prop_carry4_CI_O[1])
                                                      0.334     7.726 r  rv32_top_i/plat/U0/u_core/exmem_alu_result_reg[10]_i_24/O[1]
                         net (fo=1, routed)           0.435     8.161    rv32_top_i/plat/U0/u_core/u_alu/data1[5]
    SLICE_X58Y119        LUT5 (Prop_lut5_I0_O)        0.303     8.464 r  rv32_top_i/plat/U0/u_core/exmem_alu_result[5]_i_15/O
                         net (fo=1, routed)           0.306     8.770    rv32_top_i/plat/U0/u_core/exmem_alu_result[5]_i_15_n_0
    SLICE_X58Y120        LUT6 (Prop_lut6_I5_O)        0.124     8.894 r  rv32_top_i/plat/U0/u_core/exmem_alu_result[5]_i_5/O
                         net (fo=1, routed)           0.288     9.182    rv32_top_i/plat/U0/u_core/exmem_alu_result[5]_i_5_n_0
    SLICE_X57Y120        LUT6 (Prop_lut6_I0_O)        0.124     9.306 r  rv32_top_i/plat/U0/u_core/exmem_alu_result[5]_i_2/O
                         net (fo=11, routed)          1.164    10.470    rv32_top_i/plat/U0/u_core/exmem_alu_result[5]_i_2_n_0
    SLICE_X51Y113        LUT6 (Prop_lut6_I1_O)        0.124    10.594 r  rv32_top_i/plat/U0/u_core/exmem_alu_result[5]_rep_i_1__2/O
                         net (fo=1, routed)           0.471    11.065    rv32_top_i/plat/U0/u_core/exmem_alu_result[5]_rep_i_1__2_n_0
    SLICE_X50Y114        FDCE                                         r  rv32_top_i/plat/U0/u_core/exmem_alu_result_reg[5]_rep__2/D
  -------------------------------------------------------------------    -------------------

                         (clock clk_out1_rv32_top_clk_wiz_0_0 rise edge)
                                                      9.434     9.434 r  
    BUFGCTRL_X0Y16       BUFG                         0.000     9.434 r  rv32_top_i/ps7/inst/buffer_fclk_clk_0.FCLK_CLK_0_BUFG/O
                         net (fo=1, routed)           1.612    11.046    rv32_top_i/clk_wiz_0/inst/clk_in1
    MMCME2_ADV_X1Y0      MMCME2_ADV (Prop_mmcme2_adv_CLKIN1_CLKOUT0)
                                                     -3.425     7.621 r  rv32_top_i/clk_wiz_0/inst/mmcm_adv_inst/CLKOUT0
                         net (fo=1, routed)           1.725     9.346    rv32_top_i/clk_wiz_0/inst/clk_out1_rv32_top_clk_wiz_0_0
    BUFGCTRL_X0Y0        BUFG (Prop_bufg_I_O)         0.091     9.437 r  rv32_top_i/clk_wiz_0/inst/clkout1_buf/O
                         net (fo=12242, routed)       1.638    11.075    rv32_top_i/plat/U0/u_core/S_AXI_ACLK
    SLICE_X50Y114        FDCE                                         r  rv32_top_i/plat/U0/u_core/exmem_alu_result_reg[5]_rep__2/C
                         clock pessimism              0.132    11.207    
                         clock uncertainty           -0.085    11.122    
    SLICE_X50Y114        FDCE (Setup_fdce_C_D)       -0.028    11.094    rv32_top_i/plat/U0/u_core/exmem_alu_result_reg[5]_rep__2
  -------------------------------------------------------------------
                         required time                         11.094    
                         arrival time                         -11.065    
  -------------------------------------------------------------------
                         slack                                  0.029    

Slack (MET) :             0.068ns  (required time - arrival time)
  Source:                 rv32_top_i/plat/U0/u_mmio/u_npu/u_npu/FSM_onehot_st_reg[2]/C
                            (rising edge-triggered cell FDRE clocked by clk_out1_rv32_top_clk_wiz_0_0  {rise@0.000ns fall@4.717ns period=9.434ns})
  Destination:            rv32_top_i/plat/U0/u_mmio/u_npu/u_npu/u_array/gen_row[14].gen_col[0].u_pe/b_r_reg[0]/CE
                            (rising edge-triggered cell FDRE clocked by clk_out1_rv32_top_clk_wiz_0_0  {rise@0.000ns fall@4.717ns period=9.434ns})
  Path Group:             clk_out1_rv32_top_clk_wiz_0_0
  Path Type:              Setup (Max at Slow Process Corner)
  Requirement:            9.434ns  (clk_out1_rv32_top_clk_wiz_0_0 rise@9.434ns - clk_out1_rv32_top_clk_wiz_0_0 rise@0.000ns)
  Data Path Delay:        8.980ns  (logic 0.456ns (5.078%)  route 8.524ns (94.922%))
  Logic Levels:           0  
  Clock Path Skew:        -0.096ns (DCD - SCD + CPR)
    Destination Clock Delay (DCD):    1.545ns = ( 10.979 - 9.434 ) 
    Source Clock Delay      (SCD):    1.655ns
    Clock Pessimism Removal (CPR):    0.014ns
  Clock Uncertainty:      0.085ns  ((TSJ^2 + DJ^2)^1/2) / 2 + PE
    Total System Jitter     (TSJ):    0.071ns
    Discrete Jitter          (DJ):    0.154ns
    Phase Error              (PE):    0.000ns

    Location             Delay type                Incr(ns)  Path(ns)    Netlist Resource(s)
  -------------------------------------------------------------------    -------------------
                         (clock clk_out1_rv32_top_clk_wiz_0_0 rise edge)
                                                      0.000     0.000 r  
    BUFGCTRL_X0Y16       BUFG                         0.000     0.000 r  rv32_top_i/ps7/inst/buffer_fclk_clk_0.FCLK_CLK_0_BUFG/O
                         net (fo=1, routed)           1.806     1.806    rv32_top_i/clk_wiz_0/inst/clk_in1
    MMCME2_ADV_X1Y0      MMCME2_ADV (Prop_mmcme2_adv_CLKIN1_CLKOUT0)
                                                     -3.793    -1.987 r  rv32_top_i/clk_wiz_0/inst/mmcm_adv_inst/CLKOUT0
                         net (fo=1, routed)           1.889    -0.098    rv32_top_i/clk_wiz_0/inst/clk_out1_rv32_top_clk_wiz_0_0
    BUFGCTRL_X0Y0        BUFG (Prop_bufg_I_O)         0.101     0.003 r  rv32_top_i/clk_wiz_0/inst/clkout1_buf/O
                         net (fo=12242, routed)       1.652     1.655    rv32_top_i/plat/U0/u_mmio/u_npu/u_npu/S_AXI_ACLK
    SLICE_X44Y90         FDRE                                         r  rv32_top_i/plat/U0/u_mmio/u_npu/u_npu/FSM_onehot_st_reg[2]/C
  -------------------------------------------------------------------    -------------------
    SLICE_X44Y90         FDRE (Prop_fdre_C_Q)         0.456     2.111 r  rv32_top_i/plat/U0/u_mmio/u_npu/u_npu/FSM_onehot_st_reg[2]/Q
                         net (fo=4767, routed)        8.524    10.635    rv32_top_i/plat/U0/u_mmio/u_npu/u_npu/u_array/gen_row[14].gen_col[0].u_pe/p_reg[0]_0[0]
    SLICE_X84Y66         FDRE                                         r  rv32_top_i/plat/U0/u_mmio/u_npu/u_npu/u_array/gen_row[14].gen_col[0].u_pe/b_r_reg[0]/CE
  -------------------------------------------------------------------    -------------------

                         (clock clk_out1_rv32_top_clk_wiz_0_0 rise edge)
                                                      9.434     9.434 r  
    BUFGCTRL_X0Y16       BUFG                         0.000     9.434 r  rv32_top_i/ps7/inst/buffer_fclk_clk_0.FCLK_CLK_0_BUFG/O
                         net (fo=1, routed)           1.612    11.046    rv32_top_i/clk_wiz_0/inst/clk_in1
    MMCME2_ADV_X1Y0      MMCME2_ADV (Prop_mmcme2_adv_CLKIN1_CLKOUT0)
                                                     -3.425     7.621 r  rv32_top_i/clk_wiz_0/inst/mmcm_adv_inst/CLKOUT0
                         net (fo=1, routed)           1.725     9.346    rv32_top_i/clk_wiz_0/inst/clk_out1_rv32_top_clk_wiz_0_0
    BUFGCTRL_X0Y0        BUFG (Prop_bufg_I_O)         0.091     9.437 r  rv32_top_i/clk_wiz_0/inst/clkout1_buf/O
                         net (fo=12242, routed)       1.542    10.979    rv32_top_i/plat/U0/u_mmio/u_npu/u_npu/u_array/gen_row[14].gen_col[0].u_pe/S_AXI_ACLK
    SLICE_X84Y66         FDRE                                         r  rv32_top_i/plat/U0/u_mmio/u_npu/u_npu/u_array/gen_row[14].gen_col[0].u_pe/b_r_reg[0]/C
                         clock pessimism              0.014    10.993    
                         clock uncertainty           -0.085    10.908    
    SLICE_X84Y66         FDRE (Setup_fdre_C_CE)      -0.205    10.703    rv32_top_i/plat/U0/u_mmio/u_npu/u_npu/u_array/gen_row[14].gen_col[0].u_pe/b_r_reg[0]
  -------------------------------------------------------------------
                         required time                         10.703    
                         arrival time                         -10.635    
  -------------------------------------------------------------------
                         slack                                  0.068    

Slack (MET) :             0.068ns  (required time - arrival time)
  Source:                 rv32_top_i/plat/U0/u_mmio/u_npu/u_npu/FSM_onehot_st_reg[2]/C
                            (rising edge-triggered cell FDRE clocked by clk_out1_rv32_top_clk_wiz_0_0  {rise@0.000ns fall@4.717ns period=9.434ns})
  Destination:            rv32_top_i/plat/U0/u_mmio/u_npu/u_npu/u_array/gen_row[14].gen_col[0].u_pe/b_r_reg[1]/CE
                            (rising edge-triggered cell FDRE clocked by clk_out1_rv32_top_clk_wiz_0_0  {rise@0.000ns fall@4.717ns period=9.434ns})
  Path Group:             clk_out1_rv32_top_clk_wiz_0_0
  Path Type:              Setup (Max at Slow Process Corner)
  Requirement:            9.434ns  (clk_out1_rv32_top_clk_wiz_0_0 rise@9.434ns - clk_out1_rv32_top_clk_wiz_0_0 rise@0.000ns)
  Data Path Delay:        8.980ns  (logic 0.456ns (5.078%)  route 8.524ns (94.922%))
  Logic Levels:           0  
  Clock Path Skew:        -0.096ns (DCD - SCD + CPR)
    Destination Clock Delay (DCD):    1.545ns = ( 10.979 - 9.434 ) 
    Source Clock Delay      (SCD):    1.655ns
    Clock Pessimism Removal (CPR):    0.014ns
  Clock Uncertainty:      0.085ns  ((TSJ^2 + DJ^2)^1/2) / 2 + PE
    Total System Jitter     (TSJ):    0.071ns
    Discrete Jitter          (DJ):    0.154ns
    Phase Error              (PE):    0.000ns

    Location             Delay type                Incr(ns)  Path(ns)    Netlist Resource(s)
  -------------------------------------------------------------------    -------------------
                         (clock clk_out1_rv32_top_clk_wiz_0_0 rise edge)
                                                      0.000     0.000 r  
    BUFGCTRL_X0Y16       BUFG                         0.000     0.000 r  rv32_top_i/ps7/inst/buffer_fclk_clk_0.FCLK_CLK_0_BUFG/O
                         net (fo=1, routed)           1.806     1.806    rv32_top_i/clk_wiz_0/inst/clk_in1
    MMCME2_ADV_X1Y0      MMCME2_ADV (Prop_mmcme2_adv_CLKIN1_CLKOUT0)
                                                     -3.793    -1.987 r  rv32_top_i/clk_wiz_0/inst/mmcm_adv_inst/CLKOUT0
                         net (fo=1, routed)           1.889    -0.098    rv32_top_i/clk_wiz_0/inst/clk_out1_rv32_top_clk_wiz_0_0
    BUFGCTRL_X0Y0        BUFG (Prop_bufg_I_O)         0.101     0.003 r  rv32_top_i/clk_wiz_0/inst/clkout1_buf/O
                         net (fo=12242, routed)       1.652     1.655    rv32_top_i/plat/U0/u_mmio/u_npu/u_npu/S_AXI_ACLK
    SLICE_X44Y90         FDRE                                         r  rv32_top_i/plat/U0/u_mmio/u_npu/u_npu/FSM_onehot_st_reg[2]/C
  -------------------------------------------------------------------    -------------------
    SLICE_X44Y90         FDRE (Prop_fdre_C_Q)         0.456     2.111 r  rv32_top_i/plat/U0/u_mmio/u_npu/u_npu/FSM_onehot_st_reg[2]/Q
                         net (fo=4767, routed)        8.524    10.635    rv32_top_i/plat/U0/u_mmio/u_npu/u_npu/u_array/gen_row[14].gen_col[0].u_pe/p_reg[0]_0[0]
    SLICE_X84Y66         FDRE                                         r  rv32_top_i/plat/U0/u_mmio/u_npu/u_npu/u_array/gen_row[14].gen_col[0].u_pe/b_r_reg[1]/CE
  -------------------------------------------------------------------    -------------------

                         (clock clk_out1_rv32_top_clk_wiz_0_0 rise edge)
                                                      9.434     9.434 r  
    BUFGCTRL_X0Y16       BUFG                         0.000     9.434 r  rv32_top_i/ps7/inst/buffer_fclk_clk_0.FCLK_CLK_0_BUFG/O
                         net (fo=1, routed)           1.612    11.046    rv32_top_i/clk_wiz_0/inst/clk_in1
    MMCME2_ADV_X1Y0      MMCME2_ADV (Prop_mmcme2_adv_CLKIN1_CLKOUT0)
                                                     -3.425     7.621 r  rv32_top_i/clk_wiz_0/inst/mmcm_adv_inst/CLKOUT0
                         net (fo=1, routed)           1.725     9.346    rv32_top_i/clk_wiz_0/inst/clk_out1_rv32_top_clk_wiz_0_0
    BUFGCTRL_X0Y0        BUFG (Prop_bufg_I_O)         0.091     9.437 r  rv32_top_i/clk_wiz_0/inst/clkout1_buf/O
                         net (fo=12242, routed)       1.542    10.979    rv32_top_i/plat/U0/u_mmio/u_npu/u_npu/u_array/gen_row[14].gen_col[0].u_pe/S_AXI_ACLK
    SLICE_X84Y66         FDRE                                         r  rv32_top_i/plat/U0/u_mmio/u_npu/u_npu/u_array/gen_row[14].gen_col[0].u_pe/b_r_reg[1]/C
                         clock pessimism              0.014    10.993    
                         clock uncertainty           -0.085    10.908    
    SLICE_X84Y66         FDRE (Setup_fdre_C_CE)      -0.205    10.703    rv32_top_i/plat/U0/u_mmio/u_npu/u_npu/u_array/gen_row[14].gen_col[0].u_pe/b_r_reg[1]
  -------------------------------------------------------------------
                         required time                         10.703    
                         arrival time                         -10.635    
  -------------------------------------------------------------------
                         slack                                  0.068    

Slack (MET) :             0.078ns  (required time - arrival time)
  Source:                 rv32_top_i/plat/U0/u_mmio/u_npu/u_npu/FSM_onehot_st_reg[2]/C
                            (rising edge-triggered cell FDRE clocked by clk_out1_rv32_top_clk_wiz_0_0  {rise@0.000ns fall@4.717ns period=9.434ns})
  Destination:            rv32_top_i/plat/U0/u_mmio/u_npu/u_npu/u_array/gen_row[14].gen_col[6].u_pe/a_r_reg[5]/CE
                            (rising edge-triggered cell FDRE clocked by clk_out1_rv32_top_clk_wiz_0_0  {rise@0.000ns fall@4.717ns period=9.434ns})
  Path Group:             clk_out1_rv32_top_clk_wiz_0_0
  Path Type:              Setup (Max at Slow Process Corner)
  Requirement:            9.434ns  (clk_out1_rv32_top_clk_wiz_0_0 rise@9.434ns - clk_out1_rv32_top_clk_wiz_0_0 rise@0.000ns)
  Data Path Delay:        9.028ns  (logic 0.456ns (5.051%)  route 8.572ns (94.949%))
  Logic Levels:           0  
  Clock Path Skew:        -0.038ns (DCD - SCD + CPR)
    Destination Clock Delay (DCD):    1.603ns = ( 11.037 - 9.434 ) 
    Source Clock Delay      (SCD):    1.655ns
    Clock Pessimism Removal (CPR):    0.014ns
  Clock Uncertainty:      0.085ns  ((TSJ^2 + DJ^2)^1/2) / 2 + PE
    Total System Jitter     (TSJ):    0.071ns
    Discrete Jitter          (DJ):    0.154ns
    Phase Error              (PE):    0.000ns

    Location             Delay type                Incr(ns)  Path(ns)    Netlist Resource(s)
  -------------------------------------------------------------------    -------------------
                         (clock clk_out1_rv32_top_clk_wiz_0_0 rise edge)
                                                      0.000     0.000 r  
    BUFGCTRL_X0Y16       BUFG                         0.000     0.000 r  rv32_top_i/ps7/inst/buffer_fclk_clk_0.FCLK_CLK_0_BUFG/O
                         net (fo=1, routed)           1.806     1.806    rv32_top_i/clk_wiz_0/inst/clk_in1
    MMCME2_ADV_X1Y0      MMCME2_ADV (Prop_mmcme2_adv_CLKIN1_CLKOUT0)
                                                     -3.793    -1.987 r  rv32_top_i/clk_wiz_0/inst/mmcm_adv_inst/CLKOUT0
                         net (fo=1, routed)           1.889    -0.098    rv32_top_i/clk_wiz_0/inst/clk_out1_rv32_top_clk_wiz_0_0
    BUFGCTRL_X0Y0        BUFG (Prop_bufg_I_O)         0.101     0.003 r  rv32_top_i/clk_wiz_0/inst/clkout1_buf/O
                         net (fo=12242, routed)       1.652     1.655    rv32_top_i/plat/U0/u_mmio/u_npu/u_npu/S_AXI_ACLK
    SLICE_X44Y90         FDRE                                         r  rv32_top_i/plat/U0/u_mmio/u_npu/u_npu/FSM_onehot_st_reg[2]/C
  -------------------------------------------------------------------    -------------------
    SLICE_X44Y90         FDRE (Prop_fdre_C_Q)         0.456     2.111 r  rv32_top_i/plat/U0/u_mmio/u_npu/u_npu/FSM_onehot_st_reg[2]/Q
                         net (fo=4767, routed)        8.572    10.683    rv32_top_i/plat/U0/u_mmio/u_npu/u_npu/u_array/gen_row[14].gen_col[6].u_pe/p_reg[0]_0[0]
    SLICE_X101Y80        FDRE                                         r  rv32_top_i/plat/U0/u_mmio/u_npu/u_npu/u_array/gen_row[14].gen_col[6].u_pe/a_r_reg[5]/CE
  -------------------------------------------------------------------    -------------------

                         (clock clk_out1_rv32_top_clk_wiz_0_0 rise edge)
                                                      9.434     9.434 r  
    BUFGCTRL_X0Y16       BUFG                         0.000     9.434 r  rv32_top_i/ps7/inst/buffer_fclk_clk_0.FCLK_CLK_0_BUFG/O
                         net (fo=1, routed)           1.612    11.046    rv32_top_i/clk_wiz_0/inst/clk_in1
    MMCME2_ADV_X1Y0      MMCME2_ADV (Prop_mmcme2_adv_CLKIN1_CLKOUT0)
                                                     -3.425     7.621 r  rv32_top_i/clk_wiz_0/inst/mmcm_adv_inst/CLKOUT0
                         net (fo=1, routed)           1.725     9.346    rv32_top_i/clk_wiz_0/inst/clk_out1_rv32_top_clk_wiz_0_0
    BUFGCTRL_X0Y0        BUFG (Prop_bufg_I_O)         0.091     9.437 r  rv32_top_i/clk_wiz_0/inst/clkout1_buf/O
                         net (fo=12242, routed)       1.600    11.037    rv32_top_i/plat/U0/u_mmio/u_npu/u_npu/u_array/gen_row[14].gen_col[6].u_pe/S_AXI_ACLK
    SLICE_X101Y80        FDRE                                         r  rv32_top_i/plat/U0/u_mmio/u_npu/u_npu/u_array/gen_row[14].gen_col[6].u_pe/a_r_reg[5]/C
                         clock pessimism              0.014    11.051    
                         clock uncertainty           -0.085    10.966    
    SLICE_X101Y80        FDRE (Setup_fdre_C_CE)      -0.205    10.761    rv32_top_i/plat/U0/u_mmio/u_npu/u_npu/u_array/gen_row[14].gen_col[6].u_pe/a_r_reg[5]
  -------------------------------------------------------------------
                         required time                         10.761    
                         arrival time                         -10.683    
  -------------------------------------------------------------------
                         slack                                  0.078    

Slack (MET) :             0.078ns  (required time - arrival time)
  Source:                 rv32_top_i/plat/U0/u_mmio/u_npu/u_npu/FSM_onehot_st_reg[2]/C
                            (rising edge-triggered cell FDRE clocked by clk_out1_rv32_top_clk_wiz_0_0  {rise@0.000ns fall@4.717ns period=9.434ns})
  Destination:            rv32_top_i/plat/U0/u_mmio/u_npu/u_npu/u_array/gen_row[9].gen_col[5].u_pe/a_r_reg[2]/CE
                            (rising edge-triggered cell FDRE clocked by clk_out1_rv32_top_clk_wiz_0_0  {rise@0.000ns fall@4.717ns period=9.434ns})
  Path Group:             clk_out1_rv32_top_clk_wiz_0_0
  Path Type:              Setup (Max at Slow Process Corner)
  Requirement:            9.434ns  (clk_out1_rv32_top_clk_wiz_0_0 rise@9.434ns - clk_out1_rv32_top_clk_wiz_0_0 rise@0.000ns)
  Data Path Delay:        9.028ns  (logic 0.456ns (5.051%)  route 8.572ns (94.949%))
  Logic Levels:           0  
  Clock Path Skew:        -0.038ns (DCD - SCD + CPR)
    Destination Clock Delay (DCD):    1.603ns = ( 11.037 - 9.434 ) 
    Source Clock Delay      (SCD):    1.655ns
    Clock Pessimism Removal (CPR):    0.014ns
  Clock Uncertainty:      0.085ns  ((TSJ^2 + DJ^2)^1/2) / 2 + PE
    Total System Jitter     (TSJ):    0.071ns
    Discrete Jitter          (DJ):    0.154ns
    Phase Error              (PE):    0.000ns

    Location             Delay type                Incr(ns)  Path(ns)    Netlist Resource(s)
  -------------------------------------------------------------------    -------------------
                         (clock clk_out1_rv32_top_clk_wiz_0_0 rise edge)
                                                      0.000     0.000 r  
    BUFGCTRL_X0Y16       BUFG                         0.000     0.000 r  rv32_top_i/ps7/inst/buffer_fclk_clk_0.FCLK_CLK_0_BUFG/O
                         net (fo=1, routed)           1.806     1.806    rv32_top_i/clk_wiz_0/inst/clk_in1
    MMCME2_ADV_X1Y0      MMCME2_ADV (Prop_mmcme2_adv_CLKIN1_CLKOUT0)
                                                     -3.793    -1.987 r  rv32_top_i/clk_wiz_0/inst/mmcm_adv_inst/CLKOUT0
                         net (fo=1, routed)           1.889    -0.098    rv32_top_i/clk_wiz_0/inst/clk_out1_rv32_top_clk_wiz_0_0
    BUFGCTRL_X0Y0        BUFG (Prop_bufg_I_O)         0.101     0.003 r  rv32_top_i/clk_wiz_0/inst/clkout1_buf/O
                         net (fo=12242, routed)       1.652     1.655    rv32_top_i/plat/U0/u_mmio/u_npu/u_npu/S_AXI_ACLK
    SLICE_X44Y90         FDRE                                         r  rv32_top_i/plat/U0/u_mmio/u_npu/u_npu/FSM_onehot_st_reg[2]/C
  -------------------------------------------------------------------    -------------------
    SLICE_X44Y90         FDRE (Prop_fdre_C_Q)         0.456     2.111 r  rv32_top_i/plat/U0/u_mmio/u_npu/u_npu/FSM_onehot_st_reg[2]/Q
                         net (fo=4767, routed)        8.572    10.683    rv32_top_i/plat/U0/u_mmio/u_npu/u_npu/u_array/gen_row[9].gen_col[5].u_pe/Q[0]
    SLICE_X101Y80        FDRE                                         r  rv32_top_i/plat/U0/u_mmio/u_npu/u_npu/u_array/gen_row[9].gen_col[5].u_pe/a_r_reg[2]/CE
  -------------------------------------------------------------------    -------------------

                         (clock clk_out1_rv32_top_clk_wiz_0_0 rise edge)
                                                      9.434     9.434 r  
    BUFGCTRL_X0Y16       BUFG                         0.000     9.434 r  rv32_top_i/ps7/inst/buffer_fclk_clk_0.FCLK_CLK_0_BUFG/O
                         net (fo=1, routed)           1.612    11.046    rv32_top_i/clk_wiz_0/inst/clk_in1
    MMCME2_ADV_X1Y0      MMCME2_ADV (Prop_mmcme2_adv_CLKIN1_CLKOUT0)
                                                     -3.425     7.621 r  rv32_top_i/clk_wiz_0/inst/mmcm_adv_inst/CLKOUT0
                         net (fo=1, routed)           1.725     9.346    rv32_top_i/clk_wiz_0/inst/clk_out1_rv32_top_clk_wiz_0_0
    BUFGCTRL_X0Y0        BUFG (Prop_bufg_I_O)         0.091     9.437 r  rv32_top_i/clk_wiz_0/inst/clkout1_buf/O
                         net (fo=12242, routed)       1.600    11.037    rv32_top_i/plat/U0/u_mmio/u_npu/u_npu/u_array/gen_row[9].gen_col[5].u_pe/S_AXI_ACLK
    SLICE_X101Y80        FDRE                                         r  rv32_top_i/plat/U0/u_mmio/u_npu/u_npu/u_array/gen_row[9].gen_col[5].u_pe/a_r_reg[2]/C
                         clock pessimism              0.014    11.051    
                         clock uncertainty           -0.085    10.966    
    SLICE_X101Y80        FDRE (Setup_fdre_C_CE)      -0.205    10.761    rv32_top_i/plat/U0/u_mmio/u_npu/u_npu/u_array/gen_row[9].gen_col[5].u_pe/a_r_reg[2]
  -------------------------------------------------------------------
                         required time                         10.761    
                         arrival time                         -10.683    
  -------------------------------------------------------------------
                         slack                                  0.078    

Slack (MET) :             0.078ns  (required time - arrival time)
  Source:                 rv32_top_i/plat/U0/u_mmio/u_npu/u_npu/FSM_onehot_st_reg[2]/C
                            (rising edge-triggered cell FDRE clocked by clk_out1_rv32_top_clk_wiz_0_0  {rise@0.000ns fall@4.717ns period=9.434ns})
  Destination:            rv32_top_i/plat/U0/u_mmio/u_npu/u_npu/u_array/gen_row[9].gen_col[6].u_pe/a_r_reg[2]/CE
                            (rising edge-triggered cell FDRE clocked by clk_out1_rv32_top_clk_wiz_0_0  {rise@0.000ns fall@4.717ns period=9.434ns})
  Path Group:             clk_out1_rv32_top_clk_wiz_0_0
  Path Type:              Setup (Max at Slow Process Corner)
  Requirement:            9.434ns  (clk_out1_rv32_top_clk_wiz_0_0 rise@9.434ns - clk_out1_rv32_top_clk_wiz_0_0 rise@0.000ns)
  Data Path Delay:        9.028ns  (logic 0.456ns (5.051%)  route 8.572ns (94.949%))
  Logic Levels:           0  
  Clock Path Skew:        -0.038ns (DCD - SCD + CPR)
    Destination Clock Delay (DCD):    1.603ns = ( 11.037 - 9.434 ) 
    Source Clock Delay      (SCD):    1.655ns
    Clock Pessimism Removal (CPR):    0.014ns
  Clock Uncertainty:      0.085ns  ((TSJ^2 + DJ^2)^1/2) / 2 + PE
    Total System Jitter     (TSJ):    0.071ns
    Discrete Jitter          (DJ):    0.154ns
    Phase Error              (PE):    0.000ns

    Location             Delay type                Incr(ns)  Path(ns)    Netlist Resource(s)
  -------------------------------------------------------------------    -------------------
                         (clock clk_out1_rv32_top_clk_wiz_0_0 rise edge)
                                                      0.000     0.000 r  
    BUFGCTRL_X0Y16       BUFG                         0.000     0.000 r  rv32_top_i/ps7/inst/buffer_fclk_clk_0.FCLK_CLK_0_BUFG/O
                         net (fo=1, routed)           1.806     1.806    rv32_top_i/clk_wiz_0/inst/clk_in1
    MMCME2_ADV_X1Y0      MMCME2_ADV (Prop_mmcme2_adv_CLKIN1_CLKOUT0)
                                                     -3.793    -1.987 r  rv32_top_i/clk_wiz_0/inst/mmcm_adv_inst/CLKOUT0
                         net (fo=1, routed)           1.889    -0.098    rv32_top_i/clk_wiz_0/inst/clk_out1_rv32_top_clk_wiz_0_0
    BUFGCTRL_X0Y0        BUFG (Prop_bufg_I_O)         0.101     0.003 r  rv32_top_i/clk_wiz_0/inst/clkout1_buf/O
                         net (fo=12242, routed)       1.652     1.655    rv32_top_i/plat/U0/u_mmio/u_npu/u_npu/S_AXI_ACLK
    SLICE_X44Y90         FDRE                                         r  rv32_top_i/plat/U0/u_mmio/u_npu/u_npu/FSM_onehot_st_reg[2]/C
  -------------------------------------------------------------------    -------------------
    SLICE_X44Y90         FDRE (Prop_fdre_C_Q)         0.456     2.111 r  rv32_top_i/plat/U0/u_mmio/u_npu/u_npu/FSM_onehot_st_reg[2]/Q
                         net (fo=4767, routed)        8.572    10.683    rv32_top_i/plat/U0/u_mmio/u_npu/u_npu/u_array/gen_row[9].gen_col[6].u_pe/Q[0]
    SLICE_X101Y80        FDRE                                         r  rv32_top_i/plat/U0/u_mmio/u_npu/u_npu/u_array/gen_row[9].gen_col[6].u_pe/a_r_reg[2]/CE
  -------------------------------------------------------------------    -------------------

                         (clock clk_out1_rv32_top_clk_wiz_0_0 rise edge)
                                                      9.434     9.434 r  
    BUFGCTRL_X0Y16       BUFG                         0.000     9.434 r  rv32_top_i/ps7/inst/buffer_fclk_clk_0.FCLK_CLK_0_BUFG/O
                         net (fo=1, routed)           1.612    11.046    rv32_top_i/clk_wiz_0/inst/clk_in1
    MMCME2_ADV_X1Y0      MMCME2_ADV (Prop_mmcme2_adv_CLKIN1_CLKOUT0)
                                                     -3.425     7.621 r  rv32_top_i/clk_wiz_0/inst/mmcm_adv_inst/CLKOUT0
                         net (fo=1, routed)           1.725     9.346    rv32_top_i/clk_wiz_0/inst/clk_out1_rv32_top_clk_wiz_0_0
    BUFGCTRL_X0Y0        BUFG (Prop_bufg_I_O)         0.091     9.437 r  rv32_top_i/clk_wiz_0/inst/clkout1_buf/O
                         net (fo=12242, routed)       1.600    11.037    rv32_top_i/plat/U0/u_mmio/u_npu/u_npu/u_array/gen_row[9].gen_col[6].u_pe/S_AXI_ACLK
    SLICE_X101Y80        FDRE                                         r  rv32_top_i/plat/U0/u_mmio/u_npu/u_npu/u_array/gen_row[9].gen_col[6].u_pe/a_r_reg[2]/C
                         clock pessimism              0.014    11.051    
                         clock uncertainty           -0.085    10.966    
    SLICE_X101Y80        FDRE (Setup_fdre_C_CE)      -0.205    10.761    rv32_top_i/plat/U0/u_mmio/u_npu/u_npu/u_array/gen_row[9].gen_col[6].u_pe/a_r_reg[2]
  -------------------------------------------------------------------
                         required time                         10.761    
                         arrival time                         -10.683    
  -------------------------------------------------------------------
                         slack                                  0.078    

Slack (MET) :             0.078ns  (required time - arrival time)
  Source:                 rv32_top_i/plat/U0/u_mmio/u_npu/u_npu/FSM_onehot_st_reg[2]/C
                            (rising edge-triggered cell FDRE clocked by clk_out1_rv32_top_clk_wiz_0_0  {rise@0.000ns fall@4.717ns period=9.434ns})
  Destination:            rv32_top_i/plat/U0/u_mmio/u_npu/u_npu/u_array/gen_row[9].gen_col[9].u_pe/b_r_reg[5]/CE
                            (rising edge-triggered cell FDRE clocked by clk_out1_rv32_top_clk_wiz_0_0  {rise@0.000ns fall@4.717ns period=9.434ns})
  Path Group:             clk_out1_rv32_top_clk_wiz_0_0
  Path Type:              Setup (Max at Slow Process Corner)
  Requirement:            9.434ns  (clk_out1_rv32_top_clk_wiz_0_0 rise@9.434ns - clk_out1_rv32_top_clk_wiz_0_0 rise@0.000ns)
  Data Path Delay:        9.028ns  (logic 0.456ns (5.051%)  route 8.572ns (94.949%))
  Logic Levels:           0  
  Clock Path Skew:        -0.038ns (DCD - SCD + CPR)
    Destination Clock Delay (DCD):    1.603ns = ( 11.037 - 9.434 ) 
    Source Clock Delay      (SCD):    1.655ns
    Clock Pessimism Removal (CPR):    0.014ns
  Clock Uncertainty:      0.085ns  ((TSJ^2 + DJ^2)^1/2) / 2 + PE
    Total System Jitter     (TSJ):    0.071ns
    Discrete Jitter          (DJ):    0.154ns
    Phase Error              (PE):    0.000ns

    Location             Delay type                Incr(ns)  Path(ns)    Netlist Resource(s)
  -------------------------------------------------------------------    -------------------
                         (clock clk_out1_rv32_top_clk_wiz_0_0 rise edge)
                                                      0.000     0.000 r  
    BUFGCTRL_X0Y16       BUFG                         0.000     0.000 r  rv32_top_i/ps7/inst/buffer_fclk_clk_0.FCLK_CLK_0_BUFG/O
                         net (fo=1, routed)           1.806     1.806    rv32_top_i/clk_wiz_0/inst/clk_in1
    MMCME2_ADV_X1Y0      MMCME2_ADV (Prop_mmcme2_adv_CLKIN1_CLKOUT0)
                                                     -3.793    -1.987 r  rv32_top_i/clk_wiz_0/inst/mmcm_adv_inst/CLKOUT0
                         net (fo=1, routed)           1.889    -0.098    rv32_top_i/clk_wiz_0/inst/clk_out1_rv32_top_clk_wiz_0_0
    BUFGCTRL_X0Y0        BUFG (Prop_bufg_I_O)         0.101     0.003 r  rv32_top_i/clk_wiz_0/inst/clkout1_buf/O
                         net (fo=12242, routed)       1.652     1.655    rv32_top_i/plat/U0/u_mmio/u_npu/u_npu/S_AXI_ACLK
    SLICE_X44Y90         FDRE                                         r  rv32_top_i/plat/U0/u_mmio/u_npu/u_npu/FSM_onehot_st_reg[2]/C
  -------------------------------------------------------------------    -------------------
    SLICE_X44Y90         FDRE (Prop_fdre_C_Q)         0.456     2.111 r  rv32_top_i/plat/U0/u_mmio/u_npu/u_npu/FSM_onehot_st_reg[2]/Q
                         net (fo=4767, routed)        8.572    10.683    rv32_top_i/plat/U0/u_mmio/u_npu/u_npu/u_array/gen_row[9].gen_col[9].u_pe/Q[0]
    SLICE_X101Y80        FDRE                                         r  rv32_top_i/plat/U0/u_mmio/u_npu/u_npu/u_array/gen_row[9].gen_col[9].u_pe/b_r_reg[5]/CE
  -------------------------------------------------------------------    -------------------

                         (clock clk_out1_rv32_top_clk_wiz_0_0 rise edge)
                                                      9.434     9.434 r  
    BUFGCTRL_X0Y16       BUFG                         0.000     9.434 r  rv32_top_i/ps7/inst/buffer_fclk_clk_0.FCLK_CLK_0_BUFG/O
                         net (fo=1, routed)           1.612    11.046    rv32_top_i/clk_wiz_0/inst/clk_in1
    MMCME2_ADV_X1Y0      MMCME2_ADV (Prop_mmcme2_adv_CLKIN1_CLKOUT0)
                                                     -3.425     7.621 r  rv32_top_i/clk_wiz_0/inst/mmcm_adv_inst/CLKOUT0
                         net (fo=1, routed)           1.725     9.346    rv32_top_i/clk_wiz_0/inst/clk_out1_rv32_top_clk_wiz_0_0
    BUFGCTRL_X0Y0        BUFG (Prop_bufg_I_O)         0.091     9.437 r  rv32_top_i/clk_wiz_0/inst/clkout1_buf/O
                         net (fo=12242, routed)       1.600    11.037    rv32_top_i/plat/U0/u_mmio/u_npu/u_npu/u_array/gen_row[9].gen_col[9].u_pe/S_AXI_ACLK
    SLICE_X101Y80        FDRE                                         r  rv32_top_i/plat/U0/u_mmio/u_npu/u_npu/u_array/gen_row[9].gen_col[9].u_pe/b_r_reg[5]/C
                         clock pessimism              0.014    11.051    
                         clock uncertainty           -0.085    10.966    
    SLICE_X101Y80        FDRE (Setup_fdre_C_CE)      -0.205    10.761    rv32_top_i/plat/U0/u_mmio/u_npu/u_npu/u_array/gen_row[9].gen_col[9].u_pe/b_r_reg[5]
  -------------------------------------------------------------------
                         required time                         10.761    
                         arrival time                         -10.683    
  -------------------------------------------------------------------
                         slack                                  0.078    

Slack (MET) :             0.079ns  (required time - arrival time)
  Source:                 rv32_top_i/plat/U0/u_mmio/u_npu/u_npu/FSM_onehot_st_reg[2]/C
                            (rising edge-triggered cell FDRE clocked by clk_out1_rv32_top_clk_wiz_0_0  {rise@0.000ns fall@4.717ns period=9.434ns})
  Destination:            rv32_top_i/plat/U0/u_mmio/u_npu/u_npu/u_array/gen_row[15].gen_col[0].u_pe/p_reg[20]/CE
                            (rising edge-triggered cell FDRE clocked by clk_out1_rv32_top_clk_wiz_0_0  {rise@0.000ns fall@4.717ns period=9.434ns})
  Path Group:             clk_out1_rv32_top_clk_wiz_0_0
  Path Type:              Setup (Max at Slow Process Corner)
  Requirement:            9.434ns  (clk_out1_rv32_top_clk_wiz_0_0 rise@9.434ns - clk_out1_rv32_top_clk_wiz_0_0 rise@0.000ns)
  Data Path Delay:        8.971ns  (logic 0.456ns (5.083%)  route 8.515ns (94.917%))
  Logic Levels:           0  
  Clock Path Skew:        -0.094ns (DCD - SCD + CPR)
    Destination Clock Delay (DCD):    1.547ns = ( 10.981 - 9.434 ) 
    Source Clock Delay      (SCD):    1.655ns
    Clock Pessimism Removal (CPR):    0.014ns
  Clock Uncertainty:      0.085ns  ((TSJ^2 + DJ^2)^1/2) / 2 + PE
    Total System Jitter     (TSJ):    0.071ns
    Discrete Jitter          (DJ):    0.154ns
    Phase Error              (PE):    0.000ns

    Location             Delay type                Incr(ns)  Path(ns)    Netlist Resource(s)
  -------------------------------------------------------------------    -------------------
                         (clock clk_out1_rv32_top_clk_wiz_0_0 rise edge)
                                                      0.000     0.000 r  
    BUFGCTRL_X0Y16       BUFG                         0.000     0.000 r  rv32_top_i/ps7/inst/buffer_fclk_clk_0.FCLK_CLK_0_BUFG/O
                         net (fo=1, routed)           1.806     1.806    rv32_top_i/clk_wiz_0/inst/clk_in1
    MMCME2_ADV_X1Y0      MMCME2_ADV (Prop_mmcme2_adv_CLKIN1_CLKOUT0)
                                                     -3.793    -1.987 r  rv32_top_i/clk_wiz_0/inst/mmcm_adv_inst/CLKOUT0
                         net (fo=1, routed)           1.889    -0.098    rv32_top_i/clk_wiz_0/inst/clk_out1_rv32_top_clk_wiz_0_0
    BUFGCTRL_X0Y0        BUFG (Prop_bufg_I_O)         0.101     0.003 r  rv32_top_i/clk_wiz_0/inst/clkout1_buf/O
                         net (fo=12242, routed)       1.652     1.655    rv32_top_i/plat/U0/u_mmio/u_npu/u_npu/S_AXI_ACLK
    SLICE_X44Y90         FDRE                                         r  rv32_top_i/plat/U0/u_mmio/u_npu/u_npu/FSM_onehot_st_reg[2]/C
  -------------------------------------------------------------------    -------------------
    SLICE_X44Y90         FDRE (Prop_fdre_C_Q)         0.456     2.111 r  rv32_top_i/plat/U0/u_mmio/u_npu/u_npu/FSM_onehot_st_reg[2]/Q
                         net (fo=4767, routed)        8.515    10.626    rv32_top_i/plat/U0/u_mmio/u_npu/u_npu/u_array/gen_row[15].gen_col[0].u_pe/p_reg[0]_0[0]
    SLICE_X88Y64         FDRE                                         r  rv32_top_i/plat/U0/u_mmio/u_npu/u_npu/u_array/gen_row[15].gen_col[0].u_pe/p_reg[20]/CE
  -------------------------------------------------------------------    -------------------

                         (clock clk_out1_rv32_top_clk_wiz_0_0 rise edge)
                                                      9.434     9.434 r  
    BUFGCTRL_X0Y16       BUFG                         0.000     9.434 r  rv32_top_i/ps7/inst/buffer_fclk_clk_0.FCLK_CLK_0_BUFG/O
                         net (fo=1, routed)           1.612    11.046    rv32_top_i/clk_wiz_0/inst/clk_in1
    MMCME2_ADV_X1Y0      MMCME2_ADV (Prop_mmcme2_adv_CLKIN1_CLKOUT0)
                                                     -3.425     7.621 r  rv32_top_i/clk_wiz_0/inst/mmcm_adv_inst/CLKOUT0
                         net (fo=1, routed)           1.725     9.346    rv32_top_i/clk_wiz_0/inst/clk_out1_rv32_top_clk_wiz_0_0
    BUFGCTRL_X0Y0        BUFG (Prop_bufg_I_O)         0.091     9.437 r  rv32_top_i/clk_wiz_0/inst/clkout1_buf/O
                         net (fo=12242, routed)       1.544    10.981    rv32_top_i/plat/U0/u_mmio/u_npu/u_npu/u_array/gen_row[15].gen_col[0].u_pe/S_AXI_ACLK
    SLICE_X88Y64         FDRE                                         r  rv32_top_i/plat/U0/u_mmio/u_npu/u_npu/u_array/gen_row[15].gen_col[0].u_pe/p_reg[20]/C
                         clock pessimism              0.014    10.995    
                         clock uncertainty           -0.085    10.910    
    SLICE_X88Y64         FDRE (Setup_fdre_C_CE)      -0.205    10.705    rv32_top_i/plat/U0/u_mmio/u_npu/u_npu/u_array/gen_row[15].gen_col[0].u_pe/p_reg[20]
  -------------------------------------------------------------------
                         required time                         10.705    
                         arrival time                         -10.626    
  -------------------------------------------------------------------
                         slack                                  0.079    

Slack (MET) :             0.079ns  (required time - arrival time)
  Source:                 rv32_top_i/plat/U0/u_mmio/u_npu/u_npu/FSM_onehot_st_reg[2]/C
                            (rising edge-triggered cell FDRE clocked by clk_out1_rv32_top_clk_wiz_0_0  {rise@0.000ns fall@4.717ns period=9.434ns})
  Destination:            rv32_top_i/plat/U0/u_mmio/u_npu/u_npu/u_array/gen_row[15].gen_col[0].u_pe/p_reg[21]/CE
                            (rising edge-triggered cell FDRE clocked by clk_out1_rv32_top_clk_wiz_0_0  {rise@0.000ns fall@4.717ns period=9.434ns})
  Path Group:             clk_out1_rv32_top_clk_wiz_0_0
  Path Type:              Setup (Max at Slow Process Corner)
  Requirement:            9.434ns  (clk_out1_rv32_top_clk_wiz_0_0 rise@9.434ns - clk_out1_rv32_top_clk_wiz_0_0 rise@0.000ns)
  Data Path Delay:        8.971ns  (logic 0.456ns (5.083%)  route 8.515ns (94.917%))
  Logic Levels:           0  
  Clock Path Skew:        -0.094ns (DCD - SCD + CPR)
    Destination Clock Delay (DCD):    1.547ns = ( 10.981 - 9.434 ) 
    Source Clock Delay      (SCD):    1.655ns
    Clock Pessimism Removal (CPR):    0.014ns
  Clock Uncertainty:      0.085ns  ((TSJ^2 + DJ^2)^1/2) / 2 + PE
    Total System Jitter     (TSJ):    0.071ns
    Discrete Jitter          (DJ):    0.154ns
    Phase Error              (PE):    0.000ns

    Location             Delay type                Incr(ns)  Path(ns)    Netlist Resource(s)
  -------------------------------------------------------------------    -------------------
                         (clock clk_out1_rv32_top_clk_wiz_0_0 rise edge)
                                                      0.000     0.000 r  
    BUFGCTRL_X0Y16       BUFG                         0.000     0.000 r  rv32_top_i/ps7/inst/buffer_fclk_clk_0.FCLK_CLK_0_BUFG/O
                         net (fo=1, routed)           1.806     1.806    rv32_top_i/clk_wiz_0/inst/clk_in1
    MMCME2_ADV_X1Y0      MMCME2_ADV (Prop_mmcme2_adv_CLKIN1_CLKOUT0)
                                                     -3.793    -1.987 r  rv32_top_i/clk_wiz_0/inst/mmcm_adv_inst/CLKOUT0
                         net (fo=1, routed)           1.889    -0.098    rv32_top_i/clk_wiz_0/inst/clk_out1_rv32_top_clk_wiz_0_0
    BUFGCTRL_X0Y0        BUFG (Prop_bufg_I_O)         0.101     0.003 r  rv32_top_i/clk_wiz_0/inst/clkout1_buf/O
                         net (fo=12242, routed)       1.652     1.655    rv32_top_i/plat/U0/u_mmio/u_npu/u_npu/S_AXI_ACLK
    SLICE_X44Y90         FDRE                                         r  rv32_top_i/plat/U0/u_mmio/u_npu/u_npu/FSM_onehot_st_reg[2]/C
  -------------------------------------------------------------------    -------------------
    SLICE_X44Y90         FDRE (Prop_fdre_C_Q)         0.456     2.111 r  rv32_top_i/plat/U0/u_mmio/u_npu/u_npu/FSM_onehot_st_reg[2]/Q
                         net (fo=4767, routed)        8.515    10.626    rv32_top_i/plat/U0/u_mmio/u_npu/u_npu/u_array/gen_row[15].gen_col[0].u_pe/p_reg[0]_0[0]
    SLICE_X88Y64         FDRE                                         r  rv32_top_i/plat/U0/u_mmio/u_npu/u_npu/u_array/gen_row[15].gen_col[0].u_pe/p_reg[21]/CE
  -------------------------------------------------------------------    -------------------

                         (clock clk_out1_rv32_top_clk_wiz_0_0 rise edge)
                                                      9.434     9.434 r  
    BUFGCTRL_X0Y16       BUFG                         0.000     9.434 r  rv32_top_i/ps7/inst/buffer_fclk_clk_0.FCLK_CLK_0_BUFG/O
                         net (fo=1, routed)           1.612    11.046    rv32_top_i/clk_wiz_0/inst/clk_in1
    MMCME2_ADV_X1Y0      MMCME2_ADV (Prop_mmcme2_adv_CLKIN1_CLKOUT0)
                                                     -3.425     7.621 r  rv32_top_i/clk_wiz_0/inst/mmcm_adv_inst/CLKOUT0
                         net (fo=1, routed)           1.725     9.346    rv32_top_i/clk_wiz_0/inst/clk_out1_rv32_top_clk_wiz_0_0
    BUFGCTRL_X0Y0        BUFG (Prop_bufg_I_O)         0.091     9.437 r  rv32_top_i/clk_wiz_0/inst/clkout1_buf/O
                         net (fo=12242, routed)       1.544    10.981    rv32_top_i/plat/U0/u_mmio/u_npu/u_npu/u_array/gen_row[15].gen_col[0].u_pe/S_AXI_ACLK
    SLICE_X88Y64         FDRE                                         r  rv32_top_i/plat/U0/u_mmio/u_npu/u_npu/u_array/gen_row[15].gen_col[0].u_pe/p_reg[21]/C
                         clock pessimism              0.014    10.995    
                         clock uncertainty           -0.085    10.910    
    SLICE_X88Y64         FDRE (Setup_fdre_C_CE)      -0.205    10.705    rv32_top_i/plat/U0/u_mmio/u_npu/u_npu/u_array/gen_row[15].gen_col[0].u_pe/p_reg[21]
  -------------------------------------------------------------------
                         required time                         10.705    
                         arrival time                         -10.626    
  -------------------------------------------------------------------
                         slack                                  0.079    

Slack (MET) :             0.079ns  (required time - arrival time)
  Source:                 rv32_top_i/plat/U0/u_mmio/u_npu/u_npu/FSM_onehot_st_reg[2]/C
                            (rising edge-triggered cell FDRE clocked by clk_out1_rv32_top_clk_wiz_0_0  {rise@0.000ns fall@4.717ns period=9.434ns})
  Destination:            rv32_top_i/plat/U0/u_mmio/u_npu/u_npu/u_array/gen_row[15].gen_col[0].u_pe/p_reg[22]/CE
                            (rising edge-triggered cell FDRE clocked by clk_out1_rv32_top_clk_wiz_0_0  {rise@0.000ns fall@4.717ns period=9.434ns})
  Path Group:             clk_out1_rv32_top_clk_wiz_0_0
  Path Type:              Setup (Max at Slow Process Corner)
  Requirement:            9.434ns  (clk_out1_rv32_top_clk_wiz_0_0 rise@9.434ns - clk_out1_rv32_top_clk_wiz_0_0 rise@0.000ns)
  Data Path Delay:        8.971ns  (logic 0.456ns (5.083%)  route 8.515ns (94.917%))
  Logic Levels:           0  
  Clock Path Skew:        -0.094ns (DCD - SCD + CPR)
    Destination Clock Delay (DCD):    1.547ns = ( 10.981 - 9.434 ) 
    Source Clock Delay      (SCD):    1.655ns
    Clock Pessimism Removal (CPR):    0.014ns
  Clock Uncertainty:      0.085ns  ((TSJ^2 + DJ^2)^1/2) / 2 + PE
    Total System Jitter     (TSJ):    0.071ns
    Discrete Jitter          (DJ):    0.154ns
    Phase Error              (PE):    0.000ns

    Location             Delay type                Incr(ns)  Path(ns)    Netlist Resource(s)
  -------------------------------------------------------------------    -------------------
                         (clock clk_out1_rv32_top_clk_wiz_0_0 rise edge)
                                                      0.000     0.000 r  
    BUFGCTRL_X0Y16       BUFG                         0.000     0.000 r  rv32_top_i/ps7/inst/buffer_fclk_clk_0.FCLK_CLK_0_BUFG/O
                         net (fo=1, routed)           1.806     1.806    rv32_top_i/clk_wiz_0/inst/clk_in1
    MMCME2_ADV_X1Y0      MMCME2_ADV (Prop_mmcme2_adv_CLKIN1_CLKOUT0)
                                                     -3.793    -1.987 r  rv32_top_i/clk_wiz_0/inst/mmcm_adv_inst/CLKOUT0
                         net (fo=1, routed)           1.889    -0.098    rv32_top_i/clk_wiz_0/inst/clk_out1_rv32_top_clk_wiz_0_0
    BUFGCTRL_X0Y0        BUFG (Prop_bufg_I_O)         0.101     0.003 r  rv32_top_i/clk_wiz_0/inst/clkout1_buf/O
                         net (fo=12242, routed)       1.652     1.655    rv32_top_i/plat/U0/u_mmio/u_npu/u_npu/S_AXI_ACLK
    SLICE_X44Y90         FDRE                                         r  rv32_top_i/plat/U0/u_mmio/u_npu/u_npu/FSM_onehot_st_reg[2]/C
  -------------------------------------------------------------------    -------------------
    SLICE_X44Y90         FDRE (Prop_fdre_C_Q)         0.456     2.111 r  rv32_top_i/plat/U0/u_mmio/u_npu/u_npu/FSM_onehot_st_reg[2]/Q
                         net (fo=4767, routed)        8.515    10.626    rv32_top_i/plat/U0/u_mmio/u_npu/u_npu/u_array/gen_row[15].gen_col[0].u_pe/p_reg[0]_0[0]
    SLICE_X88Y64         FDRE                                         r  rv32_top_i/plat/U0/u_mmio/u_npu/u_npu/u_array/gen_row[15].gen_col[0].u_pe/p_reg[22]/CE
  -------------------------------------------------------------------    -------------------

                         (clock clk_out1_rv32_top_clk_wiz_0_0 rise edge)
                                                      9.434     9.434 r  
    BUFGCTRL_X0Y16       BUFG                         0.000     9.434 r  rv32_top_i/ps7/inst/buffer_fclk_clk_0.FCLK_CLK_0_BUFG/O
                         net (fo=1, routed)           1.612    11.046    rv32_top_i/clk_wiz_0/inst/clk_in1
    MMCME2_ADV_X1Y0      MMCME2_ADV (Prop_mmcme2_adv_CLKIN1_CLKOUT0)
                                                     -3.425     7.621 r  rv32_top_i/clk_wiz_0/inst/mmcm_adv_inst/CLKOUT0
                         net (fo=1, routed)           1.725     9.346    rv32_top_i/clk_wiz_0/inst/clk_out1_rv32_top_clk_wiz_0_0
    BUFGCTRL_X0Y0        BUFG (Prop_bufg_I_O)         0.091     9.437 r  rv32_top_i/clk_wiz_0/inst/clkout1_buf/O
                         net (fo=12242, routed)       1.544    10.981    rv32_top_i/plat/U0/u_mmio/u_npu/u_npu/u_array/gen_row[15].gen_col[0].u_pe/S_AXI_ACLK
    SLICE_X88Y64         FDRE                                         r  rv32_top_i/plat/U0/u_mmio/u_npu/u_npu/u_array/gen_row[15].gen_col[0].u_pe/p_reg[22]/C
                         clock pessimism              0.014    10.995    
                         clock uncertainty           -0.085    10.910    
    SLICE_X88Y64         FDRE (Setup_fdre_C_CE)      -0.205    10.705    rv32_top_i/plat/U0/u_mmio/u_npu/u_npu/u_array/gen_row[15].gen_col[0].u_pe/p_reg[22]
  -------------------------------------------------------------------
                         required time                         10.705    
                         arrival time                         -10.626    
  -------------------------------------------------------------------
                         slack                                  0.079    





Min Delay Paths
--------------------------------------------------------------------------------------
Slack (MET) :             0.038ns  (arrival time - required time)
  Source:                 rv32_top_i/plat/U0/u_mmio/u_npu/u_npu/u_array/gen_row[12].gen_col[8].u_pe/p_reg[3]/C
                            (rising edge-triggered cell FDRE clocked by clk_out1_rv32_top_clk_wiz_0_0  {rise@0.000ns fall@4.717ns period=9.434ns})
  Destination:            rv32_top_i/plat/U0/u_mmio/u_npu/u_npu/u_array/gen_row[12].gen_col[8].u_pe/p_reg[4]/D
                            (rising edge-triggered cell FDRE clocked by clk_out1_rv32_top_clk_wiz_0_0  {rise@0.000ns fall@4.717ns period=9.434ns})
  Path Group:             clk_out1_rv32_top_clk_wiz_0_0
  Path Type:              Hold (Min at Fast Process Corner)
  Requirement:            0.000ns  (clk_out1_rv32_top_clk_wiz_0_0 rise@0.000ns - clk_out1_rv32_top_clk_wiz_0_0 rise@0.000ns)
  Data Path Delay:        0.522ns  (logic 0.371ns (71.027%)  route 0.151ns (28.973%))
  Logic Levels:           3  (CARRY4=2 LUT3=1)
  Clock Path Skew:        0.350ns (DCD - SCD - CPR)
    Destination Clock Delay (DCD):    0.939ns
    Source Clock Delay      (SCD):    0.584ns
    Clock Pessimism Removal (CPR):    0.005ns

    Location             Delay type                Incr(ns)  Path(ns)    Netlist Resource(s)
  -------------------------------------------------------------------    -------------------
                         (clock clk_out1_rv32_top_clk_wiz_0_0 rise edge)
                                                      0.000     0.000 r  
    BUFGCTRL_X0Y16       BUFG                         0.000     0.000 r  rv32_top_i/ps7/inst/buffer_fclk_clk_0.FCLK_CLK_0_BUFG/O
                         net (fo=1, routed)           0.597     0.597    rv32_top_i/clk_wiz_0/inst/clk_in1
    MMCME2_ADV_X1Y0      MMCME2_ADV (Prop_mmcme2_adv_CLKIN1_CLKOUT0)
                                                     -1.150    -0.553 r  rv32_top_i/clk_wiz_0/inst/mmcm_adv_inst/CLKOUT0
                         net (fo=1, routed)           0.529    -0.024    rv32_top_i/clk_wiz_0/inst/clk_out1_rv32_top_clk_wiz_0_0
    BUFGCTRL_X0Y0        BUFG (Prop_bufg_I_O)         0.026     0.002 r  rv32_top_i/clk_wiz_0/inst/clkout1_buf/O
                         net (fo=12242, routed)       0.582     0.584    rv32_top_i/plat/U0/u_mmio/u_npu/u_npu/u_array/gen_row[12].gen_col[8].u_pe/S_AXI_ACLK
    SLICE_X66Y99         FDRE                                         r  rv32_top_i/plat/U0/u_mmio/u_npu/u_npu/u_array/gen_row[12].gen_col[8].u_pe/p_reg[3]/C
  -------------------------------------------------------------------    -------------------
    SLICE_X66Y99         FDRE (Prop_fdre_C_Q)         0.164     0.748 r  rv32_top_i/plat/U0/u_mmio/u_npu/u_npu/u_array/gen_row[12].gen_col[8].u_pe/p_reg[3]/Q
                         net (fo=3, routed)           0.151     0.898    rv32_top_i/plat/U0/u_mmio/u_npu/u_npu/u_array/gen_row[11].gen_col[8].u_pe/p_reg[15]_1[0]
    SLICE_X66Y99         LUT3 (Prop_lut3_I0_O)        0.045     0.943 r  rv32_top_i/plat/U0/u_mmio/u_npu/u_npu/u_array/gen_row[11].gen_col[8].u_pe/p[3]_i_2/O
                         net (fo=1, routed)           0.000     0.943    rv32_top_i/plat/U0/u_mmio/u_npu/u_npu/u_array/gen_row[12].gen_col[8].u_pe/p_reg[3]_1[0]
    SLICE_X66Y99         CARRY4 (Prop_carry4_S[3]_CO[3])
                                                      0.109     1.052 r  rv32_top_i/plat/U0/u_mmio/u_npu/u_npu/u_array/gen_row[12].gen_col[8].u_pe/p_reg[3]_i_1/CO[3]
                         net (fo=1, routed)           0.001     1.053    rv32_top_i/plat/U0/u_mmio/u_npu/u_npu/u_array/gen_row[12].gen_col[8].u_pe/p_reg[3]_i_1_n_0
    SLICE_X66Y100        CARRY4 (Prop_carry4_CI_O[0])
                                                      0.053     1.106 r  rv32_top_i/plat/U0/u_mmio/u_npu/u_npu/u_array/gen_row[12].gen_col[8].u_pe/p_reg[7]_i_1/O[0]
                         net (fo=1, routed)           0.000     1.106    rv32_top_i/plat/U0/u_mmio/u_npu/u_npu/u_array/gen_row[12].gen_col[8].u_pe/p_0_in[4]
    SLICE_X66Y100        FDRE                                         r  rv32_top_i/plat/U0/u_mmio/u_npu/u_npu/u_array/gen_row[12].gen_col[8].u_pe/p_reg[4]/D
  -------------------------------------------------------------------    -------------------

                         (clock clk_out1_rv32_top_clk_wiz_0_0 rise edge)
                                                      0.000     0.000 r  
    BUFGCTRL_X0Y16       BUFG                         0.000     0.000 r  rv32_top_i/ps7/inst/buffer_fclk_clk_0.FCLK_CLK_0_BUFG/O
                         net (fo=1, routed)           0.864     0.864    rv32_top_i/clk_wiz_0/inst/clk_in1
    MMCME2_ADV_X1Y0      MMCME2_ADV (Prop_mmcme2_adv_CLKIN1_CLKOUT0)
                                                     -1.467    -0.603 r  rv32_top_i/clk_wiz_0/inst/mmcm_adv_inst/CLKOUT0
                         net (fo=1, routed)           0.576    -0.027    rv32_top_i/clk_wiz_0/inst/clk_out1_rv32_top_clk_wiz_0_0
    BUFGCTRL_X0Y0        BUFG (Prop_bufg_I_O)         0.029     0.002 r  rv32_top_i/clk_wiz_0/inst/clkout1_buf/O
                         net (fo=12242, routed)       0.937     0.939    rv32_top_i/plat/U0/u_mmio/u_npu/u_npu/u_array/gen_row[12].gen_col[8].u_pe/S_AXI_ACLK
    SLICE_X66Y100        FDRE                                         r  rv32_top_i/plat/U0/u_mmio/u_npu/u_npu/u_array/gen_row[12].gen_col[8].u_pe/p_reg[4]/C
                         clock pessimism             -0.005     0.934    
    SLICE_X66Y100        FDRE (Hold_fdre_C_D)         0.134     1.068    rv32_top_i/plat/U0/u_mmio/u_npu/u_npu/u_array/gen_row[12].gen_col[8].u_pe/p_reg[4]
  -------------------------------------------------------------------
                         required time                         -1.068    
                         arrival time                           1.106    
  -------------------------------------------------------------------
                         slack                                  0.038    

Slack (MET) :             0.042ns  (arrival time - required time)
  Source:                 rv32_top_i/plat/U0/u_mmio/u_uart/div_reg_reg[4]/C
                            (rising edge-triggered cell FDSE clocked by clk_out1_rv32_top_clk_wiz_0_0  {rise@0.000ns fall@4.717ns period=9.434ns})
  Destination:            rv32_top_i/plat/U0/u_mmio/u_uart/rx_cnt_reg[3]/D
                            (rising edge-triggered cell FDRE clocked by clk_out1_rv32_top_clk_wiz_0_0  {rise@0.000ns fall@4.717ns period=9.434ns})
  Path Group:             clk_out1_rv32_top_clk_wiz_0_0
  Path Type:              Hold (Min at Fast Process Corner)
  Requirement:            0.000ns  (clk_out1_rv32_top_clk_wiz_0_0 rise@0.000ns - clk_out1_rv32_top_clk_wiz_0_0 rise@0.000ns)
  Data Path Delay:        0.315ns  (logic 0.186ns (59.025%)  route 0.129ns (40.975%))
  Logic Levels:           1  (LUT6=1)
  Clock Path Skew:        0.181ns (DCD - SCD - CPR)
    Destination Clock Delay (DCD):    0.825ns
    Source Clock Delay      (SCD):    0.639ns
    Clock Pessimism Removal (CPR):    0.005ns

    Location             Delay type                Incr(ns)  Path(ns)    Netlist Resource(s)
  -------------------------------------------------------------------    -------------------
                         (clock clk_out1_rv32_top_clk_wiz_0_0 rise edge)
                                                      0.000     0.000 r  
    BUFGCTRL_X0Y16       BUFG                         0.000     0.000 r  rv32_top_i/ps7/inst/buffer_fclk_clk_0.FCLK_CLK_0_BUFG/O
                         net (fo=1, routed)           0.597     0.597    rv32_top_i/clk_wiz_0/inst/clk_in1
    MMCME2_ADV_X1Y0      MMCME2_ADV (Prop_mmcme2_adv_CLKIN1_CLKOUT0)
                                                     -1.150    -0.553 r  rv32_top_i/clk_wiz_0/inst/mmcm_adv_inst/CLKOUT0
                         net (fo=1, routed)           0.529    -0.024    rv32_top_i/clk_wiz_0/inst/clk_out1_rv32_top_clk_wiz_0_0
    BUFGCTRL_X0Y0        BUFG (Prop_bufg_I_O)         0.026     0.002 r  rv32_top_i/clk_wiz_0/inst/clkout1_buf/O
                         net (fo=12242, routed)       0.637     0.639    rv32_top_i/plat/U0/u_mmio/u_uart/S_AXI_ACLK
    SLICE_X53Y100        FDSE                                         r  rv32_top_i/plat/U0/u_mmio/u_uart/div_reg_reg[4]/C
  -------------------------------------------------------------------    -------------------
    SLICE_X53Y100        FDSE (Prop_fdse_C_Q)         0.141     0.780 r  rv32_top_i/plat/U0/u_mmio/u_uart/div_reg_reg[4]/Q
                         net (fo=4, routed)           0.129     0.909    rv32_top_i/plat/U0/u_mmio/u_uart/Q[1]
    SLICE_X52Y98         LUT6 (Prop_lut6_I3_O)        0.045     0.954 r  rv32_top_i/plat/U0/u_mmio/u_uart/rx_cnt[3]_i_1/O
                         net (fo=1, routed)           0.000     0.954    rv32_top_i/plat/U0/u_mmio/u_uart/p_1_in[3]
    SLICE_X52Y98         FDRE                                         r  rv32_top_i/plat/U0/u_mmio/u_uart/rx_cnt_reg[3]/D
  -------------------------------------------------------------------    -------------------

                         (clock clk_out1_rv32_top_clk_wiz_0_0 rise edge)
                                                      0.000     0.000 r  
    BUFGCTRL_X0Y16       BUFG                         0.000     0.000 r  rv32_top_i/ps7/inst/buffer_fclk_clk_0.FCLK_CLK_0_BUFG/O
                         net (fo=1, routed)           0.864     0.864    rv32_top_i/clk_wiz_0/inst/clk_in1
    MMCME2_ADV_X1Y0      MMCME2_ADV (Prop_mmcme2_adv_CLKIN1_CLKOUT0)
                                                     -1.467    -0.603 r  rv32_top_i/clk_wiz_0/inst/mmcm_adv_inst/CLKOUT0
                         net (fo=1, routed)           0.576    -0.027    rv32_top_i/clk_wiz_0/inst/clk_out1_rv32_top_clk_wiz_0_0
    BUFGCTRL_X0Y0        BUFG (Prop_bufg_I_O)         0.029     0.002 r  rv32_top_i/clk_wiz_0/inst/clkout1_buf/O
                         net (fo=12242, routed)       0.823     0.825    rv32_top_i/plat/U0/u_mmio/u_uart/S_AXI_ACLK
    SLICE_X52Y98         FDRE                                         r  rv32_top_i/plat/U0/u_mmio/u_uart/rx_cnt_reg[3]/C
                         clock pessimism             -0.005     0.820    
    SLICE_X52Y98         FDRE (Hold_fdre_C_D)         0.092     0.912    rv32_top_i/plat/U0/u_mmio/u_uart/rx_cnt_reg[3]
  -------------------------------------------------------------------
                         required time                         -0.912    
                         arrival time                           0.954    
  -------------------------------------------------------------------
                         slack                                  0.042    

Slack (MET) :             0.044ns  (arrival time - required time)
  Source:                 rv32_top_i/plat/U0/u_mmio/u_npu/u_npu/u_array/gen_row[15].gen_col[7].u_pe/p_reg[1]/C
                            (rising edge-triggered cell FDRE clocked by clk_out1_rv32_top_clk_wiz_0_0  {rise@0.000ns fall@4.717ns period=9.434ns})
  Destination:            rv32_top_i/plat/U0/u_mmio/u_npu/u_npu/u_array/gen_row[15].gen_col[7].u_pe/p_reg[4]/D
                            (rising edge-triggered cell FDRE clocked by clk_out1_rv32_top_clk_wiz_0_0  {rise@0.000ns fall@4.717ns period=9.434ns})
  Path Group:             clk_out1_rv32_top_clk_wiz_0_0
  Path Type:              Hold (Min at Fast Process Corner)
  Requirement:            0.000ns  (clk_out1_rv32_top_clk_wiz_0_0 rise@0.000ns - clk_out1_rv32_top_clk_wiz_0_0 rise@0.000ns)
  Data Path Delay:        0.447ns  (logic 0.367ns (82.123%)  route 0.080ns (17.877%))
  Logic Levels:           2  (CARRY4=2)
  Clock Path Skew:        0.268ns (DCD - SCD - CPR)
    Destination Clock Delay (DCD):    0.883ns
    Source Clock Delay      (SCD):    0.615ns
    Clock Pessimism Removal (CPR):    -0.000ns

    Location             Delay type                Incr(ns)  Path(ns)    Netlist Resource(s)
  -------------------------------------------------------------------    -------------------
                         (clock clk_out1_rv32_top_clk_wiz_0_0 rise edge)
                                                      0.000     0.000 r  
    BUFGCTRL_X0Y16       BUFG                         0.000     0.000 r  rv32_top_i/ps7/inst/buffer_fclk_clk_0.FCLK_CLK_0_BUFG/O
                         net (fo=1, routed)           0.597     0.597    rv32_top_i/clk_wiz_0/inst/clk_in1
    MMCME2_ADV_X1Y0      MMCME2_ADV (Prop_mmcme2_adv_CLKIN1_CLKOUT0)
                                                     -1.150    -0.553 r  rv32_top_i/clk_wiz_0/inst/mmcm_adv_inst/CLKOUT0
                         net (fo=1, routed)           0.529    -0.024    rv32_top_i/clk_wiz_0/inst/clk_out1_rv32_top_clk_wiz_0_0
    BUFGCTRL_X0Y0        BUFG (Prop_bufg_I_O)         0.026     0.002 r  rv32_top_i/clk_wiz_0/inst/clkout1_buf/O
                         net (fo=12242, routed)       0.613     0.615    rv32_top_i/plat/U0/u_mmio/u_npu/u_npu/u_array/gen_row[15].gen_col[7].u_pe/S_AXI_ACLK
    SLICE_X98Y49         FDRE                                         r  rv32_top_i/plat/U0/u_mmio/u_npu/u_npu/u_array/gen_row[15].gen_col[7].u_pe/p_reg[1]/C
  -------------------------------------------------------------------    -------------------
    SLICE_X98Y49         FDRE (Prop_fdre_C_Q)         0.164     0.779 r  rv32_top_i/plat/U0/u_mmio/u_npu/u_npu/u_array/gen_row[15].gen_col[7].u_pe/p_reg[1]/Q
                         net (fo=3, routed)           0.079     0.858    rv32_top_i/plat/U0/u_mmio/u_npu/u_npu/u_array/gen_row[15].gen_col[7].u_pe/acc_flat[7905]
    SLICE_X98Y49         CARRY4 (Prop_carry4_DI[1]_CO[3])
                                                      0.150     1.008 r  rv32_top_i/plat/U0/u_mmio/u_npu/u_npu/u_array/gen_row[15].gen_col[7].u_pe/p_reg[3]_i_1__46/CO[3]
                         net (fo=1, routed)           0.001     1.008    rv32_top_i/plat/U0/u_mmio/u_npu/u_npu/u_array/gen_row[15].gen_col[7].u_pe/p_reg[3]_i_1__46_n_0
    SLICE_X98Y50         CARRY4 (Prop_carry4_CI_O[0])
                                                      0.053     1.061 r  rv32_top_i/plat/U0/u_mmio/u_npu/u_npu/u_array/gen_row[15].gen_col[7].u_pe/p_reg[7]_i_1__46/O[0]
                         net (fo=1, routed)           0.000     1.061    rv32_top_i/plat/U0/u_mmio/u_npu/u_npu/u_array/gen_row[15].gen_col[7].u_pe/p_0_in[4]
    SLICE_X98Y50         FDRE                                         r  rv32_top_i/plat/U0/u_mmio/u_npu/u_npu/u_array/gen_row[15].gen_col[7].u_pe/p_reg[4]/D
  -------------------------------------------------------------------    -------------------

                         (clock clk_out1_rv32_top_clk_wiz_0_0 rise edge)
                                                      0.000     0.000 r  
    BUFGCTRL_X0Y16       BUFG                         0.000     0.000 r  rv32_top_i/ps7/inst/buffer_fclk_clk_0.FCLK_CLK_0_BUFG/O
                         net (fo=1, routed)           0.864     0.864    rv32_top_i/clk_wiz_0/inst/clk_in1
    MMCME2_ADV_X1Y0      MMCME2_ADV (Prop_mmcme2_adv_CLKIN1_CLKOUT0)
                                                     -1.467    -0.603 r  rv32_top_i/clk_wiz_0/inst/mmcm_adv_inst/CLKOUT0
                         net (fo=1, routed)           0.576    -0.027    rv32_top_i/clk_wiz_0/inst/clk_out1_rv32_top_clk_wiz_0_0
    BUFGCTRL_X0Y0        BUFG (Prop_bufg_I_O)         0.029     0.002 r  rv32_top_i/clk_wiz_0/inst/clkout1_buf/O
                         net (fo=12242, routed)       0.881     0.883    rv32_top_i/plat/U0/u_mmio/u_npu/u_npu/u_array/gen_row[15].gen_col[7].u_pe/S_AXI_ACLK
    SLICE_X98Y50         FDRE                                         r  rv32_top_i/plat/U0/u_mmio/u_npu/u_npu/u_array/gen_row[15].gen_col[7].u_pe/p_reg[4]/C
                         clock pessimism              0.000     0.883    
    SLICE_X98Y50         FDRE (Hold_fdre_C_D)         0.134     1.017    rv32_top_i/plat/U0/u_mmio/u_npu/u_npu/u_array/gen_row[15].gen_col[7].u_pe/p_reg[4]
  -------------------------------------------------------------------
                         required time                         -1.017    
                         arrival time                           1.061    
  -------------------------------------------------------------------
                         slack                                  0.044    

Slack (MET) :             0.048ns  (arrival time - required time)
  Source:                 rv32_top_i/plat/U0/u_mmio/u_npu/u_npu/u_array/gen_row[2].gen_col[6].u_pe/b_r_reg[3]/C
                            (rising edge-triggered cell FDRE clocked by clk_out1_rv32_top_clk_wiz_0_0  {rise@0.000ns fall@4.717ns period=9.434ns})
  Destination:            rv32_top_i/plat/U0/u_mmio/u_npu/u_npu/u_array/gen_row[3].gen_col[6].u_pe/b_r_reg[3]/D
                            (rising edge-triggered cell FDRE clocked by clk_out1_rv32_top_clk_wiz_0_0  {rise@0.000ns fall@4.717ns period=9.434ns})
  Path Group:             clk_out1_rv32_top_clk_wiz_0_0
  Path Type:              Hold (Min at Fast Process Corner)
  Requirement:            0.000ns  (clk_out1_rv32_top_clk_wiz_0_0 rise@0.000ns - clk_out1_rv32_top_clk_wiz_0_0 rise@0.000ns)
  Data Path Delay:        0.375ns  (logic 0.164ns (43.769%)  route 0.211ns (56.231%))
  Logic Levels:           0  
  Clock Path Skew:        0.267ns (DCD - SCD - CPR)
    Destination Clock Delay (DCD):    0.851ns
    Source Clock Delay      (SCD):    0.584ns
    Clock Pessimism Removal (CPR):    -0.000ns

    Location             Delay type                Incr(ns)  Path(ns)    Netlist Resource(s)
  -------------------------------------------------------------------    -------------------
                         (clock clk_out1_rv32_top_clk_wiz_0_0 rise edge)
                                                      0.000     0.000 r  
    BUFGCTRL_X0Y16       BUFG                         0.000     0.000 r  rv32_top_i/ps7/inst/buffer_fclk_clk_0.FCLK_CLK_0_BUFG/O
                         net (fo=1, routed)           0.597     0.597    rv32_top_i/clk_wiz_0/inst/clk_in1
    MMCME2_ADV_X1Y0      MMCME2_ADV (Prop_mmcme2_adv_CLKIN1_CLKOUT0)
                                                     -1.150    -0.553 r  rv32_top_i/clk_wiz_0/inst/mmcm_adv_inst/CLKOUT0
                         net (fo=1, routed)           0.529    -0.024    rv32_top_i/clk_wiz_0/inst/clk_out1_rv32_top_clk_wiz_0_0
    BUFGCTRL_X0Y0        BUFG (Prop_bufg_I_O)         0.026     0.002 r  rv32_top_i/clk_wiz_0/inst/clkout1_buf/O
                         net (fo=12242, routed)       0.582     0.584    rv32_top_i/plat/U0/u_mmio/u_npu/u_npu/u_array/gen_row[2].gen_col[6].u_pe/S_AXI_ACLK
    SLICE_X58Y49         FDRE                                         r  rv32_top_i/plat/U0/u_mmio/u_npu/u_npu/u_array/gen_row[2].gen_col[6].u_pe/b_r_reg[3]/C
  -------------------------------------------------------------------    -------------------
    SLICE_X58Y49         FDRE (Prop_fdre_C_Q)         0.164     0.748 r  rv32_top_i/plat/U0/u_mmio/u_npu/u_npu/u_array/gen_row[2].gen_col[6].u_pe/b_r_reg[3]/Q
                         net (fo=2, routed)           0.211     0.958    rv32_top_i/plat/U0/u_mmio/u_npu/u_npu/u_array/gen_row[3].gen_col[6].u_pe/D[3]
    SLICE_X58Y54         FDRE                                         r  rv32_top_i/plat/U0/u_mmio/u_npu/u_npu/u_array/gen_row[3].gen_col[6].u_pe/b_r_reg[3]/D
  -------------------------------------------------------------------    -------------------

                         (clock clk_out1_rv32_top_clk_wiz_0_0 rise edge)
                                                      0.000     0.000 r  
    BUFGCTRL_X0Y16       BUFG                         0.000     0.000 r  rv32_top_i/ps7/inst/buffer_fclk_clk_0.FCLK_CLK_0_BUFG/O
                         net (fo=1, routed)           0.864     0.864    rv32_top_i/clk_wiz_0/inst/clk_in1
    MMCME2_ADV_X1Y0      MMCME2_ADV (Prop_mmcme2_adv_CLKIN1_CLKOUT0)
                                                     -1.467    -0.603 r  rv32_top_i/clk_wiz_0/inst/mmcm_adv_inst/CLKOUT0
                         net (fo=1, routed)           0.576    -0.027    rv32_top_i/clk_wiz_0/inst/clk_out1_rv32_top_clk_wiz_0_0
    BUFGCTRL_X0Y0        BUFG (Prop_bufg_I_O)         0.029     0.002 r  rv32_top_i/clk_wiz_0/inst/clkout1_buf/O
                         net (fo=12242, routed)       0.849     0.851    rv32_top_i/plat/U0/u_mmio/u_npu/u_npu/u_array/gen_row[3].gen_col[6].u_pe/S_AXI_ACLK
    SLICE_X58Y54         FDRE                                         r  rv32_top_i/plat/U0/u_mmio/u_npu/u_npu/u_array/gen_row[3].gen_col[6].u_pe/b_r_reg[3]/C
                         clock pessimism              0.000     0.851    
    SLICE_X58Y54         FDRE (Hold_fdre_C_D)         0.059     0.910    rv32_top_i/plat/U0/u_mmio/u_npu/u_npu/u_array/gen_row[3].gen_col[6].u_pe/b_r_reg[3]
  -------------------------------------------------------------------
                         required time                         -0.910    
                         arrival time                           0.958    
  -------------------------------------------------------------------
                         slack                                  0.048    

Slack (MET) :             0.050ns  (arrival time - required time)
  Source:                 rv32_top_i/plat/U0/u_mmio/u_npu/u_npu/u_array/gen_row[12].gen_col[11].u_pe/p_reg[3]/C
                            (rising edge-triggered cell FDRE clocked by clk_out1_rv32_top_clk_wiz_0_0  {rise@0.000ns fall@4.717ns period=9.434ns})
  Destination:            rv32_top_i/plat/U0/u_mmio/u_npu/u_npu/u_array/gen_row[12].gen_col[11].u_pe/p_reg[4]/D
                            (rising edge-triggered cell FDRE clocked by clk_out1_rv32_top_clk_wiz_0_0  {rise@0.000ns fall@4.717ns period=9.434ns})
  Path Group:             clk_out1_rv32_top_clk_wiz_0_0
  Path Type:              Hold (Min at Fast Process Corner)
  Requirement:            0.000ns  (clk_out1_rv32_top_clk_wiz_0_0 rise@0.000ns - clk_out1_rv32_top_clk_wiz_0_0 rise@0.000ns)
  Data Path Delay:        0.535ns  (logic 0.371ns (69.307%)  route 0.164ns (30.693%))
  Logic Levels:           3  (CARRY4=2 LUT3=1)
  Clock Path Skew:        0.351ns (DCD - SCD - CPR)
    Destination Clock Delay (DCD):    0.967ns
    Source Clock Delay      (SCD):    0.611ns
    Clock Pessimism Removal (CPR):    0.005ns

    Location             Delay type                Incr(ns)  Path(ns)    Netlist Resource(s)
  -------------------------------------------------------------------    -------------------
                         (clock clk_out1_rv32_top_clk_wiz_0_0 rise edge)
                                                      0.000     0.000 r  
    BUFGCTRL_X0Y16       BUFG                         0.000     0.000 r  rv32_top_i/ps7/inst/buffer_fclk_clk_0.FCLK_CLK_0_BUFG/O
                         net (fo=1, routed)           0.597     0.597    rv32_top_i/clk_wiz_0/inst/clk_in1
    MMCME2_ADV_X1Y0      MMCME2_ADV (Prop_mmcme2_adv_CLKIN1_CLKOUT0)
                                                     -1.150    -0.553 r  rv32_top_i/clk_wiz_0/inst/mmcm_adv_inst/CLKOUT0
                         net (fo=1, routed)           0.529    -0.024    rv32_top_i/clk_wiz_0/inst/clk_out1_rv32_top_clk_wiz_0_0
    BUFGCTRL_X0Y0        BUFG (Prop_bufg_I_O)         0.026     0.002 r  rv32_top_i/clk_wiz_0/inst/clkout1_buf/O
                         net (fo=12242, routed)       0.609     0.611    rv32_top_i/plat/U0/u_mmio/u_npu/u_npu/u_array/gen_row[12].gen_col[11].u_pe/S_AXI_ACLK
    SLICE_X90Y99         FDRE                                         r  rv32_top_i/plat/U0/u_mmio/u_npu/u_npu/u_array/gen_row[12].gen_col[11].u_pe/p_reg[3]/C
  -------------------------------------------------------------------    -------------------
    SLICE_X90Y99         FDRE (Prop_fdre_C_Q)         0.164     0.775 r  rv32_top_i/plat/U0/u_mmio/u_npu/u_npu/u_array/gen_row[12].gen_col[11].u_pe/p_reg[3]/Q
                         net (fo=3, routed)           0.164     0.938    rv32_top_i/plat/U0/u_mmio/u_npu/u_npu/u_array/gen_row[11].gen_col[11].u_pe/p_reg[15]_0[96]
    SLICE_X90Y99         LUT3 (Prop_lut3_I0_O)        0.045     0.983 r  rv32_top_i/plat/U0/u_mmio/u_npu/u_npu/u_array/gen_row[11].gen_col[11].u_pe/p[3]_i_2__2/O
                         net (fo=1, routed)           0.000     0.983    rv32_top_i/plat/U0/u_mmio/u_npu/u_npu/u_array/gen_row[12].gen_col[11].u_pe/p_reg[3]_1[0]
    SLICE_X90Y99         CARRY4 (Prop_carry4_S[3]_CO[3])
                                                      0.109     1.092 r  rv32_top_i/plat/U0/u_mmio/u_npu/u_npu/u_array/gen_row[12].gen_col[11].u_pe/p_reg[3]_i_1__2/CO[3]
                         net (fo=1, routed)           0.001     1.093    rv32_top_i/plat/U0/u_mmio/u_npu/u_npu/u_array/gen_row[12].gen_col[11].u_pe/p_reg[3]_i_1__2_n_0
    SLICE_X90Y100        CARRY4 (Prop_carry4_CI_O[0])
                                                      0.053     1.146 r  rv32_top_i/plat/U0/u_mmio/u_npu/u_npu/u_array/gen_row[12].gen_col[11].u_pe/p_reg[7]_i_1__2/O[0]
                         net (fo=1, routed)           0.000     1.146    rv32_top_i/plat/U0/u_mmio/u_npu/u_npu/u_array/gen_row[12].gen_col[11].u_pe/p_0_in[4]
    SLICE_X90Y100        FDRE                                         r  rv32_top_i/plat/U0/u_mmio/u_npu/u_npu/u_array/gen_row[12].gen_col[11].u_pe/p_reg[4]/D
  -------------------------------------------------------------------    -------------------

                         (clock clk_out1_rv32_top_clk_wiz_0_0 rise edge)
                                                      0.000     0.000 r  
    BUFGCTRL_X0Y16       BUFG                         0.000     0.000 r  rv32_top_i/ps7/inst/buffer_fclk_clk_0.FCLK_CLK_0_BUFG/O
                         net (fo=1, routed)           0.864     0.864    rv32_top_i/clk_wiz_0/inst/clk_in1
    MMCME2_ADV_X1Y0      MMCME2_ADV (Prop_mmcme2_adv_CLKIN1_CLKOUT0)
                                                     -1.467    -0.603 r  rv32_top_i/clk_wiz_0/inst/mmcm_adv_inst/CLKOUT0
                         net (fo=1, routed)           0.576    -0.027    rv32_top_i/clk_wiz_0/inst/clk_out1_rv32_top_clk_wiz_0_0
    BUFGCTRL_X0Y0        BUFG (Prop_bufg_I_O)         0.029     0.002 r  rv32_top_i/clk_wiz_0/inst/clkout1_buf/O
                         net (fo=12242, routed)       0.965     0.967    rv32_top_i/plat/U0/u_mmio/u_npu/u_npu/u_array/gen_row[12].gen_col[11].u_pe/S_AXI_ACLK
    SLICE_X90Y100        FDRE                                         r  rv32_top_i/plat/U0/u_mmio/u_npu/u_npu/u_array/gen_row[12].gen_col[11].u_pe/p_reg[4]/C
                         clock pessimism             -0.005     0.962    
    SLICE_X90Y100        FDRE (Hold_fdre_C_D)         0.134     1.096    rv32_top_i/plat/U0/u_mmio/u_npu/u_npu/u_array/gen_row[12].gen_col[11].u_pe/p_reg[4]
  -------------------------------------------------------------------
                         required time                         -1.096    
                         arrival time                           1.146    
  -------------------------------------------------------------------
                         slack                                  0.050    

Slack (MET) :             0.051ns  (arrival time - required time)
  Source:                 rv32_top_i/plat/U0/u_mmio/u_npu/u_npu/u_array/gen_row[7].gen_col[15].u_pe/b_r_reg[1]/C
                            (rising edge-triggered cell FDRE clocked by clk_out1_rv32_top_clk_wiz_0_0  {rise@0.000ns fall@4.717ns period=9.434ns})
  Destination:            rv32_top_i/plat/U0/u_mmio/u_npu/u_npu/u_array/gen_row[8].gen_col[15].u_pe/b_r_reg[1]/D
                            (rising edge-triggered cell FDRE clocked by clk_out1_rv32_top_clk_wiz_0_0  {rise@0.000ns fall@4.717ns period=9.434ns})
  Path Group:             clk_out1_rv32_top_clk_wiz_0_0
  Path Type:              Hold (Min at Fast Process Corner)
  Requirement:            0.000ns  (clk_out1_rv32_top_clk_wiz_0_0 rise@0.000ns - clk_out1_rv32_top_clk_wiz_0_0 rise@0.000ns)
  Data Path Delay:        0.389ns  (logic 0.141ns (36.228%)  route 0.248ns (63.772%))
  Logic Levels:           0  
  Clock Path Skew:        0.268ns (DCD - SCD - CPR)
    Destination Clock Delay (DCD):    0.853ns
    Source Clock Delay      (SCD):    0.585ns
    Clock Pessimism Removal (CPR):    -0.000ns

    Location             Delay type                Incr(ns)  Path(ns)    Netlist Resource(s)
  -------------------------------------------------------------------    -------------------
                         (clock clk_out1_rv32_top_clk_wiz_0_0 rise edge)
                                                      0.000     0.000 r  
    BUFGCTRL_X0Y16       BUFG                         0.000     0.000 r  rv32_top_i/ps7/inst/buffer_fclk_clk_0.FCLK_CLK_0_BUFG/O
                         net (fo=1, routed)           0.597     0.597    rv32_top_i/clk_wiz_0/inst/clk_in1
    MMCME2_ADV_X1Y0      MMCME2_ADV (Prop_mmcme2_adv_CLKIN1_CLKOUT0)
                                                     -1.150    -0.553 r  rv32_top_i/clk_wiz_0/inst/mmcm_adv_inst/CLKOUT0
                         net (fo=1, routed)           0.529    -0.024    rv32_top_i/clk_wiz_0/inst/clk_out1_rv32_top_clk_wiz_0_0
    BUFGCTRL_X0Y0        BUFG (Prop_bufg_I_O)         0.026     0.002 r  rv32_top_i/clk_wiz_0/inst/clkout1_buf/O
                         net (fo=12242, routed)       0.583     0.585    rv32_top_i/plat/U0/u_mmio/u_npu/u_npu/u_array/gen_row[7].gen_col[15].u_pe/S_AXI_ACLK
    SLICE_X61Y45         FDRE                                         r  rv32_top_i/plat/U0/u_mmio/u_npu/u_npu/u_array/gen_row[7].gen_col[15].u_pe/b_r_reg[1]/C
  -------------------------------------------------------------------    -------------------
    SLICE_X61Y45         FDRE (Prop_fdre_C_Q)         0.141     0.726 r  rv32_top_i/plat/U0/u_mmio/u_npu/u_npu/u_array/gen_row[7].gen_col[15].u_pe/b_r_reg[1]/Q
                         net (fo=2, routed)           0.248     0.974    rv32_top_i/plat/U0/u_mmio/u_npu/u_npu/u_array/gen_row[8].gen_col[15].u_pe/D[1]
    SLICE_X61Y50         FDRE                                         r  rv32_top_i/plat/U0/u_mmio/u_npu/u_npu/u_array/gen_row[8].gen_col[15].u_pe/b_r_reg[1]/D
  -------------------------------------------------------------------    -------------------

                         (clock clk_out1_rv32_top_clk_wiz_0_0 rise edge)
                                                      0.000     0.000 r  
    BUFGCTRL_X0Y16       BUFG                         0.000     0.000 r  rv32_top_i/ps7/inst/buffer_fclk_clk_0.FCLK_CLK_0_BUFG/O
                         net (fo=1, routed)           0.864     0.864    rv32_top_i/clk_wiz_0/inst/clk_in1
    MMCME2_ADV_X1Y0      MMCME2_ADV (Prop_mmcme2_adv_CLKIN1_CLKOUT0)
                                                     -1.467    -0.603 r  rv32_top_i/clk_wiz_0/inst/mmcm_adv_inst/CLKOUT0
                         net (fo=1, routed)           0.576    -0.027    rv32_top_i/clk_wiz_0/inst/clk_out1_rv32_top_clk_wiz_0_0
    BUFGCTRL_X0Y0        BUFG (Prop_bufg_I_O)         0.029     0.002 r  rv32_top_i/clk_wiz_0/inst/clkout1_buf/O
                         net (fo=12242, routed)       0.851     0.853    rv32_top_i/plat/U0/u_mmio/u_npu/u_npu/u_array/gen_row[8].gen_col[15].u_pe/S_AXI_ACLK
    SLICE_X61Y50         FDRE                                         r  rv32_top_i/plat/U0/u_mmio/u_npu/u_npu/u_array/gen_row[8].gen_col[15].u_pe/b_r_reg[1]/C
                         clock pessimism              0.000     0.853    
    SLICE_X61Y50         FDRE (Hold_fdre_C_D)         0.070     0.923    rv32_top_i/plat/U0/u_mmio/u_npu/u_npu/u_array/gen_row[8].gen_col[15].u_pe/b_r_reg[1]
  -------------------------------------------------------------------
                         required time                         -0.923    
                         arrival time                           0.974    
  -------------------------------------------------------------------
                         slack                                  0.051    

Slack (MET) :             0.051ns  (arrival time - required time)
  Source:                 rv32_top_i/plat/U0/u_mmio/u_npu/u_npu/u_array/gen_row[12].gen_col[8].u_pe/p_reg[3]/C
                            (rising edge-triggered cell FDRE clocked by clk_out1_rv32_top_clk_wiz_0_0  {rise@0.000ns fall@4.717ns period=9.434ns})
  Destination:            rv32_top_i/plat/U0/u_mmio/u_npu/u_npu/u_array/gen_row[12].gen_col[8].u_pe/p_reg[6]/D
                            (rising edge-triggered cell FDRE clocked by clk_out1_rv32_top_clk_wiz_0_0  {rise@0.000ns fall@4.717ns period=9.434ns})
  Path Group:             clk_out1_rv32_top_clk_wiz_0_0
  Path Type:              Hold (Min at Fast Process Corner)
  Requirement:            0.000ns  (clk_out1_rv32_top_clk_wiz_0_0 rise@0.000ns - clk_out1_rv32_top_clk_wiz_0_0 rise@0.000ns)
  Data Path Delay:        0.535ns  (logic 0.384ns (71.731%)  route 0.151ns (28.269%))
  Logic Levels:           3  (CARRY4=2 LUT3=1)
  Clock Path Skew:        0.350ns (DCD - SCD - CPR)
    Destination Clock Delay (DCD):    0.939ns
    Source Clock Delay      (SCD):    0.584ns
    Clock Pessimism Removal (CPR):    0.005ns

    Location             Delay type                Incr(ns)  Path(ns)    Netlist Resource(s)
  -------------------------------------------------------------------    -------------------
                         (clock clk_out1_rv32_top_clk_wiz_0_0 rise edge)
                                                      0.000     0.000 r  
    BUFGCTRL_X0Y16       BUFG                         0.000     0.000 r  rv32_top_i/ps7/inst/buffer_fclk_clk_0.FCLK_CLK_0_BUFG/O
                         net (fo=1, routed)           0.597     0.597    rv32_top_i/clk_wiz_0/inst/clk_in1
    MMCME2_ADV_X1Y0      MMCME2_ADV (Prop_mmcme2_adv_CLKIN1_CLKOUT0)
                                                     -1.150    -0.553 r  rv32_top_i/clk_wiz_0/inst/mmcm_adv_inst/CLKOUT0
                         net (fo=1, routed)           0.529    -0.024    rv32_top_i/clk_wiz_0/inst/clk_out1_rv32_top_clk_wiz_0_0
    BUFGCTRL_X0Y0        BUFG (Prop_bufg_I_O)         0.026     0.002 r  rv32_top_i/clk_wiz_0/inst/clkout1_buf/O
                         net (fo=12242, routed)       0.582     0.584    rv32_top_i/plat/U0/u_mmio/u_npu/u_npu/u_array/gen_row[12].gen_col[8].u_pe/S_AXI_ACLK
    SLICE_X66Y99         FDRE                                         r  rv32_top_i/plat/U0/u_mmio/u_npu/u_npu/u_array/gen_row[12].gen_col[8].u_pe/p_reg[3]/C
  -------------------------------------------------------------------    -------------------
    SLICE_X66Y99         FDRE (Prop_fdre_C_Q)         0.164     0.748 r  rv32_top_i/plat/U0/u_mmio/u_npu/u_npu/u_array/gen_row[12].gen_col[8].u_pe/p_reg[3]/Q
                         net (fo=3, routed)           0.151     0.898    rv32_top_i/plat/U0/u_mmio/u_npu/u_npu/u_array/gen_row[11].gen_col[8].u_pe/p_reg[15]_1[0]
    SLICE_X66Y99         LUT3 (Prop_lut3_I0_O)        0.045     0.943 r  rv32_top_i/plat/U0/u_mmio/u_npu/u_npu/u_array/gen_row[11].gen_col[8].u_pe/p[3]_i_2/O
                         net (fo=1, routed)           0.000     0.943    rv32_top_i/plat/U0/u_mmio/u_npu/u_npu/u_array/gen_row[12].gen_col[8].u_pe/p_reg[3]_1[0]
    SLICE_X66Y99         CARRY4 (Prop_carry4_S[3]_CO[3])
                                                      0.109     1.052 r  rv32_top_i/plat/U0/u_mmio/u_npu/u_npu/u_array/gen_row[12].gen_col[8].u_pe/p_reg[3]_i_1/CO[3]
                         net (fo=1, routed)           0.001     1.053    rv32_top_i/plat/U0/u_mmio/u_npu/u_npu/u_array/gen_row[12].gen_col[8].u_pe/p_reg[3]_i_1_n_0
    SLICE_X66Y100        CARRY4 (Prop_carry4_CI_O[2])
                                                      0.066     1.119 r  rv32_top_i/plat/U0/u_mmio/u_npu/u_npu/u_array/gen_row[12].gen_col[8].u_pe/p_reg[7]_i_1/O[2]
                         net (fo=1, routed)           0.000     1.119    rv32_top_i/plat/U0/u_mmio/u_npu/u_npu/u_array/gen_row[12].gen_col[8].u_pe/p_0_in[6]
    SLICE_X66Y100        FDRE                                         r  rv32_top_i/plat/U0/u_mmio/u_npu/u_npu/u_array/gen_row[12].gen_col[8].u_pe/p_reg[6]/D
  -------------------------------------------------------------------    -------------------

                         (clock clk_out1_rv32_top_clk_wiz_0_0 rise edge)
                                                      0.000     0.000 r  
    BUFGCTRL_X0Y16       BUFG                         0.000     0.000 r  rv32_top_i/ps7/inst/buffer_fclk_clk_0.FCLK_CLK_0_BUFG/O
                         net (fo=1, routed)           0.864     0.864    rv32_top_i/clk_wiz_0/inst/clk_in1
    MMCME2_ADV_X1Y0      MMCME2_ADV (Prop_mmcme2_adv_CLKIN1_CLKOUT0)
                                                     -1.467    -0.603 r  rv32_top_i/clk_wiz_0/inst/mmcm_adv_inst/CLKOUT0
                         net (fo=1, routed)           0.576    -0.027    rv32_top_i/clk_wiz_0/inst/clk_out1_rv32_top_clk_wiz_0_0
    BUFGCTRL_X0Y0        BUFG (Prop_bufg_I_O)         0.029     0.002 r  rv32_top_i/clk_wiz_0/inst/clkout1_buf/O
                         net (fo=12242, routed)       0.937     0.939    rv32_top_i/plat/U0/u_mmio/u_npu/u_npu/u_array/gen_row[12].gen_col[8].u_pe/S_AXI_ACLK
    SLICE_X66Y100        FDRE                                         r  rv32_top_i/plat/U0/u_mmio/u_npu/u_npu/u_array/gen_row[12].gen_col[8].u_pe/p_reg[6]/C
                         clock pessimism             -0.005     0.934    
    SLICE_X66Y100        FDRE (Hold_fdre_C_D)         0.134     1.068    rv32_top_i/plat/U0/u_mmio/u_npu/u_npu/u_array/gen_row[12].gen_col[8].u_pe/p_reg[6]
  -------------------------------------------------------------------
                         required time                         -1.068    
                         arrival time                           1.119    
  -------------------------------------------------------------------
                         slack                                  0.051    

Slack (MET) :             0.052ns  (arrival time - required time)
  Source:                 rv32_top_i/plat/U0/u_mmio/u_npu/u_npu/u_array/gen_row[13].gen_col[15].u_pe/p_reg[14]/C
                            (rising edge-triggered cell FDRE clocked by clk_out1_rv32_top_clk_wiz_0_0  {rise@0.000ns fall@4.717ns period=9.434ns})
  Destination:            rv32_top_i/plat/U0/u_mmio/u_npu/u_npu/u_array/gen_row[13].gen_col[15].u_pe/p_reg[28]/D
                            (rising edge-triggered cell FDRE clocked by clk_out1_rv32_top_clk_wiz_0_0  {rise@0.000ns fall@4.717ns period=9.434ns})
  Path Group:             clk_out1_rv32_top_clk_wiz_0_0
  Path Type:              Hold (Min at Fast Process Corner)
  Requirement:            0.000ns  (clk_out1_rv32_top_clk_wiz_0_0 rise@0.000ns - clk_out1_rv32_top_clk_wiz_0_0 rise@0.000ns)
  Data Path Delay:        0.509ns  (logic 0.429ns (84.301%)  route 0.080ns (15.699%))
  Logic Levels:           5  (CARRY4=5)
  Clock Path Skew:        0.352ns (DCD - SCD - CPR)
    Destination Clock Delay (DCD):    0.969ns
    Source Clock Delay      (SCD):    0.612ns
    Clock Pessimism Removal (CPR):    0.005ns

    Location             Delay type                Incr(ns)  Path(ns)    Netlist Resource(s)
  -------------------------------------------------------------------    -------------------
                         (clock clk_out1_rv32_top_clk_wiz_0_0 rise edge)
                                                      0.000     0.000 r  
    BUFGCTRL_X0Y16       BUFG                         0.000     0.000 r  rv32_top_i/ps7/inst/buffer_fclk_clk_0.FCLK_CLK_0_BUFG/O
                         net (fo=1, routed)           0.597     0.597    rv32_top_i/clk_wiz_0/inst/clk_in1
    MMCME2_ADV_X1Y0      MMCME2_ADV (Prop_mmcme2_adv_CLKIN1_CLKOUT0)
                                                     -1.150    -0.553 r  rv32_top_i/clk_wiz_0/inst/mmcm_adv_inst/CLKOUT0
                         net (fo=1, routed)           0.529    -0.024    rv32_top_i/clk_wiz_0/inst/clk_out1_rv32_top_clk_wiz_0_0
    BUFGCTRL_X0Y0        BUFG (Prop_bufg_I_O)         0.026     0.002 r  rv32_top_i/clk_wiz_0/inst/clkout1_buf/O
                         net (fo=12242, routed)       0.610     0.612    rv32_top_i/plat/U0/u_mmio/u_npu/u_npu/u_array/gen_row[13].gen_col[15].u_pe/S_AXI_ACLK
    SLICE_X99Y96         FDRE                                         r  rv32_top_i/plat/U0/u_mmio/u_npu/u_npu/u_array/gen_row[13].gen_col[15].u_pe/p_reg[14]/C
  -------------------------------------------------------------------    -------------------
    SLICE_X99Y96         FDRE (Prop_fdre_C_Q)         0.141     0.753 r  rv32_top_i/plat/U0/u_mmio/u_npu/u_npu/u_array/gen_row[13].gen_col[15].u_pe/p_reg[14]/Q
                         net (fo=3, routed)           0.079     0.832    rv32_top_i/plat/U0/u_mmio/u_npu/u_npu/u_array/gen_row[13].gen_col[15].u_pe/acc_flat[7150]
    SLICE_X99Y96         CARRY4 (Prop_carry4_DI[2]_CO[3])
                                                      0.117     0.949 r  rv32_top_i/plat/U0/u_mmio/u_npu/u_npu/u_array/gen_row[13].gen_col[15].u_pe/p_reg[15]_i_1__22/CO[3]
                         net (fo=1, routed)           0.000     0.949    rv32_top_i/plat/U0/u_mmio/u_npu/u_npu/u_array/gen_row[13].gen_col[15].u_pe/p_reg[15]_i_1__22_n_0
    SLICE_X99Y97         CARRY4 (Prop_carry4_CI_CO[3])
                                                      0.039     0.988 r  rv32_top_i/plat/U0/u_mmio/u_npu/u_npu/u_array/gen_row[13].gen_col[15].u_pe/p_reg[19]_i_1__22/CO[3]
                         net (fo=1, routed)           0.000     0.988    rv32_top_i/plat/U0/u_mmio/u_npu/u_npu/u_array/gen_row[13].gen_col[15].u_pe/p_reg[19]_i_1__22_n_0
    SLICE_X99Y98         CARRY4 (Prop_carry4_CI_CO[3])
                                                      0.039     1.027 r  rv32_top_i/plat/U0/u_mmio/u_npu/u_npu/u_array/gen_row[13].gen_col[15].u_pe/p_reg[23]_i_1__22/CO[3]
                         net (fo=1, routed)           0.000     1.027    rv32_top_i/plat/U0/u_mmio/u_npu/u_npu/u_array/gen_row[13].gen_col[15].u_pe/p_reg[23]_i_1__22_n_0
    SLICE_X99Y99         CARRY4 (Prop_carry4_CI_CO[3])
                                                      0.039     1.066 r  rv32_top_i/plat/U0/u_mmio/u_npu/u_npu/u_array/gen_row[13].gen_col[15].u_pe/p_reg[27]_i_1__22/CO[3]
                         net (fo=1, routed)           0.001     1.067    rv32_top_i/plat/U0/u_mmio/u_npu/u_npu/u_array/gen_row[13].gen_col[15].u_pe/p_reg[27]_i_1__22_n_0
    SLICE_X99Y100        CARRY4 (Prop_carry4_CI_O[0])
                                                      0.054     1.121 r  rv32_top_i/plat/U0/u_mmio/u_npu/u_npu/u_array/gen_row[13].gen_col[15].u_pe/p_reg[31]_i_1__21/O[0]
                         net (fo=1, routed)           0.000     1.121    rv32_top_i/plat/U0/u_mmio/u_npu/u_npu/u_array/gen_row[13].gen_col[15].u_pe/p_0_in[28]
    SLICE_X99Y100        FDRE                                         r  rv32_top_i/plat/U0/u_mmio/u_npu/u_npu/u_array/gen_row[13].gen_col[15].u_pe/p_reg[28]/D
  -------------------------------------------------------------------    -------------------

                         (clock clk_out1_rv32_top_clk_wiz_0_0 rise edge)
                                                      0.000     0.000 r  
    BUFGCTRL_X0Y16       BUFG                         0.000     0.000 r  rv32_top_i/ps7/inst/buffer_fclk_clk_0.FCLK_CLK_0_BUFG/O
                         net (fo=1, routed)           0.864     0.864    rv32_top_i/clk_wiz_0/inst/clk_in1
    MMCME2_ADV_X1Y0      MMCME2_ADV (Prop_mmcme2_adv_CLKIN1_CLKOUT0)
                                                     -1.467    -0.603 r  rv32_top_i/clk_wiz_0/inst/mmcm_adv_inst/CLKOUT0
                         net (fo=1, routed)           0.576    -0.027    rv32_top_i/clk_wiz_0/inst/clk_out1_rv32_top_clk_wiz_0_0
    BUFGCTRL_X0Y0        BUFG (Prop_bufg_I_O)         0.029     0.002 r  rv32_top_i/clk_wiz_0/inst/clkout1_buf/O
                         net (fo=12242, routed)       0.967     0.969    rv32_top_i/plat/U0/u_mmio/u_npu/u_npu/u_array/gen_row[13].gen_col[15].u_pe/S_AXI_ACLK
    SLICE_X99Y100        FDRE                                         r  rv32_top_i/plat/U0/u_mmio/u_npu/u_npu/u_array/gen_row[13].gen_col[15].u_pe/p_reg[28]/C
                         clock pessimism             -0.005     0.964    
    SLICE_X99Y100        FDRE (Hold_fdre_C_D)         0.105     1.069    rv32_top_i/plat/U0/u_mmio/u_npu/u_npu/u_array/gen_row[13].gen_col[15].u_pe/p_reg[28]
  -------------------------------------------------------------------
                         required time                         -1.069    
                         arrival time                           1.121    
  -------------------------------------------------------------------
                         slack                                  0.052    

Slack (MET) :             0.055ns  (arrival time - required time)
  Source:                 rv32_top_i/plat/U0/u_mmio/u_npu/u_npu/u_array/gen_row[13].gen_col[1].u_pe/p_reg[14]/C
                            (rising edge-triggered cell FDRE clocked by clk_out1_rv32_top_clk_wiz_0_0  {rise@0.000ns fall@4.717ns period=9.434ns})
  Destination:            rv32_top_i/plat/U0/u_mmio/u_npu/u_npu/u_array/gen_row[13].gen_col[1].u_pe/p_reg[28]/D
                            (rising edge-triggered cell FDRE clocked by clk_out1_rv32_top_clk_wiz_0_0  {rise@0.000ns fall@4.717ns period=9.434ns})
  Path Group:             clk_out1_rv32_top_clk_wiz_0_0
  Path Type:              Hold (Min at Fast Process Corner)
  Requirement:            0.000ns  (clk_out1_rv32_top_clk_wiz_0_0 rise@0.000ns - clk_out1_rv32_top_clk_wiz_0_0 rise@0.000ns)
  Data Path Delay:        0.511ns  (logic 0.429ns (83.943%)  route 0.082ns (16.057%))
  Logic Levels:           5  (CARRY4=5)
  Clock Path Skew:        0.351ns (DCD - SCD - CPR)
    Destination Clock Delay (DCD):    0.943ns
    Source Clock Delay      (SCD):    0.587ns
    Clock Pessimism Removal (CPR):    0.005ns

    Location             Delay type                Incr(ns)  Path(ns)    Netlist Resource(s)
  -------------------------------------------------------------------    -------------------
                         (clock clk_out1_rv32_top_clk_wiz_0_0 rise edge)
                                                      0.000     0.000 r  
    BUFGCTRL_X0Y16       BUFG                         0.000     0.000 r  rv32_top_i/ps7/inst/buffer_fclk_clk_0.FCLK_CLK_0_BUFG/O
                         net (fo=1, routed)           0.597     0.597    rv32_top_i/clk_wiz_0/inst/clk_in1
    MMCME2_ADV_X1Y0      MMCME2_ADV (Prop_mmcme2_adv_CLKIN1_CLKOUT0)
                                                     -1.150    -0.553 r  rv32_top_i/clk_wiz_0/inst/mmcm_adv_inst/CLKOUT0
                         net (fo=1, routed)           0.529    -0.024    rv32_top_i/clk_wiz_0/inst/clk_out1_rv32_top_clk_wiz_0_0
    BUFGCTRL_X0Y0        BUFG (Prop_bufg_I_O)         0.026     0.002 r  rv32_top_i/clk_wiz_0/inst/clkout1_buf/O
                         net (fo=12242, routed)       0.585     0.587    rv32_top_i/plat/U0/u_mmio/u_npu/u_npu/u_array/gen_row[13].gen_col[1].u_pe/S_AXI_ACLK
    SLICE_X83Y96         FDRE                                         r  rv32_top_i/plat/U0/u_mmio/u_npu/u_npu/u_array/gen_row[13].gen_col[1].u_pe/p_reg[14]/C
  -------------------------------------------------------------------    -------------------
    SLICE_X83Y96         FDRE (Prop_fdre_C_Q)         0.141     0.728 r  rv32_top_i/plat/U0/u_mmio/u_npu/u_npu/u_array/gen_row[13].gen_col[1].u_pe/p_reg[14]/Q
                         net (fo=3, routed)           0.081     0.809    rv32_top_i/plat/U0/u_mmio/u_npu/u_npu/u_array/gen_row[13].gen_col[1].u_pe/Q[14]
    SLICE_X83Y96         CARRY4 (Prop_carry4_DI[2]_CO[3])
                                                      0.117     0.926 r  rv32_top_i/plat/U0/u_mmio/u_npu/u_npu/u_array/gen_row[13].gen_col[1].u_pe/p_reg[15]_i_1__8/CO[3]
                         net (fo=1, routed)           0.000     0.926    rv32_top_i/plat/U0/u_mmio/u_npu/u_npu/u_array/gen_row[13].gen_col[1].u_pe/p_reg[15]_i_1__8_n_0
    SLICE_X83Y97         CARRY4 (Prop_carry4_CI_CO[3])
                                                      0.039     0.965 r  rv32_top_i/plat/U0/u_mmio/u_npu/u_npu/u_array/gen_row[13].gen_col[1].u_pe/p_reg[19]_i_1__8/CO[3]
                         net (fo=1, routed)           0.000     0.965    rv32_top_i/plat/U0/u_mmio/u_npu/u_npu/u_array/gen_row[13].gen_col[1].u_pe/p_reg[19]_i_1__8_n_0
    SLICE_X83Y98         CARRY4 (Prop_carry4_CI_CO[3])
                                                      0.039     1.004 r  rv32_top_i/plat/U0/u_mmio/u_npu/u_npu/u_array/gen_row[13].gen_col[1].u_pe/p_reg[23]_i_1__8/CO[3]
                         net (fo=1, routed)           0.000     1.004    rv32_top_i/plat/U0/u_mmio/u_npu/u_npu/u_array/gen_row[13].gen_col[1].u_pe/p_reg[23]_i_1__8_n_0
    SLICE_X83Y99         CARRY4 (Prop_carry4_CI_CO[3])
                                                      0.039     1.043 r  rv32_top_i/plat/U0/u_mmio/u_npu/u_npu/u_array/gen_row[13].gen_col[1].u_pe/p_reg[27]_i_1__8/CO[3]
                         net (fo=1, routed)           0.001     1.044    rv32_top_i/plat/U0/u_mmio/u_npu/u_npu/u_array/gen_row[13].gen_col[1].u_pe/p_reg[27]_i_1__8_n_0
    SLICE_X83Y100        CARRY4 (Prop_carry4_CI_O[0])
                                                      0.054     1.098 r  rv32_top_i/plat/U0/u_mmio/u_npu/u_npu/u_array/gen_row[13].gen_col[1].u_pe/p_reg[31]_i_1__7/O[0]
                         net (fo=1, routed)           0.000     1.098    rv32_top_i/plat/U0/u_mmio/u_npu/u_npu/u_array/gen_row[13].gen_col[1].u_pe/p_0_in[28]
    SLICE_X83Y100        FDRE                                         r  rv32_top_i/plat/U0/u_mmio/u_npu/u_npu/u_array/gen_row[13].gen_col[1].u_pe/p_reg[28]/D
  -------------------------------------------------------------------    -------------------

                         (clock clk_out1_rv32_top_clk_wiz_0_0 rise edge)
                                                      0.000     0.000 r  
    BUFGCTRL_X0Y16       BUFG                         0.000     0.000 r  rv32_top_i/ps7/inst/buffer_fclk_clk_0.FCLK_CLK_0_BUFG/O
                         net (fo=1, routed)           0.864     0.864    rv32_top_i/clk_wiz_0/inst/clk_in1
    MMCME2_ADV_X1Y0      MMCME2_ADV (Prop_mmcme2_adv_CLKIN1_CLKOUT0)
                                                     -1.467    -0.603 r  rv32_top_i/clk_wiz_0/inst/mmcm_adv_inst/CLKOUT0
                         net (fo=1, routed)           0.576    -0.027    rv32_top_i/clk_wiz_0/inst/clk_out1_rv32_top_clk_wiz_0_0
    BUFGCTRL_X0Y0        BUFG (Prop_bufg_I_O)         0.029     0.002 r  rv32_top_i/clk_wiz_0/inst/clkout1_buf/O
                         net (fo=12242, routed)       0.941     0.943    rv32_top_i/plat/U0/u_mmio/u_npu/u_npu/u_array/gen_row[13].gen_col[1].u_pe/S_AXI_ACLK
    SLICE_X83Y100        FDRE                                         r  rv32_top_i/plat/U0/u_mmio/u_npu/u_npu/u_array/gen_row[13].gen_col[1].u_pe/p_reg[28]/C
                         clock pessimism             -0.005     0.938    
    SLICE_X83Y100        FDRE (Hold_fdre_C_D)         0.105     1.043    rv32_top_i/plat/U0/u_mmio/u_npu/u_npu/u_array/gen_row[13].gen_col[1].u_pe/p_reg[28]
  -------------------------------------------------------------------
                         required time                         -1.043    
                         arrival time                           1.098    
  -------------------------------------------------------------------
                         slack                                  0.055    

Slack (MET) :             0.057ns  (arrival time - required time)
  Source:                 rv32_top_i/axi_smc/inst/s00_nodes/s00_w_node/inst/inst_mi_handler/gen_normal_area.inst_fifo_node_payld/gen_reg_fifo.inst_reg_fifo/gen_single_rank.data_reg[27]/C
                            (rising edge-triggered cell FDRE clocked by clk_out1_rv32_top_clk_wiz_0_0  {rise@0.000ns fall@4.717ns period=9.434ns})
  Destination:            rv32_top_i/plat/U0/u_ctrl/wdata_q_reg[9]/D
                            (rising edge-triggered cell FDRE clocked by clk_out1_rv32_top_clk_wiz_0_0  {rise@0.000ns fall@4.717ns period=9.434ns})
  Path Group:             clk_out1_rv32_top_clk_wiz_0_0
  Path Type:              Hold (Min at Fast Process Corner)
  Requirement:            0.000ns  (clk_out1_rv32_top_clk_wiz_0_0 rise@0.000ns - clk_out1_rv32_top_clk_wiz_0_0 rise@0.000ns)
  Data Path Delay:        0.317ns  (logic 0.141ns (44.546%)  route 0.176ns (55.454%))
  Logic Levels:           0  
  Clock Path Skew:        0.184ns (DCD - SCD - CPR)
    Destination Clock Delay (DCD):    0.849ns
    Source Clock Delay      (SCD):    0.660ns
    Clock Pessimism Removal (CPR):    0.005ns

    Location             Delay type                Incr(ns)  Path(ns)    Netlist Resource(s)
  -------------------------------------------------------------------    -------------------
                         (clock clk_out1_rv32_top_clk_wiz_0_0 rise edge)
                                                      0.000     0.000 r  
    BUFGCTRL_X0Y16       BUFG                         0.000     0.000 r  rv32_top_i/ps7/inst/buffer_fclk_clk_0.FCLK_CLK_0_BUFG/O
                         net (fo=1, routed)           0.597     0.597    rv32_top_i/clk_wiz_0/inst/clk_in1
    MMCME2_ADV_X1Y0      MMCME2_ADV (Prop_mmcme2_adv_CLKIN1_CLKOUT0)
                                                     -1.150    -0.553 r  rv32_top_i/clk_wiz_0/inst/mmcm_adv_inst/CLKOUT0
                         net (fo=1, routed)           0.529    -0.024    rv32_top_i/clk_wiz_0/inst/clk_out1_rv32_top_clk_wiz_0_0
    BUFGCTRL_X0Y0        BUFG (Prop_bufg_I_O)         0.026     0.002 r  rv32_top_i/clk_wiz_0/inst/clkout1_buf/O
                         net (fo=12242, routed)       0.658     0.660    rv32_top_i/axi_smc/inst/s00_nodes/s00_w_node/inst/inst_mi_handler/gen_normal_area.inst_fifo_node_payld/gen_reg_fifo.inst_reg_fifo/s_sc_aclk
    SLICE_X27Y100        FDRE                                         r  rv32_top_i/axi_smc/inst/s00_nodes/s00_w_node/inst/inst_mi_handler/gen_normal_area.inst_fifo_node_payld/gen_reg_fifo.inst_reg_fifo/gen_single_rank.data_reg[27]/C
  -------------------------------------------------------------------    -------------------
    SLICE_X27Y100        FDRE (Prop_fdre_C_Q)         0.141     0.801 r  rv32_top_i/axi_smc/inst/s00_nodes/s00_w_node/inst/inst_mi_handler/gen_normal_area.inst_fifo_node_payld/gen_reg_fifo.inst_reg_fifo/gen_single_rank.data_reg[27]/Q
                         net (fo=1, routed)           0.176     0.977    rv32_top_i/plat/U0/u_ctrl/S_AXI_WDATA[9]
    SLICE_X28Y99         FDRE                                         r  rv32_top_i/plat/U0/u_ctrl/wdata_q_reg[9]/D
  -------------------------------------------------------------------    -------------------

                         (clock clk_out1_rv32_top_clk_wiz_0_0 rise edge)
                                                      0.000     0.000 r  
    BUFGCTRL_X0Y16       BUFG                         0.000     0.000 r  rv32_top_i/ps7/inst/buffer_fclk_clk_0.FCLK_CLK_0_BUFG/O
                         net (fo=1, routed)           0.864     0.864    rv32_top_i/clk_wiz_0/inst/clk_in1
    MMCME2_ADV_X1Y0      MMCME2_ADV (Prop_mmcme2_adv_CLKIN1_CLKOUT0)
                                                     -1.467    -0.603 r  rv32_top_i/clk_wiz_0/inst/mmcm_adv_inst/CLKOUT0
                         net (fo=1, routed)           0.576    -0.027    rv32_top_i/clk_wiz_0/inst/clk_out1_rv32_top_clk_wiz_0_0
    BUFGCTRL_X0Y0        BUFG (Prop_bufg_I_O)         0.029     0.002 r  rv32_top_i/clk_wiz_0/inst/clkout1_buf/O
                         net (fo=12242, routed)       0.847     0.849    rv32_top_i/plat/U0/u_ctrl/S_AXI_ACLK
    SLICE_X28Y99         FDRE                                         r  rv32_top_i/plat/U0/u_ctrl/wdata_q_reg[9]/C
                         clock pessimism             -0.005     0.844    
    SLICE_X28Y99         FDRE (Hold_fdre_C_D)         0.076     0.920    rv32_top_i/plat/U0/u_ctrl/wdata_q_reg[9]
  -------------------------------------------------------------------
                         required time                         -0.920    
                         arrival time                           0.977    
  -------------------------------------------------------------------
                         slack                                  0.057    





Pulse Width Checks
--------------------------------------------------------------------------------------
Clock Name:         clk_out1_rv32_top_clk_wiz_0_0
Waveform(ns):       { 0.000 4.717 }
Period(ns):         9.434
Sources:            { rv32_top_i/clk_wiz_0/inst/mmcm_adv_inst/CLKOUT0 }

Check Type        Corner  Lib Pin             Reference Pin  Required(ns)  Actual(ns)  Slack(ns)  Location         Pin
Min Period        n/a     DSP48E1/CLK         n/a            3.884         9.434       5.550      DSP48_X3Y58      rv32_top_i/plat/U0/u_mmio/u_npu/u_npu/prod_q_reg/CLK
Min Period        n/a     DSP48E1/CLK         n/a            3.884         9.434       5.550      DSP48_X4Y39      rv32_top_i/plat/U0/u_mmio/u_npu/u_npu/u_array/gen_row[0].gen_col[0].u_pe/p_reg/CLK
Min Period        n/a     DSP48E1/CLK         n/a            3.884         9.434       5.550      DSP48_X0Y8       rv32_top_i/plat/U0/u_mmio/u_npu/u_npu/u_array/gen_row[0].gen_col[10].u_pe/p_reg/CLK
Min Period        n/a     DSP48E1/CLK         n/a            3.884         9.434       5.550      DSP48_X0Y9       rv32_top_i/plat/U0/u_mmio/u_npu/u_npu/u_array/gen_row[0].gen_col[11].u_pe/p_reg/CLK
Min Period        n/a     DSP48E1/CLK         n/a            3.884         9.434       5.550      DSP48_X0Y10      rv32_top_i/plat/U0/u_mmio/u_npu/u_npu/u_array/gen_row[0].gen_col[12].u_pe/p_reg/CLK
Min Period        n/a     DSP48E1/CLK         n/a            3.884         9.434       5.550      DSP48_X0Y11      rv32_top_i/plat/U0/u_mmio/u_npu/u_npu/u_array/gen_row[0].gen_col[13].u_pe/p_reg/CLK
Min Period        n/a     DSP48E1/CLK         n/a            3.884         9.434       5.550      DSP48_X0Y12      rv32_top_i/plat/U0/u_mmio/u_npu/u_npu/u_array/gen_row[0].gen_col[14].u_pe/p_reg/CLK
Min Period        n/a     DSP48E1/CLK         n/a            3.884         9.434       5.550      DSP48_X0Y13      rv32_top_i/plat/U0/u_mmio/u_npu/u_npu/u_array/gen_row[0].gen_col[15].u_pe/p_reg/CLK
Min Period        n/a     DSP48E1/CLK         n/a            3.884         9.434       5.550      DSP48_X3Y59      rv32_top_i/plat/U0/u_mmio/u_npu/u_npu/u_array/gen_row[0].gen_col[1].u_pe/p_reg/CLK
Min Period        n/a     DSP48E1/CLK         n/a            3.884         9.434       5.550      DSP48_X0Y0       rv32_top_i/plat/U0/u_mmio/u_npu/u_npu/u_array/gen_row[0].gen_col[2].u_pe/p_reg/CLK
Max Period        n/a     MMCME2_ADV/CLKOUT0  n/a            213.360       9.434       203.926    MMCME2_ADV_X1Y0  rv32_top_i/clk_wiz_0/inst/mmcm_adv_inst/CLKOUT0
Low Pulse Width   Slow    RAMS64E/CLK         n/a            1.250         4.717       3.467      SLICE_X54Y116    rv32_top_i/plat/U0/u_dcache/u_tag/tag_mem_reg_0_255_0_0/RAMS64E_A/CLK
Low Pulse Width   Fast    RAMS64E/CLK         n/a            1.250         4.717       3.467      SLICE_X54Y116    rv32_top_i/plat/U0/u_dcache/u_tag/tag_mem_reg_0_255_0_0/RAMS64E_A/CLK
Low Pulse Width   Slow    RAMS64E/CLK         n/a            1.250         4.717       3.467      SLICE_X54Y116    rv32_top_i/plat/U0/u_dcache/u_tag/tag_mem_reg_0_255_0_0/RAMS64E_B/CLK
Low Pulse Width   Fast    RAMS64E/CLK         n/a            1.250         4.717       3.467      SLICE_X54Y116    rv32_top_i/plat/U0/u_dcache/u_tag/tag_mem_reg_0_255_0_0/RAMS64E_B/CLK
Low Pulse Width   Slow    RAMS64E/CLK         n/a            1.250         4.717       3.467      SLICE_X54Y116    rv32_top_i/plat/U0/u_dcache/u_tag/tag_mem_reg_0_255_0_0/RAMS64E_C/CLK
Low Pulse Width   Fast    RAMS64E/CLK         n/a            1.250         4.717       3.467      SLICE_X54Y116    rv32_top_i/plat/U0/u_dcache/u_tag/tag_mem_reg_0_255_0_0/RAMS64E_C/CLK
Low Pulse Width   Slow    RAMS64E/CLK         n/a            1.250         4.717       3.467      SLICE_X54Y116    rv32_top_i/plat/U0/u_dcache/u_tag/tag_mem_reg_0_255_0_0/RAMS64E_D/CLK
Low Pulse Width   Fast    RAMS64E/CLK         n/a            1.250         4.717       3.467      SLICE_X54Y116    rv32_top_i/plat/U0/u_dcache/u_tag/tag_mem_reg_0_255_0_0/RAMS64E_D/CLK
Low Pulse Width   Slow    RAMS64E/CLK         n/a            1.250         4.717       3.467      SLICE_X54Y121    rv32_top_i/plat/U0/u_dcache/u_tag/tag_mem_reg_0_255_10_10/RAMS64E_A/CLK
Low Pulse Width   Fast    RAMS64E/CLK         n/a            1.250         4.717       3.467      SLICE_X54Y121    rv32_top_i/plat/U0/u_dcache/u_tag/tag_mem_reg_0_255_10_10/RAMS64E_A/CLK
High Pulse Width  Slow    RAMS64E/CLK         n/a            1.250         4.717       3.467      SLICE_X54Y116    rv32_top_i/plat/U0/u_dcache/u_tag/tag_mem_reg_0_255_0_0/RAMS64E_A/CLK
High Pulse Width  Fast    RAMS64E/CLK         n/a            1.250         4.717       3.467      SLICE_X54Y116    rv32_top_i/plat/U0/u_dcache/u_tag/tag_mem_reg_0_255_0_0/RAMS64E_A/CLK
High Pulse Width  Slow    RAMS64E/CLK         n/a            1.250         4.717       3.467      SLICE_X54Y116    rv32_top_i/plat/U0/u_dcache/u_tag/tag_mem_reg_0_255_0_0/RAMS64E_B/CLK
High Pulse Width  Fast    RAMS64E/CLK         n/a            1.250         4.717       3.467      SLICE_X54Y116    rv32_top_i/plat/U0/u_dcache/u_tag/tag_mem_reg_0_255_0_0/RAMS64E_B/CLK
High Pulse Width  Slow    RAMS64E/CLK         n/a            1.250         4.717       3.467      SLICE_X54Y116    rv32_top_i/plat/U0/u_dcache/u_tag/tag_mem_reg_0_255_0_0/RAMS64E_C/CLK
High Pulse Width  Fast    RAMS64E/CLK         n/a            1.250         4.717       3.467      SLICE_X54Y116    rv32_top_i/plat/U0/u_dcache/u_tag/tag_mem_reg_0_255_0_0/RAMS64E_C/CLK
High Pulse Width  Slow    RAMS64E/CLK         n/a            1.250         4.717       3.467      SLICE_X54Y116    rv32_top_i/plat/U0/u_dcache/u_tag/tag_mem_reg_0_255_0_0/RAMS64E_D/CLK
High Pulse Width  Fast    RAMS64E/CLK         n/a            1.250         4.717       3.467      SLICE_X54Y116    rv32_top_i/plat/U0/u_dcache/u_tag/tag_mem_reg_0_255_0_0/RAMS64E_D/CLK
High Pulse Width  Slow    RAMS64E/CLK         n/a            1.250         4.717       3.467      SLICE_X54Y121    rv32_top_i/plat/U0/u_dcache/u_tag/tag_mem_reg_0_255_10_10/RAMS64E_A/CLK
High Pulse Width  Fast    RAMS64E/CLK         n/a            1.250         4.717       3.467      SLICE_X54Y121    rv32_top_i/plat/U0/u_dcache/u_tag/tag_mem_reg_0_255_10_10/RAMS64E_A/CLK



---------------------------------------------------------------------------------------------------
From Clock:  clkfbout_rv32_top_clk_wiz_0_0
  To Clock:  clkfbout_rv32_top_clk_wiz_0_0

Setup :           NA  Failing Endpoints,  Worst Slack           NA  ,  Total Violation           NA
Hold  :           NA  Failing Endpoints,  Worst Slack           NA  ,  Total Violation           NA
PW    :            0  Failing Endpoints,  Worst Slack       17.845ns,  Total Violation        0.000ns
---------------------------------------------------------------------------------------------------


Pulse Width Checks
--------------------------------------------------------------------------------------
Clock Name:         clkfbout_rv32_top_clk_wiz_0_0
Waveform(ns):       { 0.000 10.000 }
Period(ns):         20.000
Sources:            { rv32_top_i/clk_wiz_0/inst/mmcm_adv_inst/CLKFBOUT }

Check Type  Corner  Lib Pin              Reference Pin  Required(ns)  Actual(ns)  Slack(ns)  Location         Pin
Min Period  n/a     BUFG/I               n/a            2.155         20.000      17.845     BUFGCTRL_X0Y1    rv32_top_i/clk_wiz_0/inst/clkf_buf/I
Min Period  n/a     MMCME2_ADV/CLKFBOUT  n/a            1.249         20.000      18.751     MMCME2_ADV_X1Y0  rv32_top_i/clk_wiz_0/inst/mmcm_adv_inst/CLKFBOUT
Min Period  n/a     MMCME2_ADV/CLKFBIN   n/a            1.249         20.000      18.751     MMCME2_ADV_X1Y0  rv32_top_i/clk_wiz_0/inst/mmcm_adv_inst/CLKFBIN
Max Period  n/a     MMCME2_ADV/CLKFBIN   n/a            100.000       20.000      80.000     MMCME2_ADV_X1Y0  rv32_top_i/clk_wiz_0/inst/mmcm_adv_inst/CLKFBIN
Max Period  n/a     MMCME2_ADV/CLKFBOUT  n/a            213.360       20.000      193.360    MMCME2_ADV_X1Y0  rv32_top_i/clk_wiz_0/inst/mmcm_adv_inst/CLKFBOUT



---------------------------------------------------------------------------------------------------
Path Group:  **async_default**
From Clock:  clk_out1_rv32_top_clk_wiz_0_0
  To Clock:  clk_out1_rv32_top_clk_wiz_0_0

Setup :            0  Failing Endpoints,  Worst Slack        1.147ns,  Total Violation        0.000ns
Hold  :            0  Failing Endpoints,  Worst Slack        0.759ns,  Total Violation        0.000ns
---------------------------------------------------------------------------------------------------


Max Delay Paths
--------------------------------------------------------------------------------------
Slack (MET) :             1.147ns  (required time - arrival time)
  Source:                 rv32_top_i/rst_ps7_50M/U0/ACTIVE_LOW_PR_OUT_DFF[0].FDRE_PER_N/C
                            (rising edge-triggered cell FDRE clocked by clk_out1_rv32_top_clk_wiz_0_0  {rise@0.000ns fall@4.717ns period=9.434ns})
  Destination:            rv32_top_i/plat/U0/u_dcache/u_tag/dirty_mem_reg[168]/CLR
                            (recovery check against rising-edge clock clk_out1_rv32_top_clk_wiz_0_0  {rise@0.000ns fall@4.717ns period=9.434ns})
  Path Group:             **async_default**
  Path Type:              Recovery (Max at Slow Process Corner)
  Requirement:            9.434ns  (clk_out1_rv32_top_clk_wiz_0_0 rise@9.434ns - clk_out1_rv32_top_clk_wiz_0_0 rise@0.000ns)
  Data Path Delay:        7.757ns  (logic 0.580ns (7.477%)  route 7.177ns (92.523%))
  Logic Levels:           1  (LUT2=1)
  Clock Path Skew:        -0.040ns (DCD - SCD + CPR)
    Destination Clock Delay (DCD):    1.719ns = ( 11.153 - 9.434 ) 
    Source Clock Delay      (SCD):    1.773ns
    Clock Pessimism Removal (CPR):    0.014ns
  Clock Uncertainty:      0.085ns  ((TSJ^2 + DJ^2)^1/2) / 2 + PE
    Total System Jitter     (TSJ):    0.071ns
    Discrete Jitter          (DJ):    0.154ns
    Phase Error              (PE):    0.000ns

    Location             Delay type                Incr(ns)  Path(ns)    Netlist Resource(s)
  -------------------------------------------------------------------    -------------------
                         (clock clk_out1_rv32_top_clk_wiz_0_0 rise edge)
                                                      0.000     0.000 r  
    BUFGCTRL_X0Y16       BUFG                         0.000     0.000 r  rv32_top_i/ps7/inst/buffer_fclk_clk_0.FCLK_CLK_0_BUFG/O
                         net (fo=1, routed)           1.806     1.806    rv32_top_i/clk_wiz_0/inst/clk_in1
    MMCME2_ADV_X1Y0      MMCME2_ADV (Prop_mmcme2_adv_CLKIN1_CLKOUT0)
                                                     -3.793    -1.987 r  rv32_top_i/clk_wiz_0/inst/mmcm_adv_inst/CLKOUT0
                         net (fo=1, routed)           1.889    -0.098    rv32_top_i/clk_wiz_0/inst/clk_out1_rv32_top_clk_wiz_0_0
    BUFGCTRL_X0Y0        BUFG (Prop_bufg_I_O)         0.101     0.003 r  rv32_top_i/clk_wiz_0/inst/clkout1_buf/O
                         net (fo=12242, routed)       1.770     1.773    rv32_top_i/rst_ps7_50M/U0/slowest_sync_clk
    SLICE_X105Y73        FDRE                                         r  rv32_top_i/rst_ps7_50M/U0/ACTIVE_LOW_PR_OUT_DFF[0].FDRE_PER_N/C
  -------------------------------------------------------------------    -------------------
    SLICE_X105Y73        FDRE (Prop_fdre_C_Q)         0.456     2.229 r  rv32_top_i/rst_ps7_50M/U0/ACTIVE_LOW_PR_OUT_DFF[0].FDRE_PER_N/Q
                         net (fo=31, routed)          3.173     5.402    rv32_top_i/plat/U0/u_ctrl/S_AXI_ARESETN
    SLICE_X31Y98         LUT2 (Prop_lut2_I1_O)        0.124     5.526 f  rv32_top_i/plat/U0/u_ctrl/regs[1][31]_i_1/O
                         net (fo=3987, routed)        4.004     9.530    rv32_top_i/plat/U0/u_dcache/u_tag/valid_mem_reg[0]_0
    SLICE_X60Y142        FDCE                                         f  rv32_top_i/plat/U0/u_dcache/u_tag/dirty_mem_reg[168]/CLR
  -------------------------------------------------------------------    -------------------

                         (clock clk_out1_rv32_top_clk_wiz_0_0 rise edge)
                                                      9.434     9.434 r  
    BUFGCTRL_X0Y16       BUFG                         0.000     9.434 r  rv32_top_i/ps7/inst/buffer_fclk_clk_0.FCLK_CLK_0_BUFG/O
                         net (fo=1, routed)           1.612    11.046    rv32_top_i/clk_wiz_0/inst/clk_in1
    MMCME2_ADV_X1Y0      MMCME2_ADV (Prop_mmcme2_adv_CLKIN1_CLKOUT0)
                                                     -3.425     7.621 r  rv32_top_i/clk_wiz_0/inst/mmcm_adv_inst/CLKOUT0
                         net (fo=1, routed)           1.725     9.346    rv32_top_i/clk_wiz_0/inst/clk_out1_rv32_top_clk_wiz_0_0
    BUFGCTRL_X0Y0        BUFG (Prop_bufg_I_O)         0.091     9.437 r  rv32_top_i/clk_wiz_0/inst/clkout1_buf/O
                         net (fo=12242, routed)       1.716    11.153    rv32_top_i/plat/U0/u_dcache/u_tag/S_AXI_ACLK
    SLICE_X60Y142        FDCE                                         r  rv32_top_i/plat/U0/u_dcache/u_tag/dirty_mem_reg[168]/C
                         clock pessimism              0.014    11.167    
                         clock uncertainty           -0.085    11.082    
    SLICE_X60Y142        FDCE (Recov_fdce_C_CLR)     -0.405    10.677    rv32_top_i/plat/U0/u_dcache/u_tag/dirty_mem_reg[168]
  -------------------------------------------------------------------
                         required time                         10.677    
                         arrival time                          -9.530    
  -------------------------------------------------------------------
                         slack                                  1.147    

Slack (MET) :             1.147ns  (required time - arrival time)
  Source:                 rv32_top_i/rst_ps7_50M/U0/ACTIVE_LOW_PR_OUT_DFF[0].FDRE_PER_N/C
                            (rising edge-triggered cell FDRE clocked by clk_out1_rv32_top_clk_wiz_0_0  {rise@0.000ns fall@4.717ns period=9.434ns})
  Destination:            rv32_top_i/plat/U0/u_dcache/u_tag/dirty_mem_reg[171]/CLR
                            (recovery check against rising-edge clock clk_out1_rv32_top_clk_wiz_0_0  {rise@0.000ns fall@4.717ns period=9.434ns})
  Path Group:             **async_default**
  Path Type:              Recovery (Max at Slow Process Corner)
  Requirement:            9.434ns  (clk_out1_rv32_top_clk_wiz_0_0 rise@9.434ns - clk_out1_rv32_top_clk_wiz_0_0 rise@0.000ns)
  Data Path Delay:        7.757ns  (logic 0.580ns (7.477%)  route 7.177ns (92.523%))
  Logic Levels:           1  (LUT2=1)
  Clock Path Skew:        -0.040ns (DCD - SCD + CPR)
    Destination Clock Delay (DCD):    1.719ns = ( 11.153 - 9.434 ) 
    Source Clock Delay      (SCD):    1.773ns
    Clock Pessimism Removal (CPR):    0.014ns
  Clock Uncertainty:      0.085ns  ((TSJ^2 + DJ^2)^1/2) / 2 + PE
    Total System Jitter     (TSJ):    0.071ns
    Discrete Jitter          (DJ):    0.154ns
    Phase Error              (PE):    0.000ns

    Location             Delay type                Incr(ns)  Path(ns)    Netlist Resource(s)
  -------------------------------------------------------------------    -------------------
                         (clock clk_out1_rv32_top_clk_wiz_0_0 rise edge)
                                                      0.000     0.000 r  
    BUFGCTRL_X0Y16       BUFG                         0.000     0.000 r  rv32_top_i/ps7/inst/buffer_fclk_clk_0.FCLK_CLK_0_BUFG/O
                         net (fo=1, routed)           1.806     1.806    rv32_top_i/clk_wiz_0/inst/clk_in1
    MMCME2_ADV_X1Y0      MMCME2_ADV (Prop_mmcme2_adv_CLKIN1_CLKOUT0)
                                                     -3.793    -1.987 r  rv32_top_i/clk_wiz_0/inst/mmcm_adv_inst/CLKOUT0
                         net (fo=1, routed)           1.889    -0.098    rv32_top_i/clk_wiz_0/inst/clk_out1_rv32_top_clk_wiz_0_0
    BUFGCTRL_X0Y0        BUFG (Prop_bufg_I_O)         0.101     0.003 r  rv32_top_i/clk_wiz_0/inst/clkout1_buf/O
                         net (fo=12242, routed)       1.770     1.773    rv32_top_i/rst_ps7_50M/U0/slowest_sync_clk
    SLICE_X105Y73        FDRE                                         r  rv32_top_i/rst_ps7_50M/U0/ACTIVE_LOW_PR_OUT_DFF[0].FDRE_PER_N/C
  -------------------------------------------------------------------    -------------------
    SLICE_X105Y73        FDRE (Prop_fdre_C_Q)         0.456     2.229 r  rv32_top_i/rst_ps7_50M/U0/ACTIVE_LOW_PR_OUT_DFF[0].FDRE_PER_N/Q
                         net (fo=31, routed)          3.173     5.402    rv32_top_i/plat/U0/u_ctrl/S_AXI_ARESETN
    SLICE_X31Y98         LUT2 (Prop_lut2_I1_O)        0.124     5.526 f  rv32_top_i/plat/U0/u_ctrl/regs[1][31]_i_1/O
                         net (fo=3987, routed)        4.004     9.530    rv32_top_i/plat/U0/u_dcache/u_tag/valid_mem_reg[0]_0
    SLICE_X60Y142        FDCE                                         f  rv32_top_i/plat/U0/u_dcache/u_tag/dirty_mem_reg[171]/CLR
  -------------------------------------------------------------------    -------------------

                         (clock clk_out1_rv32_top_clk_wiz_0_0 rise edge)
                                                      9.434     9.434 r  
    BUFGCTRL_X0Y16       BUFG                         0.000     9.434 r  rv32_top_i/ps7/inst/buffer_fclk_clk_0.FCLK_CLK_0_BUFG/O
                         net (fo=1, routed)           1.612    11.046    rv32_top_i/clk_wiz_0/inst/clk_in1
    MMCME2_ADV_X1Y0      MMCME2_ADV (Prop_mmcme2_adv_CLKIN1_CLKOUT0)
                                                     -3.425     7.621 r  rv32_top_i/clk_wiz_0/inst/mmcm_adv_inst/CLKOUT0
                         net (fo=1, routed)           1.725     9.346    rv32_top_i/clk_wiz_0/inst/clk_out1_rv32_top_clk_wiz_0_0
    BUFGCTRL_X0Y0        BUFG (Prop_bufg_I_O)         0.091     9.437 r  rv32_top_i/clk_wiz_0/inst/clkout1_buf/O
                         net (fo=12242, routed)       1.716    11.153    rv32_top_i/plat/U0/u_dcache/u_tag/S_AXI_ACLK
    SLICE_X60Y142        FDCE                                         r  rv32_top_i/plat/U0/u_dcache/u_tag/dirty_mem_reg[171]/C
                         clock pessimism              0.014    11.167    
                         clock uncertainty           -0.085    11.082    
    SLICE_X60Y142        FDCE (Recov_fdce_C_CLR)     -0.405    10.677    rv32_top_i/plat/U0/u_dcache/u_tag/dirty_mem_reg[171]
  -------------------------------------------------------------------
                         required time                         10.677    
                         arrival time                          -9.530    
  -------------------------------------------------------------------
                         slack                                  1.147    

Slack (MET) :             1.147ns  (required time - arrival time)
  Source:                 rv32_top_i/rst_ps7_50M/U0/ACTIVE_LOW_PR_OUT_DFF[0].FDRE_PER_N/C
                            (rising edge-triggered cell FDRE clocked by clk_out1_rv32_top_clk_wiz_0_0  {rise@0.000ns fall@4.717ns period=9.434ns})
  Destination:            rv32_top_i/plat/U0/u_dcache/u_tag/dirty_mem_reg[173]/CLR
                            (recovery check against rising-edge clock clk_out1_rv32_top_clk_wiz_0_0  {rise@0.000ns fall@4.717ns period=9.434ns})
  Path Group:             **async_default**
  Path Type:              Recovery (Max at Slow Process Corner)
  Requirement:            9.434ns  (clk_out1_rv32_top_clk_wiz_0_0 rise@9.434ns - clk_out1_rv32_top_clk_wiz_0_0 rise@0.000ns)
  Data Path Delay:        7.757ns  (logic 0.580ns (7.477%)  route 7.177ns (92.523%))
  Logic Levels:           1  (LUT2=1)
  Clock Path Skew:        -0.040ns (DCD - SCD + CPR)
    Destination Clock Delay (DCD):    1.719ns = ( 11.153 - 9.434 ) 
    Source Clock Delay      (SCD):    1.773ns
    Clock Pessimism Removal (CPR):    0.014ns
  Clock Uncertainty:      0.085ns  ((TSJ^2 + DJ^2)^1/2) / 2 + PE
    Total System Jitter     (TSJ):    0.071ns
    Discrete Jitter          (DJ):    0.154ns
    Phase Error              (PE):    0.000ns

    Location             Delay type                Incr(ns)  Path(ns)    Netlist Resource(s)
  -------------------------------------------------------------------    -------------------
                         (clock clk_out1_rv32_top_clk_wiz_0_0 rise edge)
                                                      0.000     0.000 r  
    BUFGCTRL_X0Y16       BUFG                         0.000     0.000 r  rv32_top_i/ps7/inst/buffer_fclk_clk_0.FCLK_CLK_0_BUFG/O
                         net (fo=1, routed)           1.806     1.806    rv32_top_i/clk_wiz_0/inst/clk_in1
    MMCME2_ADV_X1Y0      MMCME2_ADV (Prop_mmcme2_adv_CLKIN1_CLKOUT0)
                                                     -3.793    -1.987 r  rv32_top_i/clk_wiz_0/inst/mmcm_adv_inst/CLKOUT0
                         net (fo=1, routed)           1.889    -0.098    rv32_top_i/clk_wiz_0/inst/clk_out1_rv32_top_clk_wiz_0_0
    BUFGCTRL_X0Y0        BUFG (Prop_bufg_I_O)         0.101     0.003 r  rv32_top_i/clk_wiz_0/inst/clkout1_buf/O
                         net (fo=12242, routed)       1.770     1.773    rv32_top_i/rst_ps7_50M/U0/slowest_sync_clk
    SLICE_X105Y73        FDRE                                         r  rv32_top_i/rst_ps7_50M/U0/ACTIVE_LOW_PR_OUT_DFF[0].FDRE_PER_N/C
  -------------------------------------------------------------------    -------------------
    SLICE_X105Y73        FDRE (Prop_fdre_C_Q)         0.456     2.229 r  rv32_top_i/rst_ps7_50M/U0/ACTIVE_LOW_PR_OUT_DFF[0].FDRE_PER_N/Q
                         net (fo=31, routed)          3.173     5.402    rv32_top_i/plat/U0/u_ctrl/S_AXI_ARESETN
    SLICE_X31Y98         LUT2 (Prop_lut2_I1_O)        0.124     5.526 f  rv32_top_i/plat/U0/u_ctrl/regs[1][31]_i_1/O
                         net (fo=3987, routed)        4.004     9.530    rv32_top_i/plat/U0/u_dcache/u_tag/valid_mem_reg[0]_0
    SLICE_X60Y142        FDCE                                         f  rv32_top_i/plat/U0/u_dcache/u_tag/dirty_mem_reg[173]/CLR
  -------------------------------------------------------------------    -------------------

                         (clock clk_out1_rv32_top_clk_wiz_0_0 rise edge)
                                                      9.434     9.434 r  
    BUFGCTRL_X0Y16       BUFG                         0.000     9.434 r  rv32_top_i/ps7/inst/buffer_fclk_clk_0.FCLK_CLK_0_BUFG/O
                         net (fo=1, routed)           1.612    11.046    rv32_top_i/clk_wiz_0/inst/clk_in1
    MMCME2_ADV_X1Y0      MMCME2_ADV (Prop_mmcme2_adv_CLKIN1_CLKOUT0)
                                                     -3.425     7.621 r  rv32_top_i/clk_wiz_0/inst/mmcm_adv_inst/CLKOUT0
                         net (fo=1, routed)           1.725     9.346    rv32_top_i/clk_wiz_0/inst/clk_out1_rv32_top_clk_wiz_0_0
    BUFGCTRL_X0Y0        BUFG (Prop_bufg_I_O)         0.091     9.437 r  rv32_top_i/clk_wiz_0/inst/clkout1_buf/O
                         net (fo=12242, routed)       1.716    11.153    rv32_top_i/plat/U0/u_dcache/u_tag/S_AXI_ACLK
    SLICE_X60Y142        FDCE                                         r  rv32_top_i/plat/U0/u_dcache/u_tag/dirty_mem_reg[173]/C
                         clock pessimism              0.014    11.167    
                         clock uncertainty           -0.085    11.082    
    SLICE_X60Y142        FDCE (Recov_fdce_C_CLR)     -0.405    10.677    rv32_top_i/plat/U0/u_dcache/u_tag/dirty_mem_reg[173]
  -------------------------------------------------------------------
                         required time                         10.677    
                         arrival time                          -9.530    
  -------------------------------------------------------------------
                         slack                                  1.147    

Slack (MET) :             1.147ns  (required time - arrival time)
  Source:                 rv32_top_i/rst_ps7_50M/U0/ACTIVE_LOW_PR_OUT_DFF[0].FDRE_PER_N/C
                            (rising edge-triggered cell FDRE clocked by clk_out1_rv32_top_clk_wiz_0_0  {rise@0.000ns fall@4.717ns period=9.434ns})
  Destination:            rv32_top_i/plat/U0/u_dcache/u_tag/dirty_mem_reg[174]/CLR
                            (recovery check against rising-edge clock clk_out1_rv32_top_clk_wiz_0_0  {rise@0.000ns fall@4.717ns period=9.434ns})
  Path Group:             **async_default**
  Path Type:              Recovery (Max at Slow Process Corner)
  Requirement:            9.434ns  (clk_out1_rv32_top_clk_wiz_0_0 rise@9.434ns - clk_out1_rv32_top_clk_wiz_0_0 rise@0.000ns)
  Data Path Delay:        7.757ns  (logic 0.580ns (7.477%)  route 7.177ns (92.523%))
  Logic Levels:           1  (LUT2=1)
  Clock Path Skew:        -0.040ns (DCD - SCD + CPR)
    Destination Clock Delay (DCD):    1.719ns = ( 11.153 - 9.434 ) 
    Source Clock Delay      (SCD):    1.773ns
    Clock Pessimism Removal (CPR):    0.014ns
  Clock Uncertainty:      0.085ns  ((TSJ^2 + DJ^2)^1/2) / 2 + PE
    Total System Jitter     (TSJ):    0.071ns
    Discrete Jitter          (DJ):    0.154ns
    Phase Error              (PE):    0.000ns

    Location             Delay type                Incr(ns)  Path(ns)    Netlist Resource(s)
  -------------------------------------------------------------------    -------------------
                         (clock clk_out1_rv32_top_clk_wiz_0_0 rise edge)
                                                      0.000     0.000 r  
    BUFGCTRL_X0Y16       BUFG                         0.000     0.000 r  rv32_top_i/ps7/inst/buffer_fclk_clk_0.FCLK_CLK_0_BUFG/O
                         net (fo=1, routed)           1.806     1.806    rv32_top_i/clk_wiz_0/inst/clk_in1
    MMCME2_ADV_X1Y0      MMCME2_ADV (Prop_mmcme2_adv_CLKIN1_CLKOUT0)
                                                     -3.793    -1.987 r  rv32_top_i/clk_wiz_0/inst/mmcm_adv_inst/CLKOUT0
                         net (fo=1, routed)           1.889    -0.098    rv32_top_i/clk_wiz_0/inst/clk_out1_rv32_top_clk_wiz_0_0
    BUFGCTRL_X0Y0        BUFG (Prop_bufg_I_O)         0.101     0.003 r  rv32_top_i/clk_wiz_0/inst/clkout1_buf/O
                         net (fo=12242, routed)       1.770     1.773    rv32_top_i/rst_ps7_50M/U0/slowest_sync_clk
    SLICE_X105Y73        FDRE                                         r  rv32_top_i/rst_ps7_50M/U0/ACTIVE_LOW_PR_OUT_DFF[0].FDRE_PER_N/C
  -------------------------------------------------------------------    -------------------
    SLICE_X105Y73        FDRE (Prop_fdre_C_Q)         0.456     2.229 r  rv32_top_i/rst_ps7_50M/U0/ACTIVE_LOW_PR_OUT_DFF[0].FDRE_PER_N/Q
                         net (fo=31, routed)          3.173     5.402    rv32_top_i/plat/U0/u_ctrl/S_AXI_ARESETN
    SLICE_X31Y98         LUT2 (Prop_lut2_I1_O)        0.124     5.526 f  rv32_top_i/plat/U0/u_ctrl/regs[1][31]_i_1/O
                         net (fo=3987, routed)        4.004     9.530    rv32_top_i/plat/U0/u_dcache/u_tag/valid_mem_reg[0]_0
    SLICE_X60Y142        FDCE                                         f  rv32_top_i/plat/U0/u_dcache/u_tag/dirty_mem_reg[174]/CLR
  -------------------------------------------------------------------    -------------------

                         (clock clk_out1_rv32_top_clk_wiz_0_0 rise edge)
                                                      9.434     9.434 r  
    BUFGCTRL_X0Y16       BUFG                         0.000     9.434 r  rv32_top_i/ps7/inst/buffer_fclk_clk_0.FCLK_CLK_0_BUFG/O
                         net (fo=1, routed)           1.612    11.046    rv32_top_i/clk_wiz_0/inst/clk_in1
    MMCME2_ADV_X1Y0      MMCME2_ADV (Prop_mmcme2_adv_CLKIN1_CLKOUT0)
                                                     -3.425     7.621 r  rv32_top_i/clk_wiz_0/inst/mmcm_adv_inst/CLKOUT0
                         net (fo=1, routed)           1.725     9.346    rv32_top_i/clk_wiz_0/inst/clk_out1_rv32_top_clk_wiz_0_0
    BUFGCTRL_X0Y0        BUFG (Prop_bufg_I_O)         0.091     9.437 r  rv32_top_i/clk_wiz_0/inst/clkout1_buf/O
                         net (fo=12242, routed)       1.716    11.153    rv32_top_i/plat/U0/u_dcache/u_tag/S_AXI_ACLK
    SLICE_X60Y142        FDCE                                         r  rv32_top_i/plat/U0/u_dcache/u_tag/dirty_mem_reg[174]/C
                         clock pessimism              0.014    11.167    
                         clock uncertainty           -0.085    11.082    
    SLICE_X60Y142        FDCE (Recov_fdce_C_CLR)     -0.405    10.677    rv32_top_i/plat/U0/u_dcache/u_tag/dirty_mem_reg[174]
  -------------------------------------------------------------------
                         required time                         10.677    
                         arrival time                          -9.530    
  -------------------------------------------------------------------
                         slack                                  1.147    

Slack (MET) :             1.152ns  (required time - arrival time)
  Source:                 rv32_top_i/rst_ps7_50M/U0/ACTIVE_LOW_PR_OUT_DFF[0].FDRE_PER_N/C
                            (rising edge-triggered cell FDRE clocked by clk_out1_rv32_top_clk_wiz_0_0  {rise@0.000ns fall@4.717ns period=9.434ns})
  Destination:            rv32_top_i/plat/U0/u_core/shadow_reg[31][14]/CLR
                            (recovery check against rising-edge clock clk_out1_rv32_top_clk_wiz_0_0  {rise@0.000ns fall@4.717ns period=9.434ns})
  Path Group:             **async_default**
  Path Type:              Recovery (Max at Slow Process Corner)
  Requirement:            9.434ns  (clk_out1_rv32_top_clk_wiz_0_0 rise@9.434ns - clk_out1_rv32_top_clk_wiz_0_0 rise@0.000ns)
  Data Path Delay:        7.753ns  (logic 0.580ns (7.481%)  route 7.173ns (92.519%))
  Logic Levels:           1  (LUT2=1)
  Clock Path Skew:        -0.040ns (DCD - SCD + CPR)
    Destination Clock Delay (DCD):    1.719ns = ( 11.153 - 9.434 ) 
    Source Clock Delay      (SCD):    1.773ns
    Clock Pessimism Removal (CPR):    0.014ns
  Clock Uncertainty:      0.085ns  ((TSJ^2 + DJ^2)^1/2) / 2 + PE
    Total System Jitter     (TSJ):    0.071ns
    Discrete Jitter          (DJ):    0.154ns
    Phase Error              (PE):    0.000ns

    Location             Delay type                Incr(ns)  Path(ns)    Netlist Resource(s)
  -------------------------------------------------------------------    -------------------
                         (clock clk_out1_rv32_top_clk_wiz_0_0 rise edge)
                                                      0.000     0.000 r  
    BUFGCTRL_X0Y16       BUFG                         0.000     0.000 r  rv32_top_i/ps7/inst/buffer_fclk_clk_0.FCLK_CLK_0_BUFG/O
                         net (fo=1, routed)           1.806     1.806    rv32_top_i/clk_wiz_0/inst/clk_in1
    MMCME2_ADV_X1Y0      MMCME2_ADV (Prop_mmcme2_adv_CLKIN1_CLKOUT0)
                                                     -3.793    -1.987 r  rv32_top_i/clk_wiz_0/inst/mmcm_adv_inst/CLKOUT0
                         net (fo=1, routed)           1.889    -0.098    rv32_top_i/clk_wiz_0/inst/clk_out1_rv32_top_clk_wiz_0_0
    BUFGCTRL_X0Y0        BUFG (Prop_bufg_I_O)         0.101     0.003 r  rv32_top_i/clk_wiz_0/inst/clkout1_buf/O
                         net (fo=12242, routed)       1.770     1.773    rv32_top_i/rst_ps7_50M/U0/slowest_sync_clk
    SLICE_X105Y73        FDRE                                         r  rv32_top_i/rst_ps7_50M/U0/ACTIVE_LOW_PR_OUT_DFF[0].FDRE_PER_N/C
  -------------------------------------------------------------------    -------------------
    SLICE_X105Y73        FDRE (Prop_fdre_C_Q)         0.456     2.229 r  rv32_top_i/rst_ps7_50M/U0/ACTIVE_LOW_PR_OUT_DFF[0].FDRE_PER_N/Q
                         net (fo=31, routed)          3.173     5.402    rv32_top_i/plat/U0/u_ctrl/S_AXI_ARESETN
    SLICE_X31Y98         LUT2 (Prop_lut2_I1_O)        0.124     5.526 f  rv32_top_i/plat/U0/u_ctrl/regs[1][31]_i_1/O
                         net (fo=3987, routed)        3.999     9.526    rv32_top_i/plat/U0/u_core/regs_reg[31][0]
    SLICE_X61Y142        FDCE                                         f  rv32_top_i/plat/U0/u_core/shadow_reg[31][14]/CLR
  -------------------------------------------------------------------    -------------------

                         (clock clk_out1_rv32_top_clk_wiz_0_0 rise edge)
                                                      9.434     9.434 r  
    BUFGCTRL_X0Y16       BUFG                         0.000     9.434 r  rv32_top_i/ps7/inst/buffer_fclk_clk_0.FCLK_CLK_0_BUFG/O
                         net (fo=1, routed)           1.612    11.046    rv32_top_i/clk_wiz_0/inst/clk_in1
    MMCME2_ADV_X1Y0      MMCME2_ADV (Prop_mmcme2_adv_CLKIN1_CLKOUT0)
                                                     -3.425     7.621 r  rv32_top_i/clk_wiz_0/inst/mmcm_adv_inst/CLKOUT0
                         net (fo=1, routed)           1.725     9.346    rv32_top_i/clk_wiz_0/inst/clk_out1_rv32_top_clk_wiz_0_0
    BUFGCTRL_X0Y0        BUFG (Prop_bufg_I_O)         0.091     9.437 r  rv32_top_i/clk_wiz_0/inst/clkout1_buf/O
                         net (fo=12242, routed)       1.716    11.153    rv32_top_i/plat/U0/u_core/S_AXI_ACLK
    SLICE_X61Y142        FDCE                                         r  rv32_top_i/plat/U0/u_core/shadow_reg[31][14]/C
                         clock pessimism              0.014    11.167    
                         clock uncertainty           -0.085    11.082    
    SLICE_X61Y142        FDCE (Recov_fdce_C_CLR)     -0.405    10.677    rv32_top_i/plat/U0/u_core/shadow_reg[31][14]
  -------------------------------------------------------------------
                         required time                         10.677    
                         arrival time                          -9.526    
  -------------------------------------------------------------------
                         slack                                  1.152    

Slack (MET) :             1.160ns  (required time - arrival time)
  Source:                 rv32_top_i/rst_ps7_50M/U0/ACTIVE_LOW_PR_OUT_DFF[0].FDRE_PER_N/C
                            (rising edge-triggered cell FDRE clocked by clk_out1_rv32_top_clk_wiz_0_0  {rise@0.000ns fall@4.717ns period=9.434ns})
  Destination:            rv32_top_i/plat/U0/u_core/shadow_reg[21][27]/CLR
                            (recovery check against rising-edge clock clk_out1_rv32_top_clk_wiz_0_0  {rise@0.000ns fall@4.717ns period=9.434ns})
  Path Group:             **async_default**
  Path Type:              Recovery (Max at Slow Process Corner)
  Requirement:            9.434ns  (clk_out1_rv32_top_clk_wiz_0_0 rise@9.434ns - clk_out1_rv32_top_clk_wiz_0_0 rise@0.000ns)
  Data Path Delay:        7.673ns  (logic 0.580ns (7.559%)  route 7.093ns (92.441%))
  Logic Levels:           1  (LUT2=1)
  Clock Path Skew:        -0.112ns (DCD - SCD + CPR)
    Destination Clock Delay (DCD):    1.647ns = ( 11.081 - 9.434 ) 
    Source Clock Delay      (SCD):    1.773ns
    Clock Pessimism Removal (CPR):    0.014ns
  Clock Uncertainty:      0.085ns  ((TSJ^2 + DJ^2)^1/2) / 2 + PE
    Total System Jitter     (TSJ):    0.071ns
    Discrete Jitter          (DJ):    0.154ns
    Phase Error              (PE):    0.000ns

    Location             Delay type                Incr(ns)  Path(ns)    Netlist Resource(s)
  -------------------------------------------------------------------    -------------------
                         (clock clk_out1_rv32_top_clk_wiz_0_0 rise edge)
                                                      0.000     0.000 r  
    BUFGCTRL_X0Y16       BUFG                         0.000     0.000 r  rv32_top_i/ps7/inst/buffer_fclk_clk_0.FCLK_CLK_0_BUFG/O
                         net (fo=1, routed)           1.806     1.806    rv32_top_i/clk_wiz_0/inst/clk_in1
    MMCME2_ADV_X1Y0      MMCME2_ADV (Prop_mmcme2_adv_CLKIN1_CLKOUT0)
                                                     -3.793    -1.987 r  rv32_top_i/clk_wiz_0/inst/mmcm_adv_inst/CLKOUT0
                         net (fo=1, routed)           1.889    -0.098    rv32_top_i/clk_wiz_0/inst/clk_out1_rv32_top_clk_wiz_0_0
    BUFGCTRL_X0Y0        BUFG (Prop_bufg_I_O)         0.101     0.003 r  rv32_top_i/clk_wiz_0/inst/clkout1_buf/O
                         net (fo=12242, routed)       1.770     1.773    rv32_top_i/rst_ps7_50M/U0/slowest_sync_clk
    SLICE_X105Y73        FDRE                                         r  rv32_top_i/rst_ps7_50M/U0/ACTIVE_LOW_PR_OUT_DFF[0].FDRE_PER_N/C
  -------------------------------------------------------------------    -------------------
    SLICE_X105Y73        FDRE (Prop_fdre_C_Q)         0.456     2.229 r  rv32_top_i/rst_ps7_50M/U0/ACTIVE_LOW_PR_OUT_DFF[0].FDRE_PER_N/Q
                         net (fo=31, routed)          3.173     5.402    rv32_top_i/plat/U0/u_ctrl/S_AXI_ARESETN
    SLICE_X31Y98         LUT2 (Prop_lut2_I1_O)        0.124     5.526 f  rv32_top_i/plat/U0/u_ctrl/regs[1][31]_i_1/O
                         net (fo=3987, routed)        3.919     9.446    rv32_top_i/plat/U0/u_core/regs_reg[31][0]
    SLICE_X52Y149        FDCE                                         f  rv32_top_i/plat/U0/u_core/shadow_reg[21][27]/CLR
  -------------------------------------------------------------------    -------------------

                         (clock clk_out1_rv32_top_clk_wiz_0_0 rise edge)
                                                      9.434     9.434 r  
    BUFGCTRL_X0Y16       BUFG                         0.000     9.434 r  rv32_top_i/ps7/inst/buffer_fclk_clk_0.FCLK_CLK_0_BUFG/O
                         net (fo=1, routed)           1.612    11.046    rv32_top_i/clk_wiz_0/inst/clk_in1
    MMCME2_ADV_X1Y0      MMCME2_ADV (Prop_mmcme2_adv_CLKIN1_CLKOUT0)
                                                     -3.425     7.621 r  rv32_top_i/clk_wiz_0/inst/mmcm_adv_inst/CLKOUT0
                         net (fo=1, routed)           1.725     9.346    rv32_top_i/clk_wiz_0/inst/clk_out1_rv32_top_clk_wiz_0_0
    BUFGCTRL_X0Y0        BUFG (Prop_bufg_I_O)         0.091     9.437 r  rv32_top_i/clk_wiz_0/inst/clkout1_buf/O
                         net (fo=12242, routed)       1.644    11.081    rv32_top_i/plat/U0/u_core/S_AXI_ACLK
    SLICE_X52Y149        FDCE                                         r  rv32_top_i/plat/U0/u_core/shadow_reg[21][27]/C
                         clock pessimism              0.014    11.095    
                         clock uncertainty           -0.085    11.010    
    SLICE_X52Y149        FDCE (Recov_fdce_C_CLR)     -0.405    10.605    rv32_top_i/plat/U0/u_core/shadow_reg[21][27]
  -------------------------------------------------------------------
                         required time                         10.605    
                         arrival time                          -9.446    
  -------------------------------------------------------------------
                         slack                                  1.160    

Slack (MET) :             1.160ns  (required time - arrival time)
  Source:                 rv32_top_i/rst_ps7_50M/U0/ACTIVE_LOW_PR_OUT_DFF[0].FDRE_PER_N/C
                            (rising edge-triggered cell FDRE clocked by clk_out1_rv32_top_clk_wiz_0_0  {rise@0.000ns fall@4.717ns period=9.434ns})
  Destination:            rv32_top_i/plat/U0/u_core/shadow_reg[21][29]/CLR
                            (recovery check against rising-edge clock clk_out1_rv32_top_clk_wiz_0_0  {rise@0.000ns fall@4.717ns period=9.434ns})
  Path Group:             **async_default**
  Path Type:              Recovery (Max at Slow Process Corner)
  Requirement:            9.434ns  (clk_out1_rv32_top_clk_wiz_0_0 rise@9.434ns - clk_out1_rv32_top_clk_wiz_0_0 rise@0.000ns)
  Data Path Delay:        7.673ns  (logic 0.580ns (7.559%)  route 7.093ns (92.441%))
  Logic Levels:           1  (LUT2=1)
  Clock Path Skew:        -0.112ns (DCD - SCD + CPR)
    Destination Clock Delay (DCD):    1.647ns = ( 11.081 - 9.434 ) 
    Source Clock Delay      (SCD):    1.773ns
    Clock Pessimism Removal (CPR):    0.014ns
  Clock Uncertainty:      0.085ns  ((TSJ^2 + DJ^2)^1/2) / 2 + PE
    Total System Jitter     (TSJ):    0.071ns
    Discrete Jitter          (DJ):    0.154ns
    Phase Error              (PE):    0.000ns

    Location             Delay type                Incr(ns)  Path(ns)    Netlist Resource(s)
  -------------------------------------------------------------------    -------------------
                         (clock clk_out1_rv32_top_clk_wiz_0_0 rise edge)
                                                      0.000     0.000 r  
    BUFGCTRL_X0Y16       BUFG                         0.000     0.000 r  rv32_top_i/ps7/inst/buffer_fclk_clk_0.FCLK_CLK_0_BUFG/O
                         net (fo=1, routed)           1.806     1.806    rv32_top_i/clk_wiz_0/inst/clk_in1
    MMCME2_ADV_X1Y0      MMCME2_ADV (Prop_mmcme2_adv_CLKIN1_CLKOUT0)
                                                     -3.793    -1.987 r  rv32_top_i/clk_wiz_0/inst/mmcm_adv_inst/CLKOUT0
                         net (fo=1, routed)           1.889    -0.098    rv32_top_i/clk_wiz_0/inst/clk_out1_rv32_top_clk_wiz_0_0
    BUFGCTRL_X0Y0        BUFG (Prop_bufg_I_O)         0.101     0.003 r  rv32_top_i/clk_wiz_0/inst/clkout1_buf/O
                         net (fo=12242, routed)       1.770     1.773    rv32_top_i/rst_ps7_50M/U0/slowest_sync_clk
    SLICE_X105Y73        FDRE                                         r  rv32_top_i/rst_ps7_50M/U0/ACTIVE_LOW_PR_OUT_DFF[0].FDRE_PER_N/C
  -------------------------------------------------------------------    -------------------
    SLICE_X105Y73        FDRE (Prop_fdre_C_Q)         0.456     2.229 r  rv32_top_i/rst_ps7_50M/U0/ACTIVE_LOW_PR_OUT_DFF[0].FDRE_PER_N/Q
                         net (fo=31, routed)          3.173     5.402    rv32_top_i/plat/U0/u_ctrl/S_AXI_ARESETN
    SLICE_X31Y98         LUT2 (Prop_lut2_I1_O)        0.124     5.526 f  rv32_top_i/plat/U0/u_ctrl/regs[1][31]_i_1/O
                         net (fo=3987, routed)        3.919     9.446    rv32_top_i/plat/U0/u_core/regs_reg[31][0]
    SLICE_X52Y149        FDCE                                         f  rv32_top_i/plat/U0/u_core/shadow_reg[21][29]/CLR
  -------------------------------------------------------------------    -------------------

                         (clock clk_out1_rv32_top_clk_wiz_0_0 rise edge)
                                                      9.434     9.434 r  
    BUFGCTRL_X0Y16       BUFG                         0.000     9.434 r  rv32_top_i/ps7/inst/buffer_fclk_clk_0.FCLK_CLK_0_BUFG/O
                         net (fo=1, routed)           1.612    11.046    rv32_top_i/clk_wiz_0/inst/clk_in1
    MMCME2_ADV_X1Y0      MMCME2_ADV (Prop_mmcme2_adv_CLKIN1_CLKOUT0)
                                                     -3.425     7.621 r  rv32_top_i/clk_wiz_0/inst/mmcm_adv_inst/CLKOUT0
                         net (fo=1, routed)           1.725     9.346    rv32_top_i/clk_wiz_0/inst/clk_out1_rv32_top_clk_wiz_0_0
    BUFGCTRL_X0Y0        BUFG (Prop_bufg_I_O)         0.091     9.437 r  rv32_top_i/clk_wiz_0/inst/clkout1_buf/O
                         net (fo=12242, routed)       1.644    11.081    rv32_top_i/plat/U0/u_core/S_AXI_ACLK
    SLICE_X52Y149        FDCE                                         r  rv32_top_i/plat/U0/u_core/shadow_reg[21][29]/C
                         clock pessimism              0.014    11.095    
                         clock uncertainty           -0.085    11.010    
    SLICE_X52Y149        FDCE (Recov_fdce_C_CLR)     -0.405    10.605    rv32_top_i/plat/U0/u_core/shadow_reg[21][29]
  -------------------------------------------------------------------
                         required time                         10.605    
                         arrival time                          -9.446    
  -------------------------------------------------------------------
                         slack                                  1.160    

Slack (MET) :             1.164ns  (required time - arrival time)
  Source:                 rv32_top_i/rst_ps7_50M/U0/ACTIVE_LOW_PR_OUT_DFF[0].FDRE_PER_N/C
                            (rising edge-triggered cell FDRE clocked by clk_out1_rv32_top_clk_wiz_0_0  {rise@0.000ns fall@4.717ns period=9.434ns})
  Destination:            rv32_top_i/plat/U0/u_core/shadow_reg[25][27]/CLR
                            (recovery check against rising-edge clock clk_out1_rv32_top_clk_wiz_0_0  {rise@0.000ns fall@4.717ns period=9.434ns})
  Path Group:             **async_default**
  Path Type:              Recovery (Max at Slow Process Corner)
  Requirement:            9.434ns  (clk_out1_rv32_top_clk_wiz_0_0 rise@9.434ns - clk_out1_rv32_top_clk_wiz_0_0 rise@0.000ns)
  Data Path Delay:        7.668ns  (logic 0.580ns (7.564%)  route 7.088ns (92.436%))
  Logic Levels:           1  (LUT2=1)
  Clock Path Skew:        -0.112ns (DCD - SCD + CPR)
    Destination Clock Delay (DCD):    1.647ns = ( 11.081 - 9.434 ) 
    Source Clock Delay      (SCD):    1.773ns
    Clock Pessimism Removal (CPR):    0.014ns
  Clock Uncertainty:      0.085ns  ((TSJ^2 + DJ^2)^1/2) / 2 + PE
    Total System Jitter     (TSJ):    0.071ns
    Discrete Jitter          (DJ):    0.154ns
    Phase Error              (PE):    0.000ns

    Location             Delay type                Incr(ns)  Path(ns)    Netlist Resource(s)
  -------------------------------------------------------------------    -------------------
                         (clock clk_out1_rv32_top_clk_wiz_0_0 rise edge)
                                                      0.000     0.000 r  
    BUFGCTRL_X0Y16       BUFG                         0.000     0.000 r  rv32_top_i/ps7/inst/buffer_fclk_clk_0.FCLK_CLK_0_BUFG/O
                         net (fo=1, routed)           1.806     1.806    rv32_top_i/clk_wiz_0/inst/clk_in1
    MMCME2_ADV_X1Y0      MMCME2_ADV (Prop_mmcme2_adv_CLKIN1_CLKOUT0)
                                                     -3.793    -1.987 r  rv32_top_i/clk_wiz_0/inst/mmcm_adv_inst/CLKOUT0
                         net (fo=1, routed)           1.889    -0.098    rv32_top_i/clk_wiz_0/inst/clk_out1_rv32_top_clk_wiz_0_0
    BUFGCTRL_X0Y0        BUFG (Prop_bufg_I_O)         0.101     0.003 r  rv32_top_i/clk_wiz_0/inst/clkout1_buf/O
                         net (fo=12242, routed)       1.770     1.773    rv32_top_i/rst_ps7_50M/U0/slowest_sync_clk
    SLICE_X105Y73        FDRE                                         r  rv32_top_i/rst_ps7_50M/U0/ACTIVE_LOW_PR_OUT_DFF[0].FDRE_PER_N/C
  -------------------------------------------------------------------    -------------------
    SLICE_X105Y73        FDRE (Prop_fdre_C_Q)         0.456     2.229 r  rv32_top_i/rst_ps7_50M/U0/ACTIVE_LOW_PR_OUT_DFF[0].FDRE_PER_N/Q
                         net (fo=31, routed)          3.173     5.402    rv32_top_i/plat/U0/u_ctrl/S_AXI_ARESETN
    SLICE_X31Y98         LUT2 (Prop_lut2_I1_O)        0.124     5.526 f  rv32_top_i/plat/U0/u_ctrl/regs[1][31]_i_1/O
                         net (fo=3987, routed)        3.915     9.441    rv32_top_i/plat/U0/u_core/regs_reg[31][0]
    SLICE_X53Y149        FDCE                                         f  rv32_top_i/plat/U0/u_core/shadow_reg[25][27]/CLR
  -------------------------------------------------------------------    -------------------

                         (clock clk_out1_rv32_top_clk_wiz_0_0 rise edge)
                                                      9.434     9.434 r  
    BUFGCTRL_X0Y16       BUFG                         0.000     9.434 r  rv32_top_i/ps7/inst/buffer_fclk_clk_0.FCLK_CLK_0_BUFG/O
                         net (fo=1, routed)           1.612    11.046    rv32_top_i/clk_wiz_0/inst/clk_in1
    MMCME2_ADV_X1Y0      MMCME2_ADV (Prop_mmcme2_adv_CLKIN1_CLKOUT0)
                                                     -3.425     7.621 r  rv32_top_i/clk_wiz_0/inst/mmcm_adv_inst/CLKOUT0
                         net (fo=1, routed)           1.725     9.346    rv32_top_i/clk_wiz_0/inst/clk_out1_rv32_top_clk_wiz_0_0
    BUFGCTRL_X0Y0        BUFG (Prop_bufg_I_O)         0.091     9.437 r  rv32_top_i/clk_wiz_0/inst/clkout1_buf/O
                         net (fo=12242, routed)       1.644    11.081    rv32_top_i/plat/U0/u_core/S_AXI_ACLK
    SLICE_X53Y149        FDCE                                         r  rv32_top_i/plat/U0/u_core/shadow_reg[25][27]/C
                         clock pessimism              0.014    11.095    
                         clock uncertainty           -0.085    11.010    
    SLICE_X53Y149        FDCE (Recov_fdce_C_CLR)     -0.405    10.605    rv32_top_i/plat/U0/u_core/shadow_reg[25][27]
  -------------------------------------------------------------------
                         required time                         10.605    
                         arrival time                          -9.441    
  -------------------------------------------------------------------
                         slack                                  1.164    

Slack (MET) :             1.164ns  (required time - arrival time)
  Source:                 rv32_top_i/rst_ps7_50M/U0/ACTIVE_LOW_PR_OUT_DFF[0].FDRE_PER_N/C
                            (rising edge-triggered cell FDRE clocked by clk_out1_rv32_top_clk_wiz_0_0  {rise@0.000ns fall@4.717ns period=9.434ns})
  Destination:            rv32_top_i/plat/U0/u_core/shadow_reg[25][29]/CLR
                            (recovery check against rising-edge clock clk_out1_rv32_top_clk_wiz_0_0  {rise@0.000ns fall@4.717ns period=9.434ns})
  Path Group:             **async_default**
  Path Type:              Recovery (Max at Slow Process Corner)
  Requirement:            9.434ns  (clk_out1_rv32_top_clk_wiz_0_0 rise@9.434ns - clk_out1_rv32_top_clk_wiz_0_0 rise@0.000ns)
  Data Path Delay:        7.668ns  (logic 0.580ns (7.564%)  route 7.088ns (92.436%))
  Logic Levels:           1  (LUT2=1)
  Clock Path Skew:        -0.112ns (DCD - SCD + CPR)
    Destination Clock Delay (DCD):    1.647ns = ( 11.081 - 9.434 ) 
    Source Clock Delay      (SCD):    1.773ns
    Clock Pessimism Removal (CPR):    0.014ns
  Clock Uncertainty:      0.085ns  ((TSJ^2 + DJ^2)^1/2) / 2 + PE
    Total System Jitter     (TSJ):    0.071ns
    Discrete Jitter          (DJ):    0.154ns
    Phase Error              (PE):    0.000ns

    Location             Delay type                Incr(ns)  Path(ns)    Netlist Resource(s)
  -------------------------------------------------------------------    -------------------
                         (clock clk_out1_rv32_top_clk_wiz_0_0 rise edge)
                                                      0.000     0.000 r  
    BUFGCTRL_X0Y16       BUFG                         0.000     0.000 r  rv32_top_i/ps7/inst/buffer_fclk_clk_0.FCLK_CLK_0_BUFG/O
                         net (fo=1, routed)           1.806     1.806    rv32_top_i/clk_wiz_0/inst/clk_in1
    MMCME2_ADV_X1Y0      MMCME2_ADV (Prop_mmcme2_adv_CLKIN1_CLKOUT0)
                                                     -3.793    -1.987 r  rv32_top_i/clk_wiz_0/inst/mmcm_adv_inst/CLKOUT0
                         net (fo=1, routed)           1.889    -0.098    rv32_top_i/clk_wiz_0/inst/clk_out1_rv32_top_clk_wiz_0_0
    BUFGCTRL_X0Y0        BUFG (Prop_bufg_I_O)         0.101     0.003 r  rv32_top_i/clk_wiz_0/inst/clkout1_buf/O
                         net (fo=12242, routed)       1.770     1.773    rv32_top_i/rst_ps7_50M/U0/slowest_sync_clk
    SLICE_X105Y73        FDRE                                         r  rv32_top_i/rst_ps7_50M/U0/ACTIVE_LOW_PR_OUT_DFF[0].FDRE_PER_N/C
  -------------------------------------------------------------------    -------------------
    SLICE_X105Y73        FDRE (Prop_fdre_C_Q)         0.456     2.229 r  rv32_top_i/rst_ps7_50M/U0/ACTIVE_LOW_PR_OUT_DFF[0].FDRE_PER_N/Q
                         net (fo=31, routed)          3.173     5.402    rv32_top_i/plat/U0/u_ctrl/S_AXI_ARESETN
    SLICE_X31Y98         LUT2 (Prop_lut2_I1_O)        0.124     5.526 f  rv32_top_i/plat/U0/u_ctrl/regs[1][31]_i_1/O
                         net (fo=3987, routed)        3.915     9.441    rv32_top_i/plat/U0/u_core/regs_reg[31][0]
    SLICE_X53Y149        FDCE                                         f  rv32_top_i/plat/U0/u_core/shadow_reg[25][29]/CLR
  -------------------------------------------------------------------    -------------------

                         (clock clk_out1_rv32_top_clk_wiz_0_0 rise edge)
                                                      9.434     9.434 r  
    BUFGCTRL_X0Y16       BUFG                         0.000     9.434 r  rv32_top_i/ps7/inst/buffer_fclk_clk_0.FCLK_CLK_0_BUFG/O
                         net (fo=1, routed)           1.612    11.046    rv32_top_i/clk_wiz_0/inst/clk_in1
    MMCME2_ADV_X1Y0      MMCME2_ADV (Prop_mmcme2_adv_CLKIN1_CLKOUT0)
                                                     -3.425     7.621 r  rv32_top_i/clk_wiz_0/inst/mmcm_adv_inst/CLKOUT0
                         net (fo=1, routed)           1.725     9.346    rv32_top_i/clk_wiz_0/inst/clk_out1_rv32_top_clk_wiz_0_0
    BUFGCTRL_X0Y0        BUFG (Prop_bufg_I_O)         0.091     9.437 r  rv32_top_i/clk_wiz_0/inst/clkout1_buf/O
                         net (fo=12242, routed)       1.644    11.081    rv32_top_i/plat/U0/u_core/S_AXI_ACLK
    SLICE_X53Y149        FDCE                                         r  rv32_top_i/plat/U0/u_core/shadow_reg[25][29]/C
                         clock pessimism              0.014    11.095    
                         clock uncertainty           -0.085    11.010    
    SLICE_X53Y149        FDCE (Recov_fdce_C_CLR)     -0.405    10.605    rv32_top_i/plat/U0/u_core/shadow_reg[25][29]
  -------------------------------------------------------------------
                         required time                         10.605    
                         arrival time                          -9.441    
  -------------------------------------------------------------------
                         slack                                  1.164    

Slack (MET) :             1.171ns  (required time - arrival time)
  Source:                 rv32_top_i/rst_ps7_50M/U0/ACTIVE_LOW_PR_OUT_DFF[0].FDRE_PER_N/C
                            (rising edge-triggered cell FDRE clocked by clk_out1_rv32_top_clk_wiz_0_0  {rise@0.000ns fall@4.717ns period=9.434ns})
  Destination:            rv32_top_i/plat/U0/u_dcache/u_tag/dirty_mem_reg[193]/CLR
                            (recovery check against rising-edge clock clk_out1_rv32_top_clk_wiz_0_0  {rise@0.000ns fall@4.717ns period=9.434ns})
  Path Group:             **async_default**
  Path Type:              Recovery (Max at Slow Process Corner)
  Requirement:            9.434ns  (clk_out1_rv32_top_clk_wiz_0_0 rise@9.434ns - clk_out1_rv32_top_clk_wiz_0_0 rise@0.000ns)
  Data Path Delay:        7.730ns  (logic 0.580ns (7.503%)  route 7.150ns (92.497%))
  Logic Levels:           1  (LUT2=1)
  Clock Path Skew:        -0.043ns (DCD - SCD + CPR)
    Destination Clock Delay (DCD):    1.716ns = ( 11.150 - 9.434 ) 
    Source Clock Delay      (SCD):    1.773ns
    Clock Pessimism Removal (CPR):    0.014ns
  Clock Uncertainty:      0.085ns  ((TSJ^2 + DJ^2)^1/2) / 2 + PE
    Total System Jitter     (TSJ):    0.071ns
    Discrete Jitter          (DJ):    0.154ns
    Phase Error              (PE):    0.000ns

    Location             Delay type                Incr(ns)  Path(ns)    Netlist Resource(s)
  -------------------------------------------------------------------    -------------------
                         (clock clk_out1_rv32_top_clk_wiz_0_0 rise edge)
                                                      0.000     0.000 r  
    BUFGCTRL_X0Y16       BUFG                         0.000     0.000 r  rv32_top_i/ps7/inst/buffer_fclk_clk_0.FCLK_CLK_0_BUFG/O
                         net (fo=1, routed)           1.806     1.806    rv32_top_i/clk_wiz_0/inst/clk_in1
    MMCME2_ADV_X1Y0      MMCME2_ADV (Prop_mmcme2_adv_CLKIN1_CLKOUT0)
                                                     -3.793    -1.987 r  rv32_top_i/clk_wiz_0/inst/mmcm_adv_inst/CLKOUT0
                         net (fo=1, routed)           1.889    -0.098    rv32_top_i/clk_wiz_0/inst/clk_out1_rv32_top_clk_wiz_0_0
    BUFGCTRL_X0Y0        BUFG (Prop_bufg_I_O)         0.101     0.003 r  rv32_top_i/clk_wiz_0/inst/clkout1_buf/O
                         net (fo=12242, routed)       1.770     1.773    rv32_top_i/rst_ps7_50M/U0/slowest_sync_clk
    SLICE_X105Y73        FDRE                                         r  rv32_top_i/rst_ps7_50M/U0/ACTIVE_LOW_PR_OUT_DFF[0].FDRE_PER_N/C
  -------------------------------------------------------------------    -------------------
    SLICE_X105Y73        FDRE (Prop_fdre_C_Q)         0.456     2.229 r  rv32_top_i/rst_ps7_50M/U0/ACTIVE_LOW_PR_OUT_DFF[0].FDRE_PER_N/Q
                         net (fo=31, routed)          3.173     5.402    rv32_top_i/plat/U0/u_ctrl/S_AXI_ARESETN
    SLICE_X31Y98         LUT2 (Prop_lut2_I1_O)        0.124     5.526 f  rv32_top_i/plat/U0/u_ctrl/regs[1][31]_i_1/O
                         net (fo=3987, routed)        3.977     9.503    rv32_top_i/plat/U0/u_dcache/u_tag/valid_mem_reg[0]_0
    SLICE_X55Y145        FDCE                                         f  rv32_top_i/plat/U0/u_dcache/u_tag/dirty_mem_reg[193]/CLR
  -------------------------------------------------------------------    -------------------

                         (clock clk_out1_rv32_top_clk_wiz_0_0 rise edge)
                                                      9.434     9.434 r  
    BUFGCTRL_X0Y16       BUFG                         0.000     9.434 r  rv32_top_i/ps7/inst/buffer_fclk_clk_0.FCLK_CLK_0_BUFG/O
                         net (fo=1, routed)           1.612    11.046    rv32_top_i/clk_wiz_0/inst/clk_in1
    MMCME2_ADV_X1Y0      MMCME2_ADV (Prop_mmcme2_adv_CLKIN1_CLKOUT0)
                                                     -3.425     7.621 r  rv32_top_i/clk_wiz_0/inst/mmcm_adv_inst/CLKOUT0
                         net (fo=1, routed)           1.725     9.346    rv32_top_i/clk_wiz_0/inst/clk_out1_rv32_top_clk_wiz_0_0
    BUFGCTRL_X0Y0        BUFG (Prop_bufg_I_O)         0.091     9.437 r  rv32_top_i/clk_wiz_0/inst/clkout1_buf/O
                         net (fo=12242, routed)       1.713    11.150    rv32_top_i/plat/U0/u_dcache/u_tag/S_AXI_ACLK
    SLICE_X55Y145        FDCE                                         r  rv32_top_i/plat/U0/u_dcache/u_tag/dirty_mem_reg[193]/C
                         clock pessimism              0.014    11.164    
                         clock uncertainty           -0.085    11.079    
    SLICE_X55Y145        FDCE (Recov_fdce_C_CLR)     -0.405    10.674    rv32_top_i/plat/U0/u_dcache/u_tag/dirty_mem_reg[193]
  -------------------------------------------------------------------
                         required time                         10.674    
                         arrival time                          -9.503    
  -------------------------------------------------------------------
                         slack                                  1.171    





Min Delay Paths
--------------------------------------------------------------------------------------
Slack (MET) :             0.759ns  (arrival time - required time)
  Source:                 rv32_top_i/plat/U0/u_ctrl/r_ctrl_reg[0]/C
                            (rising edge-triggered cell FDRE clocked by clk_out1_rv32_top_clk_wiz_0_0  {rise@0.000ns fall@4.717ns period=9.434ns})
  Destination:            rv32_top_i/plat/U0/u_icache/u_adp/buf_reg[30]/CLR
                            (removal check against rising-edge clock clk_out1_rv32_top_clk_wiz_0_0  {rise@0.000ns fall@4.717ns period=9.434ns})
  Path Group:             **async_default**
  Path Type:              Removal (Min at Fast Process Corner)
  Requirement:            0.000ns  (clk_out1_rv32_top_clk_wiz_0_0 rise@0.000ns - clk_out1_rv32_top_clk_wiz_0_0 rise@0.000ns)
  Data Path Delay:        0.682ns  (logic 0.186ns (27.257%)  route 0.496ns (72.743%))
  Logic Levels:           1  (LUT2=1)
  Clock Path Skew:        0.015ns (DCD - SCD - CPR)
    Destination Clock Delay (DCD):    0.934ns
    Source Clock Delay      (SCD):    0.663ns
    Clock Pessimism Removal (CPR):    0.256ns

    Location             Delay type                Incr(ns)  Path(ns)    Netlist Resource(s)
  -------------------------------------------------------------------    -------------------
                         (clock clk_out1_rv32_top_clk_wiz_0_0 rise edge)
                                                      0.000     0.000 r  
    BUFGCTRL_X0Y16       BUFG                         0.000     0.000 r  rv32_top_i/ps7/inst/buffer_fclk_clk_0.FCLK_CLK_0_BUFG/O
                         net (fo=1, routed)           0.597     0.597    rv32_top_i/clk_wiz_0/inst/clk_in1
    MMCME2_ADV_X1Y0      MMCME2_ADV (Prop_mmcme2_adv_CLKIN1_CLKOUT0)
                                                     -1.150    -0.553 r  rv32_top_i/clk_wiz_0/inst/mmcm_adv_inst/CLKOUT0
                         net (fo=1, routed)           0.529    -0.024    rv32_top_i/clk_wiz_0/inst/clk_out1_rv32_top_clk_wiz_0_0
    BUFGCTRL_X0Y0        BUFG (Prop_bufg_I_O)         0.026     0.002 r  rv32_top_i/clk_wiz_0/inst/clkout1_buf/O
                         net (fo=12242, routed)       0.661     0.663    rv32_top_i/plat/U0/u_ctrl/S_AXI_ACLK
    SLICE_X31Y101        FDRE                                         r  rv32_top_i/plat/U0/u_ctrl/r_ctrl_reg[0]/C
  -------------------------------------------------------------------    -------------------
    SLICE_X31Y101        FDRE (Prop_fdre_C_Q)         0.141     0.804 f  rv32_top_i/plat/U0/u_ctrl/r_ctrl_reg[0]/Q
                         net (fo=2, routed)           0.265     1.069    rv32_top_i/plat/U0/u_ctrl/cpu_reset
    SLICE_X31Y98         LUT2 (Prop_lut2_I0_O)        0.045     1.114 f  rv32_top_i/plat/U0/u_ctrl/regs[1][31]_i_1/O
                         net (fo=3987, routed)        0.232     1.345    rv32_top_i/plat/U0/u_icache/u_adp/araddr_q_reg[4]_0
    SLICE_X31Y104        FDCE                                         f  rv32_top_i/plat/U0/u_icache/u_adp/buf_reg[30]/CLR
  -------------------------------------------------------------------    -------------------

                         (clock clk_out1_rv32_top_clk_wiz_0_0 rise edge)
                                                      0.000     0.000 r  
    BUFGCTRL_X0Y16       BUFG                         0.000     0.000 r  rv32_top_i/ps7/inst/buffer_fclk_clk_0.FCLK_CLK_0_BUFG/O
                         net (fo=1, routed)           0.864     0.864    rv32_top_i/clk_wiz_0/inst/clk_in1
    MMCME2_ADV_X1Y0      MMCME2_ADV (Prop_mmcme2_adv_CLKIN1_CLKOUT0)
                                                     -1.467    -0.603 r  rv32_top_i/clk_wiz_0/inst/mmcm_adv_inst/CLKOUT0
                         net (fo=1, routed)           0.576    -0.027    rv32_top_i/clk_wiz_0/inst/clk_out1_rv32_top_clk_wiz_0_0
    BUFGCTRL_X0Y0        BUFG (Prop_bufg_I_O)         0.029     0.002 r  rv32_top_i/clk_wiz_0/inst/clkout1_buf/O
                         net (fo=12242, routed)       0.932     0.934    rv32_top_i/plat/U0/u_icache/u_adp/S_AXI_ACLK
    SLICE_X31Y104        FDCE                                         r  rv32_top_i/plat/U0/u_icache/u_adp/buf_reg[30]/C
                         clock pessimism             -0.256     0.678    
    SLICE_X31Y104        FDCE (Remov_fdce_C_CLR)     -0.092     0.586    rv32_top_i/plat/U0/u_icache/u_adp/buf_reg[30]
  -------------------------------------------------------------------
                         required time                         -0.586    
                         arrival time                           1.345    
  -------------------------------------------------------------------
                         slack                                  0.759    

Slack (MET) :             0.759ns  (arrival time - required time)
  Source:                 rv32_top_i/plat/U0/u_ctrl/r_ctrl_reg[0]/C
                            (rising edge-triggered cell FDRE clocked by clk_out1_rv32_top_clk_wiz_0_0  {rise@0.000ns fall@4.717ns period=9.434ns})
  Destination:            rv32_top_i/plat/U0/u_icache/u_adp/buf_reg[31]/CLR
                            (removal check against rising-edge clock clk_out1_rv32_top_clk_wiz_0_0  {rise@0.000ns fall@4.717ns period=9.434ns})
  Path Group:             **async_default**
  Path Type:              Removal (Min at Fast Process Corner)
  Requirement:            0.000ns  (clk_out1_rv32_top_clk_wiz_0_0 rise@0.000ns - clk_out1_rv32_top_clk_wiz_0_0 rise@0.000ns)
  Data Path Delay:        0.682ns  (logic 0.186ns (27.257%)  route 0.496ns (72.743%))
  Logic Levels:           1  (LUT2=1)
  Clock Path Skew:        0.015ns (DCD - SCD - CPR)
    Destination Clock Delay (DCD):    0.934ns
    Source Clock Delay      (SCD):    0.663ns
    Clock Pessimism Removal (CPR):    0.256ns

    Location             Delay type                Incr(ns)  Path(ns)    Netlist Resource(s)
  -------------------------------------------------------------------    -------------------
                         (clock clk_out1_rv32_top_clk_wiz_0_0 rise edge)
                                                      0.000     0.000 r  
    BUFGCTRL_X0Y16       BUFG                         0.000     0.000 r  rv32_top_i/ps7/inst/buffer_fclk_clk_0.FCLK_CLK_0_BUFG/O
                         net (fo=1, routed)           0.597     0.597    rv32_top_i/clk_wiz_0/inst/clk_in1
    MMCME2_ADV_X1Y0      MMCME2_ADV (Prop_mmcme2_adv_CLKIN1_CLKOUT0)
                                                     -1.150    -0.553 r  rv32_top_i/clk_wiz_0/inst/mmcm_adv_inst/CLKOUT0
                         net (fo=1, routed)           0.529    -0.024    rv32_top_i/clk_wiz_0/inst/clk_out1_rv32_top_clk_wiz_0_0
    BUFGCTRL_X0Y0        BUFG (Prop_bufg_I_O)         0.026     0.002 r  rv32_top_i/clk_wiz_0/inst/clkout1_buf/O
                         net (fo=12242, routed)       0.661     0.663    rv32_top_i/plat/U0/u_ctrl/S_AXI_ACLK
    SLICE_X31Y101        FDRE                                         r  rv32_top_i/plat/U0/u_ctrl/r_ctrl_reg[0]/C
  -------------------------------------------------------------------    -------------------
    SLICE_X31Y101        FDRE (Prop_fdre_C_Q)         0.141     0.804 f  rv32_top_i/plat/U0/u_ctrl/r_ctrl_reg[0]/Q
                         net (fo=2, routed)           0.265     1.069    rv32_top_i/plat/U0/u_ctrl/cpu_reset
    SLICE_X31Y98         LUT2 (Prop_lut2_I0_O)        0.045     1.114 f  rv32_top_i/plat/U0/u_ctrl/regs[1][31]_i_1/O
                         net (fo=3987, routed)        0.232     1.345    rv32_top_i/plat/U0/u_icache/u_adp/araddr_q_reg[4]_0
    SLICE_X31Y104        FDCE                                         f  rv32_top_i/plat/U0/u_icache/u_adp/buf_reg[31]/CLR
  -------------------------------------------------------------------    -------------------

                         (clock clk_out1_rv32_top_clk_wiz_0_0 rise edge)
                                                      0.000     0.000 r  
    BUFGCTRL_X0Y16       BUFG                         0.000     0.000 r  rv32_top_i/ps7/inst/buffer_fclk_clk_0.FCLK_CLK_0_BUFG/O
                         net (fo=1, routed)           0.864     0.864    rv32_top_i/clk_wiz_0/inst/clk_in1
    MMCME2_ADV_X1Y0      MMCME2_ADV (Prop_mmcme2_adv_CLKIN1_CLKOUT0)
                                                     -1.467    -0.603 r  rv32_top_i/clk_wiz_0/inst/mmcm_adv_inst/CLKOUT0
                         net (fo=1, routed)           0.576    -0.027    rv32_top_i/clk_wiz_0/inst/clk_out1_rv32_top_clk_wiz_0_0
    BUFGCTRL_X0Y0        BUFG (Prop_bufg_I_O)         0.029     0.002 r  rv32_top_i/clk_wiz_0/inst/clkout1_buf/O
                         net (fo=12242, routed)       0.932     0.934    rv32_top_i/plat/U0/u_icache/u_adp/S_AXI_ACLK
    SLICE_X31Y104        FDCE                                         r  rv32_top_i/plat/U0/u_icache/u_adp/buf_reg[31]/C
                         clock pessimism             -0.256     0.678    
    SLICE_X31Y104        FDCE (Remov_fdce_C_CLR)     -0.092     0.586    rv32_top_i/plat/U0/u_icache/u_adp/buf_reg[31]
  -------------------------------------------------------------------
                         required time                         -0.586    
                         arrival time                           1.345    
  -------------------------------------------------------------------
                         slack                                  0.759    

Slack (MET) :             0.827ns  (arrival time - required time)
  Source:                 rv32_top_i/plat/U0/u_ctrl/r_ctrl_reg[0]/C
                            (rising edge-triggered cell FDRE clocked by clk_out1_rv32_top_clk_wiz_0_0  {rise@0.000ns fall@4.717ns period=9.434ns})
  Destination:            rv32_top_i/plat/U0/u_icache/u_adp/buf_reg[84]/CLR
                            (removal check against rising-edge clock clk_out1_rv32_top_clk_wiz_0_0  {rise@0.000ns fall@4.717ns period=9.434ns})
  Path Group:             **async_default**
  Path Type:              Removal (Min at Fast Process Corner)
  Requirement:            0.000ns  (clk_out1_rv32_top_clk_wiz_0_0 rise@0.000ns - clk_out1_rv32_top_clk_wiz_0_0 rise@0.000ns)
  Data Path Delay:        0.750ns  (logic 0.186ns (24.814%)  route 0.564ns (75.186%))
  Logic Levels:           1  (LUT2=1)
  Clock Path Skew:        0.015ns (DCD - SCD - CPR)
    Destination Clock Delay (DCD):    0.916ns
    Source Clock Delay      (SCD):    0.663ns
    Clock Pessimism Removal (CPR):    0.238ns

    Location             Delay type                Incr(ns)  Path(ns)    Netlist Resource(s)
  -------------------------------------------------------------------    -------------------
                         (clock clk_out1_rv32_top_clk_wiz_0_0 rise edge)
                                                      0.000     0.000 r  
    BUFGCTRL_X0Y16       BUFG                         0.000     0.000 r  rv32_top_i/ps7/inst/buffer_fclk_clk_0.FCLK_CLK_0_BUFG/O
                         net (fo=1, routed)           0.597     0.597    rv32_top_i/clk_wiz_0/inst/clk_in1
    MMCME2_ADV_X1Y0      MMCME2_ADV (Prop_mmcme2_adv_CLKIN1_CLKOUT0)
                                                     -1.150    -0.553 r  rv32_top_i/clk_wiz_0/inst/mmcm_adv_inst/CLKOUT0
                         net (fo=1, routed)           0.529    -0.024    rv32_top_i/clk_wiz_0/inst/clk_out1_rv32_top_clk_wiz_0_0
    BUFGCTRL_X0Y0        BUFG (Prop_bufg_I_O)         0.026     0.002 r  rv32_top_i/clk_wiz_0/inst/clkout1_buf/O
                         net (fo=12242, routed)       0.661     0.663    rv32_top_i/plat/U0/u_ctrl/S_AXI_ACLK
    SLICE_X31Y101        FDRE                                         r  rv32_top_i/plat/U0/u_ctrl/r_ctrl_reg[0]/C
  -------------------------------------------------------------------    -------------------
    SLICE_X31Y101        FDRE (Prop_fdre_C_Q)         0.141     0.804 f  rv32_top_i/plat/U0/u_ctrl/r_ctrl_reg[0]/Q
                         net (fo=2, routed)           0.265     1.069    rv32_top_i/plat/U0/u_ctrl/cpu_reset
    SLICE_X31Y98         LUT2 (Prop_lut2_I0_O)        0.045     1.114 f  rv32_top_i/plat/U0/u_ctrl/regs[1][31]_i_1/O
                         net (fo=3987, routed)        0.299     1.413    rv32_top_i/plat/U0/u_icache/u_adp/araddr_q_reg[4]_0
    SLICE_X33Y102        FDCE                                         f  rv32_top_i/plat/U0/u_icache/u_adp/buf_reg[84]/CLR
  -------------------------------------------------------------------    -------------------

                         (clock clk_out1_rv32_top_clk_wiz_0_0 rise edge)
                                                      0.000     0.000 r  
    BUFGCTRL_X0Y16       BUFG                         0.000     0.000 r  rv32_top_i/ps7/inst/buffer_fclk_clk_0.FCLK_CLK_0_BUFG/O
                         net (fo=1, routed)           0.864     0.864    rv32_top_i/clk_wiz_0/inst/clk_in1
    MMCME2_ADV_X1Y0      MMCME2_ADV (Prop_mmcme2_adv_CLKIN1_CLKOUT0)
                                                     -1.467    -0.603 r  rv32_top_i/clk_wiz_0/inst/mmcm_adv_inst/CLKOUT0
                         net (fo=1, routed)           0.576    -0.027    rv32_top_i/clk_wiz_0/inst/clk_out1_rv32_top_clk_wiz_0_0
    BUFGCTRL_X0Y0        BUFG (Prop_bufg_I_O)         0.029     0.002 r  rv32_top_i/clk_wiz_0/inst/clkout1_buf/O
                         net (fo=12242, routed)       0.914     0.916    rv32_top_i/plat/U0/u_icache/u_adp/S_AXI_ACLK
    SLICE_X33Y102        FDCE                                         r  rv32_top_i/plat/U0/u_icache/u_adp/buf_reg[84]/C
                         clock pessimism             -0.238     0.678    
    SLICE_X33Y102        FDCE (Remov_fdce_C_CLR)     -0.092     0.586    rv32_top_i/plat/U0/u_icache/u_adp/buf_reg[84]
  -------------------------------------------------------------------
                         required time                         -0.586    
                         arrival time                           1.413    
  -------------------------------------------------------------------
                         slack                                  0.827    

Slack (MET) :             0.888ns  (arrival time - required time)
  Source:                 rv32_top_i/plat/U0/u_ctrl/r_ctrl_reg[0]/C
                            (rising edge-triggered cell FDRE clocked by clk_out1_rv32_top_clk_wiz_0_0  {rise@0.000ns fall@4.717ns period=9.434ns})
  Destination:            rv32_top_i/plat/U0/u_icache/u_adp/buf_reg[126]/CLR
                            (removal check against rising-edge clock clk_out1_rv32_top_clk_wiz_0_0  {rise@0.000ns fall@4.717ns period=9.434ns})
  Path Group:             **async_default**
  Path Type:              Removal (Min at Fast Process Corner)
  Requirement:            0.000ns  (clk_out1_rv32_top_clk_wiz_0_0 rise@0.000ns - clk_out1_rv32_top_clk_wiz_0_0 rise@0.000ns)
  Data Path Delay:        0.811ns  (logic 0.186ns (22.923%)  route 0.625ns (77.077%))
  Logic Levels:           1  (LUT2=1)
  Clock Path Skew:        0.015ns (DCD - SCD - CPR)
    Destination Clock Delay (DCD):    0.934ns
    Source Clock Delay      (SCD):    0.663ns
    Clock Pessimism Removal (CPR):    0.256ns

    Location             Delay type                Incr(ns)  Path(ns)    Netlist Resource(s)
  -------------------------------------------------------------------    -------------------
                         (clock clk_out1_rv32_top_clk_wiz_0_0 rise edge)
                                                      0.000     0.000 r  
    BUFGCTRL_X0Y16       BUFG                         0.000     0.000 r  rv32_top_i/ps7/inst/buffer_fclk_clk_0.FCLK_CLK_0_BUFG/O
                         net (fo=1, routed)           0.597     0.597    rv32_top_i/clk_wiz_0/inst/clk_in1
    MMCME2_ADV_X1Y0      MMCME2_ADV (Prop_mmcme2_adv_CLKIN1_CLKOUT0)
                                                     -1.150    -0.553 r  rv32_top_i/clk_wiz_0/inst/mmcm_adv_inst/CLKOUT0
                         net (fo=1, routed)           0.529    -0.024    rv32_top_i/clk_wiz_0/inst/clk_out1_rv32_top_clk_wiz_0_0
    BUFGCTRL_X0Y0        BUFG (Prop_bufg_I_O)         0.026     0.002 r  rv32_top_i/clk_wiz_0/inst/clkout1_buf/O
                         net (fo=12242, routed)       0.661     0.663    rv32_top_i/plat/U0/u_ctrl/S_AXI_ACLK
    SLICE_X31Y101        FDRE                                         r  rv32_top_i/plat/U0/u_ctrl/r_ctrl_reg[0]/C
  -------------------------------------------------------------------    -------------------
    SLICE_X31Y101        FDRE (Prop_fdre_C_Q)         0.141     0.804 f  rv32_top_i/plat/U0/u_ctrl/r_ctrl_reg[0]/Q
                         net (fo=2, routed)           0.265     1.069    rv32_top_i/plat/U0/u_ctrl/cpu_reset
    SLICE_X31Y98         LUT2 (Prop_lut2_I0_O)        0.045     1.114 f  rv32_top_i/plat/U0/u_ctrl/regs[1][31]_i_1/O
                         net (fo=3987, routed)        0.361     1.475    rv32_top_i/plat/U0/u_icache/u_adp/araddr_q_reg[4]_0
    SLICE_X31Y106        FDCE                                         f  rv32_top_i/plat/U0/u_icache/u_adp/buf_reg[126]/CLR
  -------------------------------------------------------------------    -------------------

                         (clock clk_out1_rv32_top_clk_wiz_0_0 rise edge)
                                                      0.000     0.000 r  
    BUFGCTRL_X0Y16       BUFG                         0.000     0.000 r  rv32_top_i/ps7/inst/buffer_fclk_clk_0.FCLK_CLK_0_BUFG/O
                         net (fo=1, routed)           0.864     0.864    rv32_top_i/clk_wiz_0/inst/clk_in1
    MMCME2_ADV_X1Y0      MMCME2_ADV (Prop_mmcme2_adv_CLKIN1_CLKOUT0)
                                                     -1.467    -0.603 r  rv32_top_i/clk_wiz_0/inst/mmcm_adv_inst/CLKOUT0
                         net (fo=1, routed)           0.576    -0.027    rv32_top_i/clk_wiz_0/inst/clk_out1_rv32_top_clk_wiz_0_0
    BUFGCTRL_X0Y0        BUFG (Prop_bufg_I_O)         0.029     0.002 r  rv32_top_i/clk_wiz_0/inst/clkout1_buf/O
                         net (fo=12242, routed)       0.932     0.934    rv32_top_i/plat/U0/u_icache/u_adp/S_AXI_ACLK
    SLICE_X31Y106        FDCE                                         r  rv32_top_i/plat/U0/u_icache/u_adp/buf_reg[126]/C
                         clock pessimism             -0.256     0.678    
    SLICE_X31Y106        FDCE (Remov_fdce_C_CLR)     -0.092     0.586    rv32_top_i/plat/U0/u_icache/u_adp/buf_reg[126]
  -------------------------------------------------------------------
                         required time                         -0.586    
                         arrival time                           1.475    
  -------------------------------------------------------------------
                         slack                                  0.888    

Slack (MET) :             0.888ns  (arrival time - required time)
  Source:                 rv32_top_i/plat/U0/u_ctrl/r_ctrl_reg[0]/C
                            (rising edge-triggered cell FDRE clocked by clk_out1_rv32_top_clk_wiz_0_0  {rise@0.000ns fall@4.717ns period=9.434ns})
  Destination:            rv32_top_i/plat/U0/u_icache/u_adp/buf_reg[127]/CLR
                            (removal check against rising-edge clock clk_out1_rv32_top_clk_wiz_0_0  {rise@0.000ns fall@4.717ns period=9.434ns})
  Path Group:             **async_default**
  Path Type:              Removal (Min at Fast Process Corner)
  Requirement:            0.000ns  (clk_out1_rv32_top_clk_wiz_0_0 rise@0.000ns - clk_out1_rv32_top_clk_wiz_0_0 rise@0.000ns)
  Data Path Delay:        0.811ns  (logic 0.186ns (22.923%)  route 0.625ns (77.077%))
  Logic Levels:           1  (LUT2=1)
  Clock Path Skew:        0.015ns (DCD - SCD - CPR)
    Destination Clock Delay (DCD):    0.934ns
    Source Clock Delay      (SCD):    0.663ns
    Clock Pessimism Removal (CPR):    0.256ns

    Location             Delay type                Incr(ns)  Path(ns)    Netlist Resource(s)
  -------------------------------------------------------------------    -------------------
                         (clock clk_out1_rv32_top_clk_wiz_0_0 rise edge)
                                                      0.000     0.000 r  
    BUFGCTRL_X0Y16       BUFG                         0.000     0.000 r  rv32_top_i/ps7/inst/buffer_fclk_clk_0.FCLK_CLK_0_BUFG/O
                         net (fo=1, routed)           0.597     0.597    rv32_top_i/clk_wiz_0/inst/clk_in1
    MMCME2_ADV_X1Y0      MMCME2_ADV (Prop_mmcme2_adv_CLKIN1_CLKOUT0)
                                                     -1.150    -0.553 r  rv32_top_i/clk_wiz_0/inst/mmcm_adv_inst/CLKOUT0
                         net (fo=1, routed)           0.529    -0.024    rv32_top_i/clk_wiz_0/inst/clk_out1_rv32_top_clk_wiz_0_0
    BUFGCTRL_X0Y0        BUFG (Prop_bufg_I_O)         0.026     0.002 r  rv32_top_i/clk_wiz_0/inst/clkout1_buf/O
                         net (fo=12242, routed)       0.661     0.663    rv32_top_i/plat/U0/u_ctrl/S_AXI_ACLK
    SLICE_X31Y101        FDRE                                         r  rv32_top_i/plat/U0/u_ctrl/r_ctrl_reg[0]/C
  -------------------------------------------------------------------    -------------------
    SLICE_X31Y101        FDRE (Prop_fdre_C_Q)         0.141     0.804 f  rv32_top_i/plat/U0/u_ctrl/r_ctrl_reg[0]/Q
                         net (fo=2, routed)           0.265     1.069    rv32_top_i/plat/U0/u_ctrl/cpu_reset
    SLICE_X31Y98         LUT2 (Prop_lut2_I0_O)        0.045     1.114 f  rv32_top_i/plat/U0/u_ctrl/regs[1][31]_i_1/O
                         net (fo=3987, routed)        0.361     1.475    rv32_top_i/plat/U0/u_icache/u_adp/araddr_q_reg[4]_0
    SLICE_X31Y106        FDCE                                         f  rv32_top_i/plat/U0/u_icache/u_adp/buf_reg[127]/CLR
  -------------------------------------------------------------------    -------------------

                         (clock clk_out1_rv32_top_clk_wiz_0_0 rise edge)
                                                      0.000     0.000 r  
    BUFGCTRL_X0Y16       BUFG                         0.000     0.000 r  rv32_top_i/ps7/inst/buffer_fclk_clk_0.FCLK_CLK_0_BUFG/O
                         net (fo=1, routed)           0.864     0.864    rv32_top_i/clk_wiz_0/inst/clk_in1
    MMCME2_ADV_X1Y0      MMCME2_ADV (Prop_mmcme2_adv_CLKIN1_CLKOUT0)
                                                     -1.467    -0.603 r  rv32_top_i/clk_wiz_0/inst/mmcm_adv_inst/CLKOUT0
                         net (fo=1, routed)           0.576    -0.027    rv32_top_i/clk_wiz_0/inst/clk_out1_rv32_top_clk_wiz_0_0
    BUFGCTRL_X0Y0        BUFG (Prop_bufg_I_O)         0.029     0.002 r  rv32_top_i/clk_wiz_0/inst/clkout1_buf/O
                         net (fo=12242, routed)       0.932     0.934    rv32_top_i/plat/U0/u_icache/u_adp/S_AXI_ACLK
    SLICE_X31Y106        FDCE                                         r  rv32_top_i/plat/U0/u_icache/u_adp/buf_reg[127]/C
                         clock pessimism             -0.256     0.678    
    SLICE_X31Y106        FDCE (Remov_fdce_C_CLR)     -0.092     0.586    rv32_top_i/plat/U0/u_icache/u_adp/buf_reg[127]
  -------------------------------------------------------------------
                         required time                         -0.586    
                         arrival time                           1.475    
  -------------------------------------------------------------------
                         slack                                  0.888    

Slack (MET) :             0.897ns  (arrival time - required time)
  Source:                 rv32_top_i/plat/U0/u_ctrl/r_ctrl_reg[0]/C
                            (rising edge-triggered cell FDRE clocked by clk_out1_rv32_top_clk_wiz_0_0  {rise@0.000ns fall@4.717ns period=9.434ns})
  Destination:            rv32_top_i/plat/U0/u_dcache/u_axi/rbuf_reg[107]/CLR
                            (removal check against rising-edge clock clk_out1_rv32_top_clk_wiz_0_0  {rise@0.000ns fall@4.717ns period=9.434ns})
  Path Group:             **async_default**
  Path Type:              Removal (Min at Fast Process Corner)
  Requirement:            0.000ns  (clk_out1_rv32_top_clk_wiz_0_0 rise@0.000ns - clk_out1_rv32_top_clk_wiz_0_0 rise@0.000ns)
  Data Path Delay:        0.818ns  (logic 0.186ns (22.743%)  route 0.632ns (77.257%))
  Logic Levels:           1  (LUT2=1)
  Clock Path Skew:        0.013ns (DCD - SCD - CPR)
    Destination Clock Delay (DCD):    0.932ns
    Source Clock Delay      (SCD):    0.663ns
    Clock Pessimism Removal (CPR):    0.256ns

    Location             Delay type                Incr(ns)  Path(ns)    Netlist Resource(s)
  -------------------------------------------------------------------    -------------------
                         (clock clk_out1_rv32_top_clk_wiz_0_0 rise edge)
                                                      0.000     0.000 r  
    BUFGCTRL_X0Y16       BUFG                         0.000     0.000 r  rv32_top_i/ps7/inst/buffer_fclk_clk_0.FCLK_CLK_0_BUFG/O
                         net (fo=1, routed)           0.597     0.597    rv32_top_i/clk_wiz_0/inst/clk_in1
    MMCME2_ADV_X1Y0      MMCME2_ADV (Prop_mmcme2_adv_CLKIN1_CLKOUT0)
                                                     -1.150    -0.553 r  rv32_top_i/clk_wiz_0/inst/mmcm_adv_inst/CLKOUT0
                         net (fo=1, routed)           0.529    -0.024    rv32_top_i/clk_wiz_0/inst/clk_out1_rv32_top_clk_wiz_0_0
    BUFGCTRL_X0Y0        BUFG (Prop_bufg_I_O)         0.026     0.002 r  rv32_top_i/clk_wiz_0/inst/clkout1_buf/O
                         net (fo=12242, routed)       0.661     0.663    rv32_top_i/plat/U0/u_ctrl/S_AXI_ACLK
    SLICE_X31Y101        FDRE                                         r  rv32_top_i/plat/U0/u_ctrl/r_ctrl_reg[0]/C
  -------------------------------------------------------------------    -------------------
    SLICE_X31Y101        FDRE (Prop_fdre_C_Q)         0.141     0.804 f  rv32_top_i/plat/U0/u_ctrl/r_ctrl_reg[0]/Q
                         net (fo=2, routed)           0.265     1.069    rv32_top_i/plat/U0/u_ctrl/cpu_reset
    SLICE_X31Y98         LUT2 (Prop_lut2_I0_O)        0.045     1.114 f  rv32_top_i/plat/U0/u_ctrl/regs[1][31]_i_1/O
                         net (fo=3987, routed)        0.367     1.481    rv32_top_i/plat/U0/u_dcache/u_axi/beat_reg[0]_1
    SLICE_X31Y110        FDCE                                         f  rv32_top_i/plat/U0/u_dcache/u_axi/rbuf_reg[107]/CLR
  -------------------------------------------------------------------    -------------------

                         (clock clk_out1_rv32_top_clk_wiz_0_0 rise edge)
                                                      0.000     0.000 r  
    BUFGCTRL_X0Y16       BUFG                         0.000     0.000 r  rv32_top_i/ps7/inst/buffer_fclk_clk_0.FCLK_CLK_0_BUFG/O
                         net (fo=1, routed)           0.864     0.864    rv32_top_i/clk_wiz_0/inst/clk_in1
    MMCME2_ADV_X1Y0      MMCME2_ADV (Prop_mmcme2_adv_CLKIN1_CLKOUT0)
                                                     -1.467    -0.603 r  rv32_top_i/clk_wiz_0/inst/mmcm_adv_inst/CLKOUT0
                         net (fo=1, routed)           0.576    -0.027    rv32_top_i/clk_wiz_0/inst/clk_out1_rv32_top_clk_wiz_0_0
    BUFGCTRL_X0Y0        BUFG (Prop_bufg_I_O)         0.029     0.002 r  rv32_top_i/clk_wiz_0/inst/clkout1_buf/O
                         net (fo=12242, routed)       0.930     0.932    rv32_top_i/plat/U0/u_dcache/u_axi/S_AXI_ACLK
    SLICE_X31Y110        FDCE                                         r  rv32_top_i/plat/U0/u_dcache/u_axi/rbuf_reg[107]/C
                         clock pessimism             -0.256     0.676    
    SLICE_X31Y110        FDCE (Remov_fdce_C_CLR)     -0.092     0.584    rv32_top_i/plat/U0/u_dcache/u_axi/rbuf_reg[107]
  -------------------------------------------------------------------
                         required time                         -0.584    
                         arrival time                           1.481    
  -------------------------------------------------------------------
                         slack                                  0.897    

Slack (MET) :             0.897ns  (arrival time - required time)
  Source:                 rv32_top_i/plat/U0/u_ctrl/r_ctrl_reg[0]/C
                            (rising edge-triggered cell FDRE clocked by clk_out1_rv32_top_clk_wiz_0_0  {rise@0.000ns fall@4.717ns period=9.434ns})
  Destination:            rv32_top_i/plat/U0/u_dcache/u_axi/rbuf_reg[108]/CLR
                            (removal check against rising-edge clock clk_out1_rv32_top_clk_wiz_0_0  {rise@0.000ns fall@4.717ns period=9.434ns})
  Path Group:             **async_default**
  Path Type:              Removal (Min at Fast Process Corner)
  Requirement:            0.000ns  (clk_out1_rv32_top_clk_wiz_0_0 rise@0.000ns - clk_out1_rv32_top_clk_wiz_0_0 rise@0.000ns)
  Data Path Delay:        0.818ns  (logic 0.186ns (22.743%)  route 0.632ns (77.257%))
  Logic Levels:           1  (LUT2=1)
  Clock Path Skew:        0.013ns (DCD - SCD - CPR)
    Destination Clock Delay (DCD):    0.932ns
    Source Clock Delay      (SCD):    0.663ns
    Clock Pessimism Removal (CPR):    0.256ns

    Location             Delay type                Incr(ns)  Path(ns)    Netlist Resource(s)
  -------------------------------------------------------------------    -------------------
                         (clock clk_out1_rv32_top_clk_wiz_0_0 rise edge)
                                                      0.000     0.000 r  
    BUFGCTRL_X0Y16       BUFG                         0.000     0.000 r  rv32_top_i/ps7/inst/buffer_fclk_clk_0.FCLK_CLK_0_BUFG/O
                         net (fo=1, routed)           0.597     0.597    rv32_top_i/clk_wiz_0/inst/clk_in1
    MMCME2_ADV_X1Y0      MMCME2_ADV (Prop_mmcme2_adv_CLKIN1_CLKOUT0)
                                                     -1.150    -0.553 r  rv32_top_i/clk_wiz_0/inst/mmcm_adv_inst/CLKOUT0
                         net (fo=1, routed)           0.529    -0.024    rv32_top_i/clk_wiz_0/inst/clk_out1_rv32_top_clk_wiz_0_0
    BUFGCTRL_X0Y0        BUFG (Prop_bufg_I_O)         0.026     0.002 r  rv32_top_i/clk_wiz_0/inst/clkout1_buf/O
                         net (fo=12242, routed)       0.661     0.663    rv32_top_i/plat/U0/u_ctrl/S_AXI_ACLK
    SLICE_X31Y101        FDRE                                         r  rv32_top_i/plat/U0/u_ctrl/r_ctrl_reg[0]/C
  -------------------------------------------------------------------    -------------------
    SLICE_X31Y101        FDRE (Prop_fdre_C_Q)         0.141     0.804 f  rv32_top_i/plat/U0/u_ctrl/r_ctrl_reg[0]/Q
                         net (fo=2, routed)           0.265     1.069    rv32_top_i/plat/U0/u_ctrl/cpu_reset
    SLICE_X31Y98         LUT2 (Prop_lut2_I0_O)        0.045     1.114 f  rv32_top_i/plat/U0/u_ctrl/regs[1][31]_i_1/O
                         net (fo=3987, routed)        0.367     1.481    rv32_top_i/plat/U0/u_dcache/u_axi/beat_reg[0]_1
    SLICE_X31Y110        FDCE                                         f  rv32_top_i/plat/U0/u_dcache/u_axi/rbuf_reg[108]/CLR
  -------------------------------------------------------------------    -------------------

                         (clock clk_out1_rv32_top_clk_wiz_0_0 rise edge)
                                                      0.000     0.000 r  
    BUFGCTRL_X0Y16       BUFG                         0.000     0.000 r  rv32_top_i/ps7/inst/buffer_fclk_clk_0.FCLK_CLK_0_BUFG/O
                         net (fo=1, routed)           0.864     0.864    rv32_top_i/clk_wiz_0/inst/clk_in1
    MMCME2_ADV_X1Y0      MMCME2_ADV (Prop_mmcme2_adv_CLKIN1_CLKOUT0)
                                                     -1.467    -0.603 r  rv32_top_i/clk_wiz_0/inst/mmcm_adv_inst/CLKOUT0
                         net (fo=1, routed)           0.576    -0.027    rv32_top_i/clk_wiz_0/inst/clk_out1_rv32_top_clk_wiz_0_0
    BUFGCTRL_X0Y0        BUFG (Prop_bufg_I_O)         0.029     0.002 r  rv32_top_i/clk_wiz_0/inst/clkout1_buf/O
                         net (fo=12242, routed)       0.930     0.932    rv32_top_i/plat/U0/u_dcache/u_axi/S_AXI_ACLK
    SLICE_X31Y110        FDCE                                         r  rv32_top_i/plat/U0/u_dcache/u_axi/rbuf_reg[108]/C
                         clock pessimism             -0.256     0.676    
    SLICE_X31Y110        FDCE (Remov_fdce_C_CLR)     -0.092     0.584    rv32_top_i/plat/U0/u_dcache/u_axi/rbuf_reg[108]
  -------------------------------------------------------------------
                         required time                         -0.584    
                         arrival time                           1.481    
  -------------------------------------------------------------------
                         slack                                  0.897    

Slack (MET) :             0.931ns  (arrival time - required time)
  Source:                 rv32_top_i/plat/U0/u_ctrl/r_ctrl_reg[0]/C
                            (rising edge-triggered cell FDRE clocked by clk_out1_rv32_top_clk_wiz_0_0  {rise@0.000ns fall@4.717ns period=9.434ns})
  Destination:            rv32_top_i/plat/U0/u_icache/u_adp/buf_reg[65]/CLR
                            (removal check against rising-edge clock clk_out1_rv32_top_clk_wiz_0_0  {rise@0.000ns fall@4.717ns period=9.434ns})
  Path Group:             **async_default**
  Path Type:              Removal (Min at Fast Process Corner)
  Requirement:            0.000ns  (clk_out1_rv32_top_clk_wiz_0_0 rise@0.000ns - clk_out1_rv32_top_clk_wiz_0_0 rise@0.000ns)
  Data Path Delay:        0.854ns  (logic 0.186ns (21.771%)  route 0.668ns (78.229%))
  Logic Levels:           1  (LUT2=1)
  Clock Path Skew:        0.015ns (DCD - SCD - CPR)
    Destination Clock Delay (DCD):    0.934ns
    Source Clock Delay      (SCD):    0.663ns
    Clock Pessimism Removal (CPR):    0.256ns

    Location             Delay type                Incr(ns)  Path(ns)    Netlist Resource(s)
  -------------------------------------------------------------------    -------------------
                         (clock clk_out1_rv32_top_clk_wiz_0_0 rise edge)
                                                      0.000     0.000 r  
    BUFGCTRL_X0Y16       BUFG                         0.000     0.000 r  rv32_top_i/ps7/inst/buffer_fclk_clk_0.FCLK_CLK_0_BUFG/O
                         net (fo=1, routed)           0.597     0.597    rv32_top_i/clk_wiz_0/inst/clk_in1
    MMCME2_ADV_X1Y0      MMCME2_ADV (Prop_mmcme2_adv_CLKIN1_CLKOUT0)
                                                     -1.150    -0.553 r  rv32_top_i/clk_wiz_0/inst/mmcm_adv_inst/CLKOUT0
                         net (fo=1, routed)           0.529    -0.024    rv32_top_i/clk_wiz_0/inst/clk_out1_rv32_top_clk_wiz_0_0
    BUFGCTRL_X0Y0        BUFG (Prop_bufg_I_O)         0.026     0.002 r  rv32_top_i/clk_wiz_0/inst/clkout1_buf/O
                         net (fo=12242, routed)       0.661     0.663    rv32_top_i/plat/U0/u_ctrl/S_AXI_ACLK
    SLICE_X31Y101        FDRE                                         r  rv32_top_i/plat/U0/u_ctrl/r_ctrl_reg[0]/C
  -------------------------------------------------------------------    -------------------
    SLICE_X31Y101        FDRE (Prop_fdre_C_Q)         0.141     0.804 f  rv32_top_i/plat/U0/u_ctrl/r_ctrl_reg[0]/Q
                         net (fo=2, routed)           0.265     1.069    rv32_top_i/plat/U0/u_ctrl/cpu_reset
    SLICE_X31Y98         LUT2 (Prop_lut2_I0_O)        0.045     1.114 f  rv32_top_i/plat/U0/u_ctrl/regs[1][31]_i_1/O
                         net (fo=3987, routed)        0.404     1.517    rv32_top_i/plat/U0/u_icache/u_adp/araddr_q_reg[4]_0
    SLICE_X29Y106        FDCE                                         f  rv32_top_i/plat/U0/u_icache/u_adp/buf_reg[65]/CLR
  -------------------------------------------------------------------    -------------------

                         (clock clk_out1_rv32_top_clk_wiz_0_0 rise edge)
                                                      0.000     0.000 r  
    BUFGCTRL_X0Y16       BUFG                         0.000     0.000 r  rv32_top_i/ps7/inst/buffer_fclk_clk_0.FCLK_CLK_0_BUFG/O
                         net (fo=1, routed)           0.864     0.864    rv32_top_i/clk_wiz_0/inst/clk_in1
    MMCME2_ADV_X1Y0      MMCME2_ADV (Prop_mmcme2_adv_CLKIN1_CLKOUT0)
                                                     -1.467    -0.603 r  rv32_top_i/clk_wiz_0/inst/mmcm_adv_inst/CLKOUT0
                         net (fo=1, routed)           0.576    -0.027    rv32_top_i/clk_wiz_0/inst/clk_out1_rv32_top_clk_wiz_0_0
    BUFGCTRL_X0Y0        BUFG (Prop_bufg_I_O)         0.029     0.002 r  rv32_top_i/clk_wiz_0/inst/clkout1_buf/O
                         net (fo=12242, routed)       0.932     0.934    rv32_top_i/plat/U0/u_icache/u_adp/S_AXI_ACLK
    SLICE_X29Y106        FDCE                                         r  rv32_top_i/plat/U0/u_icache/u_adp/buf_reg[65]/C
                         clock pessimism             -0.256     0.678    
    SLICE_X29Y106        FDCE (Remov_fdce_C_CLR)     -0.092     0.586    rv32_top_i/plat/U0/u_icache/u_adp/buf_reg[65]
  -------------------------------------------------------------------
                         required time                         -0.586    
                         arrival time                           1.517    
  -------------------------------------------------------------------
                         slack                                  0.931    

Slack (MET) :             0.931ns  (arrival time - required time)
  Source:                 rv32_top_i/plat/U0/u_ctrl/r_ctrl_reg[0]/C
                            (rising edge-triggered cell FDRE clocked by clk_out1_rv32_top_clk_wiz_0_0  {rise@0.000ns fall@4.717ns period=9.434ns})
  Destination:            rv32_top_i/plat/U0/u_icache/u_adp/buf_reg[94]/CLR
                            (removal check against rising-edge clock clk_out1_rv32_top_clk_wiz_0_0  {rise@0.000ns fall@4.717ns period=9.434ns})
  Path Group:             **async_default**
  Path Type:              Removal (Min at Fast Process Corner)
  Requirement:            0.000ns  (clk_out1_rv32_top_clk_wiz_0_0 rise@0.000ns - clk_out1_rv32_top_clk_wiz_0_0 rise@0.000ns)
  Data Path Delay:        0.854ns  (logic 0.186ns (21.771%)  route 0.668ns (78.229%))
  Logic Levels:           1  (LUT2=1)
  Clock Path Skew:        0.015ns (DCD - SCD - CPR)
    Destination Clock Delay (DCD):    0.934ns
    Source Clock Delay      (SCD):    0.663ns
    Clock Pessimism Removal (CPR):    0.256ns

    Location             Delay type                Incr(ns)  Path(ns)    Netlist Resource(s)
  -------------------------------------------------------------------    -------------------
                         (clock clk_out1_rv32_top_clk_wiz_0_0 rise edge)
                                                      0.000     0.000 r  
    BUFGCTRL_X0Y16       BUFG                         0.000     0.000 r  rv32_top_i/ps7/inst/buffer_fclk_clk_0.FCLK_CLK_0_BUFG/O
                         net (fo=1, routed)           0.597     0.597    rv32_top_i/clk_wiz_0/inst/clk_in1
    MMCME2_ADV_X1Y0      MMCME2_ADV (Prop_mmcme2_adv_CLKIN1_CLKOUT0)
                                                     -1.150    -0.553 r  rv32_top_i/clk_wiz_0/inst/mmcm_adv_inst/CLKOUT0
                         net (fo=1, routed)           0.529    -0.024    rv32_top_i/clk_wiz_0/inst/clk_out1_rv32_top_clk_wiz_0_0
    BUFGCTRL_X0Y0        BUFG (Prop_bufg_I_O)         0.026     0.002 r  rv32_top_i/clk_wiz_0/inst/clkout1_buf/O
                         net (fo=12242, routed)       0.661     0.663    rv32_top_i/plat/U0/u_ctrl/S_AXI_ACLK
    SLICE_X31Y101        FDRE                                         r  rv32_top_i/plat/U0/u_ctrl/r_ctrl_reg[0]/C
  -------------------------------------------------------------------    -------------------
    SLICE_X31Y101        FDRE (Prop_fdre_C_Q)         0.141     0.804 f  rv32_top_i/plat/U0/u_ctrl/r_ctrl_reg[0]/Q
                         net (fo=2, routed)           0.265     1.069    rv32_top_i/plat/U0/u_ctrl/cpu_reset
    SLICE_X31Y98         LUT2 (Prop_lut2_I0_O)        0.045     1.114 f  rv32_top_i/plat/U0/u_ctrl/regs[1][31]_i_1/O
                         net (fo=3987, routed)        0.404     1.517    rv32_top_i/plat/U0/u_icache/u_adp/araddr_q_reg[4]_0
    SLICE_X29Y106        FDCE                                         f  rv32_top_i/plat/U0/u_icache/u_adp/buf_reg[94]/CLR
  -------------------------------------------------------------------    -------------------

                         (clock clk_out1_rv32_top_clk_wiz_0_0 rise edge)
                                                      0.000     0.000 r  
    BUFGCTRL_X0Y16       BUFG                         0.000     0.000 r  rv32_top_i/ps7/inst/buffer_fclk_clk_0.FCLK_CLK_0_BUFG/O
                         net (fo=1, routed)           0.864     0.864    rv32_top_i/clk_wiz_0/inst/clk_in1
    MMCME2_ADV_X1Y0      MMCME2_ADV (Prop_mmcme2_adv_CLKIN1_CLKOUT0)
                                                     -1.467    -0.603 r  rv32_top_i/clk_wiz_0/inst/mmcm_adv_inst/CLKOUT0
                         net (fo=1, routed)           0.576    -0.027    rv32_top_i/clk_wiz_0/inst/clk_out1_rv32_top_clk_wiz_0_0
    BUFGCTRL_X0Y0        BUFG (Prop_bufg_I_O)         0.029     0.002 r  rv32_top_i/clk_wiz_0/inst/clkout1_buf/O
                         net (fo=12242, routed)       0.932     0.934    rv32_top_i/plat/U0/u_icache/u_adp/S_AXI_ACLK
    SLICE_X29Y106        FDCE                                         r  rv32_top_i/plat/U0/u_icache/u_adp/buf_reg[94]/C
                         clock pessimism             -0.256     0.678    
    SLICE_X29Y106        FDCE (Remov_fdce_C_CLR)     -0.092     0.586    rv32_top_i/plat/U0/u_icache/u_adp/buf_reg[94]
  -------------------------------------------------------------------
                         required time                         -0.586    
                         arrival time                           1.517    
  -------------------------------------------------------------------
                         slack                                  0.931    

Slack (MET) :             0.931ns  (arrival time - required time)
  Source:                 rv32_top_i/plat/U0/u_ctrl/r_ctrl_reg[0]/C
                            (rising edge-triggered cell FDRE clocked by clk_out1_rv32_top_clk_wiz_0_0  {rise@0.000ns fall@4.717ns period=9.434ns})
  Destination:            rv32_top_i/plat/U0/u_icache/u_adp/buf_reg[95]/CLR
                            (removal check against rising-edge clock clk_out1_rv32_top_clk_wiz_0_0  {rise@0.000ns fall@4.717ns period=9.434ns})
  Path Group:             **async_default**
  Path Type:              Removal (Min at Fast Process Corner)
  Requirement:            0.000ns  (clk_out1_rv32_top_clk_wiz_0_0 rise@0.000ns - clk_out1_rv32_top_clk_wiz_0_0 rise@0.000ns)
  Data Path Delay:        0.854ns  (logic 0.186ns (21.771%)  route 0.668ns (78.229%))
  Logic Levels:           1  (LUT2=1)
  Clock Path Skew:        0.015ns (DCD - SCD - CPR)
    Destination Clock Delay (DCD):    0.934ns
    Source Clock Delay      (SCD):    0.663ns
    Clock Pessimism Removal (CPR):    0.256ns

    Location             Delay type                Incr(ns)  Path(ns)    Netlist Resource(s)
  -------------------------------------------------------------------    -------------------
                         (clock clk_out1_rv32_top_clk_wiz_0_0 rise edge)
                                                      0.000     0.000 r  
    BUFGCTRL_X0Y16       BUFG                         0.000     0.000 r  rv32_top_i/ps7/inst/buffer_fclk_clk_0.FCLK_CLK_0_BUFG/O
                         net (fo=1, routed)           0.597     0.597    rv32_top_i/clk_wiz_0/inst/clk_in1
    MMCME2_ADV_X1Y0      MMCME2_ADV (Prop_mmcme2_adv_CLKIN1_CLKOUT0)
                                                     -1.150    -0.553 r  rv32_top_i/clk_wiz_0/inst/mmcm_adv_inst/CLKOUT0
                         net (fo=1, routed)           0.529    -0.024    rv32_top_i/clk_wiz_0/inst/clk_out1_rv32_top_clk_wiz_0_0
    BUFGCTRL_X0Y0        BUFG (Prop_bufg_I_O)         0.026     0.002 r  rv32_top_i/clk_wiz_0/inst/clkout1_buf/O
                         net (fo=12242, routed)       0.661     0.663    rv32_top_i/plat/U0/u_ctrl/S_AXI_ACLK
    SLICE_X31Y101        FDRE                                         r  rv32_top_i/plat/U0/u_ctrl/r_ctrl_reg[0]/C
  -------------------------------------------------------------------    -------------------
    SLICE_X31Y101        FDRE (Prop_fdre_C_Q)         0.141     0.804 f  rv32_top_i/plat/U0/u_ctrl/r_ctrl_reg[0]/Q
                         net (fo=2, routed)           0.265     1.069    rv32_top_i/plat/U0/u_ctrl/cpu_reset
    SLICE_X31Y98         LUT2 (Prop_lut2_I0_O)        0.045     1.114 f  rv32_top_i/plat/U0/u_ctrl/regs[1][31]_i_1/O
                         net (fo=3987, routed)        0.404     1.517    rv32_top_i/plat/U0/u_icache/u_adp/araddr_q_reg[4]_0
    SLICE_X29Y106        FDCE                                         f  rv32_top_i/plat/U0/u_icache/u_adp/buf_reg[95]/CLR
  -------------------------------------------------------------------    -------------------

                         (clock clk_out1_rv32_top_clk_wiz_0_0 rise edge)
                                                      0.000     0.000 r  
    BUFGCTRL_X0Y16       BUFG                         0.000     0.000 r  rv32_top_i/ps7/inst/buffer_fclk_clk_0.FCLK_CLK_0_BUFG/O
                         net (fo=1, routed)           0.864     0.864    rv32_top_i/clk_wiz_0/inst/clk_in1
    MMCME2_ADV_X1Y0      MMCME2_ADV (Prop_mmcme2_adv_CLKIN1_CLKOUT0)
                                                     -1.467    -0.603 r  rv32_top_i/clk_wiz_0/inst/mmcm_adv_inst/CLKOUT0
                         net (fo=1, routed)           0.576    -0.027    rv32_top_i/clk_wiz_0/inst/clk_out1_rv32_top_clk_wiz_0_0
    BUFGCTRL_X0Y0        BUFG (Prop_bufg_I_O)         0.029     0.002 r  rv32_top_i/clk_wiz_0/inst/clkout1_buf/O
                         net (fo=12242, routed)       0.932     0.934    rv32_top_i/plat/U0/u_icache/u_adp/S_AXI_ACLK
    SLICE_X29Y106        FDCE                                         r  rv32_top_i/plat/U0/u_icache/u_adp/buf_reg[95]/C
                         clock pessimism             -0.256     0.678    
    SLICE_X29Y106        FDCE (Remov_fdce_C_CLR)     -0.092     0.586    rv32_top_i/plat/U0/u_icache/u_adp/buf_reg[95]
  -------------------------------------------------------------------
                         required time                         -0.586    
                         arrival time                           1.517    
  -------------------------------------------------------------------
                         slack                                  0.931    





--------------------------------------------------------------------------------------
Path Group:  (none)
From Clock:  
  To Clock:  clk_out1_rv32_top_clk_wiz_0_0

Max Delay             1 Endpoint
Min Delay             1 Endpoint
--------------------------------------------------------------------------------------


Max Delay Paths
--------------------------------------------------------------------------------------
Slack:                    inf
  Source:                 rv32_top_i/ps7/inst/PS7_i/FCLKRESETN[0]
                            (internal pin)
  Destination:            rv32_top_i/rst_ps7_50M/U0/EXT_LPF/ACTIVE_LOW_EXT.ACT_LO_EXT/syncstages_ff_reg[0]/D
                            (rising edge-triggered cell FDRE clocked by clk_out1_rv32_top_clk_wiz_0_0  {rise@0.000ns fall@4.717ns period=9.434ns})
  Path Group:             (none)
  Path Type:              Setup (Max at Slow Process Corner)
  Data Path Delay:        3.463ns  (logic 0.124ns (3.580%)  route 3.339ns (96.420%))
  Logic Levels:           1  (LUT1=1)
  Clock Uncertainty:      0.238ns  ((TSJ^2 + DJ^2)^1/2) / 2 + PE
    Total System Jitter     (TSJ):    0.050ns
    Discrete Jitter          (DJ):    0.154ns
    Phase Error              (PE):    0.157ns
  Timing Exception:       False Path

    Location             Delay type                Incr(ns)  Path(ns)    Netlist Resource(s)
  -------------------------------------------------------------------    -------------------
    PS7_X0Y0             PS7                          0.000     0.000 f  rv32_top_i/ps7/inst/PS7_i/FCLKRESETN[0]
                         net (fo=1, routed)           3.339     3.339    rv32_top_i/rst_ps7_50M/U0/EXT_LPF/ext_reset_in
    SLICE_X103Y54        LUT1 (Prop_lut1_I0_O)        0.124     3.463 r  rv32_top_i/rst_ps7_50M/U0/EXT_LPF/ACTIVE_LOW_EXT.ACT_LO_EXT_i_1/O
                         net (fo=1, routed)           0.000     3.463    rv32_top_i/rst_ps7_50M/U0/EXT_LPF/ACTIVE_LOW_EXT.ACT_LO_EXT/src_in
    SLICE_X103Y54        FDRE                                         r  rv32_top_i/rst_ps7_50M/U0/EXT_LPF/ACTIVE_LOW_EXT.ACT_LO_EXT/syncstages_ff_reg[0]/D
  -------------------------------------------------------------------    -------------------

                         (clock clk_out1_rv32_top_clk_wiz_0_0 rise edge)
                                                      0.000     0.000 r  
    BUFGCTRL_X0Y16       BUFG                         0.000     0.000 r  rv32_top_i/ps7/inst/buffer_fclk_clk_0.FCLK_CLK_0_BUFG/O
                         net (fo=1, routed)           1.612     1.612    rv32_top_i/clk_wiz_0/inst/clk_in1
    MMCME2_ADV_X1Y0      MMCME2_ADV (Prop_mmcme2_adv_CLKIN1_CLKOUT0)
                                                     -3.425    -1.813 r  rv32_top_i/clk_wiz_0/inst/mmcm_adv_inst/CLKOUT0
                         net (fo=1, routed)           1.725    -0.088    rv32_top_i/clk_wiz_0/inst/clk_out1_rv32_top_clk_wiz_0_0
    BUFGCTRL_X0Y0        BUFG (Prop_bufg_I_O)         0.091     0.003 r  rv32_top_i/clk_wiz_0/inst/clkout1_buf/O
                         net (fo=12242, routed)       1.612     1.615    rv32_top_i/rst_ps7_50M/U0/EXT_LPF/ACTIVE_LOW_EXT.ACT_LO_EXT/dest_clk
    SLICE_X103Y54        FDRE                                         r  rv32_top_i/rst_ps7_50M/U0/EXT_LPF/ACTIVE_LOW_EXT.ACT_LO_EXT/syncstages_ff_reg[0]/C





Min Delay Paths
--------------------------------------------------------------------------------------
Slack:                    inf
  Source:                 rv32_top_i/ps7/inst/PS7_i/FCLKRESETN[0]
                            (internal pin)
  Destination:            rv32_top_i/rst_ps7_50M/U0/EXT_LPF/ACTIVE_LOW_EXT.ACT_LO_EXT/syncstages_ff_reg[0]/D
                            (rising edge-triggered cell FDRE clocked by clk_out1_rv32_top_clk_wiz_0_0  {rise@0.000ns fall@4.717ns period=9.434ns})
  Path Group:             (none)
  Path Type:              Hold (Min at Fast Process Corner)
  Data Path Delay:        1.480ns  (logic 0.045ns (3.040%)  route 1.435ns (96.960%))
  Logic Levels:           1  (LUT1=1)
  Clock Uncertainty:      0.238ns  ((TSJ^2 + DJ^2)^1/2) / 2 + PE
    Total System Jitter     (TSJ):    0.050ns
    Discrete Jitter          (DJ):    0.154ns
    Phase Error              (PE):    0.157ns
  Timing Exception:       False Path

    Location             Delay type                Incr(ns)  Path(ns)    Netlist Resource(s)
  -------------------------------------------------------------------    -------------------
    PS7_X0Y0             PS7                          0.000     0.000 f  rv32_top_i/ps7/inst/PS7_i/FCLKRESETN[0]
                         net (fo=1, routed)           1.435     1.435    rv32_top_i/rst_ps7_50M/U0/EXT_LPF/ext_reset_in
    SLICE_X103Y54        LUT1 (Prop_lut1_I0_O)        0.045     1.480 r  rv32_top_i/rst_ps7_50M/U0/EXT_LPF/ACTIVE_LOW_EXT.ACT_LO_EXT_i_1/O
                         net (fo=1, routed)           0.000     1.480    rv32_top_i/rst_ps7_50M/U0/EXT_LPF/ACTIVE_LOW_EXT.ACT_LO_EXT/src_in
    SLICE_X103Y54        FDRE                                         r  rv32_top_i/rst_ps7_50M/U0/EXT_LPF/ACTIVE_LOW_EXT.ACT_LO_EXT/syncstages_ff_reg[0]/D
  -------------------------------------------------------------------    -------------------

                         (clock clk_out1_rv32_top_clk_wiz_0_0 rise edge)
                                                      0.000     0.000 r  
    BUFGCTRL_X0Y16       BUFG                         0.000     0.000 r  rv32_top_i/ps7/inst/buffer_fclk_clk_0.FCLK_CLK_0_BUFG/O
                         net (fo=1, routed)           0.864     0.864    rv32_top_i/clk_wiz_0/inst/clk_in1
    MMCME2_ADV_X1Y0      MMCME2_ADV (Prop_mmcme2_adv_CLKIN1_CLKOUT0)
                                                     -1.467    -0.603 r  rv32_top_i/clk_wiz_0/inst/mmcm_adv_inst/CLKOUT0
                         net (fo=1, routed)           0.576    -0.027    rv32_top_i/clk_wiz_0/inst/clk_out1_rv32_top_clk_wiz_0_0
    BUFGCTRL_X0Y0        BUFG (Prop_bufg_I_O)         0.029     0.002 r  rv32_top_i/clk_wiz_0/inst/clkout1_buf/O
                         net (fo=12242, routed)       0.880     0.882    rv32_top_i/rst_ps7_50M/U0/EXT_LPF/ACTIVE_LOW_EXT.ACT_LO_EXT/dest_clk
    SLICE_X103Y54        FDRE                                         r  rv32_top_i/rst_ps7_50M/U0/EXT_LPF/ACTIVE_LOW_EXT.ACT_LO_EXT/syncstages_ff_reg[0]/C





--------------------------------------------------------------------------------------
Path Group:  (none)
From Clock:  clk_out1_rv32_top_clk_wiz_0_0
  To Clock:  clk_out1_rv32_top_clk_wiz_0_0

Max Delay            28 Endpoints
Min Delay            28 Endpoints
--------------------------------------------------------------------------------------


Max Delay Paths
--------------------------------------------------------------------------------------
Slack:                    inf
  Source:                 rv32_top_i/rst_ps7_50M/U0/ACTIVE_LOW_PR_OUT_DFF[0].FDRE_PER_N/C
                            (rising edge-triggered cell FDRE clocked by clk_out1_rv32_top_clk_wiz_0_0  {rise@0.000ns fall@4.717ns period=9.434ns})
  Destination:            rv32_top_i/axi_smc/inst/clk_map/psr_aclk/U0/EXT_LPF/ACTIVE_LOW_AUX.ACT_LO_AUX/syncstages_ff_reg[0]/D
                            (rising edge-triggered cell FDRE clocked by clk_out1_rv32_top_clk_wiz_0_0  {rise@0.000ns fall@4.717ns period=9.434ns})
  Path Group:             (none)
  Path Type:              Setup (Max at Slow Process Corner)
  Data Path Delay:        5.087ns  (logic 0.609ns (11.972%)  route 4.478ns (88.028%))
  Logic Levels:           1  (LUT1=1)
  Clock Path Skew:        -0.286ns (DCD - SCD + CPR)
    Destination Clock Delay (DCD):    1.487ns
    Source Clock Delay      (SCD):    1.773ns
    Clock Pessimism Removal (CPR):    0.000ns
  Clock Uncertainty:      0.085ns  ((TSJ^2 + DJ^2)^1/2) / 2 + PE
    Total System Jitter     (TSJ):    0.071ns
    Discrete Jitter          (DJ):    0.154ns
    Phase Error              (PE):    0.000ns
  Timing Exception:       False Path

    Location             Delay type                Incr(ns)  Path(ns)    Netlist Resource(s)
  -------------------------------------------------------------------    -------------------
                         (clock clk_out1_rv32_top_clk_wiz_0_0 rise edge)
                                                      0.000     0.000 r  
    BUFGCTRL_X0Y16       BUFG                         0.000     0.000 r  rv32_top_i/ps7/inst/buffer_fclk_clk_0.FCLK_CLK_0_BUFG/O
                         net (fo=1, routed)           1.806     1.806    rv32_top_i/clk_wiz_0/inst/clk_in1
    MMCME2_ADV_X1Y0      MMCME2_ADV (Prop_mmcme2_adv_CLKIN1_CLKOUT0)
                                                     -3.793    -1.987 r  rv32_top_i/clk_wiz_0/inst/mmcm_adv_inst/CLKOUT0
                         net (fo=1, routed)           1.889    -0.098    rv32_top_i/clk_wiz_0/inst/clk_out1_rv32_top_clk_wiz_0_0
    BUFGCTRL_X0Y0        BUFG (Prop_bufg_I_O)         0.101     0.003 r  rv32_top_i/clk_wiz_0/inst/clkout1_buf/O
                         net (fo=12242, routed)       1.770     1.773    rv32_top_i/rst_ps7_50M/U0/slowest_sync_clk
    SLICE_X105Y73        FDRE                                         r  rv32_top_i/rst_ps7_50M/U0/ACTIVE_LOW_PR_OUT_DFF[0].FDRE_PER_N/C
  -------------------------------------------------------------------    -------------------
    SLICE_X105Y73        FDRE (Prop_fdre_C_Q)         0.456     2.229 f  rv32_top_i/rst_ps7_50M/U0/ACTIVE_LOW_PR_OUT_DFF[0].FDRE_PER_N/Q
                         net (fo=31, routed)          3.883     6.112    rv32_top_i/axi_smc/inst/clk_map/psr_aclk/U0/EXT_LPF/aresetn
    SLICE_X33Y98         LUT1 (Prop_lut1_I0_O)        0.153     6.265 r  rv32_top_i/axi_smc/inst/clk_map/psr_aclk/U0/EXT_LPF/ACTIVE_LOW_AUX.ACT_LO_AUX_i_1/O
                         net (fo=1, routed)           0.595     6.860    rv32_top_i/axi_smc/inst/clk_map/psr_aclk/U0/EXT_LPF/ACTIVE_LOW_AUX.ACT_LO_AUX/src_in
    SLICE_X34Y99         FDRE                                         r  rv32_top_i/axi_smc/inst/clk_map/psr_aclk/U0/EXT_LPF/ACTIVE_LOW_AUX.ACT_LO_AUX/syncstages_ff_reg[0]/D
  -------------------------------------------------------------------    -------------------

                         (clock clk_out1_rv32_top_clk_wiz_0_0 rise edge)
                                                      0.000     0.000 r  
    BUFGCTRL_X0Y16       BUFG                         0.000     0.000 r  rv32_top_i/ps7/inst/buffer_fclk_clk_0.FCLK_CLK_0_BUFG/O
                         net (fo=1, routed)           1.612     1.612    rv32_top_i/clk_wiz_0/inst/clk_in1
    MMCME2_ADV_X1Y0      MMCME2_ADV (Prop_mmcme2_adv_CLKIN1_CLKOUT0)
                                                     -3.425    -1.813 r  rv32_top_i/clk_wiz_0/inst/mmcm_adv_inst/CLKOUT0
                         net (fo=1, routed)           1.725    -0.088    rv32_top_i/clk_wiz_0/inst/clk_out1_rv32_top_clk_wiz_0_0
    BUFGCTRL_X0Y0        BUFG (Prop_bufg_I_O)         0.091     0.003 r  rv32_top_i/clk_wiz_0/inst/clkout1_buf/O
                         net (fo=12242, routed)       1.484     1.487    rv32_top_i/axi_smc/inst/clk_map/psr_aclk/U0/EXT_LPF/ACTIVE_LOW_AUX.ACT_LO_AUX/dest_clk
    SLICE_X34Y99         FDRE                                         r  rv32_top_i/axi_smc/inst/clk_map/psr_aclk/U0/EXT_LPF/ACTIVE_LOW_AUX.ACT_LO_AUX/syncstages_ff_reg[0]/C

Slack:                    inf
  Source:                 rv32_top_i/axi_smc/inst/clk_map/psr_aclk/U0/ACTIVE_LOW_BSR_OUT_DFF[0].FDRE_BSR_N/C
                            (rising edge-triggered cell FDRE clocked by clk_out1_rv32_top_clk_wiz_0_0  {rise@0.000ns fall@4.717ns period=9.434ns})
  Destination:            rv32_top_i/axi_smc/inst/s00_entry_pipeline/s00_mmu/inst/xpm_cdc_async_rst_inst/arststages_ff_reg[0]/CLR
                            (recovery check against rising-edge clock clk_out1_rv32_top_clk_wiz_0_0  {rise@0.000ns fall@4.717ns period=9.434ns})
  Path Group:             (none)
  Path Type:              Recovery (Max at Slow Process Corner)
  Data Path Delay:        2.924ns  (logic 0.642ns (21.958%)  route 2.282ns (78.042%))
  Logic Levels:           1  (LUT1=1)
  Clock Path Skew:        -0.365ns (DCD - SCD + CPR)
    Destination Clock Delay (DCD):    1.532ns
    Source Clock Delay      (SCD):    1.897ns
    Clock Pessimism Removal (CPR):    0.000ns
  Clock Uncertainty:      0.085ns  ((TSJ^2 + DJ^2)^1/2) / 2 + PE
    Total System Jitter     (TSJ):    0.071ns
    Discrete Jitter          (DJ):    0.154ns
    Phase Error              (PE):    0.000ns
  Timing Exception:       False Path

    Location             Delay type                Incr(ns)  Path(ns)    Netlist Resource(s)
  -------------------------------------------------------------------    -------------------
                         (clock clk_out1_rv32_top_clk_wiz_0_0 rise edge)
                                                      0.000     0.000 r  
    BUFGCTRL_X0Y16       BUFG                         0.000     0.000 r  rv32_top_i/ps7/inst/buffer_fclk_clk_0.FCLK_CLK_0_BUFG/O
                         net (fo=1, routed)           1.806     1.806    rv32_top_i/clk_wiz_0/inst/clk_in1
    MMCME2_ADV_X1Y0      MMCME2_ADV (Prop_mmcme2_adv_CLKIN1_CLKOUT0)
                                                     -3.793    -1.987 r  rv32_top_i/clk_wiz_0/inst/mmcm_adv_inst/CLKOUT0
                         net (fo=1, routed)           1.889    -0.098    rv32_top_i/clk_wiz_0/inst/clk_out1_rv32_top_clk_wiz_0_0
    BUFGCTRL_X0Y0        BUFG (Prop_bufg_I_O)         0.101     0.003 r  rv32_top_i/clk_wiz_0/inst/clkout1_buf/O
                         net (fo=12242, routed)       1.894     1.897    rv32_top_i/axi_smc/inst/clk_map/psr_aclk/U0/aclk
    SLICE_X30Y103        FDRE                                         r  rv32_top_i/axi_smc/inst/clk_map/psr_aclk/U0/ACTIVE_LOW_BSR_OUT_DFF[0].FDRE_BSR_N/C
  -------------------------------------------------------------------    -------------------
    SLICE_X30Y103        FDRE (Prop_fdre_C_Q)         0.518     2.415 r  rv32_top_i/axi_smc/inst/clk_map/psr_aclk/U0/ACTIVE_LOW_BSR_OUT_DFF[0].FDRE_BSR_N/Q
                         net (fo=9, routed)           1.482     3.897    rv32_top_i/axi_smc/inst/s00_entry_pipeline/s00_mmu/inst/xpm_cdc_async_rst_inst/src_arst
    SLICE_X31Y97         LUT1 (Prop_lut1_I0_O)        0.124     4.021 f  rv32_top_i/axi_smc/inst/s00_entry_pipeline/s00_mmu/inst/xpm_cdc_async_rst_inst/arststages_ff[2]_i_1/O
                         net (fo=3, routed)           0.800     4.821    rv32_top_i/axi_smc/inst/s00_entry_pipeline/s00_mmu/inst/xpm_cdc_async_rst_inst/reset_pol
    SLICE_X31Y98         FDCE                                         f  rv32_top_i/axi_smc/inst/s00_entry_pipeline/s00_mmu/inst/xpm_cdc_async_rst_inst/arststages_ff_reg[0]/CLR
  -------------------------------------------------------------------    -------------------

                         (clock clk_out1_rv32_top_clk_wiz_0_0 rise edge)
                                                      0.000     0.000 r  
    BUFGCTRL_X0Y16       BUFG                         0.000     0.000 r  rv32_top_i/ps7/inst/buffer_fclk_clk_0.FCLK_CLK_0_BUFG/O
                         net (fo=1, routed)           1.612     1.612    rv32_top_i/clk_wiz_0/inst/clk_in1
    MMCME2_ADV_X1Y0      MMCME2_ADV (Prop_mmcme2_adv_CLKIN1_CLKOUT0)
                                                     -3.425    -1.813 r  rv32_top_i/clk_wiz_0/inst/mmcm_adv_inst/CLKOUT0
                         net (fo=1, routed)           1.725    -0.088    rv32_top_i/clk_wiz_0/inst/clk_out1_rv32_top_clk_wiz_0_0
    BUFGCTRL_X0Y0        BUFG (Prop_bufg_I_O)         0.091     0.003 r  rv32_top_i/clk_wiz_0/inst/clkout1_buf/O
                         net (fo=12242, routed)       1.529     1.532    rv32_top_i/axi_smc/inst/s00_entry_pipeline/s00_mmu/inst/xpm_cdc_async_rst_inst/dest_clk
    SLICE_X31Y98         FDCE                                         r  rv32_top_i/axi_smc/inst/s00_entry_pipeline/s00_mmu/inst/xpm_cdc_async_rst_inst/arststages_ff_reg[0]/C

Slack:                    inf
  Source:                 rv32_top_i/axi_smc/inst/clk_map/psr_aclk/U0/ACTIVE_LOW_BSR_OUT_DFF[0].FDRE_BSR_N/C
                            (rising edge-triggered cell FDRE clocked by clk_out1_rv32_top_clk_wiz_0_0  {rise@0.000ns fall@4.717ns period=9.434ns})
  Destination:            rv32_top_i/axi_smc/inst/s00_entry_pipeline/s00_mmu/inst/xpm_cdc_async_rst_inst/arststages_ff_reg[1]/CLR
                            (recovery check against rising-edge clock clk_out1_rv32_top_clk_wiz_0_0  {rise@0.000ns fall@4.717ns period=9.434ns})
  Path Group:             (none)
  Path Type:              Recovery (Max at Slow Process Corner)
  Data Path Delay:        2.924ns  (logic 0.642ns (21.958%)  route 2.282ns (78.042%))
  Logic Levels:           1  (LUT1=1)
  Clock Path Skew:        -0.365ns (DCD - SCD + CPR)
    Destination Clock Delay (DCD):    1.532ns
    Source Clock Delay      (SCD):    1.897ns
    Clock Pessimism Removal (CPR):    0.000ns
  Clock Uncertainty:      0.085ns  ((TSJ^2 + DJ^2)^1/2) / 2 + PE
    Total System Jitter     (TSJ):    0.071ns
    Discrete Jitter          (DJ):    0.154ns
    Phase Error              (PE):    0.000ns
  Timing Exception:       False Path

    Location             Delay type                Incr(ns)  Path(ns)    Netlist Resource(s)
  -------------------------------------------------------------------    -------------------
                         (clock clk_out1_rv32_top_clk_wiz_0_0 rise edge)
                                                      0.000     0.000 r  
    BUFGCTRL_X0Y16       BUFG                         0.000     0.000 r  rv32_top_i/ps7/inst/buffer_fclk_clk_0.FCLK_CLK_0_BUFG/O
                         net (fo=1, routed)           1.806     1.806    rv32_top_i/clk_wiz_0/inst/clk_in1
    MMCME2_ADV_X1Y0      MMCME2_ADV (Prop_mmcme2_adv_CLKIN1_CLKOUT0)
                                                     -3.793    -1.987 r  rv32_top_i/clk_wiz_0/inst/mmcm_adv_inst/CLKOUT0
                         net (fo=1, routed)           1.889    -0.098    rv32_top_i/clk_wiz_0/inst/clk_out1_rv32_top_clk_wiz_0_0
    BUFGCTRL_X0Y0        BUFG (Prop_bufg_I_O)         0.101     0.003 r  rv32_top_i/clk_wiz_0/inst/clkout1_buf/O
                         net (fo=12242, routed)       1.894     1.897    rv32_top_i/axi_smc/inst/clk_map/psr_aclk/U0/aclk
    SLICE_X30Y103        FDRE                                         r  rv32_top_i/axi_smc/inst/clk_map/psr_aclk/U0/ACTIVE_LOW_BSR_OUT_DFF[0].FDRE_BSR_N/C
  -------------------------------------------------------------------    -------------------
    SLICE_X30Y103        FDRE (Prop_fdre_C_Q)         0.518     2.415 r  rv32_top_i/axi_smc/inst/clk_map/psr_aclk/U0/ACTIVE_LOW_BSR_OUT_DFF[0].FDRE_BSR_N/Q
                         net (fo=9, routed)           1.482     3.897    rv32_top_i/axi_smc/inst/s00_entry_pipeline/s00_mmu/inst/xpm_cdc_async_rst_inst/src_arst
    SLICE_X31Y97         LUT1 (Prop_lut1_I0_O)        0.124     4.021 f  rv32_top_i/axi_smc/inst/s00_entry_pipeline/s00_mmu/inst/xpm_cdc_async_rst_inst/arststages_ff[2]_i_1/O
                         net (fo=3, routed)           0.800     4.821    rv32_top_i/axi_smc/inst/s00_entry_pipeline/s00_mmu/inst/xpm_cdc_async_rst_inst/reset_pol
    SLICE_X31Y98         FDCE                                         f  rv32_top_i/axi_smc/inst/s00_entry_pipeline/s00_mmu/inst/xpm_cdc_async_rst_inst/arststages_ff_reg[1]/CLR
  -------------------------------------------------------------------    -------------------

                         (clock clk_out1_rv32_top_clk_wiz_0_0 rise edge)
                                                      0.000     0.000 r  
    BUFGCTRL_X0Y16       BUFG                         0.000     0.000 r  rv32_top_i/ps7/inst/buffer_fclk_clk_0.FCLK_CLK_0_BUFG/O
                         net (fo=1, routed)           1.612     1.612    rv32_top_i/clk_wiz_0/inst/clk_in1
    MMCME2_ADV_X1Y0      MMCME2_ADV (Prop_mmcme2_adv_CLKIN1_CLKOUT0)
                                                     -3.425    -1.813 r  rv32_top_i/clk_wiz_0/inst/mmcm_adv_inst/CLKOUT0
                         net (fo=1, routed)           1.725    -0.088    rv32_top_i/clk_wiz_0/inst/clk_out1_rv32_top_clk_wiz_0_0
    BUFGCTRL_X0Y0        BUFG (Prop_bufg_I_O)         0.091     0.003 r  rv32_top_i/clk_wiz_0/inst/clkout1_buf/O
                         net (fo=12242, routed)       1.529     1.532    rv32_top_i/axi_smc/inst/s00_entry_pipeline/s00_mmu/inst/xpm_cdc_async_rst_inst/dest_clk
    SLICE_X31Y98         FDCE                                         r  rv32_top_i/axi_smc/inst/s00_entry_pipeline/s00_mmu/inst/xpm_cdc_async_rst_inst/arststages_ff_reg[1]/C

Slack:                    inf
  Source:                 rv32_top_i/axi_smc/inst/clk_map/psr_aclk/U0/ACTIVE_LOW_BSR_OUT_DFF[0].FDRE_BSR_N/C
                            (rising edge-triggered cell FDRE clocked by clk_out1_rv32_top_clk_wiz_0_0  {rise@0.000ns fall@4.717ns period=9.434ns})
  Destination:            rv32_top_i/axi_smc/inst/s00_entry_pipeline/s00_mmu/inst/xpm_cdc_async_rst_inst/arststages_ff_reg[2]/CLR
                            (recovery check against rising-edge clock clk_out1_rv32_top_clk_wiz_0_0  {rise@0.000ns fall@4.717ns period=9.434ns})
  Path Group:             (none)
  Path Type:              Recovery (Max at Slow Process Corner)
  Data Path Delay:        2.924ns  (logic 0.642ns (21.958%)  route 2.282ns (78.042%))
  Logic Levels:           1  (LUT1=1)
  Clock Path Skew:        -0.365ns (DCD - SCD + CPR)
    Destination Clock Delay (DCD):    1.532ns
    Source Clock Delay      (SCD):    1.897ns
    Clock Pessimism Removal (CPR):    0.000ns
  Clock Uncertainty:      0.085ns  ((TSJ^2 + DJ^2)^1/2) / 2 + PE
    Total System Jitter     (TSJ):    0.071ns
    Discrete Jitter          (DJ):    0.154ns
    Phase Error              (PE):    0.000ns
  Timing Exception:       False Path

    Location             Delay type                Incr(ns)  Path(ns)    Netlist Resource(s)
  -------------------------------------------------------------------    -------------------
                         (clock clk_out1_rv32_top_clk_wiz_0_0 rise edge)
                                                      0.000     0.000 r  
    BUFGCTRL_X0Y16       BUFG                         0.000     0.000 r  rv32_top_i/ps7/inst/buffer_fclk_clk_0.FCLK_CLK_0_BUFG/O
                         net (fo=1, routed)           1.806     1.806    rv32_top_i/clk_wiz_0/inst/clk_in1
    MMCME2_ADV_X1Y0      MMCME2_ADV (Prop_mmcme2_adv_CLKIN1_CLKOUT0)
                                                     -3.793    -1.987 r  rv32_top_i/clk_wiz_0/inst/mmcm_adv_inst/CLKOUT0
                         net (fo=1, routed)           1.889    -0.098    rv32_top_i/clk_wiz_0/inst/clk_out1_rv32_top_clk_wiz_0_0
    BUFGCTRL_X0Y0        BUFG (Prop_bufg_I_O)         0.101     0.003 r  rv32_top_i/clk_wiz_0/inst/clkout1_buf/O
                         net (fo=12242, routed)       1.894     1.897    rv32_top_i/axi_smc/inst/clk_map/psr_aclk/U0/aclk
    SLICE_X30Y103        FDRE                                         r  rv32_top_i/axi_smc/inst/clk_map/psr_aclk/U0/ACTIVE_LOW_BSR_OUT_DFF[0].FDRE_BSR_N/C
  -------------------------------------------------------------------    -------------------
    SLICE_X30Y103        FDRE (Prop_fdre_C_Q)         0.518     2.415 r  rv32_top_i/axi_smc/inst/clk_map/psr_aclk/U0/ACTIVE_LOW_BSR_OUT_DFF[0].FDRE_BSR_N/Q
                         net (fo=9, routed)           1.482     3.897    rv32_top_i/axi_smc/inst/s00_entry_pipeline/s00_mmu/inst/xpm_cdc_async_rst_inst/src_arst
    SLICE_X31Y97         LUT1 (Prop_lut1_I0_O)        0.124     4.021 f  rv32_top_i/axi_smc/inst/s00_entry_pipeline/s00_mmu/inst/xpm_cdc_async_rst_inst/arststages_ff[2]_i_1/O
                         net (fo=3, routed)           0.800     4.821    rv32_top_i/axi_smc/inst/s00_entry_pipeline/s00_mmu/inst/xpm_cdc_async_rst_inst/reset_pol
    SLICE_X31Y98         FDCE                                         f  rv32_top_i/axi_smc/inst/s00_entry_pipeline/s00_mmu/inst/xpm_cdc_async_rst_inst/arststages_ff_reg[2]/CLR
  -------------------------------------------------------------------    -------------------

                         (clock clk_out1_rv32_top_clk_wiz_0_0 rise edge)
                                                      0.000     0.000 r  
    BUFGCTRL_X0Y16       BUFG                         0.000     0.000 r  rv32_top_i/ps7/inst/buffer_fclk_clk_0.FCLK_CLK_0_BUFG/O
                         net (fo=1, routed)           1.612     1.612    rv32_top_i/clk_wiz_0/inst/clk_in1
    MMCME2_ADV_X1Y0      MMCME2_ADV (Prop_mmcme2_adv_CLKIN1_CLKOUT0)
                                                     -3.425    -1.813 r  rv32_top_i/clk_wiz_0/inst/mmcm_adv_inst/CLKOUT0
                         net (fo=1, routed)           1.725    -0.088    rv32_top_i/clk_wiz_0/inst/clk_out1_rv32_top_clk_wiz_0_0
    BUFGCTRL_X0Y0        BUFG (Prop_bufg_I_O)         0.091     0.003 r  rv32_top_i/clk_wiz_0/inst/clkout1_buf/O
                         net (fo=12242, routed)       1.529     1.532    rv32_top_i/axi_smc/inst/s00_entry_pipeline/s00_mmu/inst/xpm_cdc_async_rst_inst/dest_clk
    SLICE_X31Y98         FDCE                                         r  rv32_top_i/axi_smc/inst/s00_entry_pipeline/s00_mmu/inst/xpm_cdc_async_rst_inst/arststages_ff_reg[2]/C

Slack:                    inf
  Source:                 rv32_top_i/axi_smc/inst/clk_map/psr_aclk/U0/ACTIVE_LOW_BSR_OUT_DFF[0].FDRE_BSR_N/C
                            (rising edge-triggered cell FDRE clocked by clk_out1_rv32_top_clk_wiz_0_0  {rise@0.000ns fall@4.717ns period=9.434ns})
  Destination:            rv32_top_i/axi_smc/inst/s00_nodes/s00_r_node/inst/s_sc_xpm_cdc_async_rst_inst/arststages_ff_reg[0]/CLR
                            (recovery check against rising-edge clock clk_out1_rv32_top_clk_wiz_0_0  {rise@0.000ns fall@4.717ns period=9.434ns})
  Path Group:             (none)
  Path Type:              Recovery (Max at Slow Process Corner)
  Data Path Delay:        2.808ns  (logic 0.667ns (23.753%)  route 2.141ns (76.247%))
  Logic Levels:           1  (LUT1=1)
  Clock Path Skew:        -0.411ns (DCD - SCD + CPR)
    Destination Clock Delay (DCD):    1.486ns
    Source Clock Delay      (SCD):    1.897ns
    Clock Pessimism Removal (CPR):    0.000ns
  Clock Uncertainty:      0.085ns  ((TSJ^2 + DJ^2)^1/2) / 2 + PE
    Total System Jitter     (TSJ):    0.071ns
    Discrete Jitter          (DJ):    0.154ns
    Phase Error              (PE):    0.000ns
  Timing Exception:       False Path

    Location             Delay type                Incr(ns)  Path(ns)    Netlist Resource(s)
  -------------------------------------------------------------------    -------------------
                         (clock clk_out1_rv32_top_clk_wiz_0_0 rise edge)
                                                      0.000     0.000 r  
    BUFGCTRL_X0Y16       BUFG                         0.000     0.000 r  rv32_top_i/ps7/inst/buffer_fclk_clk_0.FCLK_CLK_0_BUFG/O
                         net (fo=1, routed)           1.806     1.806    rv32_top_i/clk_wiz_0/inst/clk_in1
    MMCME2_ADV_X1Y0      MMCME2_ADV (Prop_mmcme2_adv_CLKIN1_CLKOUT0)
                                                     -3.793    -1.987 r  rv32_top_i/clk_wiz_0/inst/mmcm_adv_inst/CLKOUT0
                         net (fo=1, routed)           1.889    -0.098    rv32_top_i/clk_wiz_0/inst/clk_out1_rv32_top_clk_wiz_0_0
    BUFGCTRL_X0Y0        BUFG (Prop_bufg_I_O)         0.101     0.003 r  rv32_top_i/clk_wiz_0/inst/clkout1_buf/O
                         net (fo=12242, routed)       1.894     1.897    rv32_top_i/axi_smc/inst/clk_map/psr_aclk/U0/aclk
    SLICE_X30Y103        FDRE                                         r  rv32_top_i/axi_smc/inst/clk_map/psr_aclk/U0/ACTIVE_LOW_BSR_OUT_DFF[0].FDRE_BSR_N/C
  -------------------------------------------------------------------    -------------------
    SLICE_X30Y103        FDRE (Prop_fdre_C_Q)         0.518     2.415 r  rv32_top_i/axi_smc/inst/clk_map/psr_aclk/U0/ACTIVE_LOW_BSR_OUT_DFF[0].FDRE_BSR_N/Q
                         net (fo=9, routed)           1.456     3.871    rv32_top_i/axi_smc/inst/s00_nodes/s00_r_node/inst/s_sc_xpm_cdc_async_rst_inst/src_arst
    SLICE_X35Y95         LUT1 (Prop_lut1_I0_O)        0.149     4.020 f  rv32_top_i/axi_smc/inst/s00_nodes/s00_r_node/inst/s_sc_xpm_cdc_async_rst_inst/arststages_ff[2]_i_1/O
                         net (fo=3, routed)           0.685     4.705    rv32_top_i/axi_smc/inst/s00_nodes/s00_r_node/inst/s_sc_xpm_cdc_async_rst_inst/reset_pol
    SLICE_X38Y97         FDCE                                         f  rv32_top_i/axi_smc/inst/s00_nodes/s00_r_node/inst/s_sc_xpm_cdc_async_rst_inst/arststages_ff_reg[0]/CLR
  -------------------------------------------------------------------    -------------------

                         (clock clk_out1_rv32_top_clk_wiz_0_0 rise edge)
                                                      0.000     0.000 r  
    BUFGCTRL_X0Y16       BUFG                         0.000     0.000 r  rv32_top_i/ps7/inst/buffer_fclk_clk_0.FCLK_CLK_0_BUFG/O
                         net (fo=1, routed)           1.612     1.612    rv32_top_i/clk_wiz_0/inst/clk_in1
    MMCME2_ADV_X1Y0      MMCME2_ADV (Prop_mmcme2_adv_CLKIN1_CLKOUT0)
                                                     -3.425    -1.813 r  rv32_top_i/clk_wiz_0/inst/mmcm_adv_inst/CLKOUT0
                         net (fo=1, routed)           1.725    -0.088    rv32_top_i/clk_wiz_0/inst/clk_out1_rv32_top_clk_wiz_0_0
    BUFGCTRL_X0Y0        BUFG (Prop_bufg_I_O)         0.091     0.003 r  rv32_top_i/clk_wiz_0/inst/clkout1_buf/O
                         net (fo=12242, routed)       1.483     1.486    rv32_top_i/axi_smc/inst/s00_nodes/s00_r_node/inst/s_sc_xpm_cdc_async_rst_inst/dest_clk
    SLICE_X38Y97         FDCE                                         r  rv32_top_i/axi_smc/inst/s00_nodes/s00_r_node/inst/s_sc_xpm_cdc_async_rst_inst/arststages_ff_reg[0]/C

Slack:                    inf
  Source:                 rv32_top_i/axi_smc/inst/clk_map/psr_aclk/U0/ACTIVE_LOW_BSR_OUT_DFF[0].FDRE_BSR_N/C
                            (rising edge-triggered cell FDRE clocked by clk_out1_rv32_top_clk_wiz_0_0  {rise@0.000ns fall@4.717ns period=9.434ns})
  Destination:            rv32_top_i/axi_smc/inst/s00_nodes/s00_r_node/inst/s_sc_xpm_cdc_async_rst_inst/arststages_ff_reg[1]/CLR
                            (recovery check against rising-edge clock clk_out1_rv32_top_clk_wiz_0_0  {rise@0.000ns fall@4.717ns period=9.434ns})
  Path Group:             (none)
  Path Type:              Recovery (Max at Slow Process Corner)
  Data Path Delay:        2.808ns  (logic 0.667ns (23.753%)  route 2.141ns (76.247%))
  Logic Levels:           1  (LUT1=1)
  Clock Path Skew:        -0.411ns (DCD - SCD + CPR)
    Destination Clock Delay (DCD):    1.486ns
    Source Clock Delay      (SCD):    1.897ns
    Clock Pessimism Removal (CPR):    0.000ns
  Clock Uncertainty:      0.085ns  ((TSJ^2 + DJ^2)^1/2) / 2 + PE
    Total System Jitter     (TSJ):    0.071ns
    Discrete Jitter          (DJ):    0.154ns
    Phase Error              (PE):    0.000ns
  Timing Exception:       False Path

    Location             Delay type                Incr(ns)  Path(ns)    Netlist Resource(s)
  -------------------------------------------------------------------    -------------------
                         (clock clk_out1_rv32_top_clk_wiz_0_0 rise edge)
                                                      0.000     0.000 r  
    BUFGCTRL_X0Y16       BUFG                         0.000     0.000 r  rv32_top_i/ps7/inst/buffer_fclk_clk_0.FCLK_CLK_0_BUFG/O
                         net (fo=1, routed)           1.806     1.806    rv32_top_i/clk_wiz_0/inst/clk_in1
    MMCME2_ADV_X1Y0      MMCME2_ADV (Prop_mmcme2_adv_CLKIN1_CLKOUT0)
                                                     -3.793    -1.987 r  rv32_top_i/clk_wiz_0/inst/mmcm_adv_inst/CLKOUT0
                         net (fo=1, routed)           1.889    -0.098    rv32_top_i/clk_wiz_0/inst/clk_out1_rv32_top_clk_wiz_0_0
    BUFGCTRL_X0Y0        BUFG (Prop_bufg_I_O)         0.101     0.003 r  rv32_top_i/clk_wiz_0/inst/clkout1_buf/O
                         net (fo=12242, routed)       1.894     1.897    rv32_top_i/axi_smc/inst/clk_map/psr_aclk/U0/aclk
    SLICE_X30Y103        FDRE                                         r  rv32_top_i/axi_smc/inst/clk_map/psr_aclk/U0/ACTIVE_LOW_BSR_OUT_DFF[0].FDRE_BSR_N/C
  -------------------------------------------------------------------    -------------------
    SLICE_X30Y103        FDRE (Prop_fdre_C_Q)         0.518     2.415 r  rv32_top_i/axi_smc/inst/clk_map/psr_aclk/U0/ACTIVE_LOW_BSR_OUT_DFF[0].FDRE_BSR_N/Q
                         net (fo=9, routed)           1.456     3.871    rv32_top_i/axi_smc/inst/s00_nodes/s00_r_node/inst/s_sc_xpm_cdc_async_rst_inst/src_arst
    SLICE_X35Y95         LUT1 (Prop_lut1_I0_O)        0.149     4.020 f  rv32_top_i/axi_smc/inst/s00_nodes/s00_r_node/inst/s_sc_xpm_cdc_async_rst_inst/arststages_ff[2]_i_1/O
                         net (fo=3, routed)           0.685     4.705    rv32_top_i/axi_smc/inst/s00_nodes/s00_r_node/inst/s_sc_xpm_cdc_async_rst_inst/reset_pol
    SLICE_X38Y97         FDCE                                         f  rv32_top_i/axi_smc/inst/s00_nodes/s00_r_node/inst/s_sc_xpm_cdc_async_rst_inst/arststages_ff_reg[1]/CLR
  -------------------------------------------------------------------    -------------------

                         (clock clk_out1_rv32_top_clk_wiz_0_0 rise edge)
                                                      0.000     0.000 r  
    BUFGCTRL_X0Y16       BUFG                         0.000     0.000 r  rv32_top_i/ps7/inst/buffer_fclk_clk_0.FCLK_CLK_0_BUFG/O
                         net (fo=1, routed)           1.612     1.612    rv32_top_i/clk_wiz_0/inst/clk_in1
    MMCME2_ADV_X1Y0      MMCME2_ADV (Prop_mmcme2_adv_CLKIN1_CLKOUT0)
                                                     -3.425    -1.813 r  rv32_top_i/clk_wiz_0/inst/mmcm_adv_inst/CLKOUT0
                         net (fo=1, routed)           1.725    -0.088    rv32_top_i/clk_wiz_0/inst/clk_out1_rv32_top_clk_wiz_0_0
    BUFGCTRL_X0Y0        BUFG (Prop_bufg_I_O)         0.091     0.003 r  rv32_top_i/clk_wiz_0/inst/clkout1_buf/O
                         net (fo=12242, routed)       1.483     1.486    rv32_top_i/axi_smc/inst/s00_nodes/s00_r_node/inst/s_sc_xpm_cdc_async_rst_inst/dest_clk
    SLICE_X38Y97         FDCE                                         r  rv32_top_i/axi_smc/inst/s00_nodes/s00_r_node/inst/s_sc_xpm_cdc_async_rst_inst/arststages_ff_reg[1]/C

Slack:                    inf
  Source:                 rv32_top_i/axi_smc/inst/clk_map/psr_aclk/U0/ACTIVE_LOW_BSR_OUT_DFF[0].FDRE_BSR_N/C
                            (rising edge-triggered cell FDRE clocked by clk_out1_rv32_top_clk_wiz_0_0  {rise@0.000ns fall@4.717ns period=9.434ns})
  Destination:            rv32_top_i/axi_smc/inst/s00_nodes/s00_r_node/inst/s_sc_xpm_cdc_async_rst_inst/arststages_ff_reg[2]/CLR
                            (recovery check against rising-edge clock clk_out1_rv32_top_clk_wiz_0_0  {rise@0.000ns fall@4.717ns period=9.434ns})
  Path Group:             (none)
  Path Type:              Recovery (Max at Slow Process Corner)
  Data Path Delay:        2.808ns  (logic 0.667ns (23.753%)  route 2.141ns (76.247%))
  Logic Levels:           1  (LUT1=1)
  Clock Path Skew:        -0.411ns (DCD - SCD + CPR)
    Destination Clock Delay (DCD):    1.486ns
    Source Clock Delay      (SCD):    1.897ns
    Clock Pessimism Removal (CPR):    0.000ns
  Clock Uncertainty:      0.085ns  ((TSJ^2 + DJ^2)^1/2) / 2 + PE
    Total System Jitter     (TSJ):    0.071ns
    Discrete Jitter          (DJ):    0.154ns
    Phase Error              (PE):    0.000ns
  Timing Exception:       False Path

    Location             Delay type                Incr(ns)  Path(ns)    Netlist Resource(s)
  -------------------------------------------------------------------    -------------------
                         (clock clk_out1_rv32_top_clk_wiz_0_0 rise edge)
                                                      0.000     0.000 r  
    BUFGCTRL_X0Y16       BUFG                         0.000     0.000 r  rv32_top_i/ps7/inst/buffer_fclk_clk_0.FCLK_CLK_0_BUFG/O
                         net (fo=1, routed)           1.806     1.806    rv32_top_i/clk_wiz_0/inst/clk_in1
    MMCME2_ADV_X1Y0      MMCME2_ADV (Prop_mmcme2_adv_CLKIN1_CLKOUT0)
                                                     -3.793    -1.987 r  rv32_top_i/clk_wiz_0/inst/mmcm_adv_inst/CLKOUT0
                         net (fo=1, routed)           1.889    -0.098    rv32_top_i/clk_wiz_0/inst/clk_out1_rv32_top_clk_wiz_0_0
    BUFGCTRL_X0Y0        BUFG (Prop_bufg_I_O)         0.101     0.003 r  rv32_top_i/clk_wiz_0/inst/clkout1_buf/O
                         net (fo=12242, routed)       1.894     1.897    rv32_top_i/axi_smc/inst/clk_map/psr_aclk/U0/aclk
    SLICE_X30Y103        FDRE                                         r  rv32_top_i/axi_smc/inst/clk_map/psr_aclk/U0/ACTIVE_LOW_BSR_OUT_DFF[0].FDRE_BSR_N/C
  -------------------------------------------------------------------    -------------------
    SLICE_X30Y103        FDRE (Prop_fdre_C_Q)         0.518     2.415 r  rv32_top_i/axi_smc/inst/clk_map/psr_aclk/U0/ACTIVE_LOW_BSR_OUT_DFF[0].FDRE_BSR_N/Q
                         net (fo=9, routed)           1.456     3.871    rv32_top_i/axi_smc/inst/s00_nodes/s00_r_node/inst/s_sc_xpm_cdc_async_rst_inst/src_arst
    SLICE_X35Y95         LUT1 (Prop_lut1_I0_O)        0.149     4.020 f  rv32_top_i/axi_smc/inst/s00_nodes/s00_r_node/inst/s_sc_xpm_cdc_async_rst_inst/arststages_ff[2]_i_1/O
                         net (fo=3, routed)           0.685     4.705    rv32_top_i/axi_smc/inst/s00_nodes/s00_r_node/inst/s_sc_xpm_cdc_async_rst_inst/reset_pol
    SLICE_X38Y97         FDCE                                         f  rv32_top_i/axi_smc/inst/s00_nodes/s00_r_node/inst/s_sc_xpm_cdc_async_rst_inst/arststages_ff_reg[2]/CLR
  -------------------------------------------------------------------    -------------------

                         (clock clk_out1_rv32_top_clk_wiz_0_0 rise edge)
                                                      0.000     0.000 r  
    BUFGCTRL_X0Y16       BUFG                         0.000     0.000 r  rv32_top_i/ps7/inst/buffer_fclk_clk_0.FCLK_CLK_0_BUFG/O
                         net (fo=1, routed)           1.612     1.612    rv32_top_i/clk_wiz_0/inst/clk_in1
    MMCME2_ADV_X1Y0      MMCME2_ADV (Prop_mmcme2_adv_CLKIN1_CLKOUT0)
                                                     -3.425    -1.813 r  rv32_top_i/clk_wiz_0/inst/mmcm_adv_inst/CLKOUT0
                         net (fo=1, routed)           1.725    -0.088    rv32_top_i/clk_wiz_0/inst/clk_out1_rv32_top_clk_wiz_0_0
    BUFGCTRL_X0Y0        BUFG (Prop_bufg_I_O)         0.091     0.003 r  rv32_top_i/clk_wiz_0/inst/clkout1_buf/O
                         net (fo=12242, routed)       1.483     1.486    rv32_top_i/axi_smc/inst/s00_nodes/s00_r_node/inst/s_sc_xpm_cdc_async_rst_inst/dest_clk
    SLICE_X38Y97         FDCE                                         r  rv32_top_i/axi_smc/inst/s00_nodes/s00_r_node/inst/s_sc_xpm_cdc_async_rst_inst/arststages_ff_reg[2]/C

Slack:                    inf
  Source:                 rv32_top_i/axi_smc/inst/clk_map/psr_aclk/U0/ACTIVE_LOW_BSR_OUT_DFF[0].FDRE_BSR_N/C
                            (rising edge-triggered cell FDRE clocked by clk_out1_rv32_top_clk_wiz_0_0  {rise@0.000ns fall@4.717ns period=9.434ns})
  Destination:            rv32_top_i/axi_smc/inst/s00_nodes/s00_aw_node/inst/s_sc_xpm_cdc_async_rst_inst/arststages_ff_reg[0]/CLR
                            (recovery check against rising-edge clock clk_out1_rv32_top_clk_wiz_0_0  {rise@0.000ns fall@4.717ns period=9.434ns})
  Path Group:             (none)
  Path Type:              Recovery (Max at Slow Process Corner)
  Data Path Delay:        2.758ns  (logic 0.672ns (24.363%)  route 2.086ns (75.637%))
  Logic Levels:           1  (LUT1=1)
  Clock Path Skew:        -0.411ns (DCD - SCD + CPR)
    Destination Clock Delay (DCD):    1.486ns
    Source Clock Delay      (SCD):    1.897ns
    Clock Pessimism Removal (CPR):    0.000ns
  Clock Uncertainty:      0.085ns  ((TSJ^2 + DJ^2)^1/2) / 2 + PE
    Total System Jitter     (TSJ):    0.071ns
    Discrete Jitter          (DJ):    0.154ns
    Phase Error              (PE):    0.000ns
  Timing Exception:       False Path

    Location             Delay type                Incr(ns)  Path(ns)    Netlist Resource(s)
  -------------------------------------------------------------------    -------------------
                         (clock clk_out1_rv32_top_clk_wiz_0_0 rise edge)
                                                      0.000     0.000 r  
    BUFGCTRL_X0Y16       BUFG                         0.000     0.000 r  rv32_top_i/ps7/inst/buffer_fclk_clk_0.FCLK_CLK_0_BUFG/O
                         net (fo=1, routed)           1.806     1.806    rv32_top_i/clk_wiz_0/inst/clk_in1
    MMCME2_ADV_X1Y0      MMCME2_ADV (Prop_mmcme2_adv_CLKIN1_CLKOUT0)
                                                     -3.793    -1.987 r  rv32_top_i/clk_wiz_0/inst/mmcm_adv_inst/CLKOUT0
                         net (fo=1, routed)           1.889    -0.098    rv32_top_i/clk_wiz_0/inst/clk_out1_rv32_top_clk_wiz_0_0
    BUFGCTRL_X0Y0        BUFG (Prop_bufg_I_O)         0.101     0.003 r  rv32_top_i/clk_wiz_0/inst/clkout1_buf/O
                         net (fo=12242, routed)       1.894     1.897    rv32_top_i/axi_smc/inst/clk_map/psr_aclk/U0/aclk
    SLICE_X30Y103        FDRE                                         r  rv32_top_i/axi_smc/inst/clk_map/psr_aclk/U0/ACTIVE_LOW_BSR_OUT_DFF[0].FDRE_BSR_N/C
  -------------------------------------------------------------------    -------------------
    SLICE_X30Y103        FDRE (Prop_fdre_C_Q)         0.518     2.415 r  rv32_top_i/axi_smc/inst/clk_map/psr_aclk/U0/ACTIVE_LOW_BSR_OUT_DFF[0].FDRE_BSR_N/Q
                         net (fo=9, routed)           1.451     3.866    rv32_top_i/axi_smc/inst/s00_nodes/s00_aw_node/inst/s_sc_xpm_cdc_async_rst_inst/src_arst
    SLICE_X35Y95         LUT1 (Prop_lut1_I0_O)        0.154     4.020 f  rv32_top_i/axi_smc/inst/s00_nodes/s00_aw_node/inst/s_sc_xpm_cdc_async_rst_inst/arststages_ff[2]_i_1/O
                         net (fo=3, routed)           0.636     4.655    rv32_top_i/axi_smc/inst/s00_nodes/s00_aw_node/inst/s_sc_xpm_cdc_async_rst_inst/reset_pol
    SLICE_X35Y95         FDCE                                         f  rv32_top_i/axi_smc/inst/s00_nodes/s00_aw_node/inst/s_sc_xpm_cdc_async_rst_inst/arststages_ff_reg[0]/CLR
  -------------------------------------------------------------------    -------------------

                         (clock clk_out1_rv32_top_clk_wiz_0_0 rise edge)
                                                      0.000     0.000 r  
    BUFGCTRL_X0Y16       BUFG                         0.000     0.000 r  rv32_top_i/ps7/inst/buffer_fclk_clk_0.FCLK_CLK_0_BUFG/O
                         net (fo=1, routed)           1.612     1.612    rv32_top_i/clk_wiz_0/inst/clk_in1
    MMCME2_ADV_X1Y0      MMCME2_ADV (Prop_mmcme2_adv_CLKIN1_CLKOUT0)
                                                     -3.425    -1.813 r  rv32_top_i/clk_wiz_0/inst/mmcm_adv_inst/CLKOUT0
                         net (fo=1, routed)           1.725    -0.088    rv32_top_i/clk_wiz_0/inst/clk_out1_rv32_top_clk_wiz_0_0
    BUFGCTRL_X0Y0        BUFG (Prop_bufg_I_O)         0.091     0.003 r  rv32_top_i/clk_wiz_0/inst/clkout1_buf/O
                         net (fo=12242, routed)       1.483     1.486    rv32_top_i/axi_smc/inst/s00_nodes/s00_aw_node/inst/s_sc_xpm_cdc_async_rst_inst/dest_clk
    SLICE_X35Y95         FDCE                                         r  rv32_top_i/axi_smc/inst/s00_nodes/s00_aw_node/inst/s_sc_xpm_cdc_async_rst_inst/arststages_ff_reg[0]/C

Slack:                    inf
  Source:                 rv32_top_i/axi_smc/inst/clk_map/psr_aclk/U0/ACTIVE_LOW_BSR_OUT_DFF[0].FDRE_BSR_N/C
                            (rising edge-triggered cell FDRE clocked by clk_out1_rv32_top_clk_wiz_0_0  {rise@0.000ns fall@4.717ns period=9.434ns})
  Destination:            rv32_top_i/axi_smc/inst/s00_nodes/s00_aw_node/inst/s_sc_xpm_cdc_async_rst_inst/arststages_ff_reg[1]/CLR
                            (recovery check against rising-edge clock clk_out1_rv32_top_clk_wiz_0_0  {rise@0.000ns fall@4.717ns period=9.434ns})
  Path Group:             (none)
  Path Type:              Recovery (Max at Slow Process Corner)
  Data Path Delay:        2.758ns  (logic 0.672ns (24.363%)  route 2.086ns (75.637%))
  Logic Levels:           1  (LUT1=1)
  Clock Path Skew:        -0.411ns (DCD - SCD + CPR)
    Destination Clock Delay (DCD):    1.486ns
    Source Clock Delay      (SCD):    1.897ns
    Clock Pessimism Removal (CPR):    0.000ns
  Clock Uncertainty:      0.085ns  ((TSJ^2 + DJ^2)^1/2) / 2 + PE
    Total System Jitter     (TSJ):    0.071ns
    Discrete Jitter          (DJ):    0.154ns
    Phase Error              (PE):    0.000ns
  Timing Exception:       False Path

    Location             Delay type                Incr(ns)  Path(ns)    Netlist Resource(s)
  -------------------------------------------------------------------    -------------------
                         (clock clk_out1_rv32_top_clk_wiz_0_0 rise edge)
                                                      0.000     0.000 r  
    BUFGCTRL_X0Y16       BUFG                         0.000     0.000 r  rv32_top_i/ps7/inst/buffer_fclk_clk_0.FCLK_CLK_0_BUFG/O
                         net (fo=1, routed)           1.806     1.806    rv32_top_i/clk_wiz_0/inst/clk_in1
    MMCME2_ADV_X1Y0      MMCME2_ADV (Prop_mmcme2_adv_CLKIN1_CLKOUT0)
                                                     -3.793    -1.987 r  rv32_top_i/clk_wiz_0/inst/mmcm_adv_inst/CLKOUT0
                         net (fo=1, routed)           1.889    -0.098    rv32_top_i/clk_wiz_0/inst/clk_out1_rv32_top_clk_wiz_0_0
    BUFGCTRL_X0Y0        BUFG (Prop_bufg_I_O)         0.101     0.003 r  rv32_top_i/clk_wiz_0/inst/clkout1_buf/O
                         net (fo=12242, routed)       1.894     1.897    rv32_top_i/axi_smc/inst/clk_map/psr_aclk/U0/aclk
    SLICE_X30Y103        FDRE                                         r  rv32_top_i/axi_smc/inst/clk_map/psr_aclk/U0/ACTIVE_LOW_BSR_OUT_DFF[0].FDRE_BSR_N/C
  -------------------------------------------------------------------    -------------------
    SLICE_X30Y103        FDRE (Prop_fdre_C_Q)         0.518     2.415 r  rv32_top_i/axi_smc/inst/clk_map/psr_aclk/U0/ACTIVE_LOW_BSR_OUT_DFF[0].FDRE_BSR_N/Q
                         net (fo=9, routed)           1.451     3.866    rv32_top_i/axi_smc/inst/s00_nodes/s00_aw_node/inst/s_sc_xpm_cdc_async_rst_inst/src_arst
    SLICE_X35Y95         LUT1 (Prop_lut1_I0_O)        0.154     4.020 f  rv32_top_i/axi_smc/inst/s00_nodes/s00_aw_node/inst/s_sc_xpm_cdc_async_rst_inst/arststages_ff[2]_i_1/O
                         net (fo=3, routed)           0.636     4.655    rv32_top_i/axi_smc/inst/s00_nodes/s00_aw_node/inst/s_sc_xpm_cdc_async_rst_inst/reset_pol
    SLICE_X35Y95         FDCE                                         f  rv32_top_i/axi_smc/inst/s00_nodes/s00_aw_node/inst/s_sc_xpm_cdc_async_rst_inst/arststages_ff_reg[1]/CLR
  -------------------------------------------------------------------    -------------------

                         (clock clk_out1_rv32_top_clk_wiz_0_0 rise edge)
                                                      0.000     0.000 r  
    BUFGCTRL_X0Y16       BUFG                         0.000     0.000 r  rv32_top_i/ps7/inst/buffer_fclk_clk_0.FCLK_CLK_0_BUFG/O
                         net (fo=1, routed)           1.612     1.612    rv32_top_i/clk_wiz_0/inst/clk_in1
    MMCME2_ADV_X1Y0      MMCME2_ADV (Prop_mmcme2_adv_CLKIN1_CLKOUT0)
                                                     -3.425    -1.813 r  rv32_top_i/clk_wiz_0/inst/mmcm_adv_inst/CLKOUT0
                         net (fo=1, routed)           1.725    -0.088    rv32_top_i/clk_wiz_0/inst/clk_out1_rv32_top_clk_wiz_0_0
    BUFGCTRL_X0Y0        BUFG (Prop_bufg_I_O)         0.091     0.003 r  rv32_top_i/clk_wiz_0/inst/clkout1_buf/O
                         net (fo=12242, routed)       1.483     1.486    rv32_top_i/axi_smc/inst/s00_nodes/s00_aw_node/inst/s_sc_xpm_cdc_async_rst_inst/dest_clk
    SLICE_X35Y95         FDCE                                         r  rv32_top_i/axi_smc/inst/s00_nodes/s00_aw_node/inst/s_sc_xpm_cdc_async_rst_inst/arststages_ff_reg[1]/C

Slack:                    inf
  Source:                 rv32_top_i/axi_smc/inst/clk_map/psr_aclk/U0/ACTIVE_LOW_BSR_OUT_DFF[0].FDRE_BSR_N/C
                            (rising edge-triggered cell FDRE clocked by clk_out1_rv32_top_clk_wiz_0_0  {rise@0.000ns fall@4.717ns period=9.434ns})
  Destination:            rv32_top_i/axi_smc/inst/s00_nodes/s00_aw_node/inst/s_sc_xpm_cdc_async_rst_inst/arststages_ff_reg[2]/CLR
                            (recovery check against rising-edge clock clk_out1_rv32_top_clk_wiz_0_0  {rise@0.000ns fall@4.717ns period=9.434ns})
  Path Group:             (none)
  Path Type:              Recovery (Max at Slow Process Corner)
  Data Path Delay:        2.758ns  (logic 0.672ns (24.363%)  route 2.086ns (75.637%))
  Logic Levels:           1  (LUT1=1)
  Clock Path Skew:        -0.411ns (DCD - SCD + CPR)
    Destination Clock Delay (DCD):    1.486ns
    Source Clock Delay      (SCD):    1.897ns
    Clock Pessimism Removal (CPR):    0.000ns
  Clock Uncertainty:      0.085ns  ((TSJ^2 + DJ^2)^1/2) / 2 + PE
    Total System Jitter     (TSJ):    0.071ns
    Discrete Jitter          (DJ):    0.154ns
    Phase Error              (PE):    0.000ns
  Timing Exception:       False Path

    Location             Delay type                Incr(ns)  Path(ns)    Netlist Resource(s)
  -------------------------------------------------------------------    -------------------
                         (clock clk_out1_rv32_top_clk_wiz_0_0 rise edge)
                                                      0.000     0.000 r  
    BUFGCTRL_X0Y16       BUFG                         0.000     0.000 r  rv32_top_i/ps7/inst/buffer_fclk_clk_0.FCLK_CLK_0_BUFG/O
                         net (fo=1, routed)           1.806     1.806    rv32_top_i/clk_wiz_0/inst/clk_in1
    MMCME2_ADV_X1Y0      MMCME2_ADV (Prop_mmcme2_adv_CLKIN1_CLKOUT0)
                                                     -3.793    -1.987 r  rv32_top_i/clk_wiz_0/inst/mmcm_adv_inst/CLKOUT0
                         net (fo=1, routed)           1.889    -0.098    rv32_top_i/clk_wiz_0/inst/clk_out1_rv32_top_clk_wiz_0_0
    BUFGCTRL_X0Y0        BUFG (Prop_bufg_I_O)         0.101     0.003 r  rv32_top_i/clk_wiz_0/inst/clkout1_buf/O
                         net (fo=12242, routed)       1.894     1.897    rv32_top_i/axi_smc/inst/clk_map/psr_aclk/U0/aclk
    SLICE_X30Y103        FDRE                                         r  rv32_top_i/axi_smc/inst/clk_map/psr_aclk/U0/ACTIVE_LOW_BSR_OUT_DFF[0].FDRE_BSR_N/C
  -------------------------------------------------------------------    -------------------
    SLICE_X30Y103        FDRE (Prop_fdre_C_Q)         0.518     2.415 r  rv32_top_i/axi_smc/inst/clk_map/psr_aclk/U0/ACTIVE_LOW_BSR_OUT_DFF[0].FDRE_BSR_N/Q
                         net (fo=9, routed)           1.451     3.866    rv32_top_i/axi_smc/inst/s00_nodes/s00_aw_node/inst/s_sc_xpm_cdc_async_rst_inst/src_arst
    SLICE_X35Y95         LUT1 (Prop_lut1_I0_O)        0.154     4.020 f  rv32_top_i/axi_smc/inst/s00_nodes/s00_aw_node/inst/s_sc_xpm_cdc_async_rst_inst/arststages_ff[2]_i_1/O
                         net (fo=3, routed)           0.636     4.655    rv32_top_i/axi_smc/inst/s00_nodes/s00_aw_node/inst/s_sc_xpm_cdc_async_rst_inst/reset_pol
    SLICE_X35Y95         FDCE                                         f  rv32_top_i/axi_smc/inst/s00_nodes/s00_aw_node/inst/s_sc_xpm_cdc_async_rst_inst/arststages_ff_reg[2]/CLR
  -------------------------------------------------------------------    -------------------

                         (clock clk_out1_rv32_top_clk_wiz_0_0 rise edge)
                                                      0.000     0.000 r  
    BUFGCTRL_X0Y16       BUFG                         0.000     0.000 r  rv32_top_i/ps7/inst/buffer_fclk_clk_0.FCLK_CLK_0_BUFG/O
                         net (fo=1, routed)           1.612     1.612    rv32_top_i/clk_wiz_0/inst/clk_in1
    MMCME2_ADV_X1Y0      MMCME2_ADV (Prop_mmcme2_adv_CLKIN1_CLKOUT0)
                                                     -3.425    -1.813 r  rv32_top_i/clk_wiz_0/inst/mmcm_adv_inst/CLKOUT0
                         net (fo=1, routed)           1.725    -0.088    rv32_top_i/clk_wiz_0/inst/clk_out1_rv32_top_clk_wiz_0_0
    BUFGCTRL_X0Y0        BUFG (Prop_bufg_I_O)         0.091     0.003 r  rv32_top_i/clk_wiz_0/inst/clkout1_buf/O
                         net (fo=12242, routed)       1.483     1.486    rv32_top_i/axi_smc/inst/s00_nodes/s00_aw_node/inst/s_sc_xpm_cdc_async_rst_inst/dest_clk
    SLICE_X35Y95         FDCE                                         r  rv32_top_i/axi_smc/inst/s00_nodes/s00_aw_node/inst/s_sc_xpm_cdc_async_rst_inst/arststages_ff_reg[2]/C





Min Delay Paths
--------------------------------------------------------------------------------------
Slack:                    inf
  Source:                 rv32_top_i/axi_smc/inst/clk_map/psr_aclk/U0/ACTIVE_LOW_BSR_OUT_DFF[0].FDRE_BSR_N/C
                            (rising edge-triggered cell FDRE clocked by clk_out1_rv32_top_clk_wiz_0_0  {rise@0.000ns fall@4.717ns period=9.434ns})
  Destination:            rv32_top_i/axi_smc/inst/s00_nodes/s00_w_node/inst/s_sc_xpm_cdc_async_rst_inst/arststages_ff_reg[0]/CLR
                            (removal check against rising-edge clock clk_out1_rv32_top_clk_wiz_0_0  {rise@0.000ns fall@4.717ns period=9.434ns})
  Path Group:             (none)
  Path Type:              Removal (Min at Fast Process Corner)
  Data Path Delay:        0.800ns  (logic 0.209ns (26.136%)  route 0.591ns (73.864%))
  Logic Levels:           1  (LUT1=1)
  Clock Path Skew:        0.167ns (DCD - SCD - CPR)
    Destination Clock Delay (DCD):    0.829ns
    Source Clock Delay      (SCD):    0.662ns
    Clock Pessimism Removal (CPR):    -0.000ns
  Clock Uncertainty:      0.085ns  ((TSJ^2 + DJ^2)^1/2) / 2 + PE
    Total System Jitter     (TSJ):    0.071ns
    Discrete Jitter          (DJ):    0.154ns
    Phase Error              (PE):    0.000ns
  Timing Exception:       False Path

    Location             Delay type                Incr(ns)  Path(ns)    Netlist Resource(s)
  -------------------------------------------------------------------    -------------------
                         (clock clk_out1_rv32_top_clk_wiz_0_0 rise edge)
                                                      0.000     0.000 r  
    BUFGCTRL_X0Y16       BUFG                         0.000     0.000 r  rv32_top_i/ps7/inst/buffer_fclk_clk_0.FCLK_CLK_0_BUFG/O
                         net (fo=1, routed)           0.597     0.597    rv32_top_i/clk_wiz_0/inst/clk_in1
    MMCME2_ADV_X1Y0      MMCME2_ADV (Prop_mmcme2_adv_CLKIN1_CLKOUT0)
                                                     -1.150    -0.553 r  rv32_top_i/clk_wiz_0/inst/mmcm_adv_inst/CLKOUT0
                         net (fo=1, routed)           0.529    -0.024    rv32_top_i/clk_wiz_0/inst/clk_out1_rv32_top_clk_wiz_0_0
    BUFGCTRL_X0Y0        BUFG (Prop_bufg_I_O)         0.026     0.002 r  rv32_top_i/clk_wiz_0/inst/clkout1_buf/O
                         net (fo=12242, routed)       0.660     0.662    rv32_top_i/axi_smc/inst/clk_map/psr_aclk/U0/aclk
    SLICE_X30Y103        FDRE                                         r  rv32_top_i/axi_smc/inst/clk_map/psr_aclk/U0/ACTIVE_LOW_BSR_OUT_DFF[0].FDRE_BSR_N/C
  -------------------------------------------------------------------    -------------------
    SLICE_X30Y103        FDRE (Prop_fdre_C_Q)         0.164     0.826 r  rv32_top_i/axi_smc/inst/clk_map/psr_aclk/U0/ACTIVE_LOW_BSR_OUT_DFF[0].FDRE_BSR_N/Q
                         net (fo=9, routed)           0.472     1.298    rv32_top_i/axi_smc/inst/s00_nodes/s00_w_node/inst/s_sc_xpm_cdc_async_rst_inst/src_arst
    SLICE_X39Y99         LUT1 (Prop_lut1_I0_O)        0.045     1.343 f  rv32_top_i/axi_smc/inst/s00_nodes/s00_w_node/inst/s_sc_xpm_cdc_async_rst_inst/arststages_ff[2]_i_1/O
                         net (fo=3, routed)           0.119     1.462    rv32_top_i/axi_smc/inst/s00_nodes/s00_w_node/inst/s_sc_xpm_cdc_async_rst_inst/reset_pol
    SLICE_X39Y99         FDCE                                         f  rv32_top_i/axi_smc/inst/s00_nodes/s00_w_node/inst/s_sc_xpm_cdc_async_rst_inst/arststages_ff_reg[0]/CLR
  -------------------------------------------------------------------    -------------------

                         (clock clk_out1_rv32_top_clk_wiz_0_0 rise edge)
                                                      0.000     0.000 r  
    BUFGCTRL_X0Y16       BUFG                         0.000     0.000 r  rv32_top_i/ps7/inst/buffer_fclk_clk_0.FCLK_CLK_0_BUFG/O
                         net (fo=1, routed)           0.864     0.864    rv32_top_i/clk_wiz_0/inst/clk_in1
    MMCME2_ADV_X1Y0      MMCME2_ADV (Prop_mmcme2_adv_CLKIN1_CLKOUT0)
                                                     -1.467    -0.603 r  rv32_top_i/clk_wiz_0/inst/mmcm_adv_inst/CLKOUT0
                         net (fo=1, routed)           0.576    -0.027    rv32_top_i/clk_wiz_0/inst/clk_out1_rv32_top_clk_wiz_0_0
    BUFGCTRL_X0Y0        BUFG (Prop_bufg_I_O)         0.029     0.002 r  rv32_top_i/clk_wiz_0/inst/clkout1_buf/O
                         net (fo=12242, routed)       0.827     0.829    rv32_top_i/axi_smc/inst/s00_nodes/s00_w_node/inst/s_sc_xpm_cdc_async_rst_inst/dest_clk
    SLICE_X39Y99         FDCE                                         r  rv32_top_i/axi_smc/inst/s00_nodes/s00_w_node/inst/s_sc_xpm_cdc_async_rst_inst/arststages_ff_reg[0]/C

Slack:                    inf
  Source:                 rv32_top_i/axi_smc/inst/clk_map/psr_aclk/U0/ACTIVE_LOW_BSR_OUT_DFF[0].FDRE_BSR_N/C
                            (rising edge-triggered cell FDRE clocked by clk_out1_rv32_top_clk_wiz_0_0  {rise@0.000ns fall@4.717ns period=9.434ns})
  Destination:            rv32_top_i/axi_smc/inst/s00_nodes/s00_w_node/inst/s_sc_xpm_cdc_async_rst_inst/arststages_ff_reg[1]/CLR
                            (removal check against rising-edge clock clk_out1_rv32_top_clk_wiz_0_0  {rise@0.000ns fall@4.717ns period=9.434ns})
  Path Group:             (none)
  Path Type:              Removal (Min at Fast Process Corner)
  Data Path Delay:        0.800ns  (logic 0.209ns (26.136%)  route 0.591ns (73.864%))
  Logic Levels:           1  (LUT1=1)
  Clock Path Skew:        0.167ns (DCD - SCD - CPR)
    Destination Clock Delay (DCD):    0.829ns
    Source Clock Delay      (SCD):    0.662ns
    Clock Pessimism Removal (CPR):    -0.000ns
  Clock Uncertainty:      0.085ns  ((TSJ^2 + DJ^2)^1/2) / 2 + PE
    Total System Jitter     (TSJ):    0.071ns
    Discrete Jitter          (DJ):    0.154ns
    Phase Error              (PE):    0.000ns
  Timing Exception:       False Path

    Location             Delay type                Incr(ns)  Path(ns)    Netlist Resource(s)
  -------------------------------------------------------------------    -------------------
                         (clock clk_out1_rv32_top_clk_wiz_0_0 rise edge)
                                                      0.000     0.000 r  
    BUFGCTRL_X0Y16       BUFG                         0.000     0.000 r  rv32_top_i/ps7/inst/buffer_fclk_clk_0.FCLK_CLK_0_BUFG/O
                         net (fo=1, routed)           0.597     0.597    rv32_top_i/clk_wiz_0/inst/clk_in1
    MMCME2_ADV_X1Y0      MMCME2_ADV (Prop_mmcme2_adv_CLKIN1_CLKOUT0)
                                                     -1.150    -0.553 r  rv32_top_i/clk_wiz_0/inst/mmcm_adv_inst/CLKOUT0
                         net (fo=1, routed)           0.529    -0.024    rv32_top_i/clk_wiz_0/inst/clk_out1_rv32_top_clk_wiz_0_0
    BUFGCTRL_X0Y0        BUFG (Prop_bufg_I_O)         0.026     0.002 r  rv32_top_i/clk_wiz_0/inst/clkout1_buf/O
                         net (fo=12242, routed)       0.660     0.662    rv32_top_i/axi_smc/inst/clk_map/psr_aclk/U0/aclk
    SLICE_X30Y103        FDRE                                         r  rv32_top_i/axi_smc/inst/clk_map/psr_aclk/U0/ACTIVE_LOW_BSR_OUT_DFF[0].FDRE_BSR_N/C
  -------------------------------------------------------------------    -------------------
    SLICE_X30Y103        FDRE (Prop_fdre_C_Q)         0.164     0.826 r  rv32_top_i/axi_smc/inst/clk_map/psr_aclk/U0/ACTIVE_LOW_BSR_OUT_DFF[0].FDRE_BSR_N/Q
                         net (fo=9, routed)           0.472     1.298    rv32_top_i/axi_smc/inst/s00_nodes/s00_w_node/inst/s_sc_xpm_cdc_async_rst_inst/src_arst
    SLICE_X39Y99         LUT1 (Prop_lut1_I0_O)        0.045     1.343 f  rv32_top_i/axi_smc/inst/s00_nodes/s00_w_node/inst/s_sc_xpm_cdc_async_rst_inst/arststages_ff[2]_i_1/O
                         net (fo=3, routed)           0.119     1.462    rv32_top_i/axi_smc/inst/s00_nodes/s00_w_node/inst/s_sc_xpm_cdc_async_rst_inst/reset_pol
    SLICE_X39Y99         FDCE                                         f  rv32_top_i/axi_smc/inst/s00_nodes/s00_w_node/inst/s_sc_xpm_cdc_async_rst_inst/arststages_ff_reg[1]/CLR
  -------------------------------------------------------------------    -------------------

                         (clock clk_out1_rv32_top_clk_wiz_0_0 rise edge)
                                                      0.000     0.000 r  
    BUFGCTRL_X0Y16       BUFG                         0.000     0.000 r  rv32_top_i/ps7/inst/buffer_fclk_clk_0.FCLK_CLK_0_BUFG/O
                         net (fo=1, routed)           0.864     0.864    rv32_top_i/clk_wiz_0/inst/clk_in1
    MMCME2_ADV_X1Y0      MMCME2_ADV (Prop_mmcme2_adv_CLKIN1_CLKOUT0)
                                                     -1.467    -0.603 r  rv32_top_i/clk_wiz_0/inst/mmcm_adv_inst/CLKOUT0
                         net (fo=1, routed)           0.576    -0.027    rv32_top_i/clk_wiz_0/inst/clk_out1_rv32_top_clk_wiz_0_0
    BUFGCTRL_X0Y0        BUFG (Prop_bufg_I_O)         0.029     0.002 r  rv32_top_i/clk_wiz_0/inst/clkout1_buf/O
                         net (fo=12242, routed)       0.827     0.829    rv32_top_i/axi_smc/inst/s00_nodes/s00_w_node/inst/s_sc_xpm_cdc_async_rst_inst/dest_clk
    SLICE_X39Y99         FDCE                                         r  rv32_top_i/axi_smc/inst/s00_nodes/s00_w_node/inst/s_sc_xpm_cdc_async_rst_inst/arststages_ff_reg[1]/C

Slack:                    inf
  Source:                 rv32_top_i/axi_smc/inst/clk_map/psr_aclk/U0/ACTIVE_LOW_BSR_OUT_DFF[0].FDRE_BSR_N/C
                            (rising edge-triggered cell FDRE clocked by clk_out1_rv32_top_clk_wiz_0_0  {rise@0.000ns fall@4.717ns period=9.434ns})
  Destination:            rv32_top_i/axi_smc/inst/s00_nodes/s00_w_node/inst/s_sc_xpm_cdc_async_rst_inst/arststages_ff_reg[2]/CLR
                            (removal check against rising-edge clock clk_out1_rv32_top_clk_wiz_0_0  {rise@0.000ns fall@4.717ns period=9.434ns})
  Path Group:             (none)
  Path Type:              Removal (Min at Fast Process Corner)
  Data Path Delay:        0.800ns  (logic 0.209ns (26.136%)  route 0.591ns (73.864%))
  Logic Levels:           1  (LUT1=1)
  Clock Path Skew:        0.167ns (DCD - SCD - CPR)
    Destination Clock Delay (DCD):    0.829ns
    Source Clock Delay      (SCD):    0.662ns
    Clock Pessimism Removal (CPR):    -0.000ns
  Clock Uncertainty:      0.085ns  ((TSJ^2 + DJ^2)^1/2) / 2 + PE
    Total System Jitter     (TSJ):    0.071ns
    Discrete Jitter          (DJ):    0.154ns
    Phase Error              (PE):    0.000ns
  Timing Exception:       False Path

    Location             Delay type                Incr(ns)  Path(ns)    Netlist Resource(s)
  -------------------------------------------------------------------    -------------------
                         (clock clk_out1_rv32_top_clk_wiz_0_0 rise edge)
                                                      0.000     0.000 r  
    BUFGCTRL_X0Y16       BUFG                         0.000     0.000 r  rv32_top_i/ps7/inst/buffer_fclk_clk_0.FCLK_CLK_0_BUFG/O
                         net (fo=1, routed)           0.597     0.597    rv32_top_i/clk_wiz_0/inst/clk_in1
    MMCME2_ADV_X1Y0      MMCME2_ADV (Prop_mmcme2_adv_CLKIN1_CLKOUT0)
                                                     -1.150    -0.553 r  rv32_top_i/clk_wiz_0/inst/mmcm_adv_inst/CLKOUT0
                         net (fo=1, routed)           0.529    -0.024    rv32_top_i/clk_wiz_0/inst/clk_out1_rv32_top_clk_wiz_0_0
    BUFGCTRL_X0Y0        BUFG (Prop_bufg_I_O)         0.026     0.002 r  rv32_top_i/clk_wiz_0/inst/clkout1_buf/O
                         net (fo=12242, routed)       0.660     0.662    rv32_top_i/axi_smc/inst/clk_map/psr_aclk/U0/aclk
    SLICE_X30Y103        FDRE                                         r  rv32_top_i/axi_smc/inst/clk_map/psr_aclk/U0/ACTIVE_LOW_BSR_OUT_DFF[0].FDRE_BSR_N/C
  -------------------------------------------------------------------    -------------------
    SLICE_X30Y103        FDRE (Prop_fdre_C_Q)         0.164     0.826 r  rv32_top_i/axi_smc/inst/clk_map/psr_aclk/U0/ACTIVE_LOW_BSR_OUT_DFF[0].FDRE_BSR_N/Q
                         net (fo=9, routed)           0.472     1.298    rv32_top_i/axi_smc/inst/s00_nodes/s00_w_node/inst/s_sc_xpm_cdc_async_rst_inst/src_arst
    SLICE_X39Y99         LUT1 (Prop_lut1_I0_O)        0.045     1.343 f  rv32_top_i/axi_smc/inst/s00_nodes/s00_w_node/inst/s_sc_xpm_cdc_async_rst_inst/arststages_ff[2]_i_1/O
                         net (fo=3, routed)           0.119     1.462    rv32_top_i/axi_smc/inst/s00_nodes/s00_w_node/inst/s_sc_xpm_cdc_async_rst_inst/reset_pol
    SLICE_X39Y99         FDCE                                         f  rv32_top_i/axi_smc/inst/s00_nodes/s00_w_node/inst/s_sc_xpm_cdc_async_rst_inst/arststages_ff_reg[2]/CLR
  -------------------------------------------------------------------    -------------------

                         (clock clk_out1_rv32_top_clk_wiz_0_0 rise edge)
                                                      0.000     0.000 r  
    BUFGCTRL_X0Y16       BUFG                         0.000     0.000 r  rv32_top_i/ps7/inst/buffer_fclk_clk_0.FCLK_CLK_0_BUFG/O
                         net (fo=1, routed)           0.864     0.864    rv32_top_i/clk_wiz_0/inst/clk_in1
    MMCME2_ADV_X1Y0      MMCME2_ADV (Prop_mmcme2_adv_CLKIN1_CLKOUT0)
                                                     -1.467    -0.603 r  rv32_top_i/clk_wiz_0/inst/mmcm_adv_inst/CLKOUT0
                         net (fo=1, routed)           0.576    -0.027    rv32_top_i/clk_wiz_0/inst/clk_out1_rv32_top_clk_wiz_0_0
    BUFGCTRL_X0Y0        BUFG (Prop_bufg_I_O)         0.029     0.002 r  rv32_top_i/clk_wiz_0/inst/clkout1_buf/O
                         net (fo=12242, routed)       0.827     0.829    rv32_top_i/axi_smc/inst/s00_nodes/s00_w_node/inst/s_sc_xpm_cdc_async_rst_inst/dest_clk
    SLICE_X39Y99         FDCE                                         r  rv32_top_i/axi_smc/inst/s00_nodes/s00_w_node/inst/s_sc_xpm_cdc_async_rst_inst/arststages_ff_reg[2]/C

Slack:                    inf
  Source:                 rv32_top_i/axi_smc/inst/clk_map/psr_aclk/U0/ACTIVE_LOW_BSR_OUT_DFF[0].FDRE_BSR_N/C
                            (rising edge-triggered cell FDRE clocked by clk_out1_rv32_top_clk_wiz_0_0  {rise@0.000ns fall@4.717ns period=9.434ns})
  Destination:            rv32_top_i/axi_smc/inst/s00_entry_pipeline/s00_transaction_regulator/inst/xpm_cdc_async_rst_inst/arststages_ff_reg[0]/CLR
                            (removal check against rising-edge clock clk_out1_rv32_top_clk_wiz_0_0  {rise@0.000ns fall@4.717ns period=9.434ns})
  Path Group:             (none)
  Path Type:              Removal (Min at Fast Process Corner)
  Data Path Delay:        0.927ns  (logic 0.208ns (22.431%)  route 0.719ns (77.569%))
  Logic Levels:           1  (LUT1=1)
  Clock Path Skew:        0.167ns (DCD - SCD - CPR)
    Destination Clock Delay (DCD):    0.829ns
    Source Clock Delay      (SCD):    0.662ns
    Clock Pessimism Removal (CPR):    -0.000ns
  Clock Uncertainty:      0.085ns  ((TSJ^2 + DJ^2)^1/2) / 2 + PE
    Total System Jitter     (TSJ):    0.071ns
    Discrete Jitter          (DJ):    0.154ns
    Phase Error              (PE):    0.000ns
  Timing Exception:       False Path

    Location             Delay type                Incr(ns)  Path(ns)    Netlist Resource(s)
  -------------------------------------------------------------------    -------------------
                         (clock clk_out1_rv32_top_clk_wiz_0_0 rise edge)
                                                      0.000     0.000 r  
    BUFGCTRL_X0Y16       BUFG                         0.000     0.000 r  rv32_top_i/ps7/inst/buffer_fclk_clk_0.FCLK_CLK_0_BUFG/O
                         net (fo=1, routed)           0.597     0.597    rv32_top_i/clk_wiz_0/inst/clk_in1
    MMCME2_ADV_X1Y0      MMCME2_ADV (Prop_mmcme2_adv_CLKIN1_CLKOUT0)
                                                     -1.150    -0.553 r  rv32_top_i/clk_wiz_0/inst/mmcm_adv_inst/CLKOUT0
                         net (fo=1, routed)           0.529    -0.024    rv32_top_i/clk_wiz_0/inst/clk_out1_rv32_top_clk_wiz_0_0
    BUFGCTRL_X0Y0        BUFG (Prop_bufg_I_O)         0.026     0.002 r  rv32_top_i/clk_wiz_0/inst/clkout1_buf/O
                         net (fo=12242, routed)       0.660     0.662    rv32_top_i/axi_smc/inst/clk_map/psr_aclk/U0/aclk
    SLICE_X30Y103        FDRE                                         r  rv32_top_i/axi_smc/inst/clk_map/psr_aclk/U0/ACTIVE_LOW_BSR_OUT_DFF[0].FDRE_BSR_N/C
  -------------------------------------------------------------------    -------------------
    SLICE_X30Y103        FDRE (Prop_fdre_C_Q)         0.164     0.826 r  rv32_top_i/axi_smc/inst/clk_map/psr_aclk/U0/ACTIVE_LOW_BSR_OUT_DFF[0].FDRE_BSR_N/Q
                         net (fo=9, routed)           0.543     1.370    rv32_top_i/axi_smc/inst/s00_entry_pipeline/s00_transaction_regulator/inst/xpm_cdc_async_rst_inst/src_arst
    SLICE_X32Y96         LUT1 (Prop_lut1_I0_O)        0.044     1.414 f  rv32_top_i/axi_smc/inst/s00_entry_pipeline/s00_transaction_regulator/inst/xpm_cdc_async_rst_inst/arststages_ff[2]_i_1/O
                         net (fo=3, routed)           0.176     1.589    rv32_top_i/axi_smc/inst/s00_entry_pipeline/s00_transaction_regulator/inst/xpm_cdc_async_rst_inst/reset_pol
    SLICE_X32Y94         FDCE                                         f  rv32_top_i/axi_smc/inst/s00_entry_pipeline/s00_transaction_regulator/inst/xpm_cdc_async_rst_inst/arststages_ff_reg[0]/CLR
  -------------------------------------------------------------------    -------------------

                         (clock clk_out1_rv32_top_clk_wiz_0_0 rise edge)
                                                      0.000     0.000 r  
    BUFGCTRL_X0Y16       BUFG                         0.000     0.000 r  rv32_top_i/ps7/inst/buffer_fclk_clk_0.FCLK_CLK_0_BUFG/O
                         net (fo=1, routed)           0.864     0.864    rv32_top_i/clk_wiz_0/inst/clk_in1
    MMCME2_ADV_X1Y0      MMCME2_ADV (Prop_mmcme2_adv_CLKIN1_CLKOUT0)
                                                     -1.467    -0.603 r  rv32_top_i/clk_wiz_0/inst/mmcm_adv_inst/CLKOUT0
                         net (fo=1, routed)           0.576    -0.027    rv32_top_i/clk_wiz_0/inst/clk_out1_rv32_top_clk_wiz_0_0
    BUFGCTRL_X0Y0        BUFG (Prop_bufg_I_O)         0.029     0.002 r  rv32_top_i/clk_wiz_0/inst/clkout1_buf/O
                         net (fo=12242, routed)       0.827     0.829    rv32_top_i/axi_smc/inst/s00_entry_pipeline/s00_transaction_regulator/inst/xpm_cdc_async_rst_inst/dest_clk
    SLICE_X32Y94         FDCE                                         r  rv32_top_i/axi_smc/inst/s00_entry_pipeline/s00_transaction_regulator/inst/xpm_cdc_async_rst_inst/arststages_ff_reg[0]/C

Slack:                    inf
  Source:                 rv32_top_i/axi_smc/inst/clk_map/psr_aclk/U0/ACTIVE_LOW_BSR_OUT_DFF[0].FDRE_BSR_N/C
                            (rising edge-triggered cell FDRE clocked by clk_out1_rv32_top_clk_wiz_0_0  {rise@0.000ns fall@4.717ns period=9.434ns})
  Destination:            rv32_top_i/axi_smc/inst/s00_entry_pipeline/s00_transaction_regulator/inst/xpm_cdc_async_rst_inst/arststages_ff_reg[1]/CLR
                            (removal check against rising-edge clock clk_out1_rv32_top_clk_wiz_0_0  {rise@0.000ns fall@4.717ns period=9.434ns})
  Path Group:             (none)
  Path Type:              Removal (Min at Fast Process Corner)
  Data Path Delay:        0.927ns  (logic 0.208ns (22.431%)  route 0.719ns (77.569%))
  Logic Levels:           1  (LUT1=1)
  Clock Path Skew:        0.167ns (DCD - SCD - CPR)
    Destination Clock Delay (DCD):    0.829ns
    Source Clock Delay      (SCD):    0.662ns
    Clock Pessimism Removal (CPR):    -0.000ns
  Clock Uncertainty:      0.085ns  ((TSJ^2 + DJ^2)^1/2) / 2 + PE
    Total System Jitter     (TSJ):    0.071ns
    Discrete Jitter          (DJ):    0.154ns
    Phase Error              (PE):    0.000ns
  Timing Exception:       False Path

    Location             Delay type                Incr(ns)  Path(ns)    Netlist Resource(s)
  -------------------------------------------------------------------    -------------------
                         (clock clk_out1_rv32_top_clk_wiz_0_0 rise edge)
                                                      0.000     0.000 r  
    BUFGCTRL_X0Y16       BUFG                         0.000     0.000 r  rv32_top_i/ps7/inst/buffer_fclk_clk_0.FCLK_CLK_0_BUFG/O
                         net (fo=1, routed)           0.597     0.597    rv32_top_i/clk_wiz_0/inst/clk_in1
    MMCME2_ADV_X1Y0      MMCME2_ADV (Prop_mmcme2_adv_CLKIN1_CLKOUT0)
                                                     -1.150    -0.553 r  rv32_top_i/clk_wiz_0/inst/mmcm_adv_inst/CLKOUT0
                         net (fo=1, routed)           0.529    -0.024    rv32_top_i/clk_wiz_0/inst/clk_out1_rv32_top_clk_wiz_0_0
    BUFGCTRL_X0Y0        BUFG (Prop_bufg_I_O)         0.026     0.002 r  rv32_top_i/clk_wiz_0/inst/clkout1_buf/O
                         net (fo=12242, routed)       0.660     0.662    rv32_top_i/axi_smc/inst/clk_map/psr_aclk/U0/aclk
    SLICE_X30Y103        FDRE                                         r  rv32_top_i/axi_smc/inst/clk_map/psr_aclk/U0/ACTIVE_LOW_BSR_OUT_DFF[0].FDRE_BSR_N/C
  -------------------------------------------------------------------    -------------------
    SLICE_X30Y103        FDRE (Prop_fdre_C_Q)         0.164     0.826 r  rv32_top_i/axi_smc/inst/clk_map/psr_aclk/U0/ACTIVE_LOW_BSR_OUT_DFF[0].FDRE_BSR_N/Q
                         net (fo=9, routed)           0.543     1.370    rv32_top_i/axi_smc/inst/s00_entry_pipeline/s00_transaction_regulator/inst/xpm_cdc_async_rst_inst/src_arst
    SLICE_X32Y96         LUT1 (Prop_lut1_I0_O)        0.044     1.414 f  rv32_top_i/axi_smc/inst/s00_entry_pipeline/s00_transaction_regulator/inst/xpm_cdc_async_rst_inst/arststages_ff[2]_i_1/O
                         net (fo=3, routed)           0.176     1.589    rv32_top_i/axi_smc/inst/s00_entry_pipeline/s00_transaction_regulator/inst/xpm_cdc_async_rst_inst/reset_pol
    SLICE_X32Y94         FDCE                                         f  rv32_top_i/axi_smc/inst/s00_entry_pipeline/s00_transaction_regulator/inst/xpm_cdc_async_rst_inst/arststages_ff_reg[1]/CLR
  -------------------------------------------------------------------    -------------------

                         (clock clk_out1_rv32_top_clk_wiz_0_0 rise edge)
                                                      0.000     0.000 r  
    BUFGCTRL_X0Y16       BUFG                         0.000     0.000 r  rv32_top_i/ps7/inst/buffer_fclk_clk_0.FCLK_CLK_0_BUFG/O
                         net (fo=1, routed)           0.864     0.864    rv32_top_i/clk_wiz_0/inst/clk_in1
    MMCME2_ADV_X1Y0      MMCME2_ADV (Prop_mmcme2_adv_CLKIN1_CLKOUT0)
                                                     -1.467    -0.603 r  rv32_top_i/clk_wiz_0/inst/mmcm_adv_inst/CLKOUT0
                         net (fo=1, routed)           0.576    -0.027    rv32_top_i/clk_wiz_0/inst/clk_out1_rv32_top_clk_wiz_0_0
    BUFGCTRL_X0Y0        BUFG (Prop_bufg_I_O)         0.029     0.002 r  rv32_top_i/clk_wiz_0/inst/clkout1_buf/O
                         net (fo=12242, routed)       0.827     0.829    rv32_top_i/axi_smc/inst/s00_entry_pipeline/s00_transaction_regulator/inst/xpm_cdc_async_rst_inst/dest_clk
    SLICE_X32Y94         FDCE                                         r  rv32_top_i/axi_smc/inst/s00_entry_pipeline/s00_transaction_regulator/inst/xpm_cdc_async_rst_inst/arststages_ff_reg[1]/C

Slack:                    inf
  Source:                 rv32_top_i/axi_smc/inst/clk_map/psr_aclk/U0/ACTIVE_LOW_BSR_OUT_DFF[0].FDRE_BSR_N/C
                            (rising edge-triggered cell FDRE clocked by clk_out1_rv32_top_clk_wiz_0_0  {rise@0.000ns fall@4.717ns period=9.434ns})
  Destination:            rv32_top_i/axi_smc/inst/s00_entry_pipeline/s00_transaction_regulator/inst/xpm_cdc_async_rst_inst/arststages_ff_reg[2]/CLR
                            (removal check against rising-edge clock clk_out1_rv32_top_clk_wiz_0_0  {rise@0.000ns fall@4.717ns period=9.434ns})
  Path Group:             (none)
  Path Type:              Removal (Min at Fast Process Corner)
  Data Path Delay:        0.927ns  (logic 0.208ns (22.431%)  route 0.719ns (77.569%))
  Logic Levels:           1  (LUT1=1)
  Clock Path Skew:        0.167ns (DCD - SCD - CPR)
    Destination Clock Delay (DCD):    0.829ns
    Source Clock Delay      (SCD):    0.662ns
    Clock Pessimism Removal (CPR):    -0.000ns
  Clock Uncertainty:      0.085ns  ((TSJ^2 + DJ^2)^1/2) / 2 + PE
    Total System Jitter     (TSJ):    0.071ns
    Discrete Jitter          (DJ):    0.154ns
    Phase Error              (PE):    0.000ns
  Timing Exception:       False Path

    Location             Delay type                Incr(ns)  Path(ns)    Netlist Resource(s)
  -------------------------------------------------------------------    -------------------
                         (clock clk_out1_rv32_top_clk_wiz_0_0 rise edge)
                                                      0.000     0.000 r  
    BUFGCTRL_X0Y16       BUFG                         0.000     0.000 r  rv32_top_i/ps7/inst/buffer_fclk_clk_0.FCLK_CLK_0_BUFG/O
                         net (fo=1, routed)           0.597     0.597    rv32_top_i/clk_wiz_0/inst/clk_in1
    MMCME2_ADV_X1Y0      MMCME2_ADV (Prop_mmcme2_adv_CLKIN1_CLKOUT0)
                                                     -1.150    -0.553 r  rv32_top_i/clk_wiz_0/inst/mmcm_adv_inst/CLKOUT0
                         net (fo=1, routed)           0.529    -0.024    rv32_top_i/clk_wiz_0/inst/clk_out1_rv32_top_clk_wiz_0_0
    BUFGCTRL_X0Y0        BUFG (Prop_bufg_I_O)         0.026     0.002 r  rv32_top_i/clk_wiz_0/inst/clkout1_buf/O
                         net (fo=12242, routed)       0.660     0.662    rv32_top_i/axi_smc/inst/clk_map/psr_aclk/U0/aclk
    SLICE_X30Y103        FDRE                                         r  rv32_top_i/axi_smc/inst/clk_map/psr_aclk/U0/ACTIVE_LOW_BSR_OUT_DFF[0].FDRE_BSR_N/C
  -------------------------------------------------------------------    -------------------
    SLICE_X30Y103        FDRE (Prop_fdre_C_Q)         0.164     0.826 r  rv32_top_i/axi_smc/inst/clk_map/psr_aclk/U0/ACTIVE_LOW_BSR_OUT_DFF[0].FDRE_BSR_N/Q
                         net (fo=9, routed)           0.543     1.370    rv32_top_i/axi_smc/inst/s00_entry_pipeline/s00_transaction_regulator/inst/xpm_cdc_async_rst_inst/src_arst
    SLICE_X32Y96         LUT1 (Prop_lut1_I0_O)        0.044     1.414 f  rv32_top_i/axi_smc/inst/s00_entry_pipeline/s00_transaction_regulator/inst/xpm_cdc_async_rst_inst/arststages_ff[2]_i_1/O
                         net (fo=3, routed)           0.176     1.589    rv32_top_i/axi_smc/inst/s00_entry_pipeline/s00_transaction_regulator/inst/xpm_cdc_async_rst_inst/reset_pol
    SLICE_X32Y94         FDCE                                         f  rv32_top_i/axi_smc/inst/s00_entry_pipeline/s00_transaction_regulator/inst/xpm_cdc_async_rst_inst/arststages_ff_reg[2]/CLR
  -------------------------------------------------------------------    -------------------

                         (clock clk_out1_rv32_top_clk_wiz_0_0 rise edge)
                                                      0.000     0.000 r  
    BUFGCTRL_X0Y16       BUFG                         0.000     0.000 r  rv32_top_i/ps7/inst/buffer_fclk_clk_0.FCLK_CLK_0_BUFG/O
                         net (fo=1, routed)           0.864     0.864    rv32_top_i/clk_wiz_0/inst/clk_in1
    MMCME2_ADV_X1Y0      MMCME2_ADV (Prop_mmcme2_adv_CLKIN1_CLKOUT0)
                                                     -1.467    -0.603 r  rv32_top_i/clk_wiz_0/inst/mmcm_adv_inst/CLKOUT0
                         net (fo=1, routed)           0.576    -0.027    rv32_top_i/clk_wiz_0/inst/clk_out1_rv32_top_clk_wiz_0_0
    BUFGCTRL_X0Y0        BUFG (Prop_bufg_I_O)         0.029     0.002 r  rv32_top_i/clk_wiz_0/inst/clkout1_buf/O
                         net (fo=12242, routed)       0.827     0.829    rv32_top_i/axi_smc/inst/s00_entry_pipeline/s00_transaction_regulator/inst/xpm_cdc_async_rst_inst/dest_clk
    SLICE_X32Y94         FDCE                                         r  rv32_top_i/axi_smc/inst/s00_entry_pipeline/s00_transaction_regulator/inst/xpm_cdc_async_rst_inst/arststages_ff_reg[2]/C

Slack:                    inf
  Source:                 rv32_top_i/axi_smc/inst/clk_map/psr_aclk/U0/ACTIVE_LOW_BSR_OUT_DFF[0].FDRE_BSR_N/C
                            (rising edge-triggered cell FDRE clocked by clk_out1_rv32_top_clk_wiz_0_0  {rise@0.000ns fall@4.717ns period=9.434ns})
  Destination:            rv32_top_i/axi_smc/inst/s00_nodes/s00_b_node/inst/s_sc_xpm_cdc_async_rst_inst/arststages_ff_reg[0]/CLR
                            (removal check against rising-edge clock clk_out1_rv32_top_clk_wiz_0_0  {rise@0.000ns fall@4.717ns period=9.434ns})
  Path Group:             (none)
  Path Type:              Removal (Min at Fast Process Corner)
  Data Path Delay:        0.936ns  (logic 0.209ns (22.333%)  route 0.727ns (77.667%))
  Logic Levels:           1  (LUT1=1)
  Clock Path Skew:        0.167ns (DCD - SCD - CPR)
    Destination Clock Delay (DCD):    0.829ns
    Source Clock Delay      (SCD):    0.662ns
    Clock Pessimism Removal (CPR):    -0.000ns
  Clock Uncertainty:      0.085ns  ((TSJ^2 + DJ^2)^1/2) / 2 + PE
    Total System Jitter     (TSJ):    0.071ns
    Discrete Jitter          (DJ):    0.154ns
    Phase Error              (PE):    0.000ns
  Timing Exception:       False Path

    Location             Delay type                Incr(ns)  Path(ns)    Netlist Resource(s)
  -------------------------------------------------------------------    -------------------
                         (clock clk_out1_rv32_top_clk_wiz_0_0 rise edge)
                                                      0.000     0.000 r  
    BUFGCTRL_X0Y16       BUFG                         0.000     0.000 r  rv32_top_i/ps7/inst/buffer_fclk_clk_0.FCLK_CLK_0_BUFG/O
                         net (fo=1, routed)           0.597     0.597    rv32_top_i/clk_wiz_0/inst/clk_in1
    MMCME2_ADV_X1Y0      MMCME2_ADV (Prop_mmcme2_adv_CLKIN1_CLKOUT0)
                                                     -1.150    -0.553 r  rv32_top_i/clk_wiz_0/inst/mmcm_adv_inst/CLKOUT0
                         net (fo=1, routed)           0.529    -0.024    rv32_top_i/clk_wiz_0/inst/clk_out1_rv32_top_clk_wiz_0_0
    BUFGCTRL_X0Y0        BUFG (Prop_bufg_I_O)         0.026     0.002 r  rv32_top_i/clk_wiz_0/inst/clkout1_buf/O
                         net (fo=12242, routed)       0.660     0.662    rv32_top_i/axi_smc/inst/clk_map/psr_aclk/U0/aclk
    SLICE_X30Y103        FDRE                                         r  rv32_top_i/axi_smc/inst/clk_map/psr_aclk/U0/ACTIVE_LOW_BSR_OUT_DFF[0].FDRE_BSR_N/C
  -------------------------------------------------------------------    -------------------
    SLICE_X30Y103        FDRE (Prop_fdre_C_Q)         0.164     0.826 r  rv32_top_i/axi_smc/inst/clk_map/psr_aclk/U0/ACTIVE_LOW_BSR_OUT_DFF[0].FDRE_BSR_N/Q
                         net (fo=9, routed)           0.608     1.434    rv32_top_i/axi_smc/inst/s00_nodes/s00_b_node/inst/s_sc_xpm_cdc_async_rst_inst/src_arst
    SLICE_X35Y95         LUT1 (Prop_lut1_I0_O)        0.045     1.479 f  rv32_top_i/axi_smc/inst/s00_nodes/s00_b_node/inst/s_sc_xpm_cdc_async_rst_inst/arststages_ff[2]_i_1/O
                         net (fo=3, routed)           0.119     1.598    rv32_top_i/axi_smc/inst/s00_nodes/s00_b_node/inst/s_sc_xpm_cdc_async_rst_inst/reset_pol
    SLICE_X34Y95         FDCE                                         f  rv32_top_i/axi_smc/inst/s00_nodes/s00_b_node/inst/s_sc_xpm_cdc_async_rst_inst/arststages_ff_reg[0]/CLR
  -------------------------------------------------------------------    -------------------

                         (clock clk_out1_rv32_top_clk_wiz_0_0 rise edge)
                                                      0.000     0.000 r  
    BUFGCTRL_X0Y16       BUFG                         0.000     0.000 r  rv32_top_i/ps7/inst/buffer_fclk_clk_0.FCLK_CLK_0_BUFG/O
                         net (fo=1, routed)           0.864     0.864    rv32_top_i/clk_wiz_0/inst/clk_in1
    MMCME2_ADV_X1Y0      MMCME2_ADV (Prop_mmcme2_adv_CLKIN1_CLKOUT0)
                                                     -1.467    -0.603 r  rv32_top_i/clk_wiz_0/inst/mmcm_adv_inst/CLKOUT0
                         net (fo=1, routed)           0.576    -0.027    rv32_top_i/clk_wiz_0/inst/clk_out1_rv32_top_clk_wiz_0_0
    BUFGCTRL_X0Y0        BUFG (Prop_bufg_I_O)         0.029     0.002 r  rv32_top_i/clk_wiz_0/inst/clkout1_buf/O
                         net (fo=12242, routed)       0.827     0.829    rv32_top_i/axi_smc/inst/s00_nodes/s00_b_node/inst/s_sc_xpm_cdc_async_rst_inst/dest_clk
    SLICE_X34Y95         FDCE                                         r  rv32_top_i/axi_smc/inst/s00_nodes/s00_b_node/inst/s_sc_xpm_cdc_async_rst_inst/arststages_ff_reg[0]/C

Slack:                    inf
  Source:                 rv32_top_i/axi_smc/inst/clk_map/psr_aclk/U0/ACTIVE_LOW_BSR_OUT_DFF[0].FDRE_BSR_N/C
                            (rising edge-triggered cell FDRE clocked by clk_out1_rv32_top_clk_wiz_0_0  {rise@0.000ns fall@4.717ns period=9.434ns})
  Destination:            rv32_top_i/axi_smc/inst/s00_nodes/s00_b_node/inst/s_sc_xpm_cdc_async_rst_inst/arststages_ff_reg[1]/CLR
                            (removal check against rising-edge clock clk_out1_rv32_top_clk_wiz_0_0  {rise@0.000ns fall@4.717ns period=9.434ns})
  Path Group:             (none)
  Path Type:              Removal (Min at Fast Process Corner)
  Data Path Delay:        0.936ns  (logic 0.209ns (22.333%)  route 0.727ns (77.667%))
  Logic Levels:           1  (LUT1=1)
  Clock Path Skew:        0.167ns (DCD - SCD - CPR)
    Destination Clock Delay (DCD):    0.829ns
    Source Clock Delay      (SCD):    0.662ns
    Clock Pessimism Removal (CPR):    -0.000ns
  Clock Uncertainty:      0.085ns  ((TSJ^2 + DJ^2)^1/2) / 2 + PE
    Total System Jitter     (TSJ):    0.071ns
    Discrete Jitter          (DJ):    0.154ns
    Phase Error              (PE):    0.000ns
  Timing Exception:       False Path

    Location             Delay type                Incr(ns)  Path(ns)    Netlist Resource(s)
  -------------------------------------------------------------------    -------------------
                         (clock clk_out1_rv32_top_clk_wiz_0_0 rise edge)
                                                      0.000     0.000 r  
    BUFGCTRL_X0Y16       BUFG                         0.000     0.000 r  rv32_top_i/ps7/inst/buffer_fclk_clk_0.FCLK_CLK_0_BUFG/O
                         net (fo=1, routed)           0.597     0.597    rv32_top_i/clk_wiz_0/inst/clk_in1
    MMCME2_ADV_X1Y0      MMCME2_ADV (Prop_mmcme2_adv_CLKIN1_CLKOUT0)
                                                     -1.150    -0.553 r  rv32_top_i/clk_wiz_0/inst/mmcm_adv_inst/CLKOUT0
                         net (fo=1, routed)           0.529    -0.024    rv32_top_i/clk_wiz_0/inst/clk_out1_rv32_top_clk_wiz_0_0
    BUFGCTRL_X0Y0        BUFG (Prop_bufg_I_O)         0.026     0.002 r  rv32_top_i/clk_wiz_0/inst/clkout1_buf/O
                         net (fo=12242, routed)       0.660     0.662    rv32_top_i/axi_smc/inst/clk_map/psr_aclk/U0/aclk
    SLICE_X30Y103        FDRE                                         r  rv32_top_i/axi_smc/inst/clk_map/psr_aclk/U0/ACTIVE_LOW_BSR_OUT_DFF[0].FDRE_BSR_N/C
  -------------------------------------------------------------------    -------------------
    SLICE_X30Y103        FDRE (Prop_fdre_C_Q)         0.164     0.826 r  rv32_top_i/axi_smc/inst/clk_map/psr_aclk/U0/ACTIVE_LOW_BSR_OUT_DFF[0].FDRE_BSR_N/Q
                         net (fo=9, routed)           0.608     1.434    rv32_top_i/axi_smc/inst/s00_nodes/s00_b_node/inst/s_sc_xpm_cdc_async_rst_inst/src_arst
    SLICE_X35Y95         LUT1 (Prop_lut1_I0_O)        0.045     1.479 f  rv32_top_i/axi_smc/inst/s00_nodes/s00_b_node/inst/s_sc_xpm_cdc_async_rst_inst/arststages_ff[2]_i_1/O
                         net (fo=3, routed)           0.119     1.598    rv32_top_i/axi_smc/inst/s00_nodes/s00_b_node/inst/s_sc_xpm_cdc_async_rst_inst/reset_pol
    SLICE_X34Y95         FDCE                                         f  rv32_top_i/axi_smc/inst/s00_nodes/s00_b_node/inst/s_sc_xpm_cdc_async_rst_inst/arststages_ff_reg[1]/CLR
  -------------------------------------------------------------------    -------------------

                         (clock clk_out1_rv32_top_clk_wiz_0_0 rise edge)
                                                      0.000     0.000 r  
    BUFGCTRL_X0Y16       BUFG                         0.000     0.000 r  rv32_top_i/ps7/inst/buffer_fclk_clk_0.FCLK_CLK_0_BUFG/O
                         net (fo=1, routed)           0.864     0.864    rv32_top_i/clk_wiz_0/inst/clk_in1
    MMCME2_ADV_X1Y0      MMCME2_ADV (Prop_mmcme2_adv_CLKIN1_CLKOUT0)
                                                     -1.467    -0.603 r  rv32_top_i/clk_wiz_0/inst/mmcm_adv_inst/CLKOUT0
                         net (fo=1, routed)           0.576    -0.027    rv32_top_i/clk_wiz_0/inst/clk_out1_rv32_top_clk_wiz_0_0
    BUFGCTRL_X0Y0        BUFG (Prop_bufg_I_O)         0.029     0.002 r  rv32_top_i/clk_wiz_0/inst/clkout1_buf/O
                         net (fo=12242, routed)       0.827     0.829    rv32_top_i/axi_smc/inst/s00_nodes/s00_b_node/inst/s_sc_xpm_cdc_async_rst_inst/dest_clk
    SLICE_X34Y95         FDCE                                         r  rv32_top_i/axi_smc/inst/s00_nodes/s00_b_node/inst/s_sc_xpm_cdc_async_rst_inst/arststages_ff_reg[1]/C

Slack:                    inf
  Source:                 rv32_top_i/axi_smc/inst/clk_map/psr_aclk/U0/ACTIVE_LOW_BSR_OUT_DFF[0].FDRE_BSR_N/C
                            (rising edge-triggered cell FDRE clocked by clk_out1_rv32_top_clk_wiz_0_0  {rise@0.000ns fall@4.717ns period=9.434ns})
  Destination:            rv32_top_i/axi_smc/inst/s00_nodes/s00_b_node/inst/s_sc_xpm_cdc_async_rst_inst/arststages_ff_reg[2]/CLR
                            (removal check against rising-edge clock clk_out1_rv32_top_clk_wiz_0_0  {rise@0.000ns fall@4.717ns period=9.434ns})
  Path Group:             (none)
  Path Type:              Removal (Min at Fast Process Corner)
  Data Path Delay:        0.936ns  (logic 0.209ns (22.333%)  route 0.727ns (77.667%))
  Logic Levels:           1  (LUT1=1)
  Clock Path Skew:        0.167ns (DCD - SCD - CPR)
    Destination Clock Delay (DCD):    0.829ns
    Source Clock Delay      (SCD):    0.662ns
    Clock Pessimism Removal (CPR):    -0.000ns
  Clock Uncertainty:      0.085ns  ((TSJ^2 + DJ^2)^1/2) / 2 + PE
    Total System Jitter     (TSJ):    0.071ns
    Discrete Jitter          (DJ):    0.154ns
    Phase Error              (PE):    0.000ns
  Timing Exception:       False Path

    Location             Delay type                Incr(ns)  Path(ns)    Netlist Resource(s)
  -------------------------------------------------------------------    -------------------
                         (clock clk_out1_rv32_top_clk_wiz_0_0 rise edge)
                                                      0.000     0.000 r  
    BUFGCTRL_X0Y16       BUFG                         0.000     0.000 r  rv32_top_i/ps7/inst/buffer_fclk_clk_0.FCLK_CLK_0_BUFG/O
                         net (fo=1, routed)           0.597     0.597    rv32_top_i/clk_wiz_0/inst/clk_in1
    MMCME2_ADV_X1Y0      MMCME2_ADV (Prop_mmcme2_adv_CLKIN1_CLKOUT0)
                                                     -1.150    -0.553 r  rv32_top_i/clk_wiz_0/inst/mmcm_adv_inst/CLKOUT0
                         net (fo=1, routed)           0.529    -0.024    rv32_top_i/clk_wiz_0/inst/clk_out1_rv32_top_clk_wiz_0_0
    BUFGCTRL_X0Y0        BUFG (Prop_bufg_I_O)         0.026     0.002 r  rv32_top_i/clk_wiz_0/inst/clkout1_buf/O
                         net (fo=12242, routed)       0.660     0.662    rv32_top_i/axi_smc/inst/clk_map/psr_aclk/U0/aclk
    SLICE_X30Y103        FDRE                                         r  rv32_top_i/axi_smc/inst/clk_map/psr_aclk/U0/ACTIVE_LOW_BSR_OUT_DFF[0].FDRE_BSR_N/C
  -------------------------------------------------------------------    -------------------
    SLICE_X30Y103        FDRE (Prop_fdre_C_Q)         0.164     0.826 r  rv32_top_i/axi_smc/inst/clk_map/psr_aclk/U0/ACTIVE_LOW_BSR_OUT_DFF[0].FDRE_BSR_N/Q
                         net (fo=9, routed)           0.608     1.434    rv32_top_i/axi_smc/inst/s00_nodes/s00_b_node/inst/s_sc_xpm_cdc_async_rst_inst/src_arst
    SLICE_X35Y95         LUT1 (Prop_lut1_I0_O)        0.045     1.479 f  rv32_top_i/axi_smc/inst/s00_nodes/s00_b_node/inst/s_sc_xpm_cdc_async_rst_inst/arststages_ff[2]_i_1/O
                         net (fo=3, routed)           0.119     1.598    rv32_top_i/axi_smc/inst/s00_nodes/s00_b_node/inst/s_sc_xpm_cdc_async_rst_inst/reset_pol
    SLICE_X34Y95         FDCE                                         f  rv32_top_i/axi_smc/inst/s00_nodes/s00_b_node/inst/s_sc_xpm_cdc_async_rst_inst/arststages_ff_reg[2]/CLR
  -------------------------------------------------------------------    -------------------

                         (clock clk_out1_rv32_top_clk_wiz_0_0 rise edge)
                                                      0.000     0.000 r  
    BUFGCTRL_X0Y16       BUFG                         0.000     0.000 r  rv32_top_i/ps7/inst/buffer_fclk_clk_0.FCLK_CLK_0_BUFG/O
                         net (fo=1, routed)           0.864     0.864    rv32_top_i/clk_wiz_0/inst/clk_in1
    MMCME2_ADV_X1Y0      MMCME2_ADV (Prop_mmcme2_adv_CLKIN1_CLKOUT0)
                                                     -1.467    -0.603 r  rv32_top_i/clk_wiz_0/inst/mmcm_adv_inst/CLKOUT0
                         net (fo=1, routed)           0.576    -0.027    rv32_top_i/clk_wiz_0/inst/clk_out1_rv32_top_clk_wiz_0_0
    BUFGCTRL_X0Y0        BUFG (Prop_bufg_I_O)         0.029     0.002 r  rv32_top_i/clk_wiz_0/inst/clkout1_buf/O
                         net (fo=12242, routed)       0.827     0.829    rv32_top_i/axi_smc/inst/s00_nodes/s00_b_node/inst/s_sc_xpm_cdc_async_rst_inst/dest_clk
    SLICE_X34Y95         FDCE                                         r  rv32_top_i/axi_smc/inst/s00_nodes/s00_b_node/inst/s_sc_xpm_cdc_async_rst_inst/arststages_ff_reg[2]/C

Slack:                    inf
  Source:                 rv32_top_i/axi_smc/inst/clk_map/psr_aclk/U0/ACTIVE_LOW_BSR_OUT_DFF[0].FDRE_BSR_N/C
                            (rising edge-triggered cell FDRE clocked by clk_out1_rv32_top_clk_wiz_0_0  {rise@0.000ns fall@4.717ns period=9.434ns})
  Destination:            rv32_top_i/axi_smc/inst/s00_entry_pipeline/s00_si_converter/inst/xpm_cdc_async_rst_inst/arststages_ff_reg[0]/CLR
                            (removal check against rising-edge clock clk_out1_rv32_top_clk_wiz_0_0  {rise@0.000ns fall@4.717ns period=9.434ns})
  Path Group:             (none)
  Path Type:              Removal (Min at Fast Process Corner)
  Data Path Delay:        0.992ns  (logic 0.209ns (21.059%)  route 0.783ns (78.941%))
  Logic Levels:           1  (LUT1=1)
  Clock Path Skew:        0.168ns (DCD - SCD - CPR)
    Destination Clock Delay (DCD):    0.830ns
    Source Clock Delay      (SCD):    0.662ns
    Clock Pessimism Removal (CPR):    -0.000ns
  Clock Uncertainty:      0.085ns  ((TSJ^2 + DJ^2)^1/2) / 2 + PE
    Total System Jitter     (TSJ):    0.071ns
    Discrete Jitter          (DJ):    0.154ns
    Phase Error              (PE):    0.000ns
  Timing Exception:       False Path

    Location             Delay type                Incr(ns)  Path(ns)    Netlist Resource(s)
  -------------------------------------------------------------------    -------------------
                         (clock clk_out1_rv32_top_clk_wiz_0_0 rise edge)
                                                      0.000     0.000 r  
    BUFGCTRL_X0Y16       BUFG                         0.000     0.000 r  rv32_top_i/ps7/inst/buffer_fclk_clk_0.FCLK_CLK_0_BUFG/O
                         net (fo=1, routed)           0.597     0.597    rv32_top_i/clk_wiz_0/inst/clk_in1
    MMCME2_ADV_X1Y0      MMCME2_ADV (Prop_mmcme2_adv_CLKIN1_CLKOUT0)
                                                     -1.150    -0.553 r  rv32_top_i/clk_wiz_0/inst/mmcm_adv_inst/CLKOUT0
                         net (fo=1, routed)           0.529    -0.024    rv32_top_i/clk_wiz_0/inst/clk_out1_rv32_top_clk_wiz_0_0
    BUFGCTRL_X0Y0        BUFG (Prop_bufg_I_O)         0.026     0.002 r  rv32_top_i/clk_wiz_0/inst/clkout1_buf/O
                         net (fo=12242, routed)       0.660     0.662    rv32_top_i/axi_smc/inst/clk_map/psr_aclk/U0/aclk
    SLICE_X30Y103        FDRE                                         r  rv32_top_i/axi_smc/inst/clk_map/psr_aclk/U0/ACTIVE_LOW_BSR_OUT_DFF[0].FDRE_BSR_N/C
  -------------------------------------------------------------------    -------------------
    SLICE_X30Y103        FDRE (Prop_fdre_C_Q)         0.164     0.826 r  rv32_top_i/axi_smc/inst/clk_map/psr_aclk/U0/ACTIVE_LOW_BSR_OUT_DFF[0].FDRE_BSR_N/Q
                         net (fo=9, routed)           0.543     1.370    rv32_top_i/axi_smc/inst/s00_entry_pipeline/s00_si_converter/inst/xpm_cdc_async_rst_inst/src_arst
    SLICE_X32Y96         LUT1 (Prop_lut1_I0_O)        0.045     1.415 f  rv32_top_i/axi_smc/inst/s00_entry_pipeline/s00_si_converter/inst/xpm_cdc_async_rst_inst/arststages_ff[2]_i_1/O
                         net (fo=3, routed)           0.240     1.655    rv32_top_i/axi_smc/inst/s00_entry_pipeline/s00_si_converter/inst/xpm_cdc_async_rst_inst/reset_pol
    SLICE_X33Y98         FDCE                                         f  rv32_top_i/axi_smc/inst/s00_entry_pipeline/s00_si_converter/inst/xpm_cdc_async_rst_inst/arststages_ff_reg[0]/CLR
  -------------------------------------------------------------------    -------------------

                         (clock clk_out1_rv32_top_clk_wiz_0_0 rise edge)
                                                      0.000     0.000 r  
    BUFGCTRL_X0Y16       BUFG                         0.000     0.000 r  rv32_top_i/ps7/inst/buffer_fclk_clk_0.FCLK_CLK_0_BUFG/O
                         net (fo=1, routed)           0.864     0.864    rv32_top_i/clk_wiz_0/inst/clk_in1
    MMCME2_ADV_X1Y0      MMCME2_ADV (Prop_mmcme2_adv_CLKIN1_CLKOUT0)
                                                     -1.467    -0.603 r  rv32_top_i/clk_wiz_0/inst/mmcm_adv_inst/CLKOUT0
                         net (fo=1, routed)           0.576    -0.027    rv32_top_i/clk_wiz_0/inst/clk_out1_rv32_top_clk_wiz_0_0
    BUFGCTRL_X0Y0        BUFG (Prop_bufg_I_O)         0.029     0.002 r  rv32_top_i/clk_wiz_0/inst/clkout1_buf/O
                         net (fo=12242, routed)       0.828     0.830    rv32_top_i/axi_smc/inst/s00_entry_pipeline/s00_si_converter/inst/xpm_cdc_async_rst_inst/dest_clk
    SLICE_X33Y98         FDCE                                         r  rv32_top_i/axi_smc/inst/s00_entry_pipeline/s00_si_converter/inst/xpm_cdc_async_rst_inst/arststages_ff_reg[0]/C





--------------------------------------------------------------------------------------
Path Group:  (none)
From Clock:  clk_out1_rv32_top_clk_wiz_0_0
  To Clock:  

Max Delay            41 Endpoints
Min Delay            41 Endpoints
--------------------------------------------------------------------------------------


Max Delay Paths
--------------------------------------------------------------------------------------
Slack:                    inf
  Source:                 rv32_top_i/plat/U0/u_mmio/u_spi1/ss_level_reg/C
                            (rising edge-triggered cell FDRE clocked by clk_out1_rv32_top_clk_wiz_0_0  {rise@0.000ns fall@4.717ns period=9.434ns})
  Destination:            jb_io_0[0]
                            (output port)
  Path Group:             (none)
  Path Type:              Max at Slow Process Corner
  Data Path Delay:        11.876ns  (logic 4.202ns (35.380%)  route 7.675ns (64.620%))
  Logic Levels:           2  (LUT3=1 OBUF=1)
  Clock Uncertainty:      0.238ns  ((TSJ^2 + DJ^2)^1/2) / 2 + PE
    Total System Jitter     (TSJ):    0.050ns
    Discrete Jitter          (DJ):    0.154ns
    Phase Error              (PE):    0.157ns

    Location             Delay type                Incr(ns)  Path(ns)    Netlist Resource(s)
  -------------------------------------------------------------------    -------------------
                         (clock clk_out1_rv32_top_clk_wiz_0_0 rise edge)
                                                      0.000     0.000 r  
    BUFGCTRL_X0Y16       BUFG                         0.000     0.000 r  rv32_top_i/ps7/inst/buffer_fclk_clk_0.FCLK_CLK_0_BUFG/O
                         net (fo=1, routed)           1.806     1.806    rv32_top_i/clk_wiz_0/inst/clk_in1
    MMCME2_ADV_X1Y0      MMCME2_ADV (Prop_mmcme2_adv_CLKIN1_CLKOUT0)
                                                     -3.793    -1.987 r  rv32_top_i/clk_wiz_0/inst/mmcm_adv_inst/CLKOUT0
                         net (fo=1, routed)           1.889    -0.098    rv32_top_i/clk_wiz_0/inst/clk_out1_rv32_top_clk_wiz_0_0
    BUFGCTRL_X0Y0        BUFG (Prop_bufg_I_O)         0.101     0.003 r  rv32_top_i/clk_wiz_0/inst/clkout1_buf/O
                         net (fo=12242, routed)       1.834     1.837    rv32_top_i/plat/U0/u_mmio/u_spi1/S_AXI_ACLK
    SLICE_X51Y106        FDRE                                         r  rv32_top_i/plat/U0/u_mmio/u_spi1/ss_level_reg/C
  -------------------------------------------------------------------    -------------------
    SLICE_X51Y106        FDRE (Prop_fdre_C_Q)         0.456     2.293 r  rv32_top_i/plat/U0/u_mmio/u_spi1/ss_level_reg/Q
                         net (fo=2, routed)           1.264     3.557    rv32_top_i/plat/U0/u_mmio/u_spi1/ss_level_reg_0
    SLICE_X45Y105        LUT3 (Prop_lut3_I0_O)        0.124     3.681 r  rv32_top_i/plat/U0/u_mmio/u_spi1/jb_io[0]_INST_0/O
                         net (fo=1, routed)           6.410    10.092    jb_io_0_IBUF__0[0]
    V8                   OBUF (Prop_obuf_I_O)         3.622    13.713 r  jb_io_0_OBUF[0]_inst/O
                         net (fo=0)                   0.000    13.713    jb_io_0[0]
    V8                                                                r  jb_io_0[0] (INOUT)
  -------------------------------------------------------------------    -------------------

Slack:                    inf
  Source:                 rv32_top_i/plat/U0/u_mmio/u_pwm/cnt_reg[22]/C
                            (rising edge-triggered cell FDRE clocked by clk_out1_rv32_top_clk_wiz_0_0  {rise@0.000ns fall@4.717ns period=9.434ns})
  Destination:            je_io_0[7]
                            (output port)
  Path Group:             (none)
  Path Type:              Max at Slow Process Corner
  Data Path Delay:        11.757ns  (logic 4.789ns (40.730%)  route 6.968ns (59.270%))
  Logic Levels:           4  (CARRY4=1 LUT2=1 LUT4=1 OBUF=1)
  Clock Uncertainty:      0.238ns  ((TSJ^2 + DJ^2)^1/2) / 2 + PE
    Total System Jitter     (TSJ):    0.050ns
    Discrete Jitter          (DJ):    0.154ns
    Phase Error              (PE):    0.157ns

    Location             Delay type                Incr(ns)  Path(ns)    Netlist Resource(s)
  -------------------------------------------------------------------    -------------------
                         (clock clk_out1_rv32_top_clk_wiz_0_0 rise edge)
                                                      0.000     0.000 r  
    BUFGCTRL_X0Y16       BUFG                         0.000     0.000 r  rv32_top_i/ps7/inst/buffer_fclk_clk_0.FCLK_CLK_0_BUFG/O
                         net (fo=1, routed)           1.806     1.806    rv32_top_i/clk_wiz_0/inst/clk_in1
    MMCME2_ADV_X1Y0      MMCME2_ADV (Prop_mmcme2_adv_CLKIN1_CLKOUT0)
                                                     -3.793    -1.987 r  rv32_top_i/clk_wiz_0/inst/mmcm_adv_inst/CLKOUT0
                         net (fo=1, routed)           1.889    -0.098    rv32_top_i/clk_wiz_0/inst/clk_out1_rv32_top_clk_wiz_0_0
    BUFGCTRL_X0Y0        BUFG (Prop_bufg_I_O)         0.101     0.003 r  rv32_top_i/clk_wiz_0/inst/clkout1_buf/O
                         net (fo=12242, routed)       1.906     1.909    rv32_top_i/plat/U0/u_mmio/u_pwm/S_AXI_ACLK
    SLICE_X62Y111        FDRE                                         r  rv32_top_i/plat/U0/u_mmio/u_pwm/cnt_reg[22]/C
  -------------------------------------------------------------------    -------------------
    SLICE_X62Y111        FDRE (Prop_fdre_C_Q)         0.518     2.427 r  rv32_top_i/plat/U0/u_mmio/u_pwm/cnt_reg[22]/Q
                         net (fo=11, routed)          1.936     4.363    rv32_top_i/plat/U0/u_mmio/u_pwm/cnt_reg_n_0_[22]
    SLICE_X59Y109        LUT4 (Prop_lut4_I0_O)        0.124     4.487 r  rv32_top_i/plat/U0/u_mmio/u_pwm/i__carry__1_i_5__1/O
                         net (fo=1, routed)           0.000     4.487    rv32_top_i/plat/U0/u_mmio/u_pwm/i__carry__1_i_5__1_n_0
    SLICE_X59Y109        CARRY4 (Prop_carry4_S[3]_CO[3])
                                                      0.401     4.888 r  rv32_top_i/plat/U0/u_mmio/u_pwm/pwm_o1_inferred__2/i__carry__1/CO[3]
                         net (fo=1, routed)           1.607     6.495    rv32_top_i/plat/U0/u_mmio/u_pwm/pwm_o12_in
    SLICE_X61Y104        LUT2 (Prop_lut2_I0_O)        0.124     6.619 r  rv32_top_i/plat/U0/u_mmio/u_pwm/je_io[7]_INST_0/O
                         net (fo=1, routed)           3.425    10.044    je_io_0_IBUF__0[7]
    Y17                  OBUF (Prop_obuf_I_O)         3.622    13.666 r  je_io_0_OBUF[7]_inst/O
                         net (fo=0)                   0.000    13.666    je_io_0[7]
    Y17                                                               r  je_io_0[7] (INOUT)
  -------------------------------------------------------------------    -------------------

Slack:                    inf
  Source:                 rv32_top_i/plat/U0/u_mmio/u_spi1/idx_reg[1]/C
                            (rising edge-triggered cell FDSE clocked by clk_out1_rv32_top_clk_wiz_0_0  {rise@0.000ns fall@4.717ns period=9.434ns})
  Destination:            jb_io_0[1]
                            (output port)
  Path Group:             (none)
  Path Type:              Max at Slow Process Corner
  Data Path Delay:        11.701ns  (logic 4.589ns (39.219%)  route 7.112ns (60.781%))
  Logic Levels:           3  (LUT6=1 MUXF7=1 OBUF=1)
  Clock Uncertainty:      0.238ns  ((TSJ^2 + DJ^2)^1/2) / 2 + PE
    Total System Jitter     (TSJ):    0.050ns
    Discrete Jitter          (DJ):    0.154ns
    Phase Error              (PE):    0.157ns

    Location             Delay type                Incr(ns)  Path(ns)    Netlist Resource(s)
  -------------------------------------------------------------------    -------------------
                         (clock clk_out1_rv32_top_clk_wiz_0_0 rise edge)
                                                      0.000     0.000 r  
    BUFGCTRL_X0Y16       BUFG                         0.000     0.000 r  rv32_top_i/ps7/inst/buffer_fclk_clk_0.FCLK_CLK_0_BUFG/O
                         net (fo=1, routed)           1.806     1.806    rv32_top_i/clk_wiz_0/inst/clk_in1
    MMCME2_ADV_X1Y0      MMCME2_ADV (Prop_mmcme2_adv_CLKIN1_CLKOUT0)
                                                     -3.793    -1.987 r  rv32_top_i/clk_wiz_0/inst/mmcm_adv_inst/CLKOUT0
                         net (fo=1, routed)           1.889    -0.098    rv32_top_i/clk_wiz_0/inst/clk_out1_rv32_top_clk_wiz_0_0
    BUFGCTRL_X0Y0        BUFG (Prop_bufg_I_O)         0.101     0.003 r  rv32_top_i/clk_wiz_0/inst/clkout1_buf/O
                         net (fo=12242, routed)       1.846     1.849    rv32_top_i/plat/U0/u_mmio/u_spi1/S_AXI_ACLK
    SLICE_X43Y106        FDSE                                         r  rv32_top_i/plat/U0/u_mmio/u_spi1/idx_reg[1]/C
  -------------------------------------------------------------------    -------------------
    SLICE_X43Y106        FDSE (Prop_fdse_C_Q)         0.456     2.305 r  rv32_top_i/plat/U0/u_mmio/u_spi1/idx_reg[1]/Q
                         net (fo=12, routed)          0.869     3.174    rv32_top_i/plat/U0/u_mmio/u_spi1/idx_reg_n_0_[1]
    SLICE_X41Y105        LUT6 (Prop_lut6_I4_O)        0.124     3.298 r  rv32_top_i/plat/U0/u_mmio/u_spi1/jb_io[1]_INST_0_i_1/O
                         net (fo=1, routed)           0.000     3.298    rv32_top_i/plat/U0/u_mmio/u_spi1/jb_io[1]_INST_0_i_1_n_0
    SLICE_X41Y105        MUXF7 (Prop_muxf7_I0_O)      0.212     3.510 r  rv32_top_i/plat/U0/u_mmio/u_spi1/jb_io[1]_INST_0/O
                         net (fo=1, routed)           6.243     9.753    jb_io_0_IBUF__0[1]
    W8                   OBUF (Prop_obuf_I_O)         3.797    13.550 r  jb_io_0_OBUF[1]_inst/O
                         net (fo=0)                   0.000    13.550    jb_io_0[1]
    W8                                                                r  jb_io_0[1] (INOUT)
  -------------------------------------------------------------------    -------------------

Slack:                    inf
  Source:                 rv32_top_i/plat/U0/u_mmio/u_pwm/cnt_reg[22]/C
                            (rising edge-triggered cell FDRE clocked by clk_out1_rv32_top_clk_wiz_0_0  {rise@0.000ns fall@4.717ns period=9.434ns})
  Destination:            je_io_0[6]
                            (output port)
  Path Group:             (none)
  Path Type:              Max at Slow Process Corner
  Data Path Delay:        11.359ns  (logic 4.704ns (41.411%)  route 6.655ns (58.589%))
  Logic Levels:           4  (CARRY4=1 LUT2=1 LUT4=1 OBUF=1)
  Clock Uncertainty:      0.238ns  ((TSJ^2 + DJ^2)^1/2) / 2 + PE
    Total System Jitter     (TSJ):    0.050ns
    Discrete Jitter          (DJ):    0.154ns
    Phase Error              (PE):    0.157ns

    Location             Delay type                Incr(ns)  Path(ns)    Netlist Resource(s)
  -------------------------------------------------------------------    -------------------
                         (clock clk_out1_rv32_top_clk_wiz_0_0 rise edge)
                                                      0.000     0.000 r  
    BUFGCTRL_X0Y16       BUFG                         0.000     0.000 r  rv32_top_i/ps7/inst/buffer_fclk_clk_0.FCLK_CLK_0_BUFG/O
                         net (fo=1, routed)           1.806     1.806    rv32_top_i/clk_wiz_0/inst/clk_in1
    MMCME2_ADV_X1Y0      MMCME2_ADV (Prop_mmcme2_adv_CLKIN1_CLKOUT0)
                                                     -3.793    -1.987 r  rv32_top_i/clk_wiz_0/inst/mmcm_adv_inst/CLKOUT0
                         net (fo=1, routed)           1.889    -0.098    rv32_top_i/clk_wiz_0/inst/clk_out1_rv32_top_clk_wiz_0_0
    BUFGCTRL_X0Y0        BUFG (Prop_bufg_I_O)         0.101     0.003 r  rv32_top_i/clk_wiz_0/inst/clkout1_buf/O
                         net (fo=12242, routed)       1.906     1.909    rv32_top_i/plat/U0/u_mmio/u_pwm/S_AXI_ACLK
    SLICE_X62Y111        FDRE                                         r  rv32_top_i/plat/U0/u_mmio/u_pwm/cnt_reg[22]/C
  -------------------------------------------------------------------    -------------------
    SLICE_X62Y111        FDRE (Prop_fdre_C_Q)         0.518     2.427 r  rv32_top_i/plat/U0/u_mmio/u_pwm/cnt_reg[22]/Q
                         net (fo=11, routed)          1.615     4.042    rv32_top_i/plat/U0/u_mmio/u_pwm/cnt_reg_n_0_[22]
    SLICE_X60Y109        LUT4 (Prop_lut4_I0_O)        0.124     4.166 r  rv32_top_i/plat/U0/u_mmio/u_pwm/i__carry__1_i_5__0/O
                         net (fo=1, routed)           0.000     4.166    rv32_top_i/plat/U0/u_mmio/u_pwm/i__carry__1_i_5__0_n_0
    SLICE_X60Y109        CARRY4 (Prop_carry4_S[3]_CO[3])
                                                      0.401     4.567 r  rv32_top_i/plat/U0/u_mmio/u_pwm/pwm_o1_inferred__1/i__carry__1/CO[3]
                         net (fo=1, routed)           1.072     5.639    rv32_top_i/plat/U0/u_mmio/u_pwm/pwm_o11_in
    SLICE_X61Y104        LUT2 (Prop_lut2_I0_O)        0.124     5.763 r  rv32_top_i/plat/U0/u_mmio/u_pwm/je_io[6]_INST_0/O
                         net (fo=1, routed)           3.968     9.731    je_io_0_IBUF__0[6]
    T17                  OBUF (Prop_obuf_I_O)         3.537    13.268 r  je_io_0_OBUF[6]_inst/O
                         net (fo=0)                   0.000    13.268    je_io_0[6]
    T17                                                               r  je_io_0[6] (INOUT)
  -------------------------------------------------------------------    -------------------

Slack:                    inf
  Source:                 rv32_top_i/plat/U0/u_mmio/u_pwm/duty_reg[0][0]/C
                            (rising edge-triggered cell FDRE clocked by clk_out1_rv32_top_clk_wiz_0_0  {rise@0.000ns fall@4.717ns period=9.434ns})
  Destination:            je_io_0[4]
                            (output port)
  Path Group:             (none)
  Path Type:              Max at Slow Process Corner
  Data Path Delay:        11.304ns  (logic 5.089ns (45.019%)  route 6.215ns (54.981%))
  Logic Levels:           6  (CARRY4=3 LUT2=1 LUT4=1 OBUF=1)
  Clock Uncertainty:      0.238ns  ((TSJ^2 + DJ^2)^1/2) / 2 + PE
    Total System Jitter     (TSJ):    0.050ns
    Discrete Jitter          (DJ):    0.154ns
    Phase Error              (PE):    0.157ns

    Location             Delay type                Incr(ns)  Path(ns)    Netlist Resource(s)
  -------------------------------------------------------------------    -------------------
                         (clock clk_out1_rv32_top_clk_wiz_0_0 rise edge)
                                                      0.000     0.000 r  
    BUFGCTRL_X0Y16       BUFG                         0.000     0.000 r  rv32_top_i/ps7/inst/buffer_fclk_clk_0.FCLK_CLK_0_BUFG/O
                         net (fo=1, routed)           1.806     1.806    rv32_top_i/clk_wiz_0/inst/clk_in1
    MMCME2_ADV_X1Y0      MMCME2_ADV (Prop_mmcme2_adv_CLKIN1_CLKOUT0)
                                                     -3.793    -1.987 r  rv32_top_i/clk_wiz_0/inst/mmcm_adv_inst/CLKOUT0
                         net (fo=1, routed)           1.889    -0.098    rv32_top_i/clk_wiz_0/inst/clk_out1_rv32_top_clk_wiz_0_0
    BUFGCTRL_X0Y0        BUFG (Prop_bufg_I_O)         0.101     0.003 r  rv32_top_i/clk_wiz_0/inst/clkout1_buf/O
                         net (fo=12242, routed)       1.909     1.912    rv32_top_i/plat/U0/u_mmio/u_pwm/S_AXI_ACLK
    SLICE_X60Y106        FDRE                                         r  rv32_top_i/plat/U0/u_mmio/u_pwm/duty_reg[0][0]/C
  -------------------------------------------------------------------    -------------------
    SLICE_X60Y106        FDRE (Prop_fdre_C_Q)         0.456     2.368 r  rv32_top_i/plat/U0/u_mmio/u_pwm/duty_reg[0][0]/Q
                         net (fo=3, routed)           1.726     4.094    rv32_top_i/plat/U0/u_mmio/u_pwm/duty_reg[0]_0[0]
    SLICE_X61Y107        LUT4 (Prop_lut4_I1_O)        0.124     4.218 r  rv32_top_i/plat/U0/u_mmio/u_pwm/pwm_o1_carry_i_8/O
                         net (fo=1, routed)           0.000     4.218    rv32_top_i/plat/U0/u_mmio/u_pwm/pwm_o1_carry_i_8_n_0
    SLICE_X61Y107        CARRY4 (Prop_carry4_S[0]_CO[3])
                                                      0.532     4.750 r  rv32_top_i/plat/U0/u_mmio/u_pwm/pwm_o1_carry/CO[3]
                         net (fo=1, routed)           0.000     4.750    rv32_top_i/plat/U0/u_mmio/u_pwm/pwm_o1_carry_n_0
    SLICE_X61Y108        CARRY4 (Prop_carry4_CI_CO[3])
                                                      0.114     4.864 r  rv32_top_i/plat/U0/u_mmio/u_pwm/pwm_o1_carry__0/CO[3]
                         net (fo=1, routed)           0.000     4.864    rv32_top_i/plat/U0/u_mmio/u_pwm/pwm_o1_carry__0_n_0
    SLICE_X61Y109        CARRY4 (Prop_carry4_CI_CO[3])
                                                      0.114     4.978 r  rv32_top_i/plat/U0/u_mmio/u_pwm/pwm_o1_carry__1/CO[3]
                         net (fo=1, routed)           1.311     6.289    rv32_top_i/plat/U0/u_mmio/u_pwm/pwm_o1
    SLICE_X61Y104        LUT2 (Prop_lut2_I0_O)        0.124     6.413 r  rv32_top_i/plat/U0/u_mmio/u_pwm/je_io[4]_INST_0/O
                         net (fo=1, routed)           3.178     9.591    je_io_0_IBUF__0[4]
    V13                  OBUF (Prop_obuf_I_O)         3.625    13.216 r  je_io_0_OBUF[4]_inst/O
                         net (fo=0)                   0.000    13.216    je_io_0[4]
    V13                                                               r  je_io_0[4] (INOUT)
  -------------------------------------------------------------------    -------------------

Slack:                    inf
  Source:                 rv32_top_i/plat/U0/u_mmio/u_pwm/cnt_reg[8]/C
                            (rising edge-triggered cell FDRE clocked by clk_out1_rv32_top_clk_wiz_0_0  {rise@0.000ns fall@4.717ns period=9.434ns})
  Destination:            je_io_0[5]
                            (output port)
  Path Group:             (none)
  Path Type:              Max at Slow Process Corner
  Data Path Delay:        11.061ns  (logic 5.015ns (45.337%)  route 6.046ns (54.663%))
  Logic Levels:           5  (CARRY4=2 LUT2=1 LUT4=1 OBUF=1)
  Clock Uncertainty:      0.238ns  ((TSJ^2 + DJ^2)^1/2) / 2 + PE
    Total System Jitter     (TSJ):    0.050ns
    Discrete Jitter          (DJ):    0.154ns
    Phase Error              (PE):    0.157ns

    Location             Delay type                Incr(ns)  Path(ns)    Netlist Resource(s)
  -------------------------------------------------------------------    -------------------
                         (clock clk_out1_rv32_top_clk_wiz_0_0 rise edge)
                                                      0.000     0.000 r  
    BUFGCTRL_X0Y16       BUFG                         0.000     0.000 r  rv32_top_i/ps7/inst/buffer_fclk_clk_0.FCLK_CLK_0_BUFG/O
                         net (fo=1, routed)           1.806     1.806    rv32_top_i/clk_wiz_0/inst/clk_in1
    MMCME2_ADV_X1Y0      MMCME2_ADV (Prop_mmcme2_adv_CLKIN1_CLKOUT0)
                                                     -3.793    -1.987 r  rv32_top_i/clk_wiz_0/inst/mmcm_adv_inst/CLKOUT0
                         net (fo=1, routed)           1.889    -0.098    rv32_top_i/clk_wiz_0/inst/clk_out1_rv32_top_clk_wiz_0_0
    BUFGCTRL_X0Y0        BUFG (Prop_bufg_I_O)         0.101     0.003 r  rv32_top_i/clk_wiz_0/inst/clkout1_buf/O
                         net (fo=12242, routed)       1.908     1.911    rv32_top_i/plat/U0/u_mmio/u_pwm/S_AXI_ACLK
    SLICE_X62Y107        FDRE                                         r  rv32_top_i/plat/U0/u_mmio/u_pwm/cnt_reg[8]/C
  -------------------------------------------------------------------    -------------------
    SLICE_X62Y107        FDRE (Prop_fdre_C_Q)         0.518     2.429 r  rv32_top_i/plat/U0/u_mmio/u_pwm/cnt_reg[8]/Q
                         net (fo=11, routed)          1.701     4.130    rv32_top_i/plat/U0/u_mmio/u_pwm/cnt_reg_n_0_[8]
    SLICE_X64Y108        LUT4 (Prop_lut4_I0_O)        0.124     4.254 r  rv32_top_i/plat/U0/u_mmio/u_pwm/i__carry__0_i_8/O
                         net (fo=1, routed)           0.000     4.254    rv32_top_i/plat/U0/u_mmio/u_pwm/i__carry__0_i_8_n_0
    SLICE_X64Y108        CARRY4 (Prop_carry4_S[0]_CO[3])
                                                      0.532     4.786 r  rv32_top_i/plat/U0/u_mmio/u_pwm/pwm_o1_inferred__0/i__carry__0/CO[3]
                         net (fo=1, routed)           0.000     4.786    rv32_top_i/plat/U0/u_mmio/u_pwm/pwm_o1_inferred__0/i__carry__0_n_0
    SLICE_X64Y109        CARRY4 (Prop_carry4_CI_CO[3])
                                                      0.114     4.900 r  rv32_top_i/plat/U0/u_mmio/u_pwm/pwm_o1_inferred__0/i__carry__1/CO[3]
                         net (fo=1, routed)           0.888     5.788    rv32_top_i/plat/U0/u_mmio/u_pwm/pwm_o10_in
    SLICE_X65Y106        LUT2 (Prop_lut2_I0_O)        0.124     5.912 r  rv32_top_i/plat/U0/u_mmio/u_pwm/je_io[5]_INST_0/O
                         net (fo=1, routed)           3.458     9.369    je_io_0_IBUF__0[5]
    U17                  OBUF (Prop_obuf_I_O)         3.603    12.972 r  je_io_0_OBUF[5]_inst/O
                         net (fo=0)                   0.000    12.972    je_io_0[5]
    U17                                                               r  je_io_0[5] (INOUT)
  -------------------------------------------------------------------    -------------------

Slack:                    inf
  Source:                 rv32_top_i/plat/U0/u_mmio/u_gpio/dir_reg_reg[7]/C
                            (rising edge-triggered cell FDSE clocked by clk_out1_rv32_top_clk_wiz_0_0  {rise@0.000ns fall@4.717ns period=9.434ns})
  Destination:            jb_io_0[7]
                            (output port)
  Path Group:             (none)
  Path Type:              Max at Slow Process Corner
  Data Path Delay:        9.961ns  (logic 3.997ns (40.126%)  route 5.964ns (59.874%))
  Logic Levels:           1  (OBUFT=1)
  Clock Uncertainty:      0.238ns  ((TSJ^2 + DJ^2)^1/2) / 2 + PE
    Total System Jitter     (TSJ):    0.050ns
    Discrete Jitter          (DJ):    0.154ns
    Phase Error              (PE):    0.157ns

    Location             Delay type                Incr(ns)  Path(ns)    Netlist Resource(s)
  -------------------------------------------------------------------    -------------------
                         (clock clk_out1_rv32_top_clk_wiz_0_0 rise edge)
                                                      0.000     0.000 r  
    BUFGCTRL_X0Y16       BUFG                         0.000     0.000 r  rv32_top_i/ps7/inst/buffer_fclk_clk_0.FCLK_CLK_0_BUFG/O
                         net (fo=1, routed)           1.806     1.806    rv32_top_i/clk_wiz_0/inst/clk_in1
    MMCME2_ADV_X1Y0      MMCME2_ADV (Prop_mmcme2_adv_CLKIN1_CLKOUT0)
                                                     -3.793    -1.987 r  rv32_top_i/clk_wiz_0/inst/mmcm_adv_inst/CLKOUT0
                         net (fo=1, routed)           1.889    -0.098    rv32_top_i/clk_wiz_0/inst/clk_out1_rv32_top_clk_wiz_0_0
    BUFGCTRL_X0Y0        BUFG (Prop_bufg_I_O)         0.101     0.003 r  rv32_top_i/clk_wiz_0/inst/clkout1_buf/O
                         net (fo=12242, routed)       1.642     1.645    rv32_top_i/plat/U0/u_mmio/u_gpio/S_AXI_ACLK
    SLICE_X51Y93         FDSE                                         r  rv32_top_i/plat/U0/u_mmio/u_gpio/dir_reg_reg[7]/C
  -------------------------------------------------------------------    -------------------
    SLICE_X51Y93         FDSE (Prop_fdse_C_Q)         0.456     2.101 f  rv32_top_i/plat/U0/u_mmio/u_gpio/dir_reg_reg[7]/Q
                         net (fo=2, routed)           5.964     8.065    rv32_top_i/plat/jb_io_IOBUF[7]_inst/T
    W6                   OBUFT (TriStatE_obuft_T_O)
                                                      3.541    11.606 r  rv32_top_i/plat/jb_io_IOBUF[7]_inst/OBUFT/O
                         net (fo=1, unset)            0.000    11.606    jb_io_0[7]
    W6                                                                r  jb_io_0[7] (INOUT)
  -------------------------------------------------------------------    -------------------

Slack:                    inf
  Source:                 rv32_top_i/plat/U0/u_mmio/u_gpio/out_reg_reg[6]/C
                            (rising edge-triggered cell FDRE clocked by clk_out1_rv32_top_clk_wiz_0_0  {rise@0.000ns fall@4.717ns period=9.434ns})
  Destination:            jb_io_0[6]
                            (output port)
  Path Group:             (none)
  Path Type:              Max at Slow Process Corner
  Data Path Delay:        9.842ns  (logic 3.976ns (40.400%)  route 5.866ns (59.600%))
  Logic Levels:           1  (OBUFT=1)
  Clock Uncertainty:      0.238ns  ((TSJ^2 + DJ^2)^1/2) / 2 + PE
    Total System Jitter     (TSJ):    0.050ns
    Discrete Jitter          (DJ):    0.154ns
    Phase Error              (PE):    0.157ns

    Location             Delay type                Incr(ns)  Path(ns)    Netlist Resource(s)
  -------------------------------------------------------------------    -------------------
                         (clock clk_out1_rv32_top_clk_wiz_0_0 rise edge)
                                                      0.000     0.000 r  
    BUFGCTRL_X0Y16       BUFG                         0.000     0.000 r  rv32_top_i/ps7/inst/buffer_fclk_clk_0.FCLK_CLK_0_BUFG/O
                         net (fo=1, routed)           1.806     1.806    rv32_top_i/clk_wiz_0/inst/clk_in1
    MMCME2_ADV_X1Y0      MMCME2_ADV (Prop_mmcme2_adv_CLKIN1_CLKOUT0)
                                                     -3.793    -1.987 r  rv32_top_i/clk_wiz_0/inst/mmcm_adv_inst/CLKOUT0
                         net (fo=1, routed)           1.889    -0.098    rv32_top_i/clk_wiz_0/inst/clk_out1_rv32_top_clk_wiz_0_0
    BUFGCTRL_X0Y0        BUFG (Prop_bufg_I_O)         0.101     0.003 r  rv32_top_i/clk_wiz_0/inst/clkout1_buf/O
                         net (fo=12242, routed)       1.652     1.655    rv32_top_i/plat/U0/u_mmio/u_gpio/S_AXI_ACLK
    SLICE_X41Y90         FDRE                                         r  rv32_top_i/plat/U0/u_mmio/u_gpio/out_reg_reg[6]/C
  -------------------------------------------------------------------    -------------------
    SLICE_X41Y90         FDRE (Prop_fdre_C_Q)         0.456     2.111 r  rv32_top_i/plat/U0/u_mmio/u_gpio/out_reg_reg[6]/Q
                         net (fo=2, routed)           5.866     7.977    rv32_top_i/plat/jb_io_IOBUF[6]_inst/I
    V6                   OBUFT (Prop_obuft_I_O)       3.520    11.497 r  rv32_top_i/plat/jb_io_IOBUF[6]_inst/OBUFT/O
                         net (fo=1, unset)            0.000    11.497    jb_io_0[6]
    V6                                                                r  jb_io_0[6] (INOUT)
  -------------------------------------------------------------------    -------------------

Slack:                    inf
  Source:                 rv32_top_i/plat/U0/u_mmio/u_gpio/out_reg_reg[4]/C
                            (rising edge-triggered cell FDRE clocked by clk_out1_rv32_top_clk_wiz_0_0  {rise@0.000ns fall@4.717ns period=9.434ns})
  Destination:            jb_io_0[4]
                            (output port)
  Path Group:             (none)
  Path Type:              Max at Slow Process Corner
  Data Path Delay:        9.601ns  (logic 4.024ns (41.910%)  route 5.577ns (58.090%))
  Logic Levels:           1  (OBUFT=1)
  Clock Uncertainty:      0.238ns  ((TSJ^2 + DJ^2)^1/2) / 2 + PE
    Total System Jitter     (TSJ):    0.050ns
    Discrete Jitter          (DJ):    0.154ns
    Phase Error              (PE):    0.157ns

    Location             Delay type                Incr(ns)  Path(ns)    Netlist Resource(s)
  -------------------------------------------------------------------    -------------------
                         (clock clk_out1_rv32_top_clk_wiz_0_0 rise edge)
                                                      0.000     0.000 r  
    BUFGCTRL_X0Y16       BUFG                         0.000     0.000 r  rv32_top_i/ps7/inst/buffer_fclk_clk_0.FCLK_CLK_0_BUFG/O
                         net (fo=1, routed)           1.806     1.806    rv32_top_i/clk_wiz_0/inst/clk_in1
    MMCME2_ADV_X1Y0      MMCME2_ADV (Prop_mmcme2_adv_CLKIN1_CLKOUT0)
                                                     -3.793    -1.987 r  rv32_top_i/clk_wiz_0/inst/mmcm_adv_inst/CLKOUT0
                         net (fo=1, routed)           1.889    -0.098    rv32_top_i/clk_wiz_0/inst/clk_out1_rv32_top_clk_wiz_0_0
    BUFGCTRL_X0Y0        BUFG (Prop_bufg_I_O)         0.101     0.003 r  rv32_top_i/clk_wiz_0/inst/clkout1_buf/O
                         net (fo=12242, routed)       1.652     1.655    rv32_top_i/plat/U0/u_mmio/u_gpio/S_AXI_ACLK
    SLICE_X41Y90         FDRE                                         r  rv32_top_i/plat/U0/u_mmio/u_gpio/out_reg_reg[4]/C
  -------------------------------------------------------------------    -------------------
    SLICE_X41Y90         FDRE (Prop_fdre_C_Q)         0.456     2.111 r  rv32_top_i/plat/U0/u_mmio/u_gpio/out_reg_reg[4]/Q
                         net (fo=2, routed)           5.577     7.688    rv32_top_i/plat/jb_io_IOBUF[4]_inst/I
    Y7                   OBUFT (Prop_obuft_I_O)       3.568    11.256 r  rv32_top_i/plat/jb_io_IOBUF[4]_inst/OBUFT/O
                         net (fo=1, unset)            0.000    11.256    jb_io_0[4]
    Y7                                                                r  jb_io_0[4] (INOUT)
  -------------------------------------------------------------------    -------------------

Slack:                    inf
  Source:                 rv32_top_i/plat/U0/u_mmio/u_spi1/sck_i_reg/C
                            (rising edge-triggered cell FDRE clocked by clk_out1_rv32_top_clk_wiz_0_0  {rise@0.000ns fall@4.717ns period=9.434ns})
  Destination:            jb_io_0[3]
                            (output port)
  Path Group:             (none)
  Path Type:              Max at Slow Process Corner
  Data Path Delay:        9.036ns  (logic 4.077ns (45.121%)  route 4.959ns (54.879%))
  Logic Levels:           1  (OBUF=1)
  Clock Uncertainty:      0.238ns  ((TSJ^2 + DJ^2)^1/2) / 2 + PE
    Total System Jitter     (TSJ):    0.050ns
    Discrete Jitter          (DJ):    0.154ns
    Phase Error              (PE):    0.157ns

    Location             Delay type                Incr(ns)  Path(ns)    Netlist Resource(s)
  -------------------------------------------------------------------    -------------------
                         (clock clk_out1_rv32_top_clk_wiz_0_0 rise edge)
                                                      0.000     0.000 r  
    BUFGCTRL_X0Y16       BUFG                         0.000     0.000 r  rv32_top_i/ps7/inst/buffer_fclk_clk_0.FCLK_CLK_0_BUFG/O
                         net (fo=1, routed)           1.806     1.806    rv32_top_i/clk_wiz_0/inst/clk_in1
    MMCME2_ADV_X1Y0      MMCME2_ADV (Prop_mmcme2_adv_CLKIN1_CLKOUT0)
                                                     -3.793    -1.987 r  rv32_top_i/clk_wiz_0/inst/mmcm_adv_inst/CLKOUT0
                         net (fo=1, routed)           1.889    -0.098    rv32_top_i/clk_wiz_0/inst/clk_out1_rv32_top_clk_wiz_0_0
    BUFGCTRL_X0Y0        BUFG (Prop_bufg_I_O)         0.101     0.003 r  rv32_top_i/clk_wiz_0/inst/clkout1_buf/O
                         net (fo=12242, routed)       1.846     1.849    rv32_top_i/plat/U0/u_mmio/u_spi1/S_AXI_ACLK
    SLICE_X45Y106        FDRE                                         r  rv32_top_i/plat/U0/u_mmio/u_spi1/sck_i_reg/C
  -------------------------------------------------------------------    -------------------
    SLICE_X45Y106        FDRE (Prop_fdre_C_Q)         0.456     2.305 r  rv32_top_i/plat/U0/u_mmio/u_spi1/sck_i_reg/Q
                         net (fo=1, routed)           4.959     7.264    jb_io_0_IBUF__0[3]
    V7                   OBUF (Prop_obuf_I_O)         3.621    10.885 r  jb_io_0_OBUF[3]_inst/O
                         net (fo=0)                   0.000    10.885    jb_io_0[3]
    V7                                                                r  jb_io_0[3] (INOUT)
  -------------------------------------------------------------------    -------------------





Min Delay Paths
--------------------------------------------------------------------------------------
Slack:                    inf
  Source:                 rv32_top_i/plat/U0/u_mmio/u_gpio/dir_reg_reg[3]/C
                            (rising edge-triggered cell FDSE clocked by clk_out1_rv32_top_clk_wiz_0_0  {rise@0.000ns fall@4.717ns period=9.434ns})
  Destination:            ja_io_0[7]
                            (output port)
  Path Group:             (none)
  Path Type:              Min at Fast Process Corner
  Data Path Delay:        1.606ns  (logic 0.965ns (60.085%)  route 0.641ns (39.915%))
  Logic Levels:           1  (OBUFT=1)
  Clock Uncertainty:      0.238ns  ((TSJ^2 + DJ^2)^1/2) / 2 + PE
    Total System Jitter     (TSJ):    0.050ns
    Discrete Jitter          (DJ):    0.154ns
    Phase Error              (PE):    0.157ns

    Location             Delay type                Incr(ns)  Path(ns)    Netlist Resource(s)
  -------------------------------------------------------------------    -------------------
                         (clock clk_out1_rv32_top_clk_wiz_0_0 rise edge)
                                                      0.000     0.000 r  
    BUFGCTRL_X0Y16       BUFG                         0.000     0.000 r  rv32_top_i/ps7/inst/buffer_fclk_clk_0.FCLK_CLK_0_BUFG/O
                         net (fo=1, routed)           0.597     0.597    rv32_top_i/clk_wiz_0/inst/clk_in1
    MMCME2_ADV_X1Y0      MMCME2_ADV (Prop_mmcme2_adv_CLKIN1_CLKOUT0)
                                                     -1.150    -0.553 r  rv32_top_i/clk_wiz_0/inst/mmcm_adv_inst/CLKOUT0
                         net (fo=1, routed)           0.529    -0.024    rv32_top_i/clk_wiz_0/inst/clk_out1_rv32_top_clk_wiz_0_0
    BUFGCTRL_X0Y0        BUFG (Prop_bufg_I_O)         0.026     0.002 r  rv32_top_i/clk_wiz_0/inst/clkout1_buf/O
                         net (fo=12242, routed)       0.718     0.720    rv32_top_i/plat/U0/u_mmio/u_gpio/S_AXI_ACLK
    SLICE_X106Y109       FDSE                                         r  rv32_top_i/plat/U0/u_mmio/u_gpio/dir_reg_reg[3]/C
  -------------------------------------------------------------------    -------------------
    SLICE_X106Y109       FDSE (Prop_fdse_C_Q)         0.141     0.861 r  rv32_top_i/plat/U0/u_mmio/u_gpio/dir_reg_reg[3]/Q
                         net (fo=2, routed)           0.641     1.502    rv32_top_i/plat/ja_io_IOBUF[7]_inst/T
    J14                  OBUFT (TriStatD_obuft_T_O)
                                                      0.824     2.326 r  rv32_top_i/plat/ja_io_IOBUF[7]_inst/OBUFT/O
                         net (fo=1, unset)            0.000     2.326    ja_io_0[7]
    J14                                                               r  ja_io_0[7] (INOUT)
  -------------------------------------------------------------------    -------------------

Slack:                    inf
  Source:                 rv32_top_i/plat/U0/u_mmio/u_gpio/dir_reg_reg[21]/C
                            (rising edge-triggered cell FDSE clocked by clk_out1_rv32_top_clk_wiz_0_0  {rise@0.000ns fall@4.717ns period=9.434ns})
  Destination:            je_io_0[3]
                            (output port)
  Path Group:             (none)
  Path Type:              Min at Fast Process Corner
  Data Path Delay:        1.616ns  (logic 0.965ns (59.732%)  route 0.651ns (40.268%))
  Logic Levels:           1  (OBUFT=1)
  Clock Uncertainty:      0.238ns  ((TSJ^2 + DJ^2)^1/2) / 2 + PE
    Total System Jitter     (TSJ):    0.050ns
    Discrete Jitter          (DJ):    0.154ns
    Phase Error              (PE):    0.157ns

    Location             Delay type                Incr(ns)  Path(ns)    Netlist Resource(s)
  -------------------------------------------------------------------    -------------------
                         (clock clk_out1_rv32_top_clk_wiz_0_0 rise edge)
                                                      0.000     0.000 r  
    BUFGCTRL_X0Y16       BUFG                         0.000     0.000 r  rv32_top_i/ps7/inst/buffer_fclk_clk_0.FCLK_CLK_0_BUFG/O
                         net (fo=1, routed)           0.597     0.597    rv32_top_i/clk_wiz_0/inst/clk_in1
    MMCME2_ADV_X1Y0      MMCME2_ADV (Prop_mmcme2_adv_CLKIN1_CLKOUT0)
                                                     -1.150    -0.553 r  rv32_top_i/clk_wiz_0/inst/mmcm_adv_inst/CLKOUT0
                         net (fo=1, routed)           0.529    -0.024    rv32_top_i/clk_wiz_0/inst/clk_out1_rv32_top_clk_wiz_0_0
    BUFGCTRL_X0Y0        BUFG (Prop_bufg_I_O)         0.026     0.002 r  rv32_top_i/clk_wiz_0/inst/clkout1_buf/O
                         net (fo=12242, routed)       0.717     0.719    rv32_top_i/plat/U0/u_mmio/u_gpio/S_AXI_ACLK
    SLICE_X106Y111       FDSE                                         r  rv32_top_i/plat/U0/u_mmio/u_gpio/dir_reg_reg[21]/C
  -------------------------------------------------------------------    -------------------
    SLICE_X106Y111       FDSE (Prop_fdse_C_Q)         0.141     0.860 r  rv32_top_i/plat/U0/u_mmio/u_gpio/dir_reg_reg[21]/Q
                         net (fo=2, routed)           0.651     1.511    rv32_top_i/plat/je_io_IOBUF[3]_inst/T
    H15                  OBUFT (TriStatD_obuft_T_O)
                                                      0.824     2.335 r  rv32_top_i/plat/je_io_IOBUF[3]_inst/OBUFT/O
                         net (fo=1, unset)            0.000     2.335    je_io_0[3]
    H15                                                               r  je_io_0[3] (INOUT)
  -------------------------------------------------------------------    -------------------

Slack:                    inf
  Source:                 rv32_top_i/plat/U0/u_mmio/u_gpio/dir_reg_reg[1]/C
                            (rising edge-triggered cell FDSE clocked by clk_out1_rv32_top_clk_wiz_0_0  {rise@0.000ns fall@4.717ns period=9.434ns})
  Destination:            ja_io_0[5]
                            (output port)
  Path Group:             (none)
  Path Type:              Min at Fast Process Corner
  Data Path Delay:        1.642ns  (logic 0.988ns (60.154%)  route 0.654ns (39.846%))
  Logic Levels:           1  (OBUFT=1)
  Clock Uncertainty:      0.238ns  ((TSJ^2 + DJ^2)^1/2) / 2 + PE
    Total System Jitter     (TSJ):    0.050ns
    Discrete Jitter          (DJ):    0.154ns
    Phase Error              (PE):    0.157ns

    Location             Delay type                Incr(ns)  Path(ns)    Netlist Resource(s)
  -------------------------------------------------------------------    -------------------
                         (clock clk_out1_rv32_top_clk_wiz_0_0 rise edge)
                                                      0.000     0.000 r  
    BUFGCTRL_X0Y16       BUFG                         0.000     0.000 r  rv32_top_i/ps7/inst/buffer_fclk_clk_0.FCLK_CLK_0_BUFG/O
                         net (fo=1, routed)           0.597     0.597    rv32_top_i/clk_wiz_0/inst/clk_in1
    MMCME2_ADV_X1Y0      MMCME2_ADV (Prop_mmcme2_adv_CLKIN1_CLKOUT0)
                                                     -1.150    -0.553 r  rv32_top_i/clk_wiz_0/inst/mmcm_adv_inst/CLKOUT0
                         net (fo=1, routed)           0.529    -0.024    rv32_top_i/clk_wiz_0/inst/clk_out1_rv32_top_clk_wiz_0_0
    BUFGCTRL_X0Y0        BUFG (Prop_bufg_I_O)         0.026     0.002 r  rv32_top_i/clk_wiz_0/inst/clkout1_buf/O
                         net (fo=12242, routed)       0.718     0.720    rv32_top_i/plat/U0/u_mmio/u_gpio/S_AXI_ACLK
    SLICE_X108Y107       FDSE                                         r  rv32_top_i/plat/U0/u_mmio/u_gpio/dir_reg_reg[1]/C
  -------------------------------------------------------------------    -------------------
    SLICE_X108Y107       FDSE (Prop_fdse_C_Q)         0.164     0.884 r  rv32_top_i/plat/U0/u_mmio/u_gpio/dir_reg_reg[1]/Q
                         net (fo=2, routed)           0.654     1.539    rv32_top_i/plat/ja_io_IOBUF[5]_inst/T
    L15                  OBUFT (TriStatD_obuft_T_O)
                                                      0.824     2.363 r  rv32_top_i/plat/ja_io_IOBUF[5]_inst/OBUFT/O
                         net (fo=1, unset)            0.000     2.363    ja_io_0[5]
    L15                                                               r  ja_io_0[5] (INOUT)
  -------------------------------------------------------------------    -------------------

Slack:                    inf
  Source:                 rv32_top_i/plat/U0/u_mmio/u_gpio/dir_reg_reg[14]/C
                            (rising edge-triggered cell FDSE clocked by clk_out1_rv32_top_clk_wiz_0_0  {rise@0.000ns fall@4.717ns period=9.434ns})
  Destination:            jd_io_0[0]
                            (output port)
  Path Group:             (none)
  Path Type:              Min at Fast Process Corner
  Data Path Delay:        1.813ns  (logic 0.965ns (53.213%)  route 0.848ns (46.787%))
  Logic Levels:           1  (OBUFT=1)
  Clock Uncertainty:      0.238ns  ((TSJ^2 + DJ^2)^1/2) / 2 + PE
    Total System Jitter     (TSJ):    0.050ns
    Discrete Jitter          (DJ):    0.154ns
    Phase Error              (PE):    0.157ns

    Location             Delay type                Incr(ns)  Path(ns)    Netlist Resource(s)
  -------------------------------------------------------------------    -------------------
                         (clock clk_out1_rv32_top_clk_wiz_0_0 rise edge)
                                                      0.000     0.000 r  
    BUFGCTRL_X0Y16       BUFG                         0.000     0.000 r  rv32_top_i/ps7/inst/buffer_fclk_clk_0.FCLK_CLK_0_BUFG/O
                         net (fo=1, routed)           0.597     0.597    rv32_top_i/clk_wiz_0/inst/clk_in1
    MMCME2_ADV_X1Y0      MMCME2_ADV (Prop_mmcme2_adv_CLKIN1_CLKOUT0)
                                                     -1.150    -0.553 r  rv32_top_i/clk_wiz_0/inst/mmcm_adv_inst/CLKOUT0
                         net (fo=1, routed)           0.529    -0.024    rv32_top_i/clk_wiz_0/inst/clk_out1_rv32_top_clk_wiz_0_0
    BUFGCTRL_X0Y0        BUFG (Prop_bufg_I_O)         0.026     0.002 r  rv32_top_i/clk_wiz_0/inst/clkout1_buf/O
                         net (fo=12242, routed)       0.718     0.720    rv32_top_i/plat/U0/u_mmio/u_gpio/S_AXI_ACLK
    SLICE_X106Y109       FDSE                                         r  rv32_top_i/plat/U0/u_mmio/u_gpio/dir_reg_reg[14]/C
  -------------------------------------------------------------------    -------------------
    SLICE_X106Y109       FDSE (Prop_fdse_C_Q)         0.141     0.861 r  rv32_top_i/plat/U0/u_mmio/u_gpio/dir_reg_reg[14]/Q
                         net (fo=2, routed)           0.848     1.710    rv32_top_i/plat/jd_io_IOBUF[0]_inst/T
    T14                  OBUFT (TriStatD_obuft_T_O)
                                                      0.824     2.534 r  rv32_top_i/plat/jd_io_IOBUF[0]_inst/OBUFT/O
                         net (fo=1, unset)            0.000     2.534    jd_io_0[0]
    T14                                                               r  jd_io_0[0] (INOUT)
  -------------------------------------------------------------------    -------------------

Slack:                    inf
  Source:                 rv32_top_i/plat/U0/u_mmio/u_gpio/dir_reg_reg[13]/C
                            (rising edge-triggered cell FDSE clocked by clk_out1_rv32_top_clk_wiz_0_0  {rise@0.000ns fall@4.717ns period=9.434ns})
  Destination:            jc_io_0[7]
                            (output port)
  Path Group:             (none)
  Path Type:              Min at Fast Process Corner
  Data Path Delay:        1.816ns  (logic 0.988ns (54.391%)  route 0.828ns (45.609%))
  Logic Levels:           1  (OBUFT=1)
  Clock Uncertainty:      0.238ns  ((TSJ^2 + DJ^2)^1/2) / 2 + PE
    Total System Jitter     (TSJ):    0.050ns
    Discrete Jitter          (DJ):    0.154ns
    Phase Error              (PE):    0.157ns

    Location             Delay type                Incr(ns)  Path(ns)    Netlist Resource(s)
  -------------------------------------------------------------------    -------------------
                         (clock clk_out1_rv32_top_clk_wiz_0_0 rise edge)
                                                      0.000     0.000 r  
    BUFGCTRL_X0Y16       BUFG                         0.000     0.000 r  rv32_top_i/ps7/inst/buffer_fclk_clk_0.FCLK_CLK_0_BUFG/O
                         net (fo=1, routed)           0.597     0.597    rv32_top_i/clk_wiz_0/inst/clk_in1
    MMCME2_ADV_X1Y0      MMCME2_ADV (Prop_mmcme2_adv_CLKIN1_CLKOUT0)
                                                     -1.150    -0.553 r  rv32_top_i/clk_wiz_0/inst/mmcm_adv_inst/CLKOUT0
                         net (fo=1, routed)           0.529    -0.024    rv32_top_i/clk_wiz_0/inst/clk_out1_rv32_top_clk_wiz_0_0
    BUFGCTRL_X0Y0        BUFG (Prop_bufg_I_O)         0.026     0.002 r  rv32_top_i/clk_wiz_0/inst/clkout1_buf/O
                         net (fo=12242, routed)       0.718     0.720    rv32_top_i/plat/U0/u_mmio/u_gpio/S_AXI_ACLK
    SLICE_X108Y107       FDSE                                         r  rv32_top_i/plat/U0/u_mmio/u_gpio/dir_reg_reg[13]/C
  -------------------------------------------------------------------    -------------------
    SLICE_X108Y107       FDSE (Prop_fdse_C_Q)         0.164     0.884 r  rv32_top_i/plat/U0/u_mmio/u_gpio/dir_reg_reg[13]/Q
                         net (fo=2, routed)           0.828     1.713    rv32_top_i/plat/jc_io_IOBUF[7]_inst/T
    U12                  OBUFT (TriStatD_obuft_T_O)
                                                      0.824     2.537 r  rv32_top_i/plat/jc_io_IOBUF[7]_inst/OBUFT/O
                         net (fo=1, unset)            0.000     2.537    jc_io_0[7]
    U12                                                               r  jc_io_0[7] (INOUT)
  -------------------------------------------------------------------    -------------------

Slack:                    inf
  Source:                 rv32_top_i/plat/U0/u_mmio/u_gpio/dir_reg_reg[15]/C
                            (rising edge-triggered cell FDSE clocked by clk_out1_rv32_top_clk_wiz_0_0  {rise@0.000ns fall@4.717ns period=9.434ns})
  Destination:            jd_io_0[1]
                            (output port)
  Path Group:             (none)
  Path Type:              Min at Fast Process Corner
  Data Path Delay:        1.869ns  (logic 0.965ns (51.623%)  route 0.904ns (48.377%))
  Logic Levels:           1  (OBUFT=1)
  Clock Uncertainty:      0.238ns  ((TSJ^2 + DJ^2)^1/2) / 2 + PE
    Total System Jitter     (TSJ):    0.050ns
    Discrete Jitter          (DJ):    0.154ns
    Phase Error              (PE):    0.157ns

    Location             Delay type                Incr(ns)  Path(ns)    Netlist Resource(s)
  -------------------------------------------------------------------    -------------------
                         (clock clk_out1_rv32_top_clk_wiz_0_0 rise edge)
                                                      0.000     0.000 r  
    BUFGCTRL_X0Y16       BUFG                         0.000     0.000 r  rv32_top_i/ps7/inst/buffer_fclk_clk_0.FCLK_CLK_0_BUFG/O
                         net (fo=1, routed)           0.597     0.597    rv32_top_i/clk_wiz_0/inst/clk_in1
    MMCME2_ADV_X1Y0      MMCME2_ADV (Prop_mmcme2_adv_CLKIN1_CLKOUT0)
                                                     -1.150    -0.553 r  rv32_top_i/clk_wiz_0/inst/mmcm_adv_inst/CLKOUT0
                         net (fo=1, routed)           0.529    -0.024    rv32_top_i/clk_wiz_0/inst/clk_out1_rv32_top_clk_wiz_0_0
    BUFGCTRL_X0Y0        BUFG (Prop_bufg_I_O)         0.026     0.002 r  rv32_top_i/clk_wiz_0/inst/clkout1_buf/O
                         net (fo=12242, routed)       0.718     0.720    rv32_top_i/plat/U0/u_mmio/u_gpio/S_AXI_ACLK
    SLICE_X107Y108       FDSE                                         r  rv32_top_i/plat/U0/u_mmio/u_gpio/dir_reg_reg[15]/C
  -------------------------------------------------------------------    -------------------
    SLICE_X107Y108       FDSE (Prop_fdse_C_Q)         0.141     0.861 r  rv32_top_i/plat/U0/u_mmio/u_gpio/dir_reg_reg[15]/Q
                         net (fo=2, routed)           0.904     1.765    rv32_top_i/plat/jd_io_IOBUF[1]_inst/T
    T15                  OBUFT (TriStatD_obuft_T_O)
                                                      0.824     2.589 r  rv32_top_i/plat/jd_io_IOBUF[1]_inst/OBUFT/O
                         net (fo=1, unset)            0.000     2.589    jd_io_0[1]
    T15                                                               r  jd_io_0[1] (INOUT)
  -------------------------------------------------------------------    -------------------

Slack:                    inf
  Source:                 rv32_top_i/plat/U0/u_mmio/u_gpio/dir_reg_reg[20]/C
                            (rising edge-triggered cell FDSE clocked by clk_out1_rv32_top_clk_wiz_0_0  {rise@0.000ns fall@4.717ns period=9.434ns})
  Destination:            je_io_0[0]
                            (output port)
  Path Group:             (none)
  Path Type:              Min at Fast Process Corner
  Data Path Delay:        1.893ns  (logic 0.988ns (52.190%)  route 0.905ns (47.810%))
  Logic Levels:           1  (OBUFT=1)
  Clock Uncertainty:      0.238ns  ((TSJ^2 + DJ^2)^1/2) / 2 + PE
    Total System Jitter     (TSJ):    0.050ns
    Discrete Jitter          (DJ):    0.154ns
    Phase Error              (PE):    0.157ns

    Location             Delay type                Incr(ns)  Path(ns)    Netlist Resource(s)
  -------------------------------------------------------------------    -------------------
                         (clock clk_out1_rv32_top_clk_wiz_0_0 rise edge)
                                                      0.000     0.000 r  
    BUFGCTRL_X0Y16       BUFG                         0.000     0.000 r  rv32_top_i/ps7/inst/buffer_fclk_clk_0.FCLK_CLK_0_BUFG/O
                         net (fo=1, routed)           0.597     0.597    rv32_top_i/clk_wiz_0/inst/clk_in1
    MMCME2_ADV_X1Y0      MMCME2_ADV (Prop_mmcme2_adv_CLKIN1_CLKOUT0)
                                                     -1.150    -0.553 r  rv32_top_i/clk_wiz_0/inst/mmcm_adv_inst/CLKOUT0
                         net (fo=1, routed)           0.529    -0.024    rv32_top_i/clk_wiz_0/inst/clk_out1_rv32_top_clk_wiz_0_0
    BUFGCTRL_X0Y0        BUFG (Prop_bufg_I_O)         0.026     0.002 r  rv32_top_i/clk_wiz_0/inst/clkout1_buf/O
                         net (fo=12242, routed)       0.718     0.720    rv32_top_i/plat/U0/u_mmio/u_gpio/S_AXI_ACLK
    SLICE_X108Y109       FDSE                                         r  rv32_top_i/plat/U0/u_mmio/u_gpio/dir_reg_reg[20]/C
  -------------------------------------------------------------------    -------------------
    SLICE_X108Y109       FDSE (Prop_fdse_C_Q)         0.164     0.884 r  rv32_top_i/plat/U0/u_mmio/u_gpio/dir_reg_reg[20]/Q
                         net (fo=2, routed)           0.905     1.789    rv32_top_i/plat/je_io_IOBUF[0]_inst/T
    V12                  OBUFT (TriStatD_obuft_T_O)
                                                      0.824     2.613 r  rv32_top_i/plat/je_io_IOBUF[0]_inst/OBUFT/O
                         net (fo=1, unset)            0.000     2.613    je_io_0[0]
    V12                                                               r  je_io_0[0] (INOUT)
  -------------------------------------------------------------------    -------------------

Slack:                    inf
  Source:                 rv32_top_i/plat/U0/u_mmio/u_gpio/dir_reg_reg[11]/C
                            (rising edge-triggered cell FDSE clocked by clk_out1_rv32_top_clk_wiz_0_0  {rise@0.000ns fall@4.717ns period=9.434ns})
  Destination:            jc_io_0[5]
                            (output port)
  Path Group:             (none)
  Path Type:              Min at Fast Process Corner
  Data Path Delay:        1.897ns  (logic 0.965ns (50.866%)  route 0.932ns (49.134%))
  Logic Levels:           1  (OBUFT=1)
  Clock Uncertainty:      0.238ns  ((TSJ^2 + DJ^2)^1/2) / 2 + PE
    Total System Jitter     (TSJ):    0.050ns
    Discrete Jitter          (DJ):    0.154ns
    Phase Error              (PE):    0.157ns

    Location             Delay type                Incr(ns)  Path(ns)    Netlist Resource(s)
  -------------------------------------------------------------------    -------------------
                         (clock clk_out1_rv32_top_clk_wiz_0_0 rise edge)
                                                      0.000     0.000 r  
    BUFGCTRL_X0Y16       BUFG                         0.000     0.000 r  rv32_top_i/ps7/inst/buffer_fclk_clk_0.FCLK_CLK_0_BUFG/O
                         net (fo=1, routed)           0.597     0.597    rv32_top_i/clk_wiz_0/inst/clk_in1
    MMCME2_ADV_X1Y0      MMCME2_ADV (Prop_mmcme2_adv_CLKIN1_CLKOUT0)
                                                     -1.150    -0.553 r  rv32_top_i/clk_wiz_0/inst/mmcm_adv_inst/CLKOUT0
                         net (fo=1, routed)           0.529    -0.024    rv32_top_i/clk_wiz_0/inst/clk_out1_rv32_top_clk_wiz_0_0
    BUFGCTRL_X0Y0        BUFG (Prop_bufg_I_O)         0.026     0.002 r  rv32_top_i/clk_wiz_0/inst/clkout1_buf/O
                         net (fo=12242, routed)       0.718     0.720    rv32_top_i/plat/U0/u_mmio/u_gpio/S_AXI_ACLK
    SLICE_X107Y108       FDSE                                         r  rv32_top_i/plat/U0/u_mmio/u_gpio/dir_reg_reg[11]/C
  -------------------------------------------------------------------    -------------------
    SLICE_X107Y108       FDSE (Prop_fdse_C_Q)         0.141     0.861 r  rv32_top_i/plat/U0/u_mmio/u_gpio/dir_reg_reg[11]/Q
                         net (fo=2, routed)           0.932     1.793    rv32_top_i/plat/jc_io_IOBUF[5]_inst/T
    Y14                  OBUFT (TriStatD_obuft_T_O)
                                                      0.824     2.617 r  rv32_top_i/plat/jc_io_IOBUF[5]_inst/OBUFT/O
                         net (fo=1, unset)            0.000     2.617    jc_io_0[5]
    Y14                                                               r  jc_io_0[5] (INOUT)
  -------------------------------------------------------------------    -------------------

Slack:                    inf
  Source:                 rv32_top_i/plat/U0/u_mmio/u_gpio/dir_reg_reg[12]/C
                            (rising edge-triggered cell FDSE clocked by clk_out1_rv32_top_clk_wiz_0_0  {rise@0.000ns fall@4.717ns period=9.434ns})
  Destination:            jc_io_0[6]
                            (output port)
  Path Group:             (none)
  Path Type:              Min at Fast Process Corner
  Data Path Delay:        1.952ns  (logic 0.965ns (49.431%)  route 0.987ns (50.569%))
  Logic Levels:           1  (OBUFT=1)
  Clock Uncertainty:      0.238ns  ((TSJ^2 + DJ^2)^1/2) / 2 + PE
    Total System Jitter     (TSJ):    0.050ns
    Discrete Jitter          (DJ):    0.154ns
    Phase Error              (PE):    0.157ns

    Location             Delay type                Incr(ns)  Path(ns)    Netlist Resource(s)
  -------------------------------------------------------------------    -------------------
                         (clock clk_out1_rv32_top_clk_wiz_0_0 rise edge)
                                                      0.000     0.000 r  
    BUFGCTRL_X0Y16       BUFG                         0.000     0.000 r  rv32_top_i/ps7/inst/buffer_fclk_clk_0.FCLK_CLK_0_BUFG/O
                         net (fo=1, routed)           0.597     0.597    rv32_top_i/clk_wiz_0/inst/clk_in1
    MMCME2_ADV_X1Y0      MMCME2_ADV (Prop_mmcme2_adv_CLKIN1_CLKOUT0)
                                                     -1.150    -0.553 r  rv32_top_i/clk_wiz_0/inst/mmcm_adv_inst/CLKOUT0
                         net (fo=1, routed)           0.529    -0.024    rv32_top_i/clk_wiz_0/inst/clk_out1_rv32_top_clk_wiz_0_0
    BUFGCTRL_X0Y0        BUFG (Prop_bufg_I_O)         0.026     0.002 r  rv32_top_i/clk_wiz_0/inst/clkout1_buf/O
                         net (fo=12242, routed)       0.692     0.694    rv32_top_i/plat/U0/u_mmio/u_gpio/S_AXI_ACLK
    SLICE_X99Y106        FDSE                                         r  rv32_top_i/plat/U0/u_mmio/u_gpio/dir_reg_reg[12]/C
  -------------------------------------------------------------------    -------------------
    SLICE_X99Y106        FDSE (Prop_fdse_C_Q)         0.141     0.835 r  rv32_top_i/plat/U0/u_mmio/u_gpio/dir_reg_reg[12]/Q
                         net (fo=2, routed)           0.987     1.822    rv32_top_i/plat/jc_io_IOBUF[6]_inst/T
    T12                  OBUFT (TriStatD_obuft_T_O)
                                                      0.824     2.646 r  rv32_top_i/plat/jc_io_IOBUF[6]_inst/OBUFT/O
                         net (fo=1, unset)            0.000     2.646    jc_io_0[6]
    T12                                                               r  jc_io_0[6] (INOUT)
  -------------------------------------------------------------------    -------------------

Slack:                    inf
  Source:                 rv32_top_i/plat/U0/u_mmio/u_gpio/dir_reg_reg[10]/C
                            (rising edge-triggered cell FDSE clocked by clk_out1_rv32_top_clk_wiz_0_0  {rise@0.000ns fall@4.717ns period=9.434ns})
  Destination:            jc_io_0[4]
                            (output port)
  Path Group:             (none)
  Path Type:              Min at Fast Process Corner
  Data Path Delay:        1.949ns  (logic 0.965ns (49.511%)  route 0.984ns (50.489%))
  Logic Levels:           1  (OBUFT=1)
  Clock Uncertainty:      0.238ns  ((TSJ^2 + DJ^2)^1/2) / 2 + PE
    Total System Jitter     (TSJ):    0.050ns
    Discrete Jitter          (DJ):    0.154ns
    Phase Error              (PE):    0.157ns

    Location             Delay type                Incr(ns)  Path(ns)    Netlist Resource(s)
  -------------------------------------------------------------------    -------------------
                         (clock clk_out1_rv32_top_clk_wiz_0_0 rise edge)
                                                      0.000     0.000 r  
    BUFGCTRL_X0Y16       BUFG                         0.000     0.000 r  rv32_top_i/ps7/inst/buffer_fclk_clk_0.FCLK_CLK_0_BUFG/O
                         net (fo=1, routed)           0.597     0.597    rv32_top_i/clk_wiz_0/inst/clk_in1
    MMCME2_ADV_X1Y0      MMCME2_ADV (Prop_mmcme2_adv_CLKIN1_CLKOUT0)
                                                     -1.150    -0.553 r  rv32_top_i/clk_wiz_0/inst/mmcm_adv_inst/CLKOUT0
                         net (fo=1, routed)           0.529    -0.024    rv32_top_i/clk_wiz_0/inst/clk_out1_rv32_top_clk_wiz_0_0
    BUFGCTRL_X0Y0        BUFG (Prop_bufg_I_O)         0.026     0.002 r  rv32_top_i/clk_wiz_0/inst/clkout1_buf/O
                         net (fo=12242, routed)       0.718     0.720    rv32_top_i/plat/U0/u_mmio/u_gpio/S_AXI_ACLK
    SLICE_X109Y108       FDSE                                         r  rv32_top_i/plat/U0/u_mmio/u_gpio/dir_reg_reg[10]/C
  -------------------------------------------------------------------    -------------------
    SLICE_X109Y108       FDSE (Prop_fdse_C_Q)         0.141     0.861 r  rv32_top_i/plat/U0/u_mmio/u_gpio/dir_reg_reg[10]/Q
                         net (fo=2, routed)           0.984     1.845    rv32_top_i/plat/jc_io_IOBUF[4]_inst/T
    W14                  OBUFT (TriStatD_obuft_T_O)
                                                      0.824     2.669 r  rv32_top_i/plat/jc_io_IOBUF[4]_inst/OBUFT/O
                         net (fo=1, unset)            0.000     2.669    jc_io_0[4]
    W14                                                               r  jc_io_0[4] (INOUT)
  -------------------------------------------------------------------    -------------------





--------------------------------------------------------------------------------------
Path Group:  (none)
From Clock:  
  To Clock:  clk_out1_rv32_top_clk_wiz_0_0

Max Delay           427 Endpoints
Min Delay           427 Endpoints
--------------------------------------------------------------------------------------


Max Delay Paths
--------------------------------------------------------------------------------------
Slack:                    inf
  Source:                 sw_i_0[2]
                            (input port)
  Destination:            rv32_top_i/plat/U0/u_core/memwb_read_data_reg[2]/D
                            (rising edge-triggered cell FDCE clocked by clk_out1_rv32_top_clk_wiz_0_0  {rise@0.000ns fall@4.717ns period=9.434ns})
  Path Group:             (none)
  Path Type:              Setup (Max at Slow Process Corner)
  Data Path Delay:        11.301ns  (logic 2.275ns (20.135%)  route 9.026ns (79.865%))
  Logic Levels:           7  (IBUF=1 LUT6=6)
  Clock Path Skew:        1.717ns (DCD - SCD + CPR)
    Destination Clock Delay (DCD):    1.717ns
    Source Clock Delay      (SCD):    0.000ns
    Clock Pessimism Removal (CPR):    0.000ns
  Clock Uncertainty:      0.238ns  ((TSJ^2 + DJ^2)^1/2) / 2 + PE
    Total System Jitter     (TSJ):    0.050ns
    Discrete Jitter          (DJ):    0.154ns
    Phase Error              (PE):    0.157ns

    Location             Delay type                Incr(ns)  Path(ns)    Netlist Resource(s)
  -------------------------------------------------------------------    -------------------
    W13                                               0.000     0.000 r  sw_i_0[2] (IN)
                         net (fo=0)                   0.000     0.000    sw_i_0[2]
    W13                  IBUF (Prop_ibuf_I_O)         1.531     1.531 r  sw_i_0_IBUF[2]_inst/O
                         net (fo=2, routed)           4.898     6.430    rv32_top_i/plat/U0/u_core/sw_i[2]
    SLICE_X31Y117        LUT6 (Prop_lut6_I4_O)        0.124     6.554 f  rv32_top_i/plat/U0/u_core/memwb_read_data[2]_i_16/O
                         net (fo=1, routed)           2.072     8.626    rv32_top_i/plat/U0/u_core/memwb_read_data[2]_i_16_n_0
    SLICE_X56Y109        LUT6 (Prop_lut6_I5_O)        0.124     8.750 r  rv32_top_i/plat/U0/u_core/memwb_read_data[2]_i_7/O
                         net (fo=1, routed)           0.159     8.909    rv32_top_i/plat/U0/u_core/memwb_read_data[2]_i_7_n_0
    SLICE_X56Y109        LUT6 (Prop_lut6_I3_O)        0.124     9.033 r  rv32_top_i/plat/U0/u_core/memwb_read_data[2]_i_4/O
                         net (fo=1, routed)           0.420     9.452    rv32_top_i/plat/U0/u_core/memwb_read_data[2]_i_4_n_0
    SLICE_X56Y110        LUT6 (Prop_lut6_I0_O)        0.124     9.576 r  rv32_top_i/plat/U0/u_core/memwb_read_data[2]_i_2/O
                         net (fo=2, routed)           1.174    10.750    rv32_top_i/plat/U0/u_core/dmem_rdata[2]
    SLICE_X80Y116        LUT6 (Prop_lut6_I1_O)        0.124    10.874 r  rv32_top_i/plat/U0/u_core/memwb_read_data[2]_i_3/O
                         net (fo=1, routed)           0.303    11.177    rv32_top_i/plat/U0/u_core/memwb_read_data[2]_i_3_n_0
    SLICE_X80Y117        LUT6 (Prop_lut6_I5_O)        0.124    11.301 r  rv32_top_i/plat/U0/u_core/memwb_read_data[2]_i_1/O
                         net (fo=1, routed)           0.000    11.301    rv32_top_i/plat/U0/u_core/mem_read_data[2]
    SLICE_X80Y117        FDCE                                         r  rv32_top_i/plat/U0/u_core/memwb_read_data_reg[2]/D
  -------------------------------------------------------------------    -------------------

                         (clock clk_out1_rv32_top_clk_wiz_0_0 rise edge)
                                                      0.000     0.000 r  
    BUFGCTRL_X0Y16       BUFG                         0.000     0.000 r  rv32_top_i/ps7/inst/buffer_fclk_clk_0.FCLK_CLK_0_BUFG/O
                         net (fo=1, routed)           1.612     1.612    rv32_top_i/clk_wiz_0/inst/clk_in1
    MMCME2_ADV_X1Y0      MMCME2_ADV (Prop_mmcme2_adv_CLKIN1_CLKOUT0)
                                                     -3.425    -1.813 r  rv32_top_i/clk_wiz_0/inst/mmcm_adv_inst/CLKOUT0
                         net (fo=1, routed)           1.725    -0.088    rv32_top_i/clk_wiz_0/inst/clk_out1_rv32_top_clk_wiz_0_0
    BUFGCTRL_X0Y0        BUFG (Prop_bufg_I_O)         0.091     0.003 r  rv32_top_i/clk_wiz_0/inst/clkout1_buf/O
                         net (fo=12242, routed)       1.714     1.717    rv32_top_i/plat/U0/u_core/S_AXI_ACLK
    SLICE_X80Y117        FDCE                                         r  rv32_top_i/plat/U0/u_core/memwb_read_data_reg[2]/C

Slack:                    inf
  Source:                 sw_i_0[3]
                            (input port)
  Destination:            rv32_top_i/plat/U0/u_core/memwb_read_data_reg[3]/D
                            (rising edge-triggered cell FDCE clocked by clk_out1_rv32_top_clk_wiz_0_0  {rise@0.000ns fall@4.717ns period=9.434ns})
  Path Group:             (none)
  Path Type:              Setup (Max at Slow Process Corner)
  Data Path Delay:        10.567ns  (logic 2.274ns (21.522%)  route 8.293ns (78.478%))
  Logic Levels:           7  (IBUF=1 LUT5=2 LUT6=4)
  Clock Path Skew:        1.717ns (DCD - SCD + CPR)
    Destination Clock Delay (DCD):    1.717ns
    Source Clock Delay      (SCD):    0.000ns
    Clock Pessimism Removal (CPR):    0.000ns
  Clock Uncertainty:      0.238ns  ((TSJ^2 + DJ^2)^1/2) / 2 + PE
    Total System Jitter     (TSJ):    0.050ns
    Discrete Jitter          (DJ):    0.154ns
    Phase Error              (PE):    0.157ns

    Location             Delay type                Incr(ns)  Path(ns)    Netlist Resource(s)
  -------------------------------------------------------------------    -------------------
    T16                                               0.000     0.000 r  sw_i_0[3] (IN)
                         net (fo=0)                   0.000     0.000    sw_i_0[3]
    T16                  IBUF (Prop_ibuf_I_O)         1.530     1.530 r  sw_i_0_IBUF[3]_inst/O
                         net (fo=2, routed)           4.449     5.979    rv32_top_i/plat/U0/u_core/sw_i[3]
    SLICE_X33Y110        LUT5 (Prop_lut5_I0_O)        0.124     6.103 f  rv32_top_i/plat/U0/u_core/memwb_read_data[3]_i_15/O
                         net (fo=1, routed)           1.138     7.241    rv32_top_i/plat/U0/u_core/memwb_read_data[3]_i_15_n_0
    SLICE_X49Y110        LUT5 (Prop_lut5_I0_O)        0.124     7.365 f  rv32_top_i/plat/U0/u_core/memwb_read_data[3]_i_7/O
                         net (fo=1, routed)           0.433     7.798    rv32_top_i/plat/U0/u_core/memwb_read_data[3]_i_7_n_0
    SLICE_X49Y110        LUT6 (Prop_lut6_I4_O)        0.124     7.922 r  rv32_top_i/plat/U0/u_core/memwb_read_data[3]_i_4/O
                         net (fo=1, routed)           0.947     8.869    rv32_top_i/plat/U0/u_core/memwb_read_data[3]_i_4_n_0
    SLICE_X55Y110        LUT6 (Prop_lut6_I3_O)        0.124     8.993 r  rv32_top_i/plat/U0/u_core/memwb_read_data[3]_i_2/O
                         net (fo=2, routed)           0.739     9.732    rv32_top_i/plat/U0/u_core/dmem_rdata[3]
    SLICE_X65Y111        LUT6 (Prop_lut6_I1_O)        0.124     9.856 r  rv32_top_i/plat/U0/u_core/memwb_read_data[3]_i_3/O
                         net (fo=1, routed)           0.587    10.443    rv32_top_i/plat/U0/u_core/memwb_read_data[3]_i_3_n_0
    SLICE_X63Y111        LUT6 (Prop_lut6_I5_O)        0.124    10.567 r  rv32_top_i/plat/U0/u_core/memwb_read_data[3]_i_1/O
                         net (fo=1, routed)           0.000    10.567    rv32_top_i/plat/U0/u_core/mem_read_data[3]
    SLICE_X63Y111        FDCE                                         r  rv32_top_i/plat/U0/u_core/memwb_read_data_reg[3]/D
  -------------------------------------------------------------------    -------------------

                         (clock clk_out1_rv32_top_clk_wiz_0_0 rise edge)
                                                      0.000     0.000 r  
    BUFGCTRL_X0Y16       BUFG                         0.000     0.000 r  rv32_top_i/ps7/inst/buffer_fclk_clk_0.FCLK_CLK_0_BUFG/O
                         net (fo=1, routed)           1.612     1.612    rv32_top_i/clk_wiz_0/inst/clk_in1
    MMCME2_ADV_X1Y0      MMCME2_ADV (Prop_mmcme2_adv_CLKIN1_CLKOUT0)
                                                     -3.425    -1.813 r  rv32_top_i/clk_wiz_0/inst/mmcm_adv_inst/CLKOUT0
                         net (fo=1, routed)           1.725    -0.088    rv32_top_i/clk_wiz_0/inst/clk_out1_rv32_top_clk_wiz_0_0
    BUFGCTRL_X0Y0        BUFG (Prop_bufg_I_O)         0.091     0.003 r  rv32_top_i/clk_wiz_0/inst/clkout1_buf/O
                         net (fo=12242, routed)       1.714     1.717    rv32_top_i/plat/U0/u_core/S_AXI_ACLK
    SLICE_X63Y111        FDCE                                         r  rv32_top_i/plat/U0/u_core/memwb_read_data_reg[3]/C

Slack:                    inf
  Source:                 sw_i_0[1]
                            (input port)
  Destination:            rv32_top_i/plat/U0/u_core/memwb_read_data_reg[1]/D
                            (rising edge-triggered cell FDCE clocked by clk_out1_rv32_top_clk_wiz_0_0  {rise@0.000ns fall@4.717ns period=9.434ns})
  Path Group:             (none)
  Path Type:              Setup (Max at Slow Process Corner)
  Data Path Delay:        9.973ns  (logic 2.224ns (22.297%)  route 7.750ns (77.703%))
  Logic Levels:           7  (IBUF=1 LUT5=2 LUT6=4)
  Clock Path Skew:        1.714ns (DCD - SCD + CPR)
    Destination Clock Delay (DCD):    1.714ns
    Source Clock Delay      (SCD):    0.000ns
    Clock Pessimism Removal (CPR):    0.000ns
  Clock Uncertainty:      0.238ns  ((TSJ^2 + DJ^2)^1/2) / 2 + PE
    Total System Jitter     (TSJ):    0.050ns
    Discrete Jitter          (DJ):    0.154ns
    Phase Error              (PE):    0.157ns

    Location             Delay type                Incr(ns)  Path(ns)    Netlist Resource(s)
  -------------------------------------------------------------------    -------------------
    P15                                               0.000     0.000 r  sw_i_0[1] (IN)
                         net (fo=0)                   0.000     0.000    sw_i_0[1]
    P15                  IBUF (Prop_ibuf_I_O)         1.480     1.480 r  sw_i_0_IBUF[1]_inst/O
                         net (fo=2, routed)           4.713     6.193    rv32_top_i/plat/U0/u_core/sw_i[1]
    SLICE_X43Y108        LUT5 (Prop_lut5_I4_O)        0.124     6.317 f  rv32_top_i/plat/U0/u_core/memwb_read_data[1]_i_20/O
                         net (fo=1, routed)           0.453     6.769    rv32_top_i/plat/U0/u_core/memwb_read_data[1]_i_20_n_0
    SLICE_X48Y108        LUT5 (Prop_lut5_I0_O)        0.124     6.893 f  rv32_top_i/plat/U0/u_core/memwb_read_data[1]_i_14/O
                         net (fo=1, routed)           0.561     7.454    rv32_top_i/plat/U0/u_core/memwb_read_data[1]_i_14_n_0
    SLICE_X48Y106        LUT6 (Prop_lut6_I0_O)        0.124     7.578 r  rv32_top_i/plat/U0/u_core/memwb_read_data[1]_i_6/O
                         net (fo=1, routed)           0.688     8.267    rv32_top_i/plat/U0/u_core/memwb_read_data[1]_i_6_n_0
    SLICE_X59Y106        LUT6 (Prop_lut6_I5_O)        0.124     8.391 r  rv32_top_i/plat/U0/u_core/memwb_read_data[1]_i_2/O
                         net (fo=2, routed)           0.648     9.039    rv32_top_i/plat/U0/u_core/dmem_rdata[1]
    SLICE_X67Y111        LUT6 (Prop_lut6_I1_O)        0.124     9.163 r  rv32_top_i/plat/U0/u_core/memwb_read_data[1]_i_3/O
                         net (fo=1, routed)           0.687     9.849    rv32_top_i/plat/U0/u_core/memwb_read_data[1]_i_3_n_0
    SLICE_X67Y116        LUT6 (Prop_lut6_I5_O)        0.124     9.973 r  rv32_top_i/plat/U0/u_core/memwb_read_data[1]_i_1/O
                         net (fo=1, routed)           0.000     9.973    rv32_top_i/plat/U0/u_core/mem_read_data[1]
    SLICE_X67Y116        FDCE                                         r  rv32_top_i/plat/U0/u_core/memwb_read_data_reg[1]/D
  -------------------------------------------------------------------    -------------------

                         (clock clk_out1_rv32_top_clk_wiz_0_0 rise edge)
                                                      0.000     0.000 r  
    BUFGCTRL_X0Y16       BUFG                         0.000     0.000 r  rv32_top_i/ps7/inst/buffer_fclk_clk_0.FCLK_CLK_0_BUFG/O
                         net (fo=1, routed)           1.612     1.612    rv32_top_i/clk_wiz_0/inst/clk_in1
    MMCME2_ADV_X1Y0      MMCME2_ADV (Prop_mmcme2_adv_CLKIN1_CLKOUT0)
                                                     -3.425    -1.813 r  rv32_top_i/clk_wiz_0/inst/mmcm_adv_inst/CLKOUT0
                         net (fo=1, routed)           1.725    -0.088    rv32_top_i/clk_wiz_0/inst/clk_out1_rv32_top_clk_wiz_0_0
    BUFGCTRL_X0Y0        BUFG (Prop_bufg_I_O)         0.091     0.003 r  rv32_top_i/clk_wiz_0/inst/clkout1_buf/O
                         net (fo=12242, routed)       1.711     1.714    rv32_top_i/plat/U0/u_core/S_AXI_ACLK
    SLICE_X67Y116        FDCE                                         r  rv32_top_i/plat/U0/u_core/memwb_read_data_reg[1]/C

Slack:                    inf
  Source:                 btn_i_0[0]
                            (input port)
  Destination:            rv32_top_i/plat/U0/u_core/memwb_read_data_reg[0]/D
                            (rising edge-triggered cell FDCE clocked by clk_out1_rv32_top_clk_wiz_0_0  {rise@0.000ns fall@4.717ns period=9.434ns})
  Path Group:             (none)
  Path Type:              Setup (Max at Slow Process Corner)
  Data Path Delay:        9.900ns  (logic 2.461ns (24.857%)  route 7.439ns (75.143%))
  Logic Levels:           7  (IBUF=1 LUT5=2 LUT6=4)
  Clock Path Skew:        1.714ns (DCD - SCD + CPR)
    Destination Clock Delay (DCD):    1.714ns
    Source Clock Delay      (SCD):    0.000ns
    Clock Pessimism Removal (CPR):    0.000ns
  Clock Uncertainty:      0.238ns  ((TSJ^2 + DJ^2)^1/2) / 2 + PE
    Total System Jitter     (TSJ):    0.050ns
    Discrete Jitter          (DJ):    0.154ns
    Phase Error              (PE):    0.157ns

    Location             Delay type                Incr(ns)  Path(ns)    Netlist Resource(s)
  -------------------------------------------------------------------    -------------------
    K18                                               0.000     0.000 r  btn_i_0[0] (IN)
                         net (fo=0)                   0.000     0.000    btn_i_0[0]
    K18                  IBUF (Prop_ibuf_I_O)         1.489     1.489 r  btn_i_0_IBUF[0]_inst/O
                         net (fo=2, routed)           3.803     5.292    rv32_top_i/plat/U0/u_core/btn_i[0]
    SLICE_X49Y113        LUT5 (Prop_lut5_I4_O)        0.124     5.416 f  rv32_top_i/plat/U0/u_core/memwb_read_data[0]_i_17/O
                         net (fo=1, routed)           1.002     6.418    rv32_top_i/plat/U0/u_core/memwb_read_data[0]_i_17_n_0
    SLICE_X51Y107        LUT5 (Prop_lut5_I0_O)        0.150     6.568 f  rv32_top_i/plat/U0/u_core/memwb_read_data[0]_i_11/O
                         net (fo=1, routed)           0.433     7.001    rv32_top_i/plat/U0/u_core/memwb_read_data[0]_i_11_n_0
    SLICE_X51Y107        LUT6 (Prop_lut6_I0_O)        0.326     7.327 r  rv32_top_i/plat/U0/u_core/memwb_read_data[0]_i_6/O
                         net (fo=1, routed)           0.525     7.852    rv32_top_i/plat/U0/u_core/memwb_read_data[0]_i_6_n_0
    SLICE_X57Y107        LUT6 (Prop_lut6_I3_O)        0.124     7.976 r  rv32_top_i/plat/U0/u_core/memwb_read_data[0]_i_2/O
                         net (fo=2, routed)           1.023     9.000    rv32_top_i/plat/U0/u_core/dmem_rdata[0]
    SLICE_X80Y115        LUT6 (Prop_lut6_I1_O)        0.124     9.124 r  rv32_top_i/plat/U0/u_core/memwb_read_data[0]_i_3/O
                         net (fo=1, routed)           0.653     9.776    rv32_top_i/plat/U0/u_core/memwb_read_data[0]_i_3_n_0
    SLICE_X80Y120        LUT6 (Prop_lut6_I5_O)        0.124     9.900 r  rv32_top_i/plat/U0/u_core/memwb_read_data[0]_i_1/O
                         net (fo=1, routed)           0.000     9.900    rv32_top_i/plat/U0/u_core/mem_read_data[0]
    SLICE_X80Y120        FDCE                                         r  rv32_top_i/plat/U0/u_core/memwb_read_data_reg[0]/D
  -------------------------------------------------------------------    -------------------

                         (clock clk_out1_rv32_top_clk_wiz_0_0 rise edge)
                                                      0.000     0.000 r  
    BUFGCTRL_X0Y16       BUFG                         0.000     0.000 r  rv32_top_i/ps7/inst/buffer_fclk_clk_0.FCLK_CLK_0_BUFG/O
                         net (fo=1, routed)           1.612     1.612    rv32_top_i/clk_wiz_0/inst/clk_in1
    MMCME2_ADV_X1Y0      MMCME2_ADV (Prop_mmcme2_adv_CLKIN1_CLKOUT0)
                                                     -3.425    -1.813 r  rv32_top_i/clk_wiz_0/inst/mmcm_adv_inst/CLKOUT0
                         net (fo=1, routed)           1.725    -0.088    rv32_top_i/clk_wiz_0/inst/clk_out1_rv32_top_clk_wiz_0_0
    BUFGCTRL_X0Y0        BUFG (Prop_bufg_I_O)         0.091     0.003 r  rv32_top_i/clk_wiz_0/inst/clkout1_buf/O
                         net (fo=12242, routed)       1.711     1.714    rv32_top_i/plat/U0/u_core/S_AXI_ACLK
    SLICE_X80Y120        FDCE                                         r  rv32_top_i/plat/U0/u_core/memwb_read_data_reg[0]/C

Slack:                    inf
  Source:                 btn_i_0[1]
                            (input port)
  Destination:            rv32_top_i/plat/U0/u_ctrl/rdata_q_reg[1]/D
                            (rising edge-triggered cell FDRE clocked by clk_out1_rv32_top_clk_wiz_0_0  {rise@0.000ns fall@4.717ns period=9.434ns})
  Path Group:             (none)
  Path Type:              Setup (Max at Slow Process Corner)
  Data Path Delay:        8.757ns  (logic 1.733ns (19.787%)  route 7.024ns (80.213%))
  Logic Levels:           3  (IBUF=1 LUT4=1 LUT5=1)
  Clock Path Skew:        1.643ns (DCD - SCD + CPR)
    Destination Clock Delay (DCD):    1.643ns
    Source Clock Delay      (SCD):    0.000ns
    Clock Pessimism Removal (CPR):    0.000ns
  Clock Uncertainty:      0.238ns  ((TSJ^2 + DJ^2)^1/2) / 2 + PE
    Total System Jitter     (TSJ):    0.050ns
    Discrete Jitter          (DJ):    0.154ns
    Phase Error              (PE):    0.157ns

    Location             Delay type                Incr(ns)  Path(ns)    Netlist Resource(s)
  -------------------------------------------------------------------    -------------------
    P16                                               0.000     0.000 r  btn_i_0[1] (IN)
                         net (fo=0)                   0.000     0.000    btn_i_0[1]
    P16                  IBUF (Prop_ibuf_I_O)         1.485     1.485 r  btn_i_0_IBUF[1]_inst/O
                         net (fo=2, routed)           6.040     7.525    rv32_top_i/plat/U0/u_ctrl/btn_i[1]
    SLICE_X43Y125        LUT4 (Prop_lut4_I0_O)        0.124     7.649 r  rv32_top_i/plat/U0/u_ctrl/rdata_q[1]_i_2__0/O
                         net (fo=1, routed)           0.984     8.633    rv32_top_i/plat/U0/u_ctrl/rdata_q[1]_i_2__0_n_0
    SLICE_X35Y125        LUT5 (Prop_lut5_I0_O)        0.124     8.757 r  rv32_top_i/plat/U0/u_ctrl/rdata_q[1]_i_1__0/O
                         net (fo=1, routed)           0.000     8.757    rv32_top_i/plat/U0/u_ctrl/p_1_in__0[1]
    SLICE_X35Y125        FDRE                                         r  rv32_top_i/plat/U0/u_ctrl/rdata_q_reg[1]/D
  -------------------------------------------------------------------    -------------------

                         (clock clk_out1_rv32_top_clk_wiz_0_0 rise edge)
                                                      0.000     0.000 r  
    BUFGCTRL_X0Y16       BUFG                         0.000     0.000 r  rv32_top_i/ps7/inst/buffer_fclk_clk_0.FCLK_CLK_0_BUFG/O
                         net (fo=1, routed)           1.612     1.612    rv32_top_i/clk_wiz_0/inst/clk_in1
    MMCME2_ADV_X1Y0      MMCME2_ADV (Prop_mmcme2_adv_CLKIN1_CLKOUT0)
                                                     -3.425    -1.813 r  rv32_top_i/clk_wiz_0/inst/mmcm_adv_inst/CLKOUT0
                         net (fo=1, routed)           1.725    -0.088    rv32_top_i/clk_wiz_0/inst/clk_out1_rv32_top_clk_wiz_0_0
    BUFGCTRL_X0Y0        BUFG (Prop_bufg_I_O)         0.091     0.003 r  rv32_top_i/clk_wiz_0/inst/clkout1_buf/O
                         net (fo=12242, routed)       1.640     1.643    rv32_top_i/plat/U0/u_ctrl/S_AXI_ACLK
    SLICE_X35Y125        FDRE                                         r  rv32_top_i/plat/U0/u_ctrl/rdata_q_reg[1]/C

Slack:                    inf
  Source:                 sw_i_0[3]
                            (input port)
  Destination:            rv32_top_i/plat/U0/u_ctrl/rdata_q_reg[3]/D
                            (rising edge-triggered cell FDRE clocked by clk_out1_rv32_top_clk_wiz_0_0  {rise@0.000ns fall@4.717ns period=9.434ns})
  Path Group:             (none)
  Path Type:              Setup (Max at Slow Process Corner)
  Data Path Delay:        8.192ns  (logic 1.778ns (21.706%)  route 6.414ns (78.294%))
  Logic Levels:           3  (IBUF=1 LUT5=1 LUT6=1)
  Clock Path Skew:        1.688ns (DCD - SCD + CPR)
    Destination Clock Delay (DCD):    1.688ns
    Source Clock Delay      (SCD):    0.000ns
    Clock Pessimism Removal (CPR):    0.000ns
  Clock Uncertainty:      0.238ns  ((TSJ^2 + DJ^2)^1/2) / 2 + PE
    Total System Jitter     (TSJ):    0.050ns
    Discrete Jitter          (DJ):    0.154ns
    Phase Error              (PE):    0.157ns

    Location             Delay type                Incr(ns)  Path(ns)    Netlist Resource(s)
  -------------------------------------------------------------------    -------------------
    T16                                               0.000     0.000 r  sw_i_0[3] (IN)
                         net (fo=0)                   0.000     0.000    sw_i_0[3]
    T16                  IBUF (Prop_ibuf_I_O)         1.530     1.530 r  sw_i_0_IBUF[3]_inst/O
                         net (fo=2, routed)           4.862     6.392    rv32_top_i/plat/U0/u_ctrl/sw_i[3]
    SLICE_X31Y110        LUT6 (Prop_lut6_I2_O)        0.124     6.516 r  rv32_top_i/plat/U0/u_ctrl/rdata_q[3]_i_5/O
                         net (fo=1, routed)           1.552     8.068    rv32_top_i/plat/U0/u_ctrl/rdata_q[3]_i_5_n_0
    SLICE_X31Y125        LUT5 (Prop_lut5_I3_O)        0.124     8.192 r  rv32_top_i/plat/U0/u_ctrl/rdata_q[3]_i_1__0/O
                         net (fo=1, routed)           0.000     8.192    rv32_top_i/plat/U0/u_ctrl/p_1_in__0[3]
    SLICE_X31Y125        FDRE                                         r  rv32_top_i/plat/U0/u_ctrl/rdata_q_reg[3]/D
  -------------------------------------------------------------------    -------------------

                         (clock clk_out1_rv32_top_clk_wiz_0_0 rise edge)
                                                      0.000     0.000 r  
    BUFGCTRL_X0Y16       BUFG                         0.000     0.000 r  rv32_top_i/ps7/inst/buffer_fclk_clk_0.FCLK_CLK_0_BUFG/O
                         net (fo=1, routed)           1.612     1.612    rv32_top_i/clk_wiz_0/inst/clk_in1
    MMCME2_ADV_X1Y0      MMCME2_ADV (Prop_mmcme2_adv_CLKIN1_CLKOUT0)
                                                     -3.425    -1.813 r  rv32_top_i/clk_wiz_0/inst/mmcm_adv_inst/CLKOUT0
                         net (fo=1, routed)           1.725    -0.088    rv32_top_i/clk_wiz_0/inst/clk_out1_rv32_top_clk_wiz_0_0
    BUFGCTRL_X0Y0        BUFG (Prop_bufg_I_O)         0.091     0.003 r  rv32_top_i/clk_wiz_0/inst/clkout1_buf/O
                         net (fo=12242, routed)       1.685     1.688    rv32_top_i/plat/U0/u_ctrl/S_AXI_ACLK
    SLICE_X31Y125        FDRE                                         r  rv32_top_i/plat/U0/u_ctrl/rdata_q_reg[3]/C

Slack:                    inf
  Source:                 btn_i_0[0]
                            (input port)
  Destination:            rv32_top_i/plat/U0/u_ctrl/rdata_q_reg[0]/D
                            (rising edge-triggered cell FDRE clocked by clk_out1_rv32_top_clk_wiz_0_0  {rise@0.000ns fall@4.717ns period=9.434ns})
  Path Group:             (none)
  Path Type:              Setup (Max at Slow Process Corner)
  Data Path Delay:        7.332ns  (logic 1.861ns (25.380%)  route 5.471ns (74.620%))
  Logic Levels:           4  (IBUF=1 LUT5=2 LUT6=1)
  Clock Path Skew:        1.690ns (DCD - SCD + CPR)
    Destination Clock Delay (DCD):    1.690ns
    Source Clock Delay      (SCD):    0.000ns
    Clock Pessimism Removal (CPR):    0.000ns
  Clock Uncertainty:      0.238ns  ((TSJ^2 + DJ^2)^1/2) / 2 + PE
    Total System Jitter     (TSJ):    0.050ns
    Discrete Jitter          (DJ):    0.154ns
    Phase Error              (PE):    0.157ns

    Location             Delay type                Incr(ns)  Path(ns)    Netlist Resource(s)
  -------------------------------------------------------------------    -------------------
    K18                                               0.000     0.000 r  btn_i_0[0] (IN)
                         net (fo=0)                   0.000     0.000    btn_i_0[0]
    K18                  IBUF (Prop_ibuf_I_O)         1.489     1.489 r  btn_i_0_IBUF[0]_inst/O
                         net (fo=2, routed)           3.271     4.760    rv32_top_i/plat/U0/u_ctrl/btn_i[0]
    SLICE_X49Y129        LUT6 (Prop_lut6_I4_O)        0.124     4.884 r  rv32_top_i/plat/U0/u_ctrl/rdata_q[0]_i_6/O
                         net (fo=1, routed)           1.012     5.896    rv32_top_i/plat/U0/u_ctrl/rdata_q[0]_i_6_n_0
    SLICE_X49Y119        LUT5 (Prop_lut5_I4_O)        0.124     6.020 r  rv32_top_i/plat/U0/u_ctrl/rdata_q[0]_i_3/O
                         net (fo=1, routed)           1.189     7.208    rv32_top_i/plat/U0/u_ctrl/rdata_q[0]_i_3_n_0
    SLICE_X27Y120        LUT5 (Prop_lut5_I3_O)        0.124     7.332 r  rv32_top_i/plat/U0/u_ctrl/rdata_q[0]_i_1__0/O
                         net (fo=1, routed)           0.000     7.332    rv32_top_i/plat/U0/u_ctrl/p_1_in__0[0]
    SLICE_X27Y120        FDRE                                         r  rv32_top_i/plat/U0/u_ctrl/rdata_q_reg[0]/D
  -------------------------------------------------------------------    -------------------

                         (clock clk_out1_rv32_top_clk_wiz_0_0 rise edge)
                                                      0.000     0.000 r  
    BUFGCTRL_X0Y16       BUFG                         0.000     0.000 r  rv32_top_i/ps7/inst/buffer_fclk_clk_0.FCLK_CLK_0_BUFG/O
                         net (fo=1, routed)           1.612     1.612    rv32_top_i/clk_wiz_0/inst/clk_in1
    MMCME2_ADV_X1Y0      MMCME2_ADV (Prop_mmcme2_adv_CLKIN1_CLKOUT0)
                                                     -3.425    -1.813 r  rv32_top_i/clk_wiz_0/inst/mmcm_adv_inst/CLKOUT0
                         net (fo=1, routed)           1.725    -0.088    rv32_top_i/clk_wiz_0/inst/clk_out1_rv32_top_clk_wiz_0_0
    BUFGCTRL_X0Y0        BUFG (Prop_bufg_I_O)         0.091     0.003 r  rv32_top_i/clk_wiz_0/inst/clkout1_buf/O
                         net (fo=12242, routed)       1.687     1.690    rv32_top_i/plat/U0/u_ctrl/S_AXI_ACLK
    SLICE_X27Y120        FDRE                                         r  rv32_top_i/plat/U0/u_ctrl/rdata_q_reg[0]/C

Slack:                    inf
  Source:                 sw_i_0[2]
                            (input port)
  Destination:            rv32_top_i/plat/U0/u_ctrl/rdata_q_reg[2]/D
                            (rising edge-triggered cell FDRE clocked by clk_out1_rv32_top_clk_wiz_0_0  {rise@0.000ns fall@4.717ns period=9.434ns})
  Path Group:             (none)
  Path Type:              Setup (Max at Slow Process Corner)
  Data Path Delay:        7.067ns  (logic 1.779ns (25.180%)  route 5.287ns (74.820%))
  Logic Levels:           3  (IBUF=1 LUT5=2)
  Clock Path Skew:        1.694ns (DCD - SCD + CPR)
    Destination Clock Delay (DCD):    1.694ns
    Source Clock Delay      (SCD):    0.000ns
    Clock Pessimism Removal (CPR):    0.000ns
  Clock Uncertainty:      0.238ns  ((TSJ^2 + DJ^2)^1/2) / 2 + PE
    Total System Jitter     (TSJ):    0.050ns
    Discrete Jitter          (DJ):    0.154ns
    Phase Error              (PE):    0.157ns

    Location             Delay type                Incr(ns)  Path(ns)    Netlist Resource(s)
  -------------------------------------------------------------------    -------------------
    W13                                               0.000     0.000 r  sw_i_0[2] (IN)
                         net (fo=0)                   0.000     0.000    sw_i_0[2]
    W13                  IBUF (Prop_ibuf_I_O)         1.531     1.531 r  sw_i_0_IBUF[2]_inst/O
                         net (fo=2, routed)           4.875     6.406    rv32_top_i/plat/U0/u_ctrl/sw_i[2]
    SLICE_X31Y119        LUT5 (Prop_lut5_I0_O)        0.124     6.530 r  rv32_top_i/plat/U0/u_ctrl/rdata_q[2]_i_4/O
                         net (fo=1, routed)           0.413     6.943    rv32_top_i/plat/U0/u_ctrl/rdata_q[2]_i_4_n_0
    SLICE_X28Y119        LUT5 (Prop_lut5_I3_O)        0.124     7.067 r  rv32_top_i/plat/U0/u_ctrl/rdata_q[2]_i_1__0/O
                         net (fo=1, routed)           0.000     7.067    rv32_top_i/plat/U0/u_ctrl/p_1_in__0[2]
    SLICE_X28Y119        FDRE                                         r  rv32_top_i/plat/U0/u_ctrl/rdata_q_reg[2]/D
  -------------------------------------------------------------------    -------------------

                         (clock clk_out1_rv32_top_clk_wiz_0_0 rise edge)
                                                      0.000     0.000 r  
    BUFGCTRL_X0Y16       BUFG                         0.000     0.000 r  rv32_top_i/ps7/inst/buffer_fclk_clk_0.FCLK_CLK_0_BUFG/O
                         net (fo=1, routed)           1.612     1.612    rv32_top_i/clk_wiz_0/inst/clk_in1
    MMCME2_ADV_X1Y0      MMCME2_ADV (Prop_mmcme2_adv_CLKIN1_CLKOUT0)
                                                     -3.425    -1.813 r  rv32_top_i/clk_wiz_0/inst/mmcm_adv_inst/CLKOUT0
                         net (fo=1, routed)           1.725    -0.088    rv32_top_i/clk_wiz_0/inst/clk_out1_rv32_top_clk_wiz_0_0
    BUFGCTRL_X0Y0        BUFG (Prop_bufg_I_O)         0.091     0.003 r  rv32_top_i/clk_wiz_0/inst/clkout1_buf/O
                         net (fo=12242, routed)       1.691     1.694    rv32_top_i/plat/U0/u_ctrl/S_AXI_ACLK
    SLICE_X28Y119        FDRE                                         r  rv32_top_i/plat/U0/u_ctrl/rdata_q_reg[2]/C

Slack:                    inf
  Source:                 jb_io_0[7]
                            (input port)
  Destination:            rv32_top_i/plat/U0/u_mmio/u_gpio/in_m_reg[7]/D
                            (rising edge-triggered cell FDRE clocked by clk_out1_rv32_top_clk_wiz_0_0  {rise@0.000ns fall@4.717ns period=9.434ns})
  Path Group:             (none)
  Path Type:              Setup (Max at Slow Process Corner)
  Data Path Delay:        6.895ns  (logic 1.471ns (21.330%)  route 5.424ns (78.670%))
  Logic Levels:           1  (IBUF=1)
  Clock Path Skew:        1.646ns (DCD - SCD + CPR)
    Destination Clock Delay (DCD):    1.646ns
    Source Clock Delay      (SCD):    0.000ns
    Clock Pessimism Removal (CPR):    0.000ns
  Clock Uncertainty:      0.238ns  ((TSJ^2 + DJ^2)^1/2) / 2 + PE
    Total System Jitter     (TSJ):    0.050ns
    Discrete Jitter          (DJ):    0.154ns
    Phase Error              (PE):    0.157ns

    Location             Delay type                Incr(ns)  Path(ns)    Netlist Resource(s)
  -------------------------------------------------------------------    -------------------
    W6                                                0.000     0.000 r  jb_io_0[7] (INOUT)
                         net (fo=1, unset)            0.000     0.000    rv32_top_i/plat/jb_io_IOBUF[7]_inst/IO
    W6                   IBUF (Prop_ibuf_I_O)         1.471     1.471 r  rv32_top_i/plat/jb_io_IOBUF[7]_inst/IBUF/O
                         net (fo=1, routed)           5.424     6.895    rv32_top_i/plat/U0/u_mmio/u_gpio/in_m_reg[21]_0[7]
    SLICE_X51Y105        FDRE                                         r  rv32_top_i/plat/U0/u_mmio/u_gpio/in_m_reg[7]/D
  -------------------------------------------------------------------    -------------------

                         (clock clk_out1_rv32_top_clk_wiz_0_0 rise edge)
                                                      0.000     0.000 r  
    BUFGCTRL_X0Y16       BUFG                         0.000     0.000 r  rv32_top_i/ps7/inst/buffer_fclk_clk_0.FCLK_CLK_0_BUFG/O
                         net (fo=1, routed)           1.612     1.612    rv32_top_i/clk_wiz_0/inst/clk_in1
    MMCME2_ADV_X1Y0      MMCME2_ADV (Prop_mmcme2_adv_CLKIN1_CLKOUT0)
                                                     -3.425    -1.813 r  rv32_top_i/clk_wiz_0/inst/mmcm_adv_inst/CLKOUT0
                         net (fo=1, routed)           1.725    -0.088    rv32_top_i/clk_wiz_0/inst/clk_out1_rv32_top_clk_wiz_0_0
    BUFGCTRL_X0Y0        BUFG (Prop_bufg_I_O)         0.091     0.003 r  rv32_top_i/clk_wiz_0/inst/clkout1_buf/O
                         net (fo=12242, routed)       1.643     1.646    rv32_top_i/plat/U0/u_mmio/u_gpio/S_AXI_ACLK
    SLICE_X51Y105        FDRE                                         r  rv32_top_i/plat/U0/u_mmio/u_gpio/in_m_reg[7]/C

Slack:                    inf
  Source:                 jb_io_0[6]
                            (input port)
  Destination:            rv32_top_i/plat/U0/u_mmio/u_gpio/in_m_reg[6]/D
                            (rising edge-triggered cell FDRE clocked by clk_out1_rv32_top_clk_wiz_0_0  {rise@0.000ns fall@4.717ns period=9.434ns})
  Path Group:             (none)
  Path Type:              Setup (Max at Slow Process Corner)
  Data Path Delay:        6.701ns  (logic 1.466ns (21.869%)  route 5.236ns (78.131%))
  Logic Levels:           1  (IBUF=1)
  Clock Path Skew:        1.644ns (DCD - SCD + CPR)
    Destination Clock Delay (DCD):    1.644ns
    Source Clock Delay      (SCD):    0.000ns
    Clock Pessimism Removal (CPR):    0.000ns
  Clock Uncertainty:      0.238ns  ((TSJ^2 + DJ^2)^1/2) / 2 + PE
    Total System Jitter     (TSJ):    0.050ns
    Discrete Jitter          (DJ):    0.154ns
    Phase Error              (PE):    0.157ns

    Location             Delay type                Incr(ns)  Path(ns)    Netlist Resource(s)
  -------------------------------------------------------------------    -------------------
    V6                                                0.000     0.000 r  jb_io_0[6] (INOUT)
                         net (fo=1, unset)            0.000     0.000    rv32_top_i/plat/jb_io_IOBUF[6]_inst/IO
    V6                   IBUF (Prop_ibuf_I_O)         1.466     1.466 r  rv32_top_i/plat/jb_io_IOBUF[6]_inst/IBUF/O
                         net (fo=1, routed)           5.236     6.701    rv32_top_i/plat/U0/u_mmio/u_gpio/in_m_reg[21]_0[6]
    SLICE_X51Y110        FDRE                                         r  rv32_top_i/plat/U0/u_mmio/u_gpio/in_m_reg[6]/D
  -------------------------------------------------------------------    -------------------

                         (clock clk_out1_rv32_top_clk_wiz_0_0 rise edge)
                                                      0.000     0.000 r  
    BUFGCTRL_X0Y16       BUFG                         0.000     0.000 r  rv32_top_i/ps7/inst/buffer_fclk_clk_0.FCLK_CLK_0_BUFG/O
                         net (fo=1, routed)           1.612     1.612    rv32_top_i/clk_wiz_0/inst/clk_in1
    MMCME2_ADV_X1Y0      MMCME2_ADV (Prop_mmcme2_adv_CLKIN1_CLKOUT0)
                                                     -3.425    -1.813 r  rv32_top_i/clk_wiz_0/inst/mmcm_adv_inst/CLKOUT0
                         net (fo=1, routed)           1.725    -0.088    rv32_top_i/clk_wiz_0/inst/clk_out1_rv32_top_clk_wiz_0_0
    BUFGCTRL_X0Y0        BUFG (Prop_bufg_I_O)         0.091     0.003 r  rv32_top_i/clk_wiz_0/inst/clkout1_buf/O
                         net (fo=12242, routed)       1.641     1.644    rv32_top_i/plat/U0/u_mmio/u_gpio/S_AXI_ACLK
    SLICE_X51Y110        FDRE                                         r  rv32_top_i/plat/U0/u_mmio/u_gpio/in_m_reg[6]/C





Min Delay Paths
--------------------------------------------------------------------------------------
Slack:                    inf
  Source:                 rv32_top_i/plat/U0/u_mmio/u_npu/u_npu/u_array/gen_row[0].gen_col[2].u_pe/p_reg/ACOUT[0]
                            (internal pin)
  Destination:            rv32_top_i/plat/U0/u_mmio/u_npu/u_npu/u_array/gen_row[0].gen_col[3].u_pe/p_reg/ACIN[0]
                            (rising edge-triggered cell DSP48E1 clocked by clk_out1_rv32_top_clk_wiz_0_0  {rise@0.000ns fall@4.717ns period=9.434ns})
  Path Group:             (none)
  Path Type:              Hold (Min at Slow Process Corner)
  Data Path Delay:        0.002ns  (logic 0.000ns (0.000%)  route 0.002ns (100.000%))
  Logic Levels:           0  
  Clock Uncertainty:      0.238ns  ((TSJ^2 + DJ^2)^1/2) / 2 + PE
    Total System Jitter     (TSJ):    0.050ns
    Discrete Jitter          (DJ):    0.154ns
    Phase Error              (PE):    0.157ns

    Location             Delay type                Incr(ns)  Path(ns)    Netlist Resource(s)
  -------------------------------------------------------------------    -------------------
    DSP48_X0Y0           DSP48E1                      0.000     0.000 r  rv32_top_i/plat/U0/u_mmio/u_npu/u_npu/u_array/gen_row[0].gen_col[2].u_pe/p_reg/ACOUT[0]
                         net (fo=1, routed)           0.002     0.002    rv32_top_i/plat/U0/u_mmio/u_npu/u_npu/u_array/gen_row[0].gen_col[3].u_pe/p_reg_3[0]
    DSP48_X0Y1           DSP48E1                                      r  rv32_top_i/plat/U0/u_mmio/u_npu/u_npu/u_array/gen_row[0].gen_col[3].u_pe/p_reg/ACIN[0]
  -------------------------------------------------------------------    -------------------

                         (clock clk_out1_rv32_top_clk_wiz_0_0 rise edge)
                                                      0.000     0.000 r  
    BUFGCTRL_X0Y16       BUFG                         0.000     0.000 r  rv32_top_i/ps7/inst/buffer_fclk_clk_0.FCLK_CLK_0_BUFG/O
                         net (fo=1, routed)           1.806     1.806    rv32_top_i/clk_wiz_0/inst/clk_in1
    MMCME2_ADV_X1Y0      MMCME2_ADV (Prop_mmcme2_adv_CLKIN1_CLKOUT0)
                                                     -3.793    -1.987 r  rv32_top_i/clk_wiz_0/inst/mmcm_adv_inst/CLKOUT0
                         net (fo=1, routed)           1.889    -0.098    rv32_top_i/clk_wiz_0/inst/clk_out1_rv32_top_clk_wiz_0_0
    BUFGCTRL_X0Y0        BUFG (Prop_bufg_I_O)         0.101     0.003 r  rv32_top_i/clk_wiz_0/inst/clkout1_buf/O
                         net (fo=12242, routed)       1.844     1.847    rv32_top_i/plat/U0/u_mmio/u_npu/u_npu/u_array/gen_row[0].gen_col[3].u_pe/S_AXI_ACLK
    DSP48_X0Y1           DSP48E1                                      r  rv32_top_i/plat/U0/u_mmio/u_npu/u_npu/u_array/gen_row[0].gen_col[3].u_pe/p_reg/CLK

Slack:                    inf
  Source:                 rv32_top_i/plat/U0/u_mmio/u_npu/u_npu/u_array/gen_row[0].gen_col[2].u_pe/p_reg/ACOUT[10]
                            (internal pin)
  Destination:            rv32_top_i/plat/U0/u_mmio/u_npu/u_npu/u_array/gen_row[0].gen_col[3].u_pe/p_reg/ACIN[10]
                            (rising edge-triggered cell DSP48E1 clocked by clk_out1_rv32_top_clk_wiz_0_0  {rise@0.000ns fall@4.717ns period=9.434ns})
  Path Group:             (none)
  Path Type:              Hold (Min at Slow Process Corner)
  Data Path Delay:        0.002ns  (logic 0.000ns (0.000%)  route 0.002ns (100.000%))
  Logic Levels:           0  
  Clock Uncertainty:      0.238ns  ((TSJ^2 + DJ^2)^1/2) / 2 + PE
    Total System Jitter     (TSJ):    0.050ns
    Discrete Jitter          (DJ):    0.154ns
    Phase Error              (PE):    0.157ns

    Location             Delay type                Incr(ns)  Path(ns)    Netlist Resource(s)
  -------------------------------------------------------------------    -------------------
    DSP48_X0Y0           DSP48E1                      0.000     0.000 r  rv32_top_i/plat/U0/u_mmio/u_npu/u_npu/u_array/gen_row[0].gen_col[2].u_pe/p_reg/ACOUT[10]
                         net (fo=1, routed)           0.002     0.002    rv32_top_i/plat/U0/u_mmio/u_npu/u_npu/u_array/gen_row[0].gen_col[3].u_pe/p_reg_3[10]
    DSP48_X0Y1           DSP48E1                                      r  rv32_top_i/plat/U0/u_mmio/u_npu/u_npu/u_array/gen_row[0].gen_col[3].u_pe/p_reg/ACIN[10]
  -------------------------------------------------------------------    -------------------

                         (clock clk_out1_rv32_top_clk_wiz_0_0 rise edge)
                                                      0.000     0.000 r  
    BUFGCTRL_X0Y16       BUFG                         0.000     0.000 r  rv32_top_i/ps7/inst/buffer_fclk_clk_0.FCLK_CLK_0_BUFG/O
                         net (fo=1, routed)           1.806     1.806    rv32_top_i/clk_wiz_0/inst/clk_in1
    MMCME2_ADV_X1Y0      MMCME2_ADV (Prop_mmcme2_adv_CLKIN1_CLKOUT0)
                                                     -3.793    -1.987 r  rv32_top_i/clk_wiz_0/inst/mmcm_adv_inst/CLKOUT0
                         net (fo=1, routed)           1.889    -0.098    rv32_top_i/clk_wiz_0/inst/clk_out1_rv32_top_clk_wiz_0_0
    BUFGCTRL_X0Y0        BUFG (Prop_bufg_I_O)         0.101     0.003 r  rv32_top_i/clk_wiz_0/inst/clkout1_buf/O
                         net (fo=12242, routed)       1.844     1.847    rv32_top_i/plat/U0/u_mmio/u_npu/u_npu/u_array/gen_row[0].gen_col[3].u_pe/S_AXI_ACLK
    DSP48_X0Y1           DSP48E1                                      r  rv32_top_i/plat/U0/u_mmio/u_npu/u_npu/u_array/gen_row[0].gen_col[3].u_pe/p_reg/CLK

Slack:                    inf
  Source:                 rv32_top_i/plat/U0/u_mmio/u_npu/u_npu/u_array/gen_row[0].gen_col[2].u_pe/p_reg/ACOUT[11]
                            (internal pin)
  Destination:            rv32_top_i/plat/U0/u_mmio/u_npu/u_npu/u_array/gen_row[0].gen_col[3].u_pe/p_reg/ACIN[11]
                            (rising edge-triggered cell DSP48E1 clocked by clk_out1_rv32_top_clk_wiz_0_0  {rise@0.000ns fall@4.717ns period=9.434ns})
  Path Group:             (none)
  Path Type:              Hold (Min at Slow Process Corner)
  Data Path Delay:        0.002ns  (logic 0.000ns (0.000%)  route 0.002ns (100.000%))
  Logic Levels:           0  
  Clock Uncertainty:      0.238ns  ((TSJ^2 + DJ^2)^1/2) / 2 + PE
    Total System Jitter     (TSJ):    0.050ns
    Discrete Jitter          (DJ):    0.154ns
    Phase Error              (PE):    0.157ns

    Location             Delay type                Incr(ns)  Path(ns)    Netlist Resource(s)
  -------------------------------------------------------------------    -------------------
    DSP48_X0Y0           DSP48E1                      0.000     0.000 r  rv32_top_i/plat/U0/u_mmio/u_npu/u_npu/u_array/gen_row[0].gen_col[2].u_pe/p_reg/ACOUT[11]
                         net (fo=1, routed)           0.002     0.002    rv32_top_i/plat/U0/u_mmio/u_npu/u_npu/u_array/gen_row[0].gen_col[3].u_pe/p_reg_3[11]
    DSP48_X0Y1           DSP48E1                                      r  rv32_top_i/plat/U0/u_mmio/u_npu/u_npu/u_array/gen_row[0].gen_col[3].u_pe/p_reg/ACIN[11]
  -------------------------------------------------------------------    -------------------

                         (clock clk_out1_rv32_top_clk_wiz_0_0 rise edge)
                                                      0.000     0.000 r  
    BUFGCTRL_X0Y16       BUFG                         0.000     0.000 r  rv32_top_i/ps7/inst/buffer_fclk_clk_0.FCLK_CLK_0_BUFG/O
                         net (fo=1, routed)           1.806     1.806    rv32_top_i/clk_wiz_0/inst/clk_in1
    MMCME2_ADV_X1Y0      MMCME2_ADV (Prop_mmcme2_adv_CLKIN1_CLKOUT0)
                                                     -3.793    -1.987 r  rv32_top_i/clk_wiz_0/inst/mmcm_adv_inst/CLKOUT0
                         net (fo=1, routed)           1.889    -0.098    rv32_top_i/clk_wiz_0/inst/clk_out1_rv32_top_clk_wiz_0_0
    BUFGCTRL_X0Y0        BUFG (Prop_bufg_I_O)         0.101     0.003 r  rv32_top_i/clk_wiz_0/inst/clkout1_buf/O
                         net (fo=12242, routed)       1.844     1.847    rv32_top_i/plat/U0/u_mmio/u_npu/u_npu/u_array/gen_row[0].gen_col[3].u_pe/S_AXI_ACLK
    DSP48_X0Y1           DSP48E1                                      r  rv32_top_i/plat/U0/u_mmio/u_npu/u_npu/u_array/gen_row[0].gen_col[3].u_pe/p_reg/CLK

Slack:                    inf
  Source:                 rv32_top_i/plat/U0/u_mmio/u_npu/u_npu/u_array/gen_row[0].gen_col[2].u_pe/p_reg/ACOUT[12]
                            (internal pin)
  Destination:            rv32_top_i/plat/U0/u_mmio/u_npu/u_npu/u_array/gen_row[0].gen_col[3].u_pe/p_reg/ACIN[12]
                            (rising edge-triggered cell DSP48E1 clocked by clk_out1_rv32_top_clk_wiz_0_0  {rise@0.000ns fall@4.717ns period=9.434ns})
  Path Group:             (none)
  Path Type:              Hold (Min at Slow Process Corner)
  Data Path Delay:        0.002ns  (logic 0.000ns (0.000%)  route 0.002ns (100.000%))
  Logic Levels:           0  
  Clock Uncertainty:      0.238ns  ((TSJ^2 + DJ^2)^1/2) / 2 + PE
    Total System Jitter     (TSJ):    0.050ns
    Discrete Jitter          (DJ):    0.154ns
    Phase Error              (PE):    0.157ns

    Location             Delay type                Incr(ns)  Path(ns)    Netlist Resource(s)
  -------------------------------------------------------------------    -------------------
    DSP48_X0Y0           DSP48E1                      0.000     0.000 r  rv32_top_i/plat/U0/u_mmio/u_npu/u_npu/u_array/gen_row[0].gen_col[2].u_pe/p_reg/ACOUT[12]
                         net (fo=1, routed)           0.002     0.002    rv32_top_i/plat/U0/u_mmio/u_npu/u_npu/u_array/gen_row[0].gen_col[3].u_pe/p_reg_3[12]
    DSP48_X0Y1           DSP48E1                                      r  rv32_top_i/plat/U0/u_mmio/u_npu/u_npu/u_array/gen_row[0].gen_col[3].u_pe/p_reg/ACIN[12]
  -------------------------------------------------------------------    -------------------

                         (clock clk_out1_rv32_top_clk_wiz_0_0 rise edge)
                                                      0.000     0.000 r  
    BUFGCTRL_X0Y16       BUFG                         0.000     0.000 r  rv32_top_i/ps7/inst/buffer_fclk_clk_0.FCLK_CLK_0_BUFG/O
                         net (fo=1, routed)           1.806     1.806    rv32_top_i/clk_wiz_0/inst/clk_in1
    MMCME2_ADV_X1Y0      MMCME2_ADV (Prop_mmcme2_adv_CLKIN1_CLKOUT0)
                                                     -3.793    -1.987 r  rv32_top_i/clk_wiz_0/inst/mmcm_adv_inst/CLKOUT0
                         net (fo=1, routed)           1.889    -0.098    rv32_top_i/clk_wiz_0/inst/clk_out1_rv32_top_clk_wiz_0_0
    BUFGCTRL_X0Y0        BUFG (Prop_bufg_I_O)         0.101     0.003 r  rv32_top_i/clk_wiz_0/inst/clkout1_buf/O
                         net (fo=12242, routed)       1.844     1.847    rv32_top_i/plat/U0/u_mmio/u_npu/u_npu/u_array/gen_row[0].gen_col[3].u_pe/S_AXI_ACLK
    DSP48_X0Y1           DSP48E1                                      r  rv32_top_i/plat/U0/u_mmio/u_npu/u_npu/u_array/gen_row[0].gen_col[3].u_pe/p_reg/CLK

Slack:                    inf
  Source:                 rv32_top_i/plat/U0/u_mmio/u_npu/u_npu/u_array/gen_row[0].gen_col[2].u_pe/p_reg/ACOUT[13]
                            (internal pin)
  Destination:            rv32_top_i/plat/U0/u_mmio/u_npu/u_npu/u_array/gen_row[0].gen_col[3].u_pe/p_reg/ACIN[13]
                            (rising edge-triggered cell DSP48E1 clocked by clk_out1_rv32_top_clk_wiz_0_0  {rise@0.000ns fall@4.717ns period=9.434ns})
  Path Group:             (none)
  Path Type:              Hold (Min at Slow Process Corner)
  Data Path Delay:        0.002ns  (logic 0.000ns (0.000%)  route 0.002ns (100.000%))
  Logic Levels:           0  
  Clock Uncertainty:      0.238ns  ((TSJ^2 + DJ^2)^1/2) / 2 + PE
    Total System Jitter     (TSJ):    0.050ns
    Discrete Jitter          (DJ):    0.154ns
    Phase Error              (PE):    0.157ns

    Location             Delay type                Incr(ns)  Path(ns)    Netlist Resource(s)
  -------------------------------------------------------------------    -------------------
    DSP48_X0Y0           DSP48E1                      0.000     0.000 r  rv32_top_i/plat/U0/u_mmio/u_npu/u_npu/u_array/gen_row[0].gen_col[2].u_pe/p_reg/ACOUT[13]
                         net (fo=1, routed)           0.002     0.002    rv32_top_i/plat/U0/u_mmio/u_npu/u_npu/u_array/gen_row[0].gen_col[3].u_pe/p_reg_3[13]
    DSP48_X0Y1           DSP48E1                                      r  rv32_top_i/plat/U0/u_mmio/u_npu/u_npu/u_array/gen_row[0].gen_col[3].u_pe/p_reg/ACIN[13]
  -------------------------------------------------------------------    -------------------

                         (clock clk_out1_rv32_top_clk_wiz_0_0 rise edge)
                                                      0.000     0.000 r  
    BUFGCTRL_X0Y16       BUFG                         0.000     0.000 r  rv32_top_i/ps7/inst/buffer_fclk_clk_0.FCLK_CLK_0_BUFG/O
                         net (fo=1, routed)           1.806     1.806    rv32_top_i/clk_wiz_0/inst/clk_in1
    MMCME2_ADV_X1Y0      MMCME2_ADV (Prop_mmcme2_adv_CLKIN1_CLKOUT0)
                                                     -3.793    -1.987 r  rv32_top_i/clk_wiz_0/inst/mmcm_adv_inst/CLKOUT0
                         net (fo=1, routed)           1.889    -0.098    rv32_top_i/clk_wiz_0/inst/clk_out1_rv32_top_clk_wiz_0_0
    BUFGCTRL_X0Y0        BUFG (Prop_bufg_I_O)         0.101     0.003 r  rv32_top_i/clk_wiz_0/inst/clkout1_buf/O
                         net (fo=12242, routed)       1.844     1.847    rv32_top_i/plat/U0/u_mmio/u_npu/u_npu/u_array/gen_row[0].gen_col[3].u_pe/S_AXI_ACLK
    DSP48_X0Y1           DSP48E1                                      r  rv32_top_i/plat/U0/u_mmio/u_npu/u_npu/u_array/gen_row[0].gen_col[3].u_pe/p_reg/CLK

Slack:                    inf
  Source:                 rv32_top_i/plat/U0/u_mmio/u_npu/u_npu/u_array/gen_row[0].gen_col[2].u_pe/p_reg/ACOUT[14]
                            (internal pin)
  Destination:            rv32_top_i/plat/U0/u_mmio/u_npu/u_npu/u_array/gen_row[0].gen_col[3].u_pe/p_reg/ACIN[14]
                            (rising edge-triggered cell DSP48E1 clocked by clk_out1_rv32_top_clk_wiz_0_0  {rise@0.000ns fall@4.717ns period=9.434ns})
  Path Group:             (none)
  Path Type:              Hold (Min at Slow Process Corner)
  Data Path Delay:        0.002ns  (logic 0.000ns (0.000%)  route 0.002ns (100.000%))
  Logic Levels:           0  
  Clock Uncertainty:      0.238ns  ((TSJ^2 + DJ^2)^1/2) / 2 + PE
    Total System Jitter     (TSJ):    0.050ns
    Discrete Jitter          (DJ):    0.154ns
    Phase Error              (PE):    0.157ns

    Location             Delay type                Incr(ns)  Path(ns)    Netlist Resource(s)
  -------------------------------------------------------------------    -------------------
    DSP48_X0Y0           DSP48E1                      0.000     0.000 r  rv32_top_i/plat/U0/u_mmio/u_npu/u_npu/u_array/gen_row[0].gen_col[2].u_pe/p_reg/ACOUT[14]
                         net (fo=1, routed)           0.002     0.002    rv32_top_i/plat/U0/u_mmio/u_npu/u_npu/u_array/gen_row[0].gen_col[3].u_pe/p_reg_3[14]
    DSP48_X0Y1           DSP48E1                                      r  rv32_top_i/plat/U0/u_mmio/u_npu/u_npu/u_array/gen_row[0].gen_col[3].u_pe/p_reg/ACIN[14]
  -------------------------------------------------------------------    -------------------

                         (clock clk_out1_rv32_top_clk_wiz_0_0 rise edge)
                                                      0.000     0.000 r  
    BUFGCTRL_X0Y16       BUFG                         0.000     0.000 r  rv32_top_i/ps7/inst/buffer_fclk_clk_0.FCLK_CLK_0_BUFG/O
                         net (fo=1, routed)           1.806     1.806    rv32_top_i/clk_wiz_0/inst/clk_in1
    MMCME2_ADV_X1Y0      MMCME2_ADV (Prop_mmcme2_adv_CLKIN1_CLKOUT0)
                                                     -3.793    -1.987 r  rv32_top_i/clk_wiz_0/inst/mmcm_adv_inst/CLKOUT0
                         net (fo=1, routed)           1.889    -0.098    rv32_top_i/clk_wiz_0/inst/clk_out1_rv32_top_clk_wiz_0_0
    BUFGCTRL_X0Y0        BUFG (Prop_bufg_I_O)         0.101     0.003 r  rv32_top_i/clk_wiz_0/inst/clkout1_buf/O
                         net (fo=12242, routed)       1.844     1.847    rv32_top_i/plat/U0/u_mmio/u_npu/u_npu/u_array/gen_row[0].gen_col[3].u_pe/S_AXI_ACLK
    DSP48_X0Y1           DSP48E1                                      r  rv32_top_i/plat/U0/u_mmio/u_npu/u_npu/u_array/gen_row[0].gen_col[3].u_pe/p_reg/CLK

Slack:                    inf
  Source:                 rv32_top_i/plat/U0/u_mmio/u_npu/u_npu/u_array/gen_row[0].gen_col[2].u_pe/p_reg/ACOUT[15]
                            (internal pin)
  Destination:            rv32_top_i/plat/U0/u_mmio/u_npu/u_npu/u_array/gen_row[0].gen_col[3].u_pe/p_reg/ACIN[15]
                            (rising edge-triggered cell DSP48E1 clocked by clk_out1_rv32_top_clk_wiz_0_0  {rise@0.000ns fall@4.717ns period=9.434ns})
  Path Group:             (none)
  Path Type:              Hold (Min at Slow Process Corner)
  Data Path Delay:        0.002ns  (logic 0.000ns (0.000%)  route 0.002ns (100.000%))
  Logic Levels:           0  
  Clock Uncertainty:      0.238ns  ((TSJ^2 + DJ^2)^1/2) / 2 + PE
    Total System Jitter     (TSJ):    0.050ns
    Discrete Jitter          (DJ):    0.154ns
    Phase Error              (PE):    0.157ns

    Location             Delay type                Incr(ns)  Path(ns)    Netlist Resource(s)
  -------------------------------------------------------------------    -------------------
    DSP48_X0Y0           DSP48E1                      0.000     0.000 r  rv32_top_i/plat/U0/u_mmio/u_npu/u_npu/u_array/gen_row[0].gen_col[2].u_pe/p_reg/ACOUT[15]
                         net (fo=1, routed)           0.002     0.002    rv32_top_i/plat/U0/u_mmio/u_npu/u_npu/u_array/gen_row[0].gen_col[3].u_pe/p_reg_3[15]
    DSP48_X0Y1           DSP48E1                                      r  rv32_top_i/plat/U0/u_mmio/u_npu/u_npu/u_array/gen_row[0].gen_col[3].u_pe/p_reg/ACIN[15]
  -------------------------------------------------------------------    -------------------

                         (clock clk_out1_rv32_top_clk_wiz_0_0 rise edge)
                                                      0.000     0.000 r  
    BUFGCTRL_X0Y16       BUFG                         0.000     0.000 r  rv32_top_i/ps7/inst/buffer_fclk_clk_0.FCLK_CLK_0_BUFG/O
                         net (fo=1, routed)           1.806     1.806    rv32_top_i/clk_wiz_0/inst/clk_in1
    MMCME2_ADV_X1Y0      MMCME2_ADV (Prop_mmcme2_adv_CLKIN1_CLKOUT0)
                                                     -3.793    -1.987 r  rv32_top_i/clk_wiz_0/inst/mmcm_adv_inst/CLKOUT0
                         net (fo=1, routed)           1.889    -0.098    rv32_top_i/clk_wiz_0/inst/clk_out1_rv32_top_clk_wiz_0_0
    BUFGCTRL_X0Y0        BUFG (Prop_bufg_I_O)         0.101     0.003 r  rv32_top_i/clk_wiz_0/inst/clkout1_buf/O
                         net (fo=12242, routed)       1.844     1.847    rv32_top_i/plat/U0/u_mmio/u_npu/u_npu/u_array/gen_row[0].gen_col[3].u_pe/S_AXI_ACLK
    DSP48_X0Y1           DSP48E1                                      r  rv32_top_i/plat/U0/u_mmio/u_npu/u_npu/u_array/gen_row[0].gen_col[3].u_pe/p_reg/CLK

Slack:                    inf
  Source:                 rv32_top_i/plat/U0/u_mmio/u_npu/u_npu/u_array/gen_row[0].gen_col[2].u_pe/p_reg/ACOUT[16]
                            (internal pin)
  Destination:            rv32_top_i/plat/U0/u_mmio/u_npu/u_npu/u_array/gen_row[0].gen_col[3].u_pe/p_reg/ACIN[16]
                            (rising edge-triggered cell DSP48E1 clocked by clk_out1_rv32_top_clk_wiz_0_0  {rise@0.000ns fall@4.717ns period=9.434ns})
  Path Group:             (none)
  Path Type:              Hold (Min at Slow Process Corner)
  Data Path Delay:        0.002ns  (logic 0.000ns (0.000%)  route 0.002ns (100.000%))
  Logic Levels:           0  
  Clock Uncertainty:      0.238ns  ((TSJ^2 + DJ^2)^1/2) / 2 + PE
    Total System Jitter     (TSJ):    0.050ns
    Discrete Jitter          (DJ):    0.154ns
    Phase Error              (PE):    0.157ns

    Location             Delay type                Incr(ns)  Path(ns)    Netlist Resource(s)
  -------------------------------------------------------------------    -------------------
    DSP48_X0Y0           DSP48E1                      0.000     0.000 r  rv32_top_i/plat/U0/u_mmio/u_npu/u_npu/u_array/gen_row[0].gen_col[2].u_pe/p_reg/ACOUT[16]
                         net (fo=1, routed)           0.002     0.002    rv32_top_i/plat/U0/u_mmio/u_npu/u_npu/u_array/gen_row[0].gen_col[3].u_pe/p_reg_3[16]
    DSP48_X0Y1           DSP48E1                                      r  rv32_top_i/plat/U0/u_mmio/u_npu/u_npu/u_array/gen_row[0].gen_col[3].u_pe/p_reg/ACIN[16]
  -------------------------------------------------------------------    -------------------

                         (clock clk_out1_rv32_top_clk_wiz_0_0 rise edge)
                                                      0.000     0.000 r  
    BUFGCTRL_X0Y16       BUFG                         0.000     0.000 r  rv32_top_i/ps7/inst/buffer_fclk_clk_0.FCLK_CLK_0_BUFG/O
                         net (fo=1, routed)           1.806     1.806    rv32_top_i/clk_wiz_0/inst/clk_in1
    MMCME2_ADV_X1Y0      MMCME2_ADV (Prop_mmcme2_adv_CLKIN1_CLKOUT0)
                                                     -3.793    -1.987 r  rv32_top_i/clk_wiz_0/inst/mmcm_adv_inst/CLKOUT0
                         net (fo=1, routed)           1.889    -0.098    rv32_top_i/clk_wiz_0/inst/clk_out1_rv32_top_clk_wiz_0_0
    BUFGCTRL_X0Y0        BUFG (Prop_bufg_I_O)         0.101     0.003 r  rv32_top_i/clk_wiz_0/inst/clkout1_buf/O
                         net (fo=12242, routed)       1.844     1.847    rv32_top_i/plat/U0/u_mmio/u_npu/u_npu/u_array/gen_row[0].gen_col[3].u_pe/S_AXI_ACLK
    DSP48_X0Y1           DSP48E1                                      r  rv32_top_i/plat/U0/u_mmio/u_npu/u_npu/u_array/gen_row[0].gen_col[3].u_pe/p_reg/CLK

Slack:                    inf
  Source:                 rv32_top_i/plat/U0/u_mmio/u_npu/u_npu/u_array/gen_row[0].gen_col[2].u_pe/p_reg/ACOUT[17]
                            (internal pin)
  Destination:            rv32_top_i/plat/U0/u_mmio/u_npu/u_npu/u_array/gen_row[0].gen_col[3].u_pe/p_reg/ACIN[17]
                            (rising edge-triggered cell DSP48E1 clocked by clk_out1_rv32_top_clk_wiz_0_0  {rise@0.000ns fall@4.717ns period=9.434ns})
  Path Group:             (none)
  Path Type:              Hold (Min at Slow Process Corner)
  Data Path Delay:        0.002ns  (logic 0.000ns (0.000%)  route 0.002ns (100.000%))
  Logic Levels:           0  
  Clock Uncertainty:      0.238ns  ((TSJ^2 + DJ^2)^1/2) / 2 + PE
    Total System Jitter     (TSJ):    0.050ns
    Discrete Jitter          (DJ):    0.154ns
    Phase Error              (PE):    0.157ns

    Location             Delay type                Incr(ns)  Path(ns)    Netlist Resource(s)
  -------------------------------------------------------------------    -------------------
    DSP48_X0Y0           DSP48E1                      0.000     0.000 r  rv32_top_i/plat/U0/u_mmio/u_npu/u_npu/u_array/gen_row[0].gen_col[2].u_pe/p_reg/ACOUT[17]
                         net (fo=1, routed)           0.002     0.002    rv32_top_i/plat/U0/u_mmio/u_npu/u_npu/u_array/gen_row[0].gen_col[3].u_pe/p_reg_3[17]
    DSP48_X0Y1           DSP48E1                                      r  rv32_top_i/plat/U0/u_mmio/u_npu/u_npu/u_array/gen_row[0].gen_col[3].u_pe/p_reg/ACIN[17]
  -------------------------------------------------------------------    -------------------

                         (clock clk_out1_rv32_top_clk_wiz_0_0 rise edge)
                                                      0.000     0.000 r  
    BUFGCTRL_X0Y16       BUFG                         0.000     0.000 r  rv32_top_i/ps7/inst/buffer_fclk_clk_0.FCLK_CLK_0_BUFG/O
                         net (fo=1, routed)           1.806     1.806    rv32_top_i/clk_wiz_0/inst/clk_in1
    MMCME2_ADV_X1Y0      MMCME2_ADV (Prop_mmcme2_adv_CLKIN1_CLKOUT0)
                                                     -3.793    -1.987 r  rv32_top_i/clk_wiz_0/inst/mmcm_adv_inst/CLKOUT0
                         net (fo=1, routed)           1.889    -0.098    rv32_top_i/clk_wiz_0/inst/clk_out1_rv32_top_clk_wiz_0_0
    BUFGCTRL_X0Y0        BUFG (Prop_bufg_I_O)         0.101     0.003 r  rv32_top_i/clk_wiz_0/inst/clkout1_buf/O
                         net (fo=12242, routed)       1.844     1.847    rv32_top_i/plat/U0/u_mmio/u_npu/u_npu/u_array/gen_row[0].gen_col[3].u_pe/S_AXI_ACLK
    DSP48_X0Y1           DSP48E1                                      r  rv32_top_i/plat/U0/u_mmio/u_npu/u_npu/u_array/gen_row[0].gen_col[3].u_pe/p_reg/CLK

Slack:                    inf
  Source:                 rv32_top_i/plat/U0/u_mmio/u_npu/u_npu/u_array/gen_row[0].gen_col[2].u_pe/p_reg/ACOUT[18]
                            (internal pin)
  Destination:            rv32_top_i/plat/U0/u_mmio/u_npu/u_npu/u_array/gen_row[0].gen_col[3].u_pe/p_reg/ACIN[18]
                            (rising edge-triggered cell DSP48E1 clocked by clk_out1_rv32_top_clk_wiz_0_0  {rise@0.000ns fall@4.717ns period=9.434ns})
  Path Group:             (none)
  Path Type:              Hold (Min at Slow Process Corner)
  Data Path Delay:        0.002ns  (logic 0.000ns (0.000%)  route 0.002ns (100.000%))
  Logic Levels:           0  
  Clock Uncertainty:      0.238ns  ((TSJ^2 + DJ^2)^1/2) / 2 + PE
    Total System Jitter     (TSJ):    0.050ns
    Discrete Jitter          (DJ):    0.154ns
    Phase Error              (PE):    0.157ns

    Location             Delay type                Incr(ns)  Path(ns)    Netlist Resource(s)
  -------------------------------------------------------------------    -------------------
    DSP48_X0Y0           DSP48E1                      0.000     0.000 r  rv32_top_i/plat/U0/u_mmio/u_npu/u_npu/u_array/gen_row[0].gen_col[2].u_pe/p_reg/ACOUT[18]
                         net (fo=1, routed)           0.002     0.002    rv32_top_i/plat/U0/u_mmio/u_npu/u_npu/u_array/gen_row[0].gen_col[3].u_pe/p_reg_3[18]
    DSP48_X0Y1           DSP48E1                                      r  rv32_top_i/plat/U0/u_mmio/u_npu/u_npu/u_array/gen_row[0].gen_col[3].u_pe/p_reg/ACIN[18]
  -------------------------------------------------------------------    -------------------

                         (clock clk_out1_rv32_top_clk_wiz_0_0 rise edge)
                                                      0.000     0.000 r  
    BUFGCTRL_X0Y16       BUFG                         0.000     0.000 r  rv32_top_i/ps7/inst/buffer_fclk_clk_0.FCLK_CLK_0_BUFG/O
                         net (fo=1, routed)           1.806     1.806    rv32_top_i/clk_wiz_0/inst/clk_in1
    MMCME2_ADV_X1Y0      MMCME2_ADV (Prop_mmcme2_adv_CLKIN1_CLKOUT0)
                                                     -3.793    -1.987 r  rv32_top_i/clk_wiz_0/inst/mmcm_adv_inst/CLKOUT0
                         net (fo=1, routed)           1.889    -0.098    rv32_top_i/clk_wiz_0/inst/clk_out1_rv32_top_clk_wiz_0_0
    BUFGCTRL_X0Y0        BUFG (Prop_bufg_I_O)         0.101     0.003 r  rv32_top_i/clk_wiz_0/inst/clkout1_buf/O
                         net (fo=12242, routed)       1.844     1.847    rv32_top_i/plat/U0/u_mmio/u_npu/u_npu/u_array/gen_row[0].gen_col[3].u_pe/S_AXI_ACLK
    DSP48_X0Y1           DSP48E1                                      r  rv32_top_i/plat/U0/u_mmio/u_npu/u_npu/u_array/gen_row[0].gen_col[3].u_pe/p_reg/CLK





