Copyright 1986-2022 Xilinx, Inc. All Rights Reserved. Copyright 2022-2025 Advanced Micro Devices, Inc. All Rights Reserved.
---------------------------------------------------------------------------------------------------------------------------------------------
| Tool Version : Vivado v.2025.2 (win64) Build 6299465 Fri Nov 14 19:35:11 GMT 2025
| Date         : Tue Jun 23 23:57:33 2026
| Host         : devot-soul-to-hw running 64-bit major release  (build 9200)
| Command      : report_timing_summary -max_paths 12 -file C:/work/github/RV32-FullStack/flash/timing_fp.rpt
| Design       : rv32_top_wrapper
| Device       : 7z020-clg400
| Speed File   : -1  PRODUCTION 1.12 2019-11-22
| Design State : Physopt postRoute
---------------------------------------------------------------------------------------------------------------------------------------------

Timing Summary Report

------------------------------------------------------------------------------------------------
| Timer Settings
| --------------
------------------------------------------------------------------------------------------------

  Enable Multi Corner Analysis               :  Yes
  Enable Pessimism Removal                   :  Yes
  Pessimism Removal Resolution               :  Nearest Common Node
  Enable Input Delay Default Clock           :  No
  Enable Preset / Clear Arcs                 :  No
  Disable Flight Delays                      :  No
  Ignore I/O Paths                           :  No
  Timing Early Launch at Borrowing Latches   :  No
  Borrow Time for Max Delay Exceptions       :  Yes
  Merge Timing Exceptions                    :  Yes
  Inter-SLR Compensation                     :  Conservative

  Corner  Analyze    Analyze    
  Name    Max Paths  Min Paths  
  ------  ---------  ---------  
  Slow    Yes        Yes        
  Fast    Yes        Yes        


------------------------------------------------------------------------------------------------
| Report Methodology
| ------------------
------------------------------------------------------------------------------------------------

Rule       Severity  Description                       Violations  
---------  --------  --------------------------------  ----------  
HPDR-1     Warning   Port pin direction inconsistency  11          
HPDR-2     Warning   Port pin INOUT inconsistency      28          
LUTAR-1    Warning   LUT drives async reset alert      9           
TIMING-16  Warning   Large setup violation             129         
TIMING-18  Warning   Missing input or output delay     92          

Note: This report is based on the most recent report_methodology run and may not be up-to-date. Run report_methodology on the current design for the latest report.



check_timing report

Table of Contents
-----------------
1. checking no_clock (0)
2. checking constant_clock (0)
3. checking pulse_width_clock (0)
4. checking unconstrained_internal_endpoints (0)
5. checking no_input_delay (37)
6. checking no_output_delay (41)
7. checking multiple_clock (0)
8. checking generated_clocks (0)
9. checking loops (0)
10. checking partial_input_delay (0)
11. checking partial_output_delay (0)
12. checking latch_loops (0)

1. checking no_clock (0)
------------------------
 There are 0 register/latch pins with no clock.


2. checking constant_clock (0)
------------------------------
 There are 0 register/latch pins with constant_clock.


3. checking pulse_width_clock (0)
---------------------------------
 There are 0 register/latch pins which need pulse_width check


4. checking unconstrained_internal_endpoints (0)
------------------------------------------------
 There are 0 pins that are not constrained for maximum delay.

 There are 0 pins that are not constrained for maximum delay due to constant clock.


5. checking no_input_delay (37)
-------------------------------
 There are 37 input ports with no input delay specified. (HIGH)

 There are 0 input ports with no input delay but user has a false path constraint.


6. checking no_output_delay (41)
--------------------------------
 There are 41 ports with no output delay specified. (HIGH)

 There are 0 ports with no output delay but user has a false path constraint

 There are 0 ports with no output delay but with a timing clock defined on it or propagating through it


7. checking multiple_clock (0)
------------------------------
 There are 0 register/latch pins with multiple clocks.


8. checking generated_clocks (0)
--------------------------------
 There are 0 generated clocks that are not connected to a clock source.


9. checking loops (0)
---------------------
 There are 0 combinational loops in the design.


10. checking partial_input_delay (0)
------------------------------------
 There are 0 input ports with partial input delay specified.


11. checking partial_output_delay (0)
-------------------------------------
 There are 0 ports with partial output delay specified.


12. checking latch_loops (0)
----------------------------
 There are 0 combinational latch loops in the design through latch input



------------------------------------------------------------------------------------------------
| Design Timing Summary
| ---------------------
------------------------------------------------------------------------------------------------

    WNS(ns)      TNS(ns)  TNS Failing Endpoints  TNS Total Endpoints      WHS(ns)      THS(ns)  THS Failing Endpoints  THS Total Endpoints     WPWS(ns)     TPWS(ns)  TPWS Failing Endpoints  TPWS Total Endpoints  
    -------      -------  ---------------------  -------------------      -------      -------  ---------------------  -------------------     --------     --------  ----------------------  --------------------  
     -1.201    -1565.235                   3657                52203        0.042        0.000                      0                52203        2.750        0.000                       0                 12353  


Timing constraints are not met.


------------------------------------------------------------------------------------------------
| Clock Summary
| -------------
------------------------------------------------------------------------------------------------

Clock       Waveform(ns)         Period(ns)      Frequency(MHz)
-----       ------------         ----------      --------------
clk_fpga_0  {0.000 4.000}        8.000           125.000         


------------------------------------------------------------------------------------------------
| Intra Clock Table
| -----------------
------------------------------------------------------------------------------------------------

Clock             WNS(ns)      TNS(ns)  TNS Failing Endpoints  TNS Total Endpoints      WHS(ns)      THS(ns)  THS Failing Endpoints  THS Total Endpoints     WPWS(ns)     TPWS(ns)  TPWS Failing Endpoints  TPWS Total Endpoints  
-----             -------      -------  ---------------------  -------------------      -------      -------  ---------------------  -------------------     --------     --------  ----------------------  --------------------  
clk_fpga_0         -1.201    -1565.235                   3657                49199        0.042        0.000                      0                49199        2.750        0.000                       0                 12353  


------------------------------------------------------------------------------------------------
| Inter Clock Table
| -----------------
------------------------------------------------------------------------------------------------

From Clock    To Clock          WNS(ns)      TNS(ns)  TNS Failing Endpoints  TNS Total Endpoints      WHS(ns)      THS(ns)  THS Failing Endpoints  THS Total Endpoints  
----------    --------          -------      -------  ---------------------  -------------------      -------      -------  ---------------------  -------------------  


------------------------------------------------------------------------------------------------
| Other Path Groups Table
| -----------------------
------------------------------------------------------------------------------------------------

Path Group         From Clock         To Clock               WNS(ns)      TNS(ns)  TNS Failing Endpoints  TNS Total Endpoints      WHS(ns)      THS(ns)  THS Failing Endpoints  THS Total Endpoints  
----------         ----------         --------               -------      -------  ---------------------  -------------------      -------      -------  ---------------------  -------------------  
**async_default**  clk_fpga_0         clk_fpga_0               0.304        0.000                      0                 3004        0.779        0.000                      0                 3004  


------------------------------------------------------------------------------------------------
| Timing Details
| --------------
------------------------------------------------------------------------------------------------


---------------------------------------------------------------------------------------------------
From Clock:  clk_fpga_0
  To Clock:  clk_fpga_0

Setup :         3657  Failing Endpoints,  Worst Slack       -1.201ns,  Total Violation    -1565.235ns
Hold  :            0  Failing Endpoints,  Worst Slack        0.042ns,  Total Violation        0.000ns
PW    :            0  Failing Endpoints,  Worst Slack        2.750ns,  Total Violation        0.000ns
---------------------------------------------------------------------------------------------------


Max Delay Paths
--------------------------------------------------------------------------------------
Slack (VIOLATED) :        -1.201ns  (required time - arrival time)
  Source:                 rv32_top_i/plat/U0/u_core/exmem_rd_reg[4]_replica/C
                            (rising edge-triggered cell FDCE clocked by clk_fpga_0  {rise@0.000ns fall@4.000ns period=8.000ns})
  Destination:            rv32_top_i/plat/U0/u_core/u_pc/pc_internal_reg[4]_rep__2/D
                            (rising edge-triggered cell FDCE clocked by clk_fpga_0  {rise@0.000ns fall@4.000ns period=8.000ns})
  Path Group:             clk_fpga_0
  Path Type:              Setup (Max at Slow Process Corner)
  Requirement:            8.000ns  (clk_fpga_0 rise@8.000ns - clk_fpga_0 rise@0.000ns)
  Data Path Delay:        8.935ns  (logic 2.208ns (24.713%)  route 6.727ns (75.287%))
  Logic Levels:           11  (CARRY4=4 LUT3=1 LUT4=1 LUT5=1 LUT6=4)
  Clock Path Skew:        -0.110ns (DCD - SCD + CPR)
    Destination Clock Delay (DCD):    2.651ns = ( 10.651 - 8.000 ) 
    Source Clock Delay      (SCD):    2.990ns
    Clock Pessimism Removal (CPR):    0.229ns
  Clock Uncertainty:      0.125ns  ((TSJ^2 + TIJ^2)^1/2 + DJ) / 2 + PE
    Total System Jitter     (TSJ):    0.071ns
    Total Input Jitter      (TIJ):    0.240ns
    Discrete Jitter          (DJ):    0.000ns
    Phase Error              (PE):    0.000ns

    Location             Delay type                Incr(ns)  Path(ns)    PBlock               Netlist Resource(s)
  -------------------------------------------------------------------    ----------------------------------------
                         (clock clk_fpga_0 rise edge)
                                                      0.000     0.000 r                       
    PS7_X0Y0             PS7                          0.000     0.000 r                       rv32_top_i/ps7/inst/PS7_i/FCLKCLK[0]
                         net (fo=1, routed)           1.193     1.193                         rv32_top_i/ps7/inst/FCLK_CLK_unbuffered[0]
    BUFGCTRL_X0Y16       BUFG (Prop_bufg_I_O)         0.101     1.294 r                       rv32_top_i/ps7/inst/buffer_fclk_clk_0.FCLK_CLK_0_BUFG/O
                         net (fo=12355, routed)       1.696     2.990                         rv32_top_i/plat/U0/u_core/S_AXI_ACLK
    SLICE_X27Y99         FDCE                                         r  pb_core              rv32_top_i/plat/U0/u_core/exmem_rd_reg[4]_replica/C
  -------------------------------------------------------------------    ----------------------------------------
    SLICE_X27Y99         FDCE (Prop_fdce_C_Q)         0.456     3.446 r  pb_core              rv32_top_i/plat/U0/u_core/exmem_rd_reg[4]_replica/Q
                         net (fo=2, routed)           0.884     4.330                         rv32_top_i/plat/U0/u_core/u_pc/exmem_rd[4]_repN_alias
    SLICE_X28Y100        LUT6 (Prop_lut6_I1_O)        0.124     4.454 r  pb_core              rv32_top_i/plat/U0/u_core/u_pc/pc_internal[31]_i_62/O
                         net (fo=5, routed)           0.571     5.024                         rv32_top_i/plat/U0/u_core/u_pc/idex_rs1_reg[4]
    SLICE_X31Y98         LUT3 (Prop_lut3_I2_O)        0.124     5.148 r  pb_core              rv32_top_i/plat/U0/u_core/u_pc/pc_internal[31]_i_31/O
                         net (fo=32, routed)          1.429     6.577                         rv32_top_i/plat/U0/u_core/u_pc/pc_internal[31]_i_31_n_0
    SLICE_X34Y98         LUT6 (Prop_lut6_I0_O)        0.124     6.701 r  pb_core              rv32_top_i/plat/U0/u_core/u_pc/pc_internal[3]_i_6/O
                         net (fo=13, routed)          1.076     7.778                         rv32_top_i/plat/U0/u_core/u_pc/fa_val[2]
    SLICE_X36Y96         LUT4 (Prop_lut4_I0_O)        0.124     7.902 r  pb_core              rv32_top_i/plat/U0/u_core/u_pc/pc_internal[31]_i_133/O
                         net (fo=1, routed)           0.000     7.902                         rv32_top_i/plat/U0/u_core/u_pc/pc_internal[31]_i_133_n_0
    SLICE_X36Y96         CARRY4 (Prop_carry4_S[1]_CO[3])
                                                      0.533     8.435 r  pb_core              rv32_top_i/plat/U0/u_core/u_pc/pc_internal_reg[31]_i_101/CO[3]
                         net (fo=1, routed)           0.000     8.435                         rv32_top_i/plat/U0/u_core/u_pc/pc_internal_reg[31]_i_101_n_0
    SLICE_X36Y97         CARRY4 (Prop_carry4_CI_CO[3])
                                                      0.117     8.552 r  pb_core              rv32_top_i/plat/U0/u_core/u_pc/pc_internal_reg[31]_i_74/CO[3]
                         net (fo=1, routed)           0.000     8.552                         rv32_top_i/plat/U0/u_core/u_pc/pc_internal_reg[31]_i_74_n_0
    SLICE_X36Y98         CARRY4 (Prop_carry4_CI_CO[3])
                                                      0.117     8.669 r  pb_core              rv32_top_i/plat/U0/u_core/u_pc/pc_internal_reg[31]_i_43/CO[3]
                         net (fo=1, routed)           0.000     8.669                         rv32_top_i/plat/U0/u_core/u_pc/pc_internal_reg[31]_i_43_n_0
    SLICE_X36Y99         CARRY4 (Prop_carry4_CI_CO[3])
                                                      0.117     8.786 f  pb_core              rv32_top_i/plat/U0/u_core/u_pc/pc_internal_reg[31]_i_29/CO[3]
                         net (fo=2, routed)           1.029     9.814                         rv32_top_i/plat/U0/u_core/u_pc/u_bcu/data3
    SLICE_X37Y88         LUT6 (Prop_lut6_I5_O)        0.124     9.938 r  pb_core              rv32_top_i/plat/U0/u_core/u_pc/pc_internal[31]_i_15_comp_1/O
                         net (fo=2, routed)           0.420    10.359                         rv32_top_i/plat/U0/u_core/u_pc/idex_funct3_reg[2]_repN_1
    SLICE_X37Y90         LUT6 (Prop_lut6_I2_O)        0.124    10.483 r  pb_core              rv32_top_i/plat/U0/u_core/u_pc/pc_internal[31]_i_6_comp_1/O
                         net (fo=78, routed)          0.706    11.189                         rv32_top_i/plat/U0/u_core/u_npc/ex_pc_src
    SLICE_X38Y83         LUT5 (Prop_lut5_I3_O)        0.124    11.313 r  pb_core              rv32_top_i/plat/U0/u_core/u_npc/pc_internal[4]_rep_i_1__2/O
                         net (fo=1, routed)           0.612    11.925                         rv32_top_i/plat/U0/u_core/u_pc/pc_internal_reg[4]_rep__2_0
    SLICE_X38Y83         FDCE                                         r  pb_core              rv32_top_i/plat/U0/u_core/u_pc/pc_internal_reg[4]_rep__2/D
  -------------------------------------------------------------------    ----------------------------------------

                         (clock clk_fpga_0 rise edge)
                                                      8.000     8.000 r                       
    PS7_X0Y0             PS7                          0.000     8.000 r                       rv32_top_i/ps7/inst/PS7_i/FCLKCLK[0]
                         net (fo=1, routed)           1.088     9.088                         rv32_top_i/ps7/inst/FCLK_CLK_unbuffered[0]
    BUFGCTRL_X0Y16       BUFG (Prop_bufg_I_O)         0.091     9.179 r                       rv32_top_i/ps7/inst/buffer_fclk_clk_0.FCLK_CLK_0_BUFG/O
                         net (fo=12355, routed)       1.472    10.651                         rv32_top_i/plat/U0/u_core/u_pc/S_AXI_ACLK
    SLICE_X38Y83         FDCE                                         r  pb_core              rv32_top_i/plat/U0/u_core/u_pc/pc_internal_reg[4]_rep__2/C
                         clock pessimism              0.229    10.880                           
                         clock uncertainty           -0.125    10.755                           
    SLICE_X38Y83         FDCE (Setup_fdce_C_D)       -0.031    10.724    pb_core                rv32_top_i/plat/U0/u_core/u_pc/pc_internal_reg[4]_rep__2
  -------------------------------------------------------------------
                         required time                         10.724                           
                         arrival time                         -11.925                           
  -------------------------------------------------------------------
                         slack                                 -1.201                           

Slack (VIOLATED) :        -1.182ns  (required time - arrival time)
  Source:                 rv32_top_i/plat/U0/u_core/memwb_rd_reg[3]_replica/C
                            (rising edge-triggered cell FDCE clocked by clk_fpga_0  {rise@0.000ns fall@4.000ns period=8.000ns})
  Destination:            rv32_top_i/plat/U0/u_core/exmem_alu_result_reg[5]_rep/D
                            (rising edge-triggered cell FDCE clocked by clk_fpga_0  {rise@0.000ns fall@4.000ns period=8.000ns})
  Path Group:             clk_fpga_0
  Path Type:              Setup (Max at Slow Process Corner)
  Requirement:            8.000ns  (clk_fpga_0 rise@8.000ns - clk_fpga_0 rise@0.000ns)
  Data Path Delay:        8.693ns  (logic 1.448ns (16.657%)  route 7.245ns (83.343%))
  Logic Levels:           8  (LUT3=1 LUT6=7)
  Clock Path Skew:        -0.395ns (DCD - SCD + CPR)
    Destination Clock Delay (DCD):    2.658ns = ( 10.658 - 8.000 ) 
    Source Clock Delay      (SCD):    3.182ns
    Clock Pessimism Removal (CPR):    0.129ns
  Clock Uncertainty:      0.125ns  ((TSJ^2 + TIJ^2)^1/2 + DJ) / 2 + PE
    Total System Jitter     (TSJ):    0.071ns
    Total Input Jitter      (TIJ):    0.240ns
    Discrete Jitter          (DJ):    0.000ns
    Phase Error              (PE):    0.000ns

    Location             Delay type                Incr(ns)  Path(ns)    PBlock               Netlist Resource(s)
  -------------------------------------------------------------------    ----------------------------------------
                         (clock clk_fpga_0 rise edge)
                                                      0.000     0.000 r                       
    PS7_X0Y0             PS7                          0.000     0.000 r                       rv32_top_i/ps7/inst/PS7_i/FCLKCLK[0]
                         net (fo=1, routed)           1.193     1.193                         rv32_top_i/ps7/inst/FCLK_CLK_unbuffered[0]
    BUFGCTRL_X0Y16       BUFG (Prop_bufg_I_O)         0.101     1.294 r                       rv32_top_i/ps7/inst/buffer_fclk_clk_0.FCLK_CLK_0_BUFG/O
                         net (fo=12355, routed)       1.888     3.182                         rv32_top_i/plat/U0/u_core/S_AXI_ACLK
    SLICE_X27Y100        FDCE                                         r  pb_core              rv32_top_i/plat/U0/u_core/memwb_rd_reg[3]_replica/C
  -------------------------------------------------------------------    ----------------------------------------
    SLICE_X27Y100        FDCE (Prop_fdce_C_Q)         0.456     3.638 r  pb_core              rv32_top_i/plat/U0/u_core/memwb_rd_reg[3]_replica/Q
                         net (fo=4, routed)           0.625     4.263                         rv32_top_i/plat/U0/u_core/u_pc/memwb_rd_reg[4]_0[3]_repN_alias
    SLICE_X29Y98         LUT6 (Prop_lut6_I3_O)        0.124     4.387 f  pb_core              rv32_top_i/plat/U0/u_core/u_pc/pc_internal[31]_i_64/O
                         net (fo=3, routed)           0.823     5.210                         rv32_top_i/plat/U0/u_core/u_pc/idex_rs1_reg[4]_0
    SLICE_X31Y99         LUT6 (Prop_lut6_I5_O)        0.124     5.334 f  pb_core              rv32_top_i/plat/U0/u_core/u_pc/pc_internal[31]_i_32/O
                         net (fo=32, routed)          0.713     6.047                         rv32_top_i/plat/U0/u_core/u_pc/pc_internal[31]_i_32_n_0
    SLICE_X30Y98         LUT6 (Prop_lut6_I3_O)        0.124     6.171 r  pb_core              rv32_top_i/plat/U0/u_core/u_pc/pc_internal[11]_i_8/O
                         net (fo=13, routed)          1.084     7.255                         rv32_top_i/plat/U0/u_core/fa_val[9]
    SLICE_X43Y96         LUT3 (Prop_lut3_I1_O)        0.124     7.379 r  pb_core              rv32_top_i/plat/U0/u_core/exmem_alu_result[12]_i_13/O
                         net (fo=17, routed)          1.280     8.659                         rv32_top_i/plat/U0/u_core/alu_a[9]
    SLICE_X34Y101        LUT6 (Prop_lut6_I2_O)        0.124     8.783 r  pb_core              rv32_top_i/plat/U0/u_core/exmem_alu_result[9]_i_11/O
                         net (fo=3, routed)           0.989     9.772                         rv32_top_i/plat/U0/u_core/exmem_alu_result[9]_i_11_n_0
    SLICE_X31Y102        LUT6 (Prop_lut6_I5_O)        0.124     9.896 r  pb_core              rv32_top_i/plat/U0/u_core/exmem_alu_result[5]_i_12/O
                         net (fo=1, routed)           0.811    10.707                         rv32_top_i/plat/U0/u_core/exmem_alu_result[5]_i_12_n_0
    SLICE_X30Y100        LUT6 (Prop_lut6_I5_O)        0.124    10.831 r  pb_core              rv32_top_i/plat/U0/u_core/exmem_alu_result[5]_i_3/O
                         net (fo=11, routed)          0.920    11.751                         rv32_top_i/plat/U0/u_core/exmem_alu_result[5]_i_3_n_0
    SLICE_X33Y93         LUT6 (Prop_lut6_I3_O)        0.124    11.875 r  pb_core              rv32_top_i/plat/U0/u_core/exmem_alu_result[5]_rep_i_1/O
                         net (fo=1, routed)           0.000    11.875                         rv32_top_i/plat/U0/u_core/exmem_alu_result[5]_rep_i_1_n_0
    SLICE_X33Y93         FDCE                                         r  pb_core              rv32_top_i/plat/U0/u_core/exmem_alu_result_reg[5]_rep/D
  -------------------------------------------------------------------    ----------------------------------------

                         (clock clk_fpga_0 rise edge)
                                                      8.000     8.000 r                       
    PS7_X0Y0             PS7                          0.000     8.000 r                       rv32_top_i/ps7/inst/PS7_i/FCLKCLK[0]
                         net (fo=1, routed)           1.088     9.088                         rv32_top_i/ps7/inst/FCLK_CLK_unbuffered[0]
    BUFGCTRL_X0Y16       BUFG (Prop_bufg_I_O)         0.091     9.179 r                       rv32_top_i/ps7/inst/buffer_fclk_clk_0.FCLK_CLK_0_BUFG/O
                         net (fo=12355, routed)       1.479    10.658                         rv32_top_i/plat/U0/u_core/S_AXI_ACLK
    SLICE_X33Y93         FDCE                                         r  pb_core              rv32_top_i/plat/U0/u_core/exmem_alu_result_reg[5]_rep/C
                         clock pessimism              0.129    10.787                           
                         clock uncertainty           -0.125    10.662                           
    SLICE_X33Y93         FDCE (Setup_fdce_C_D)        0.031    10.693    pb_core                rv32_top_i/plat/U0/u_core/exmem_alu_result_reg[5]_rep
  -------------------------------------------------------------------
                         required time                         10.693                           
                         arrival time                         -11.875                           
  -------------------------------------------------------------------
                         slack                                 -1.182                           

Slack (VIOLATED) :        -1.159ns  (required time - arrival time)
  Source:                 rv32_top_i/plat/U0/u_core/exmem_rd_reg[1]_replica/C
                            (rising edge-triggered cell FDCE clocked by clk_fpga_0  {rise@0.000ns fall@4.000ns period=8.000ns})
  Destination:            rv32_top_i/plat/U0/u_core/exmem_alu_result_reg[27]/D
                            (rising edge-triggered cell FDCE clocked by clk_fpga_0  {rise@0.000ns fall@4.000ns period=8.000ns})
  Path Group:             clk_fpga_0
  Path Type:              Setup (Max at Slow Process Corner)
  Requirement:            8.000ns  (clk_fpga_0 rise@8.000ns - clk_fpga_0 rise@0.000ns)
  Data Path Delay:        9.029ns  (logic 2.949ns (32.663%)  route 6.080ns (67.337%))
  Logic Levels:           14  (CARRY4=6 LUT2=1 LUT3=2 LUT5=1 LUT6=4)
  Clock Path Skew:        -0.034ns (DCD - SCD + CPR)
    Destination Clock Delay (DCD):    2.831ns = ( 10.831 - 8.000 ) 
    Source Clock Delay      (SCD):    2.994ns
    Clock Pessimism Removal (CPR):    0.129ns
  Clock Uncertainty:      0.125ns  ((TSJ^2 + TIJ^2)^1/2 + DJ) / 2 + PE
    Total System Jitter     (TSJ):    0.071ns
    Total Input Jitter      (TIJ):    0.240ns
    Discrete Jitter          (DJ):    0.000ns
    Phase Error              (PE):    0.000ns

    Location             Delay type                Incr(ns)  Path(ns)    PBlock               Netlist Resource(s)
  -------------------------------------------------------------------    ----------------------------------------
                         (clock clk_fpga_0 rise edge)
                                                      0.000     0.000 r                       
    PS7_X0Y0             PS7                          0.000     0.000 r                       rv32_top_i/ps7/inst/PS7_i/FCLKCLK[0]
                         net (fo=1, routed)           1.193     1.193                         rv32_top_i/ps7/inst/FCLK_CLK_unbuffered[0]
    BUFGCTRL_X0Y16       BUFG (Prop_bufg_I_O)         0.101     1.294 r                       rv32_top_i/ps7/inst/buffer_fclk_clk_0.FCLK_CLK_0_BUFG/O
                         net (fo=12355, routed)       1.700     2.994                         rv32_top_i/plat/U0/u_core/S_AXI_ACLK
    SLICE_X31Y99         FDCE                                         r  pb_core              rv32_top_i/plat/U0/u_core/exmem_rd_reg[1]_replica/C
  -------------------------------------------------------------------    ----------------------------------------
    SLICE_X31Y99         FDCE (Prop_fdce_C_Q)         0.456     3.450 f  pb_core              rv32_top_i/plat/U0/u_core/exmem_rd_reg[1]_replica/Q
                         net (fo=3, routed)           0.814     4.264                         rv32_top_i/plat/U0/u_core/u_pc/exmem_rd[1]_repN_alias
    SLICE_X28Y99         LUT6 (Prop_lut6_I1_O)        0.124     4.388 f  pb_core              rv32_top_i/plat/U0/u_core/u_pc/exmem_store[31]_i_6/O
                         net (fo=10, routed)          0.950     5.339                         rv32_top_i/plat/U0/u_core/u_pc/p_7_in
    SLICE_X26Y100        LUT6 (Prop_lut6_I4_O)        0.124     5.463 r  pb_core              rv32_top_i/plat/U0/u_core/u_pc/exmem_store[31]_i_4/O
                         net (fo=36, routed)          1.022     6.484                         rv32_top_i/plat/U0/u_core/u_pc/exmem_store[31]_i_4_n_0
    SLICE_X29Y94         LUT6 (Prop_lut6_I5_O)        0.124     6.608 r  pb_core              rv32_top_i/plat/U0/u_core/u_pc/exmem_store[5]_i_1/O
                         net (fo=10, routed)          0.766     7.374                         rv32_top_i/plat/U0/u_core/fb_val[5]
    SLICE_X39Y94         LUT3 (Prop_lut3_I1_O)        0.124     7.498 r  pb_core              rv32_top_i/plat/U0/u_core/exmem_alu_result[5]_i_14/O
                         net (fo=8, routed)           0.738     8.237                         rv32_top_i/plat/U0/u_core/alu_b[5]
    SLICE_X41Y97         LUT2 (Prop_lut2_I1_O)        0.124     8.361 r  pb_core              rv32_top_i/plat/U0/u_core/exmem_alu_result[7]_i_29/O
                         net (fo=1, routed)           0.000     8.361                         rv32_top_i/plat/U0/u_core/exmem_alu_result[7]_i_29_n_0
    SLICE_X41Y97         CARRY4 (Prop_carry4_S[1]_CO[3])
                                                      0.550     8.911 r  pb_core              rv32_top_i/plat/U0/u_core/exmem_alu_result_reg[7]_i_15/CO[3]
                         net (fo=1, routed)           0.000     8.911                         rv32_top_i/plat/U0/u_core/exmem_alu_result_reg[7]_i_15_n_0
    SLICE_X41Y98         CARRY4 (Prop_carry4_CI_CO[3])
                                                      0.114     9.025 r  pb_core              rv32_top_i/plat/U0/u_core/exmem_alu_result_reg[10]_i_10/CO[3]
                         net (fo=1, routed)           0.000     9.025                         rv32_top_i/plat/U0/u_core/exmem_alu_result_reg[10]_i_10_n_0
    SLICE_X41Y99         CARRY4 (Prop_carry4_CI_CO[3])
                                                      0.114     9.139 r  pb_core              rv32_top_i/plat/U0/u_core/exmem_alu_result_reg[16]_i_17/CO[3]
                         net (fo=1, routed)           0.001     9.139                         rv32_top_i/plat/U0/u_core/exmem_alu_result_reg[16]_i_17_n_0
    SLICE_X41Y100        CARRY4 (Prop_carry4_CI_CO[3])
                                                      0.114     9.253 r  pb_core              rv32_top_i/plat/U0/u_core/exmem_alu_result_reg[16]_i_7/CO[3]
                         net (fo=1, routed)           0.000     9.253                         rv32_top_i/plat/U0/u_core/exmem_alu_result_reg[16]_i_7_n_0
    SLICE_X41Y101        CARRY4 (Prop_carry4_CI_CO[3])
                                                      0.114     9.367 r  pb_core              rv32_top_i/plat/U0/u_core/exmem_alu_result_reg[26]_i_17/CO[3]
                         net (fo=1, routed)           0.000     9.367                         rv32_top_i/plat/U0/u_core/exmem_alu_result_reg[26]_i_17_n_0
    SLICE_X41Y102        CARRY4 (Prop_carry4_CI_O[3])
                                                      0.313     9.680 r  pb_core              rv32_top_i/plat/U0/u_core/exmem_alu_result_reg[26]_i_11/O[3]
                         net (fo=1, routed)           0.579    10.259                         rv32_top_i/plat/U0/u_core/u_alu/data0[27]
    SLICE_X41Y107        LUT5 (Prop_lut5_I3_O)        0.306    10.565 r  pb_core              rv32_top_i/plat/U0/u_core/exmem_alu_result[27]_i_10/O
                         net (fo=1, routed)           0.545    11.110                         rv32_top_i/plat/U0/u_core/exmem_alu_result[27]_i_10_n_0
    SLICE_X41Y108        LUT3 (Prop_lut3_I0_O)        0.124    11.234 r  pb_core              rv32_top_i/plat/U0/u_core/exmem_alu_result[27]_i_5/O
                         net (fo=1, routed)           0.665    11.899                         rv32_top_i/plat/U0/u_core/exmem_alu_result[27]_i_5_n_0
    SLICE_X41Y108        LUT6 (Prop_lut6_I4_O)        0.124    12.023 r  pb_core              rv32_top_i/plat/U0/u_core/exmem_alu_result[27]_i_1/O
                         net (fo=1, routed)           0.000    12.023                         rv32_top_i/plat/U0/u_core/exmem_alu_result[27]_i_1_n_0
    SLICE_X41Y108        FDCE                                         r  pb_core              rv32_top_i/plat/U0/u_core/exmem_alu_result_reg[27]/D
  -------------------------------------------------------------------    ----------------------------------------

                         (clock clk_fpga_0 rise edge)
                                                      8.000     8.000 r                       
    PS7_X0Y0             PS7                          0.000     8.000 r                       rv32_top_i/ps7/inst/PS7_i/FCLKCLK[0]
                         net (fo=1, routed)           1.088     9.088                         rv32_top_i/ps7/inst/FCLK_CLK_unbuffered[0]
    BUFGCTRL_X0Y16       BUFG (Prop_bufg_I_O)         0.091     9.179 r                       rv32_top_i/ps7/inst/buffer_fclk_clk_0.FCLK_CLK_0_BUFG/O
                         net (fo=12355, routed)       1.652    10.831                         rv32_top_i/plat/U0/u_core/S_AXI_ACLK
    SLICE_X41Y108        FDCE                                         r  pb_core              rv32_top_i/plat/U0/u_core/exmem_alu_result_reg[27]/C
                         clock pessimism              0.129    10.960                           
                         clock uncertainty           -0.125    10.835                           
    SLICE_X41Y108        FDCE (Setup_fdce_C_D)        0.029    10.864    pb_core                rv32_top_i/plat/U0/u_core/exmem_alu_result_reg[27]
  -------------------------------------------------------------------
                         required time                         10.864                           
                         arrival time                         -12.023                           
  -------------------------------------------------------------------
                         slack                                 -1.159                           

Slack (VIOLATED) :        -1.150ns  (required time - arrival time)
  Source:                 rv32_top_i/plat/U0/u_core/exmem_rd_reg[1]_replica/C
                            (rising edge-triggered cell FDCE clocked by clk_fpga_0  {rise@0.000ns fall@4.000ns period=8.000ns})
  Destination:            rv32_top_i/plat/U0/u_core/exmem_alu_result_reg[0]/D
                            (rising edge-triggered cell FDCE clocked by clk_fpga_0  {rise@0.000ns fall@4.000ns period=8.000ns})
  Path Group:             clk_fpga_0
  Path Type:              Setup (Max at Slow Process Corner)
  Requirement:            8.000ns  (clk_fpga_0 rise@8.000ns - clk_fpga_0 rise@0.000ns)
  Data Path Delay:        8.945ns  (logic 1.709ns (19.105%)  route 7.236ns (80.895%))
  Logic Levels:           8  (CARRY4=1 LUT3=1 LUT6=6)
  Clock Path Skew:        -0.109ns (DCD - SCD + CPR)
    Destination Clock Delay (DCD):    2.656ns = ( 10.656 - 8.000 ) 
    Source Clock Delay      (SCD):    2.994ns
    Clock Pessimism Removal (CPR):    0.229ns
  Clock Uncertainty:      0.125ns  ((TSJ^2 + TIJ^2)^1/2 + DJ) / 2 + PE
    Total System Jitter     (TSJ):    0.071ns
    Total Input Jitter      (TIJ):    0.240ns
    Discrete Jitter          (DJ):    0.000ns
    Phase Error              (PE):    0.000ns

    Location             Delay type                Incr(ns)  Path(ns)    PBlock               Netlist Resource(s)
  -------------------------------------------------------------------    ----------------------------------------
                         (clock clk_fpga_0 rise edge)
                                                      0.000     0.000 r                       
    PS7_X0Y0             PS7                          0.000     0.000 r                       rv32_top_i/ps7/inst/PS7_i/FCLKCLK[0]
                         net (fo=1, routed)           1.193     1.193                         rv32_top_i/ps7/inst/FCLK_CLK_unbuffered[0]
    BUFGCTRL_X0Y16       BUFG (Prop_bufg_I_O)         0.101     1.294 r                       rv32_top_i/ps7/inst/buffer_fclk_clk_0.FCLK_CLK_0_BUFG/O
                         net (fo=12355, routed)       1.700     2.994                         rv32_top_i/plat/U0/u_core/S_AXI_ACLK
    SLICE_X31Y99         FDCE                                         r  pb_core              rv32_top_i/plat/U0/u_core/exmem_rd_reg[1]_replica/C
  -------------------------------------------------------------------    ----------------------------------------
    SLICE_X31Y99         FDCE (Prop_fdce_C_Q)         0.456     3.450 f  pb_core              rv32_top_i/plat/U0/u_core/exmem_rd_reg[1]_replica/Q
                         net (fo=3, routed)           0.814     4.264                         rv32_top_i/plat/U0/u_core/u_pc/exmem_rd[1]_repN_alias
    SLICE_X28Y99         LUT6 (Prop_lut6_I1_O)        0.124     4.388 f  pb_core              rv32_top_i/plat/U0/u_core/u_pc/exmem_store[31]_i_6/O
                         net (fo=10, routed)          0.950     5.339                         rv32_top_i/plat/U0/u_core/u_pc/p_7_in
    SLICE_X26Y100        LUT6 (Prop_lut6_I4_O)        0.124     5.463 r  pb_core              rv32_top_i/plat/U0/u_core/u_pc/exmem_store[31]_i_4/O
                         net (fo=36, routed)          1.380     6.842                         rv32_top_i/plat/U0/u_core/u_pc/exmem_store[31]_i_4_n_0
    SLICE_X33Y101        LUT6 (Prop_lut6_I5_O)        0.124     6.966 r  pb_core              rv32_top_i/plat/U0/u_core/u_pc/exmem_store[30]_i_1/O
                         net (fo=10, routed)          0.568     7.534                         rv32_top_i/plat/U0/u_core/fb_val[30]
    SLICE_X31Y103        LUT3 (Prop_lut3_I1_O)        0.124     7.658 r  pb_core              rv32_top_i/plat/U0/u_core/exmem_alu_result[30]_i_20/O
                         net (fo=8, routed)           0.926     8.584                         rv32_top_i/plat/U0/u_core/alu_b[30]
    SLICE_X40Y104        LUT6 (Prop_lut6_I0_O)        0.124     8.708 r  pb_core              rv32_top_i/plat/U0/u_core/exmem_alu_result[0]_i_40/O
                         net (fo=1, routed)           0.767     9.475                         rv32_top_i/plat/U0/u_core/exmem_alu_result[0]_i_40_n_0
    SLICE_X44Y101        CARRY4 (Prop_carry4_DI[3]_CO[3])
                                                      0.385     9.860 r  pb_core              rv32_top_i/plat/U0/u_core/exmem_alu_result_reg[0]_i_15/CO[3]
                         net (fo=1, routed)           1.041    10.901                         rv32_top_i/plat/U0/u_core/u_alu/data9
    SLICE_X48Y99         LUT6 (Prop_lut6_I5_O)        0.124    11.025 r  pb_core              rv32_top_i/plat/U0/u_core/exmem_alu_result[0]_i_6/O
                         net (fo=1, routed)           0.791    11.815                         rv32_top_i/plat/U0/u_core/exmem_alu_result[0]_i_6_n_0
    SLICE_X48Y94         LUT6 (Prop_lut6_I5_O)        0.124    11.939 r  pb_core              rv32_top_i/plat/U0/u_core/exmem_alu_result[0]_i_1_comp/O
                         net (fo=1, routed)           0.000    11.939                         rv32_top_i/plat/U0/u_core/exmem_alu_result[0]_i_1_n_0
    SLICE_X48Y94         FDCE                                         r  pb_core              rv32_top_i/plat/U0/u_core/exmem_alu_result_reg[0]/D
  -------------------------------------------------------------------    ----------------------------------------

                         (clock clk_fpga_0 rise edge)
                                                      8.000     8.000 r                       
    PS7_X0Y0             PS7                          0.000     8.000 r                       rv32_top_i/ps7/inst/PS7_i/FCLKCLK[0]
                         net (fo=1, routed)           1.088     9.088                         rv32_top_i/ps7/inst/FCLK_CLK_unbuffered[0]
    BUFGCTRL_X0Y16       BUFG (Prop_bufg_I_O)         0.091     9.179 r                       rv32_top_i/ps7/inst/buffer_fclk_clk_0.FCLK_CLK_0_BUFG/O
                         net (fo=12355, routed)       1.477    10.656                         rv32_top_i/plat/U0/u_core/S_AXI_ACLK
    SLICE_X48Y94         FDCE                                         r  pb_core              rv32_top_i/plat/U0/u_core/exmem_alu_result_reg[0]/C
                         clock pessimism              0.229    10.885                           
                         clock uncertainty           -0.125    10.760                           
    SLICE_X48Y94         FDCE (Setup_fdce_C_D)        0.029    10.789    pb_core                rv32_top_i/plat/U0/u_core/exmem_alu_result_reg[0]
  -------------------------------------------------------------------
                         required time                         10.789                           
                         arrival time                         -11.939                           
  -------------------------------------------------------------------
                         slack                                 -1.150                           

Slack (VIOLATED) :        -1.142ns  (required time - arrival time)
  Source:                 rv32_top_i/plat/U0/u_core/exmem_rd_reg[1]_replica/C
                            (rising edge-triggered cell FDCE clocked by clk_fpga_0  {rise@0.000ns fall@4.000ns period=8.000ns})
  Destination:            rv32_top_i/plat/U0/u_core/exmem_alu_result_reg[24]/D
                            (rising edge-triggered cell FDCE clocked by clk_fpga_0  {rise@0.000ns fall@4.000ns period=8.000ns})
  Path Group:             clk_fpga_0
  Path Type:              Setup (Max at Slow Process Corner)
  Requirement:            8.000ns  (clk_fpga_0 rise@8.000ns - clk_fpga_0 rise@0.000ns)
  Data Path Delay:        9.012ns  (logic 2.975ns (33.011%)  route 6.037ns (66.989%))
  Logic Levels:           15  (CARRY4=6 LUT2=1 LUT3=1 LUT4=1 LUT6=6)
  Clock Path Skew:        -0.034ns (DCD - SCD + CPR)
    Destination Clock Delay (DCD):    2.831ns = ( 10.831 - 8.000 ) 
    Source Clock Delay      (SCD):    2.994ns
    Clock Pessimism Removal (CPR):    0.129ns
  Clock Uncertainty:      0.125ns  ((TSJ^2 + TIJ^2)^1/2 + DJ) / 2 + PE
    Total System Jitter     (TSJ):    0.071ns
    Total Input Jitter      (TIJ):    0.240ns
    Discrete Jitter          (DJ):    0.000ns
    Phase Error              (PE):    0.000ns

    Location             Delay type                Incr(ns)  Path(ns)    PBlock               Netlist Resource(s)
  -------------------------------------------------------------------    ----------------------------------------
                         (clock clk_fpga_0 rise edge)
                                                      0.000     0.000 r                       
    PS7_X0Y0             PS7                          0.000     0.000 r                       rv32_top_i/ps7/inst/PS7_i/FCLKCLK[0]
                         net (fo=1, routed)           1.193     1.193                         rv32_top_i/ps7/inst/FCLK_CLK_unbuffered[0]
    BUFGCTRL_X0Y16       BUFG (Prop_bufg_I_O)         0.101     1.294 r                       rv32_top_i/ps7/inst/buffer_fclk_clk_0.FCLK_CLK_0_BUFG/O
                         net (fo=12355, routed)       1.700     2.994                         rv32_top_i/plat/U0/u_core/S_AXI_ACLK
    SLICE_X31Y99         FDCE                                         r  pb_core              rv32_top_i/plat/U0/u_core/exmem_rd_reg[1]_replica/C
  -------------------------------------------------------------------    ----------------------------------------
    SLICE_X31Y99         FDCE (Prop_fdce_C_Q)         0.456     3.450 f  pb_core              rv32_top_i/plat/U0/u_core/exmem_rd_reg[1]_replica/Q
                         net (fo=3, routed)           0.814     4.264                         rv32_top_i/plat/U0/u_core/u_pc/exmem_rd[1]_repN_alias
    SLICE_X28Y99         LUT6 (Prop_lut6_I1_O)        0.124     4.388 f  pb_core              rv32_top_i/plat/U0/u_core/u_pc/exmem_store[31]_i_6/O
                         net (fo=10, routed)          0.950     5.339                         rv32_top_i/plat/U0/u_core/u_pc/p_7_in
    SLICE_X26Y100        LUT6 (Prop_lut6_I4_O)        0.124     5.463 r  pb_core              rv32_top_i/plat/U0/u_core/u_pc/exmem_store[31]_i_4/O
                         net (fo=36, routed)          1.022     6.484                         rv32_top_i/plat/U0/u_core/u_pc/exmem_store[31]_i_4_n_0
    SLICE_X29Y94         LUT6 (Prop_lut6_I5_O)        0.124     6.608 r  pb_core              rv32_top_i/plat/U0/u_core/u_pc/exmem_store[5]_i_1/O
                         net (fo=10, routed)          0.766     7.374                         rv32_top_i/plat/U0/u_core/fb_val[5]
    SLICE_X39Y94         LUT3 (Prop_lut3_I1_O)        0.124     7.498 r  pb_core              rv32_top_i/plat/U0/u_core/exmem_alu_result[5]_i_14/O
                         net (fo=8, routed)           0.738     8.237                         rv32_top_i/plat/U0/u_core/alu_b[5]
    SLICE_X41Y97         LUT2 (Prop_lut2_I1_O)        0.124     8.361 r  pb_core              rv32_top_i/plat/U0/u_core/exmem_alu_result[7]_i_29/O
                         net (fo=1, routed)           0.000     8.361                         rv32_top_i/plat/U0/u_core/exmem_alu_result[7]_i_29_n_0
    SLICE_X41Y97         CARRY4 (Prop_carry4_S[1]_CO[3])
                                                      0.550     8.911 r  pb_core              rv32_top_i/plat/U0/u_core/exmem_alu_result_reg[7]_i_15/CO[3]
                         net (fo=1, routed)           0.000     8.911                         rv32_top_i/plat/U0/u_core/exmem_alu_result_reg[7]_i_15_n_0
    SLICE_X41Y98         CARRY4 (Prop_carry4_CI_CO[3])
                                                      0.114     9.025 r  pb_core              rv32_top_i/plat/U0/u_core/exmem_alu_result_reg[10]_i_10/CO[3]
                         net (fo=1, routed)           0.000     9.025                         rv32_top_i/plat/U0/u_core/exmem_alu_result_reg[10]_i_10_n_0
    SLICE_X41Y99         CARRY4 (Prop_carry4_CI_CO[3])
                                                      0.114     9.139 r  pb_core              rv32_top_i/plat/U0/u_core/exmem_alu_result_reg[16]_i_17/CO[3]
                         net (fo=1, routed)           0.001     9.139                         rv32_top_i/plat/U0/u_core/exmem_alu_result_reg[16]_i_17_n_0
    SLICE_X41Y100        CARRY4 (Prop_carry4_CI_CO[3])
                                                      0.114     9.253 r  pb_core              rv32_top_i/plat/U0/u_core/exmem_alu_result_reg[16]_i_7/CO[3]
                         net (fo=1, routed)           0.000     9.253                         rv32_top_i/plat/U0/u_core/exmem_alu_result_reg[16]_i_7_n_0
    SLICE_X41Y101        CARRY4 (Prop_carry4_CI_CO[3])
                                                      0.114     9.367 r  pb_core              rv32_top_i/plat/U0/u_core/exmem_alu_result_reg[26]_i_17/CO[3]
                         net (fo=1, routed)           0.000     9.367                         rv32_top_i/plat/U0/u_core/exmem_alu_result_reg[26]_i_17_n_0
    SLICE_X41Y102        CARRY4 (Prop_carry4_CI_O[0])
                                                      0.222     9.589 r  pb_core              rv32_top_i/plat/U0/u_core/exmem_alu_result_reg[26]_i_11/O[0]
                         net (fo=1, routed)           0.730    10.319                         rv32_top_i/plat/U0/u_core/u_alu/data0[24]
    SLICE_X41Y104        LUT4 (Prop_lut4_I0_O)        0.299    10.618 r  pb_core              rv32_top_i/plat/U0/u_core/exmem_alu_result[24]_i_15/O
                         net (fo=1, routed)           0.287    10.905                         rv32_top_i/plat/U0/u_core/exmem_alu_result[24]_i_15_n_0
    SLICE_X43Y104        LUT6 (Prop_lut6_I5_O)        0.124    11.029 r  pb_core              rv32_top_i/plat/U0/u_core/exmem_alu_result[24]_i_10/O
                         net (fo=1, routed)           0.434    11.464                         rv32_top_i/plat/U0/u_core/exmem_alu_result[24]_i_10_n_0
    SLICE_X44Y105        LUT6 (Prop_lut6_I0_O)        0.124    11.588 r  pb_core              rv32_top_i/plat/U0/u_core/exmem_alu_result[24]_i_4/O
                         net (fo=1, routed)           0.294    11.882                         rv32_top_i/plat/U0/u_core/exmem_alu_result[24]_i_4_n_0
    SLICE_X45Y105        LUT6 (Prop_lut6_I4_O)        0.124    12.006 r  pb_core              rv32_top_i/plat/U0/u_core/exmem_alu_result[24]_i_1/O
                         net (fo=1, routed)           0.000    12.006                         rv32_top_i/plat/U0/u_core/exmem_alu_result[24]_i_1_n_0
    SLICE_X45Y105        FDCE                                         r  pb_core              rv32_top_i/plat/U0/u_core/exmem_alu_result_reg[24]/D
  -------------------------------------------------------------------    ----------------------------------------

                         (clock clk_fpga_0 rise edge)
                                                      8.000     8.000 r                       
    PS7_X0Y0             PS7                          0.000     8.000 r                       rv32_top_i/ps7/inst/PS7_i/FCLKCLK[0]
                         net (fo=1, routed)           1.088     9.088                         rv32_top_i/ps7/inst/FCLK_CLK_unbuffered[0]
    BUFGCTRL_X0Y16       BUFG (Prop_bufg_I_O)         0.091     9.179 r                       rv32_top_i/ps7/inst/buffer_fclk_clk_0.FCLK_CLK_0_BUFG/O
                         net (fo=12355, routed)       1.652    10.831                         rv32_top_i/plat/U0/u_core/S_AXI_ACLK
    SLICE_X45Y105        FDCE                                         r  pb_core              rv32_top_i/plat/U0/u_core/exmem_alu_result_reg[24]/C
                         clock pessimism              0.129    10.960                           
                         clock uncertainty           -0.125    10.835                           
    SLICE_X45Y105        FDCE (Setup_fdce_C_D)        0.029    10.864    pb_core                rv32_top_i/plat/U0/u_core/exmem_alu_result_reg[24]
  -------------------------------------------------------------------
                         required time                         10.864                           
                         arrival time                         -12.006                           
  -------------------------------------------------------------------
                         slack                                 -1.142                           

Slack (VIOLATED) :        -1.132ns  (required time - arrival time)
  Source:                 rv32_top_i/plat/U0/u_core/exmem_rd_reg[4]_replica/C
                            (rising edge-triggered cell FDCE clocked by clk_fpga_0  {rise@0.000ns fall@4.000ns period=8.000ns})
  Destination:            rv32_top_i/plat/U0/u_core/u_pc/pc_internal_reg[11]_rep__0/D
                            (rising edge-triggered cell FDCE clocked by clk_fpga_0  {rise@0.000ns fall@4.000ns period=8.000ns})
  Path Group:             clk_fpga_0
  Path Type:              Setup (Max at Slow Process Corner)
  Requirement:            8.000ns  (clk_fpga_0 rise@8.000ns - clk_fpga_0 rise@0.000ns)
  Data Path Delay:        8.886ns  (logic 2.208ns (24.847%)  route 6.678ns (75.153%))
  Logic Levels:           11  (CARRY4=4 LUT3=1 LUT4=1 LUT5=1 LUT6=4)
  Clock Path Skew:        -0.108ns (DCD - SCD + CPR)
    Destination Clock Delay (DCD):    2.653ns = ( 10.653 - 8.000 ) 
    Source Clock Delay      (SCD):    2.990ns
    Clock Pessimism Removal (CPR):    0.229ns
  Clock Uncertainty:      0.125ns  ((TSJ^2 + TIJ^2)^1/2 + DJ) / 2 + PE
    Total System Jitter     (TSJ):    0.071ns
    Total Input Jitter      (TIJ):    0.240ns
    Discrete Jitter          (DJ):    0.000ns
    Phase Error              (PE):    0.000ns

    Location             Delay type                Incr(ns)  Path(ns)    PBlock               Netlist Resource(s)
  -------------------------------------------------------------------    ----------------------------------------
                         (clock clk_fpga_0 rise edge)
                                                      0.000     0.000 r                       
    PS7_X0Y0             PS7                          0.000     0.000 r                       rv32_top_i/ps7/inst/PS7_i/FCLKCLK[0]
                         net (fo=1, routed)           1.193     1.193                         rv32_top_i/ps7/inst/FCLK_CLK_unbuffered[0]
    BUFGCTRL_X0Y16       BUFG (Prop_bufg_I_O)         0.101     1.294 r                       rv32_top_i/ps7/inst/buffer_fclk_clk_0.FCLK_CLK_0_BUFG/O
                         net (fo=12355, routed)       1.696     2.990                         rv32_top_i/plat/U0/u_core/S_AXI_ACLK
    SLICE_X27Y99         FDCE                                         r  pb_core              rv32_top_i/plat/U0/u_core/exmem_rd_reg[4]_replica/C
  -------------------------------------------------------------------    ----------------------------------------
    SLICE_X27Y99         FDCE (Prop_fdce_C_Q)         0.456     3.446 r  pb_core              rv32_top_i/plat/U0/u_core/exmem_rd_reg[4]_replica/Q
                         net (fo=2, routed)           0.884     4.330                         rv32_top_i/plat/U0/u_core/u_pc/exmem_rd[4]_repN_alias
    SLICE_X28Y100        LUT6 (Prop_lut6_I1_O)        0.124     4.454 r  pb_core              rv32_top_i/plat/U0/u_core/u_pc/pc_internal[31]_i_62/O
                         net (fo=5, routed)           0.571     5.024                         rv32_top_i/plat/U0/u_core/u_pc/idex_rs1_reg[4]
    SLICE_X31Y98         LUT3 (Prop_lut3_I2_O)        0.124     5.148 r  pb_core              rv32_top_i/plat/U0/u_core/u_pc/pc_internal[31]_i_31/O
                         net (fo=32, routed)          1.429     6.577                         rv32_top_i/plat/U0/u_core/u_pc/pc_internal[31]_i_31_n_0
    SLICE_X34Y98         LUT6 (Prop_lut6_I0_O)        0.124     6.701 r  pb_core              rv32_top_i/plat/U0/u_core/u_pc/pc_internal[3]_i_6/O
                         net (fo=13, routed)          1.076     7.778                         rv32_top_i/plat/U0/u_core/u_pc/fa_val[2]
    SLICE_X36Y96         LUT4 (Prop_lut4_I0_O)        0.124     7.902 r  pb_core              rv32_top_i/plat/U0/u_core/u_pc/pc_internal[31]_i_133/O
                         net (fo=1, routed)           0.000     7.902                         rv32_top_i/plat/U0/u_core/u_pc/pc_internal[31]_i_133_n_0
    SLICE_X36Y96         CARRY4 (Prop_carry4_S[1]_CO[3])
                                                      0.533     8.435 r  pb_core              rv32_top_i/plat/U0/u_core/u_pc/pc_internal_reg[31]_i_101/CO[3]
                         net (fo=1, routed)           0.000     8.435                         rv32_top_i/plat/U0/u_core/u_pc/pc_internal_reg[31]_i_101_n_0
    SLICE_X36Y97         CARRY4 (Prop_carry4_CI_CO[3])
                                                      0.117     8.552 r  pb_core              rv32_top_i/plat/U0/u_core/u_pc/pc_internal_reg[31]_i_74/CO[3]
                         net (fo=1, routed)           0.000     8.552                         rv32_top_i/plat/U0/u_core/u_pc/pc_internal_reg[31]_i_74_n_0
    SLICE_X36Y98         CARRY4 (Prop_carry4_CI_CO[3])
                                                      0.117     8.669 r  pb_core              rv32_top_i/plat/U0/u_core/u_pc/pc_internal_reg[31]_i_43/CO[3]
                         net (fo=1, routed)           0.000     8.669                         rv32_top_i/plat/U0/u_core/u_pc/pc_internal_reg[31]_i_43_n_0
    SLICE_X36Y99         CARRY4 (Prop_carry4_CI_CO[3])
                                                      0.117     8.786 f  pb_core              rv32_top_i/plat/U0/u_core/u_pc/pc_internal_reg[31]_i_29/CO[3]
                         net (fo=2, routed)           1.029     9.814                         rv32_top_i/plat/U0/u_core/u_pc/u_bcu/data3
    SLICE_X37Y88         LUT6 (Prop_lut6_I5_O)        0.124     9.938 r  pb_core              rv32_top_i/plat/U0/u_core/u_pc/pc_internal[31]_i_15_comp_1/O
                         net (fo=2, routed)           0.420    10.359                         rv32_top_i/plat/U0/u_core/u_pc/idex_funct3_reg[2]_repN_1
    SLICE_X37Y90         LUT6 (Prop_lut6_I2_O)        0.124    10.483 r  pb_core              rv32_top_i/plat/U0/u_core/u_pc/pc_internal[31]_i_6_comp_1/O
                         net (fo=78, routed)          0.749    11.232                         rv32_top_i/plat/U0/u_core/u_npc/ex_pc_src
    SLICE_X39Y86         LUT5 (Prop_lut5_I3_O)        0.124    11.356 r  pb_core              rv32_top_i/plat/U0/u_core/u_npc/pc_internal[11]_rep_i_1__0/O
                         net (fo=1, routed)           0.520    11.876                         rv32_top_i/plat/U0/u_core/u_pc/pc_internal_reg[11]_rep__0_1
    SLICE_X38Y85         FDCE                                         r  pb_core              rv32_top_i/plat/U0/u_core/u_pc/pc_internal_reg[11]_rep__0/D
  -------------------------------------------------------------------    ----------------------------------------

                         (clock clk_fpga_0 rise edge)
                                                      8.000     8.000 r                       
    PS7_X0Y0             PS7                          0.000     8.000 r                       rv32_top_i/ps7/inst/PS7_i/FCLKCLK[0]
                         net (fo=1, routed)           1.088     9.088                         rv32_top_i/ps7/inst/FCLK_CLK_unbuffered[0]
    BUFGCTRL_X0Y16       BUFG (Prop_bufg_I_O)         0.091     9.179 r                       rv32_top_i/ps7/inst/buffer_fclk_clk_0.FCLK_CLK_0_BUFG/O
                         net (fo=12355, routed)       1.474    10.653                         rv32_top_i/plat/U0/u_core/u_pc/S_AXI_ACLK
    SLICE_X38Y85         FDCE                                         r  pb_core              rv32_top_i/plat/U0/u_core/u_pc/pc_internal_reg[11]_rep__0/C
                         clock pessimism              0.229    10.882                           
                         clock uncertainty           -0.125    10.757                           
    SLICE_X38Y85         FDCE (Setup_fdce_C_D)       -0.013    10.744    pb_core                rv32_top_i/plat/U0/u_core/u_pc/pc_internal_reg[11]_rep__0
  -------------------------------------------------------------------
                         required time                         10.744                           
                         arrival time                         -11.876                           
  -------------------------------------------------------------------
                         slack                                 -1.132                           

Slack (VIOLATED) :        -1.131ns  (required time - arrival time)
  Source:                 rv32_top_i/plat/U0/u_core/exmem_alu_result_reg[6]_rep__0/C
                            (rising edge-triggered cell FDCE clocked by clk_fpga_0  {rise@0.000ns fall@4.000ns period=8.000ns})
  Destination:            rv32_top_i/plat/U0/u_core/u_csr/mscratch_reg[17]/CE
                            (rising edge-triggered cell FDCE clocked by clk_fpga_0  {rise@0.000ns fall@4.000ns period=8.000ns})
  Path Group:             clk_fpga_0
  Path Type:              Setup (Max at Slow Process Corner)
  Requirement:            8.000ns  (clk_fpga_0 rise@8.000ns - clk_fpga_0 rise@0.000ns)
  Data Path Delay:        8.440ns  (logic 2.922ns (34.619%)  route 5.518ns (65.381%))
  Logic Levels:           10  (CARRY4=2 LUT6=5 MUXF7=1 MUXF8=1 RAMS64E=1)
  Clock Path Skew:        -0.360ns (DCD - SCD + CPR)
    Destination Clock Delay (DCD):    2.649ns = ( 10.649 - 8.000 ) 
    Source Clock Delay      (SCD):    3.138ns
    Clock Pessimism Removal (CPR):    0.129ns
  Clock Uncertainty:      0.125ns  ((TSJ^2 + TIJ^2)^1/2 + DJ) / 2 + PE
    Total System Jitter     (TSJ):    0.071ns
    Total Input Jitter      (TIJ):    0.240ns
    Discrete Jitter          (DJ):    0.000ns
    Phase Error              (PE):    0.000ns

    Location             Delay type                Incr(ns)  Path(ns)    PBlock               Netlist Resource(s)
  -------------------------------------------------------------------    ----------------------------------------
                         (clock clk_fpga_0 rise edge)
                                                      0.000     0.000 r                       
    PS7_X0Y0             PS7                          0.000     0.000 r                       rv32_top_i/ps7/inst/PS7_i/FCLKCLK[0]
                         net (fo=1, routed)           1.193     1.193                         rv32_top_i/ps7/inst/FCLK_CLK_unbuffered[0]
    BUFGCTRL_X0Y16       BUFG (Prop_bufg_I_O)         0.101     1.294 r                       rv32_top_i/ps7/inst/buffer_fclk_clk_0.FCLK_CLK_0_BUFG/O
                         net (fo=12355, routed)       1.844     3.138                         rv32_top_i/plat/U0/u_core/S_AXI_ACLK
    SLICE_X37Y103        FDCE                                         r  pb_core              rv32_top_i/plat/U0/u_core/exmem_alu_result_reg[6]_rep__0/C
  -------------------------------------------------------------------    ----------------------------------------
    SLICE_X37Y103        FDCE (Prop_fdce_C_Q)         0.456     3.594 r  pb_core              rv32_top_i/plat/U0/u_core/exmem_alu_result_reg[6]_rep__0/Q
                         net (fo=158, routed)         1.356     4.950                         rv32_top_i/plat/U0/u_dcache/u_tag/tag_mem_reg_0_255_5_5/A2
    SLICE_X42Y99         RAMS64E (Prop_rams64e_ADR2_O)
                                                      0.387     5.337 r                       rv32_top_i/plat/U0/u_dcache/u_tag/tag_mem_reg_0_255_5_5/RAMS64E_B/O
                         net (fo=1, routed)           0.000     5.337                         rv32_top_i/plat/U0/u_dcache/u_tag/tag_mem_reg_0_255_5_5/OB
    SLICE_X42Y99         MUXF7 (Prop_muxf7_I0_O)      0.209     5.546 r                       rv32_top_i/plat/U0/u_dcache/u_tag/tag_mem_reg_0_255_5_5/F7.A/O
                         net (fo=1, routed)           0.000     5.546                         rv32_top_i/plat/U0/u_dcache/u_tag/tag_mem_reg_0_255_5_5/O1
    SLICE_X42Y99         MUXF8 (Prop_muxf8_I1_O)      0.088     5.634 r                       rv32_top_i/plat/U0/u_dcache/u_tag/tag_mem_reg_0_255_5_5/F8/O
                         net (fo=1, routed)           0.726     6.360                         rv32_top_i/plat/U0/u_dcache/u_tag/tag_out_0[5]
    SLICE_X45Y99         LUT6 (Prop_lut6_I3_O)        0.319     6.679 r                       rv32_top_i/plat/U0/u_dcache/u_tag/FSM_onehot_st[5]_i_13/O
                         net (fo=1, routed)           0.000     6.679                         rv32_top_i/plat/U0/u_dcache/u_tag/FSM_onehot_st[5]_i_13_n_0
    SLICE_X45Y99         CARRY4 (Prop_carry4_S[1]_CO[3])
                                                      0.550     7.229 r                       rv32_top_i/plat/U0/u_dcache/u_tag/FSM_onehot_st_reg[5]_i_7/CO[3]
                         net (fo=1, routed)           0.001     7.229                         rv32_top_i/plat/U0/u_dcache/u_tag/FSM_onehot_st_reg[5]_i_7_n_0
    SLICE_X45Y100        CARRY4 (Prop_carry4_CI_CO[2])
                                                      0.228     7.457 f                       rv32_top_i/plat/U0/u_dcache/u_tag/FSM_onehot_st_reg[5]_i_5/CO[2]
                         net (fo=2, routed)           0.719     8.177                         rv32_top_i/plat/U0/u_dcache/u_tag/hit1
    SLICE_X47Y88         LUT6 (Prop_lut6_I2_O)        0.313     8.490 r                       rv32_top_i/plat/U0/u_dcache/u_tag/FSM_onehot_st[5]_i_2/O
                         net (fo=4, routed)           0.441     8.931                         rv32_top_i/plat/U0/u_dcache/u_ctrl/FSM_onehot_st_reg[0]_1
    SLICE_X47Y86         LUT6 (Prop_lut6_I2_O)        0.124     9.055 r                       rv32_top_i/plat/U0/u_dcache/u_ctrl/mstatus[31]_i_12/O
                         net (fo=4, routed)           0.469     9.524                         rv32_top_i/plat/U0/u_core/u_pc/mstatus_reg[3]
    SLICE_X45Y85         LUT6 (Prop_lut6_I4_O)        0.124     9.648 f  pb_core              rv32_top_i/plat/U0/u_core/u_pc/mstatus[12]_i_4/O
                         net (fo=540, routed)         0.936    10.584                         rv32_top_i/plat/U0/u_core/u_pc/csr_we_qual0
    SLICE_X43Y83         LUT6 (Prop_lut6_I2_O)        0.124    10.708 r  pb_core              rv32_top_i/plat/U0/u_core/u_pc/mscratch[31]_i_1/O
                         net (fo=32, routed)          0.870    11.578                         rv32_top_i/plat/U0/u_core/u_csr/mscratch_reg[31]_0[0]
    SLICE_X35Y81         FDCE                                         r  pb_core              rv32_top_i/plat/U0/u_core/u_csr/mscratch_reg[17]/CE
  -------------------------------------------------------------------    ----------------------------------------

                         (clock clk_fpga_0 rise edge)
                                                      8.000     8.000 r                       
    PS7_X0Y0             PS7                          0.000     8.000 r                       rv32_top_i/ps7/inst/PS7_i/FCLKCLK[0]
                         net (fo=1, routed)           1.088     9.088                         rv32_top_i/ps7/inst/FCLK_CLK_unbuffered[0]
    BUFGCTRL_X0Y16       BUFG (Prop_bufg_I_O)         0.091     9.179 r                       rv32_top_i/ps7/inst/buffer_fclk_clk_0.FCLK_CLK_0_BUFG/O
                         net (fo=12355, routed)       1.470    10.649                         rv32_top_i/plat/U0/u_core/u_csr/S_AXI_ACLK
    SLICE_X35Y81         FDCE                                         r  pb_core              rv32_top_i/plat/U0/u_core/u_csr/mscratch_reg[17]/C
                         clock pessimism              0.129    10.778                           
                         clock uncertainty           -0.125    10.653                           
    SLICE_X35Y81         FDCE (Setup_fdce_C_CE)      -0.205    10.448    pb_core                rv32_top_i/plat/U0/u_core/u_csr/mscratch_reg[17]
  -------------------------------------------------------------------
                         required time                         10.448                           
                         arrival time                         -11.578                           
  -------------------------------------------------------------------
                         slack                                 -1.131                           

Slack (VIOLATED) :        -1.131ns  (required time - arrival time)
  Source:                 rv32_top_i/plat/U0/u_core/exmem_alu_result_reg[6]_rep__0/C
                            (rising edge-triggered cell FDCE clocked by clk_fpga_0  {rise@0.000ns fall@4.000ns period=8.000ns})
  Destination:            rv32_top_i/plat/U0/u_core/u_csr/mscratch_reg[26]/CE
                            (rising edge-triggered cell FDCE clocked by clk_fpga_0  {rise@0.000ns fall@4.000ns period=8.000ns})
  Path Group:             clk_fpga_0
  Path Type:              Setup (Max at Slow Process Corner)
  Requirement:            8.000ns  (clk_fpga_0 rise@8.000ns - clk_fpga_0 rise@0.000ns)
  Data Path Delay:        8.440ns  (logic 2.922ns (34.619%)  route 5.518ns (65.381%))
  Logic Levels:           10  (CARRY4=2 LUT6=5 MUXF7=1 MUXF8=1 RAMS64E=1)
  Clock Path Skew:        -0.360ns (DCD - SCD + CPR)
    Destination Clock Delay (DCD):    2.649ns = ( 10.649 - 8.000 ) 
    Source Clock Delay      (SCD):    3.138ns
    Clock Pessimism Removal (CPR):    0.129ns
  Clock Uncertainty:      0.125ns  ((TSJ^2 + TIJ^2)^1/2 + DJ) / 2 + PE
    Total System Jitter     (TSJ):    0.071ns
    Total Input Jitter      (TIJ):    0.240ns
    Discrete Jitter          (DJ):    0.000ns
    Phase Error              (PE):    0.000ns

    Location             Delay type                Incr(ns)  Path(ns)    PBlock               Netlist Resource(s)
  -------------------------------------------------------------------    ----------------------------------------
                         (clock clk_fpga_0 rise edge)
                                                      0.000     0.000 r                       
    PS7_X0Y0             PS7                          0.000     0.000 r                       rv32_top_i/ps7/inst/PS7_i/FCLKCLK[0]
                         net (fo=1, routed)           1.193     1.193                         rv32_top_i/ps7/inst/FCLK_CLK_unbuffered[0]
    BUFGCTRL_X0Y16       BUFG (Prop_bufg_I_O)         0.101     1.294 r                       rv32_top_i/ps7/inst/buffer_fclk_clk_0.FCLK_CLK_0_BUFG/O
                         net (fo=12355, routed)       1.844     3.138                         rv32_top_i/plat/U0/u_core/S_AXI_ACLK
    SLICE_X37Y103        FDCE                                         r  pb_core              rv32_top_i/plat/U0/u_core/exmem_alu_result_reg[6]_rep__0/C
  -------------------------------------------------------------------    ----------------------------------------
    SLICE_X37Y103        FDCE (Prop_fdce_C_Q)         0.456     3.594 r  pb_core              rv32_top_i/plat/U0/u_core/exmem_alu_result_reg[6]_rep__0/Q
                         net (fo=158, routed)         1.356     4.950                         rv32_top_i/plat/U0/u_dcache/u_tag/tag_mem_reg_0_255_5_5/A2
    SLICE_X42Y99         RAMS64E (Prop_rams64e_ADR2_O)
                                                      0.387     5.337 r                       rv32_top_i/plat/U0/u_dcache/u_tag/tag_mem_reg_0_255_5_5/RAMS64E_B/O
                         net (fo=1, routed)           0.000     5.337                         rv32_top_i/plat/U0/u_dcache/u_tag/tag_mem_reg_0_255_5_5/OB
    SLICE_X42Y99         MUXF7 (Prop_muxf7_I0_O)      0.209     5.546 r                       rv32_top_i/plat/U0/u_dcache/u_tag/tag_mem_reg_0_255_5_5/F7.A/O
                         net (fo=1, routed)           0.000     5.546                         rv32_top_i/plat/U0/u_dcache/u_tag/tag_mem_reg_0_255_5_5/O1
    SLICE_X42Y99         MUXF8 (Prop_muxf8_I1_O)      0.088     5.634 r                       rv32_top_i/plat/U0/u_dcache/u_tag/tag_mem_reg_0_255_5_5/F8/O
                         net (fo=1, routed)           0.726     6.360                         rv32_top_i/plat/U0/u_dcache/u_tag/tag_out_0[5]
    SLICE_X45Y99         LUT6 (Prop_lut6_I3_O)        0.319     6.679 r                       rv32_top_i/plat/U0/u_dcache/u_tag/FSM_onehot_st[5]_i_13/O
                         net (fo=1, routed)           0.000     6.679                         rv32_top_i/plat/U0/u_dcache/u_tag/FSM_onehot_st[5]_i_13_n_0
    SLICE_X45Y99         CARRY4 (Prop_carry4_S[1]_CO[3])
                                                      0.550     7.229 r                       rv32_top_i/plat/U0/u_dcache/u_tag/FSM_onehot_st_reg[5]_i_7/CO[3]
                         net (fo=1, routed)           0.001     7.229                         rv32_top_i/plat/U0/u_dcache/u_tag/FSM_onehot_st_reg[5]_i_7_n_0
    SLICE_X45Y100        CARRY4 (Prop_carry4_CI_CO[2])
                                                      0.228     7.457 f                       rv32_top_i/plat/U0/u_dcache/u_tag/FSM_onehot_st_reg[5]_i_5/CO[2]
                         net (fo=2, routed)           0.719     8.177                         rv32_top_i/plat/U0/u_dcache/u_tag/hit1
    SLICE_X47Y88         LUT6 (Prop_lut6_I2_O)        0.313     8.490 r                       rv32_top_i/plat/U0/u_dcache/u_tag/FSM_onehot_st[5]_i_2/O
                         net (fo=4, routed)           0.441     8.931                         rv32_top_i/plat/U0/u_dcache/u_ctrl/FSM_onehot_st_reg[0]_1
    SLICE_X47Y86         LUT6 (Prop_lut6_I2_O)        0.124     9.055 r                       rv32_top_i/plat/U0/u_dcache/u_ctrl/mstatus[31]_i_12/O
                         net (fo=4, routed)           0.469     9.524                         rv32_top_i/plat/U0/u_core/u_pc/mstatus_reg[3]
    SLICE_X45Y85         LUT6 (Prop_lut6_I4_O)        0.124     9.648 f  pb_core              rv32_top_i/plat/U0/u_core/u_pc/mstatus[12]_i_4/O
                         net (fo=540, routed)         0.936    10.584                         rv32_top_i/plat/U0/u_core/u_pc/csr_we_qual0
    SLICE_X43Y83         LUT6 (Prop_lut6_I2_O)        0.124    10.708 r  pb_core              rv32_top_i/plat/U0/u_core/u_pc/mscratch[31]_i_1/O
                         net (fo=32, routed)          0.870    11.578                         rv32_top_i/plat/U0/u_core/u_csr/mscratch_reg[31]_0[0]
    SLICE_X35Y81         FDCE                                         r  pb_core              rv32_top_i/plat/U0/u_core/u_csr/mscratch_reg[26]/CE
  -------------------------------------------------------------------    ----------------------------------------

                         (clock clk_fpga_0 rise edge)
                                                      8.000     8.000 r                       
    PS7_X0Y0             PS7                          0.000     8.000 r                       rv32_top_i/ps7/inst/PS7_i/FCLKCLK[0]
                         net (fo=1, routed)           1.088     9.088                         rv32_top_i/ps7/inst/FCLK_CLK_unbuffered[0]
    BUFGCTRL_X0Y16       BUFG (Prop_bufg_I_O)         0.091     9.179 r                       rv32_top_i/ps7/inst/buffer_fclk_clk_0.FCLK_CLK_0_BUFG/O
                         net (fo=12355, routed)       1.470    10.649                         rv32_top_i/plat/U0/u_core/u_csr/S_AXI_ACLK
    SLICE_X35Y81         FDCE                                         r  pb_core              rv32_top_i/plat/U0/u_core/u_csr/mscratch_reg[26]/C
                         clock pessimism              0.129    10.778                           
                         clock uncertainty           -0.125    10.653                           
    SLICE_X35Y81         FDCE (Setup_fdce_C_CE)      -0.205    10.448    pb_core                rv32_top_i/plat/U0/u_core/u_csr/mscratch_reg[26]
  -------------------------------------------------------------------
                         required time                         10.448                           
                         arrival time                         -11.578                           
  -------------------------------------------------------------------
                         slack                                 -1.131                           

Slack (VIOLATED) :        -1.130ns  (required time - arrival time)
  Source:                 rv32_top_i/plat/U0/u_core/exmem_rd_reg[4]_replica/C
                            (rising edge-triggered cell FDCE clocked by clk_fpga_0  {rise@0.000ns fall@4.000ns period=8.000ns})
  Destination:            rv32_top_i/plat/U0/u_core/ifid_instr_reg[25]/CE
                            (rising edge-triggered cell FDCE clocked by clk_fpga_0  {rise@0.000ns fall@4.000ns period=8.000ns})
  Path Group:             clk_fpga_0
  Path Type:              Setup (Max at Slow Process Corner)
  Requirement:            8.000ns  (clk_fpga_0 rise@8.000ns - clk_fpga_0 rise@0.000ns)
  Data Path Delay:        8.692ns  (logic 1.712ns (19.697%)  route 6.980ns (80.303%))
  Logic Levels:           8  (CARRY4=2 LUT4=1 LUT5=1 LUT6=4)
  Clock Path Skew:        -0.108ns (DCD - SCD + CPR)
    Destination Clock Delay (DCD):    2.653ns = ( 10.653 - 8.000 ) 
    Source Clock Delay      (SCD):    2.990ns
    Clock Pessimism Removal (CPR):    0.229ns
  Clock Uncertainty:      0.125ns  ((TSJ^2 + TIJ^2)^1/2 + DJ) / 2 + PE
    Total System Jitter     (TSJ):    0.071ns
    Total Input Jitter      (TIJ):    0.240ns
    Discrete Jitter          (DJ):    0.000ns
    Phase Error              (PE):    0.000ns

    Location             Delay type                Incr(ns)  Path(ns)    PBlock               Netlist Resource(s)
  -------------------------------------------------------------------    ----------------------------------------
                         (clock clk_fpga_0 rise edge)
                                                      0.000     0.000 r                       
    PS7_X0Y0             PS7                          0.000     0.000 r                       rv32_top_i/ps7/inst/PS7_i/FCLKCLK[0]
                         net (fo=1, routed)           1.193     1.193                         rv32_top_i/ps7/inst/FCLK_CLK_unbuffered[0]
    BUFGCTRL_X0Y16       BUFG (Prop_bufg_I_O)         0.101     1.294 r                       rv32_top_i/ps7/inst/buffer_fclk_clk_0.FCLK_CLK_0_BUFG/O
                         net (fo=12355, routed)       1.696     2.990                         rv32_top_i/plat/U0/u_core/S_AXI_ACLK
    SLICE_X27Y99         FDCE                                         r  pb_core              rv32_top_i/plat/U0/u_core/exmem_rd_reg[4]_replica/C
  -------------------------------------------------------------------    ----------------------------------------
    SLICE_X27Y99         FDCE (Prop_fdce_C_Q)         0.456     3.446 r  pb_core              rv32_top_i/plat/U0/u_core/exmem_rd_reg[4]_replica/Q
                         net (fo=2, routed)           0.884     4.330                         rv32_top_i/plat/U0/u_core/u_pc/exmem_rd[4]_repN_alias
    SLICE_X28Y100        LUT6 (Prop_lut6_I1_O)        0.124     4.454 f  pb_core              rv32_top_i/plat/U0/u_core/u_pc/pc_internal[31]_i_62/O
                         net (fo=5, routed)           0.834     5.288                         rv32_top_i/plat/U0/u_core/u_pc/idex_rs1_reg[4]
    SLICE_X28Y98         LUT6 (Prop_lut6_I3_O)        0.124     5.412 r  pb_core              rv32_top_i/plat/U0/u_core/u_pc/pc_internal[31]_i_33/O
                         net (fo=32, routed)          1.275     6.688                         rv32_top_i/plat/U0/u_core/u_pc/pc_internal[31]_i_33_n_0
    SLICE_X33Y102        LUT6 (Prop_lut6_I5_O)        0.124     6.812 r  pb_core              rv32_top_i/plat/U0/u_core/u_pc/pc_internal[23]_i_9/O
                         net (fo=13, routed)          1.165     7.977                         rv32_top_i/plat/U0/u_core/u_pc/fa_val[20]
    SLICE_X35Y98         LUT4 (Prop_lut4_I1_O)        0.124     8.101 r  pb_core              rv32_top_i/plat/U0/u_core/u_pc/pc_internal[31]_i_89/O
                         net (fo=1, routed)           0.000     8.101                         rv32_top_i/plat/U0/u_core/u_pc/pc_internal[31]_i_89_n_0
    SLICE_X35Y98         CARRY4 (Prop_carry4_S[2]_CO[3])
                                                      0.398     8.499 r  pb_core              rv32_top_i/plat/U0/u_core/u_pc/pc_internal_reg[31]_i_52/CO[3]
                         net (fo=1, routed)           0.000     8.499                         rv32_top_i/plat/U0/u_core/u_pc/pc_internal_reg[31]_i_52_n_0
    SLICE_X35Y99         CARRY4 (Prop_carry4_CI_CO[3])
                                                      0.114     8.613 r  pb_core              rv32_top_i/plat/U0/u_core/u_pc/pc_internal_reg[31]_i_30/CO[3]
                         net (fo=2, routed)           1.330     9.943                         rv32_top_i/plat/U0/u_core/u_pc/u_bcu/data4
    SLICE_X35Y93         LUT6 (Prop_lut6_I5_O)        0.124    10.067 r  pb_core              rv32_top_i/plat/U0/u_core/u_pc/pc_internal[31]_i_15/O
                         net (fo=2, routed)           0.800    10.866                         rv32_top_i/plat/U0/u_core/u_pc/idex_funct3_reg[2]
    SLICE_X37Y87         LUT5 (Prop_lut5_I2_O)        0.124    10.990 r  pb_core              rv32_top_i/plat/U0/u_core/u_pc/ifid_instr[31]_i_1_comp/O
                         net (fo=102, routed)         0.692    11.682                         rv32_top_i/plat/U0/u_core/u_pc_n_0
    SLICE_X35Y84         FDCE                                         r  pb_core              rv32_top_i/plat/U0/u_core/ifid_instr_reg[25]/CE
  -------------------------------------------------------------------    ----------------------------------------

                         (clock clk_fpga_0 rise edge)
                                                      8.000     8.000 r                       
    PS7_X0Y0             PS7                          0.000     8.000 r                       rv32_top_i/ps7/inst/PS7_i/FCLKCLK[0]
                         net (fo=1, routed)           1.088     9.088                         rv32_top_i/ps7/inst/FCLK_CLK_unbuffered[0]
    BUFGCTRL_X0Y16       BUFG (Prop_bufg_I_O)         0.091     9.179 r                       rv32_top_i/ps7/inst/buffer_fclk_clk_0.FCLK_CLK_0_BUFG/O
                         net (fo=12355, routed)       1.474    10.653                         rv32_top_i/plat/U0/u_core/S_AXI_ACLK
    SLICE_X35Y84         FDCE                                         r  pb_core              rv32_top_i/plat/U0/u_core/ifid_instr_reg[25]/C
                         clock pessimism              0.229    10.882                           
                         clock uncertainty           -0.125    10.757                           
    SLICE_X35Y84         FDCE (Setup_fdce_C_CE)      -0.205    10.552    pb_core                rv32_top_i/plat/U0/u_core/ifid_instr_reg[25]
  -------------------------------------------------------------------
                         required time                         10.552                           
                         arrival time                         -11.682                           
  -------------------------------------------------------------------
                         slack                                 -1.130                           

Slack (VIOLATED) :        -1.115ns  (required time - arrival time)
  Source:                 rv32_top_i/plat/U0/u_core/exmem_rd_reg[1]_replica/C
                            (rising edge-triggered cell FDCE clocked by clk_fpga_0  {rise@0.000ns fall@4.000ns period=8.000ns})
  Destination:            rv32_top_i/plat/U0/u_core/exmem_alu_result_reg[25]/D
                            (rising edge-triggered cell FDCE clocked by clk_fpga_0  {rise@0.000ns fall@4.000ns period=8.000ns})
  Path Group:             clk_fpga_0
  Path Type:              Setup (Max at Slow Process Corner)
  Requirement:            8.000ns  (clk_fpga_0 rise@8.000ns - clk_fpga_0 rise@0.000ns)
  Data Path Delay:        8.985ns  (logic 2.977ns (33.134%)  route 6.008ns (66.866%))
  Logic Levels:           14  (CARRY4=5 LUT2=1 LUT3=1 LUT4=1 LUT6=6)
  Clock Path Skew:        -0.034ns (DCD - SCD + CPR)
    Destination Clock Delay (DCD):    2.831ns = ( 10.831 - 8.000 ) 
    Source Clock Delay      (SCD):    2.994ns
    Clock Pessimism Removal (CPR):    0.129ns
  Clock Uncertainty:      0.125ns  ((TSJ^2 + TIJ^2)^1/2 + DJ) / 2 + PE
    Total System Jitter     (TSJ):    0.071ns
    Total Input Jitter      (TIJ):    0.240ns
    Discrete Jitter          (DJ):    0.000ns
    Phase Error              (PE):    0.000ns

    Location             Delay type                Incr(ns)  Path(ns)    PBlock               Netlist Resource(s)
  -------------------------------------------------------------------    ----------------------------------------
                         (clock clk_fpga_0 rise edge)
                                                      0.000     0.000 r                       
    PS7_X0Y0             PS7                          0.000     0.000 r                       rv32_top_i/ps7/inst/PS7_i/FCLKCLK[0]
                         net (fo=1, routed)           1.193     1.193                         rv32_top_i/ps7/inst/FCLK_CLK_unbuffered[0]
    BUFGCTRL_X0Y16       BUFG (Prop_bufg_I_O)         0.101     1.294 r                       rv32_top_i/ps7/inst/buffer_fclk_clk_0.FCLK_CLK_0_BUFG/O
                         net (fo=12355, routed)       1.700     2.994                         rv32_top_i/plat/U0/u_core/S_AXI_ACLK
    SLICE_X31Y99         FDCE                                         r  pb_core              rv32_top_i/plat/U0/u_core/exmem_rd_reg[1]_replica/C
  -------------------------------------------------------------------    ----------------------------------------
    SLICE_X31Y99         FDCE (Prop_fdce_C_Q)         0.456     3.450 f  pb_core              rv32_top_i/plat/U0/u_core/exmem_rd_reg[1]_replica/Q
                         net (fo=3, routed)           0.814     4.264                         rv32_top_i/plat/U0/u_core/u_pc/exmem_rd[1]_repN_alias
    SLICE_X28Y99         LUT6 (Prop_lut6_I1_O)        0.124     4.388 f  pb_core              rv32_top_i/plat/U0/u_core/u_pc/exmem_store[31]_i_6/O
                         net (fo=10, routed)          0.950     5.339                         rv32_top_i/plat/U0/u_core/u_pc/p_7_in
    SLICE_X26Y100        LUT6 (Prop_lut6_I4_O)        0.124     5.463 r  pb_core              rv32_top_i/plat/U0/u_core/u_pc/exmem_store[31]_i_4/O
                         net (fo=36, routed)          1.163     6.626                         rv32_top_i/plat/U0/u_core/u_pc/exmem_store[31]_i_4_n_0
    SLICE_X34Y98         LUT6 (Prop_lut6_I5_O)        0.124     6.750 r  pb_core              rv32_top_i/plat/U0/u_core/u_pc/exmem_store[9]_i_1/O
                         net (fo=10, routed)          0.804     7.554                         rv32_top_i/plat/U0/u_core/fb_val[9]
    SLICE_X43Y97         LUT3 (Prop_lut3_I1_O)        0.124     7.678 r  pb_core              rv32_top_i/plat/U0/u_core/exmem_alu_result[9]_i_12/O
                         net (fo=8, routed)           0.748     8.427                         rv32_top_i/plat/U0/u_core/alu_b[9]
    SLICE_X39Y98         LUT2 (Prop_lut2_I1_O)        0.124     8.551 r  pb_core              rv32_top_i/plat/U0/u_core/exmem_alu_result[10]_i_31/O
                         net (fo=1, routed)           0.000     8.551                         rv32_top_i/plat/U0/u_core/exmem_alu_result[10]_i_31_n_0
    SLICE_X39Y98         CARRY4 (Prop_carry4_S[1]_CO[3])
                                                      0.550     9.101 r  pb_core              rv32_top_i/plat/U0/u_core/exmem_alu_result_reg[10]_i_11/CO[3]
                         net (fo=1, routed)           0.000     9.101                         rv32_top_i/plat/U0/u_core/exmem_alu_result_reg[10]_i_11_n_0
    SLICE_X39Y99         CARRY4 (Prop_carry4_CI_CO[3])
                                                      0.114     9.215 r  pb_core              rv32_top_i/plat/U0/u_core/exmem_alu_result_reg[19]_i_18/CO[3]
                         net (fo=1, routed)           0.001     9.215                         rv32_top_i/plat/U0/u_core/exmem_alu_result_reg[19]_i_18_n_0
    SLICE_X39Y100        CARRY4 (Prop_carry4_CI_CO[3])
                                                      0.114     9.329 r  pb_core              rv32_top_i/plat/U0/u_core/exmem_alu_result_reg[19]_i_16/CO[3]
                         net (fo=1, routed)           0.000     9.329                         rv32_top_i/plat/U0/u_core/exmem_alu_result_reg[19]_i_16_n_0
    SLICE_X39Y101        CARRY4 (Prop_carry4_CI_CO[3])
                                                      0.114     9.443 r  pb_core              rv32_top_i/plat/U0/u_core/exmem_alu_result_reg[26]_i_26/CO[3]
                         net (fo=1, routed)           0.000     9.443                         rv32_top_i/plat/U0/u_core/exmem_alu_result_reg[26]_i_26_n_0
    SLICE_X39Y102        CARRY4 (Prop_carry4_CI_O[1])
                                                      0.334     9.777 r  pb_core              rv32_top_i/plat/U0/u_core/exmem_alu_result_reg[26]_i_12/O[1]
                         net (fo=1, routed)           0.780    10.557                         rv32_top_i/plat/U0/u_core/u_alu/data1[25]
    SLICE_X40Y105        LUT4 (Prop_lut4_I2_O)        0.303    10.860 r  pb_core              rv32_top_i/plat/U0/u_core/exmem_alu_result[25]_i_13/O
                         net (fo=1, routed)           0.305    11.165                         rv32_top_i/plat/U0/u_core/exmem_alu_result[25]_i_13_n_0
    SLICE_X40Y107        LUT6 (Prop_lut6_I5_O)        0.124    11.289 r  pb_core              rv32_top_i/plat/U0/u_core/exmem_alu_result[25]_i_8/O
                         net (fo=1, routed)           0.280    11.569                         rv32_top_i/plat/U0/u_core/exmem_alu_result[25]_i_8_n_0
    SLICE_X40Y107        LUT6 (Prop_lut6_I0_O)        0.124    11.693 r  pb_core              rv32_top_i/plat/U0/u_core/exmem_alu_result[25]_i_4/O
                         net (fo=1, routed)           0.162    11.855                         rv32_top_i/plat/U0/u_core/exmem_alu_result[25]_i_4_n_0
    SLICE_X40Y107        LUT6 (Prop_lut6_I4_O)        0.124    11.979 r  pb_core              rv32_top_i/plat/U0/u_core/exmem_alu_result[25]_i_1/O
                         net (fo=1, routed)           0.000    11.979                         rv32_top_i/plat/U0/u_core/exmem_alu_result[25]_i_1_n_0
    SLICE_X40Y107        FDCE                                         r  pb_core              rv32_top_i/plat/U0/u_core/exmem_alu_result_reg[25]/D
  -------------------------------------------------------------------    ----------------------------------------

                         (clock clk_fpga_0 rise edge)
                                                      8.000     8.000 r                       
    PS7_X0Y0             PS7                          0.000     8.000 r                       rv32_top_i/ps7/inst/PS7_i/FCLKCLK[0]
                         net (fo=1, routed)           1.088     9.088                         rv32_top_i/ps7/inst/FCLK_CLK_unbuffered[0]
    BUFGCTRL_X0Y16       BUFG (Prop_bufg_I_O)         0.091     9.179 r                       rv32_top_i/ps7/inst/buffer_fclk_clk_0.FCLK_CLK_0_BUFG/O
                         net (fo=12355, routed)       1.652    10.831                         rv32_top_i/plat/U0/u_core/S_AXI_ACLK
    SLICE_X40Y107        FDCE                                         r  pb_core              rv32_top_i/plat/U0/u_core/exmem_alu_result_reg[25]/C
                         clock pessimism              0.129    10.960                           
                         clock uncertainty           -0.125    10.835                           
    SLICE_X40Y107        FDCE (Setup_fdce_C_D)        0.029    10.864    pb_core                rv32_top_i/plat/U0/u_core/exmem_alu_result_reg[25]
  -------------------------------------------------------------------
                         required time                         10.864                           
                         arrival time                         -11.979                           
  -------------------------------------------------------------------
                         slack                                 -1.115                           

Slack (VIOLATED) :        -1.112ns  (required time - arrival time)
  Source:                 rv32_top_i/plat/U0/u_core/exmem_alu_result_reg[6]_rep__0/C
                            (rising edge-triggered cell FDCE clocked by clk_fpga_0  {rise@0.000ns fall@4.000ns period=8.000ns})
  Destination:            rv32_top_i/plat/U0/u_core/u_csr/mip_reg[16]/CE
                            (rising edge-triggered cell FDCE clocked by clk_fpga_0  {rise@0.000ns fall@4.000ns period=8.000ns})
  Path Group:             clk_fpga_0
  Path Type:              Setup (Max at Slow Process Corner)
  Requirement:            8.000ns  (clk_fpga_0 rise@8.000ns - clk_fpga_0 rise@0.000ns)
  Data Path Delay:        8.420ns  (logic 2.922ns (34.704%)  route 5.498ns (65.296%))
  Logic Levels:           10  (CARRY4=2 LUT6=5 MUXF7=1 MUXF8=1 RAMS64E=1)
  Clock Path Skew:        -0.362ns (DCD - SCD + CPR)
    Destination Clock Delay (DCD):    2.647ns = ( 10.647 - 8.000 ) 
    Source Clock Delay      (SCD):    3.138ns
    Clock Pessimism Removal (CPR):    0.129ns
  Clock Uncertainty:      0.125ns  ((TSJ^2 + TIJ^2)^1/2 + DJ) / 2 + PE
    Total System Jitter     (TSJ):    0.071ns
    Total Input Jitter      (TIJ):    0.240ns
    Discrete Jitter          (DJ):    0.000ns
    Phase Error              (PE):    0.000ns

    Location             Delay type                Incr(ns)  Path(ns)    PBlock               Netlist Resource(s)
  -------------------------------------------------------------------    ----------------------------------------
                         (clock clk_fpga_0 rise edge)
                                                      0.000     0.000 r                       
    PS7_X0Y0             PS7                          0.000     0.000 r                       rv32_top_i/ps7/inst/PS7_i/FCLKCLK[0]
                         net (fo=1, routed)           1.193     1.193                         rv32_top_i/ps7/inst/FCLK_CLK_unbuffered[0]
    BUFGCTRL_X0Y16       BUFG (Prop_bufg_I_O)         0.101     1.294 r                       rv32_top_i/ps7/inst/buffer_fclk_clk_0.FCLK_CLK_0_BUFG/O
                         net (fo=12355, routed)       1.844     3.138                         rv32_top_i/plat/U0/u_core/S_AXI_ACLK
    SLICE_X37Y103        FDCE                                         r  pb_core              rv32_top_i/plat/U0/u_core/exmem_alu_result_reg[6]_rep__0/C
  -------------------------------------------------------------------    ----------------------------------------
    SLICE_X37Y103        FDCE (Prop_fdce_C_Q)         0.456     3.594 r  pb_core              rv32_top_i/plat/U0/u_core/exmem_alu_result_reg[6]_rep__0/Q
                         net (fo=158, routed)         1.356     4.950                         rv32_top_i/plat/U0/u_dcache/u_tag/tag_mem_reg_0_255_5_5/A2
    SLICE_X42Y99         RAMS64E (Prop_rams64e_ADR2_O)
                                                      0.387     5.337 r                       rv32_top_i/plat/U0/u_dcache/u_tag/tag_mem_reg_0_255_5_5/RAMS64E_B/O
                         net (fo=1, routed)           0.000     5.337                         rv32_top_i/plat/U0/u_dcache/u_tag/tag_mem_reg_0_255_5_5/OB
    SLICE_X42Y99         MUXF7 (Prop_muxf7_I0_O)      0.209     5.546 r                       rv32_top_i/plat/U0/u_dcache/u_tag/tag_mem_reg_0_255_5_5/F7.A/O
                         net (fo=1, routed)           0.000     5.546                         rv32_top_i/plat/U0/u_dcache/u_tag/tag_mem_reg_0_255_5_5/O1
    SLICE_X42Y99         MUXF8 (Prop_muxf8_I1_O)      0.088     5.634 r                       rv32_top_i/plat/U0/u_dcache/u_tag/tag_mem_reg_0_255_5_5/F8/O
                         net (fo=1, routed)           0.726     6.360                         rv32_top_i/plat/U0/u_dcache/u_tag/tag_out_0[5]
    SLICE_X45Y99         LUT6 (Prop_lut6_I3_O)        0.319     6.679 r                       rv32_top_i/plat/U0/u_dcache/u_tag/FSM_onehot_st[5]_i_13/O
                         net (fo=1, routed)           0.000     6.679                         rv32_top_i/plat/U0/u_dcache/u_tag/FSM_onehot_st[5]_i_13_n_0
    SLICE_X45Y99         CARRY4 (Prop_carry4_S[1]_CO[3])
                                                      0.550     7.229 r                       rv32_top_i/plat/U0/u_dcache/u_tag/FSM_onehot_st_reg[5]_i_7/CO[3]
                         net (fo=1, routed)           0.001     7.229                         rv32_top_i/plat/U0/u_dcache/u_tag/FSM_onehot_st_reg[5]_i_7_n_0
    SLICE_X45Y100        CARRY4 (Prop_carry4_CI_CO[2])
                                                      0.228     7.457 f                       rv32_top_i/plat/U0/u_dcache/u_tag/FSM_onehot_st_reg[5]_i_5/CO[2]
                         net (fo=2, routed)           0.719     8.177                         rv32_top_i/plat/U0/u_dcache/u_tag/hit1
    SLICE_X47Y88         LUT6 (Prop_lut6_I2_O)        0.313     8.490 r                       rv32_top_i/plat/U0/u_dcache/u_tag/FSM_onehot_st[5]_i_2/O
                         net (fo=4, routed)           0.441     8.931                         rv32_top_i/plat/U0/u_dcache/u_ctrl/FSM_onehot_st_reg[0]_1
    SLICE_X47Y86         LUT6 (Prop_lut6_I2_O)        0.124     9.055 r                       rv32_top_i/plat/U0/u_dcache/u_ctrl/mstatus[31]_i_12/O
                         net (fo=4, routed)           0.469     9.524                         rv32_top_i/plat/U0/u_core/u_pc/mstatus_reg[3]
    SLICE_X45Y85         LUT6 (Prop_lut6_I4_O)        0.124     9.648 f  pb_core              rv32_top_i/plat/U0/u_core/u_pc/mstatus[12]_i_4/O
                         net (fo=540, routed)         1.150    10.798                         rv32_top_i/plat/U0/u_core/u_pc/csr_we_qual0
    SLICE_X32Y80         LUT6 (Prop_lut6_I2_O)        0.124    10.922 r  pb_core              rv32_top_i/plat/U0/u_core/u_pc/mip[31]_i_1_replica/O
                         net (fo=17, routed)          0.636    11.558                         rv32_top_i/plat/U0/u_core/u_csr/idex_is_mret_reg[0]_repN_alias
    SLICE_X33Y80         FDCE                                         r  pb_core              rv32_top_i/plat/U0/u_core/u_csr/mip_reg[16]/CE
  -------------------------------------------------------------------    ----------------------------------------

                         (clock clk_fpga_0 rise edge)
                                                      8.000     8.000 r                       
    PS7_X0Y0             PS7                          0.000     8.000 r                       rv32_top_i/ps7/inst/PS7_i/FCLKCLK[0]
                         net (fo=1, routed)           1.088     9.088                         rv32_top_i/ps7/inst/FCLK_CLK_unbuffered[0]
    BUFGCTRL_X0Y16       BUFG (Prop_bufg_I_O)         0.091     9.179 r                       rv32_top_i/ps7/inst/buffer_fclk_clk_0.FCLK_CLK_0_BUFG/O
                         net (fo=12355, routed)       1.468    10.647                         rv32_top_i/plat/U0/u_core/u_csr/S_AXI_ACLK
    SLICE_X33Y80         FDCE                                         r  pb_core              rv32_top_i/plat/U0/u_core/u_csr/mip_reg[16]/C
                         clock pessimism              0.129    10.776                           
                         clock uncertainty           -0.125    10.651                           
    SLICE_X33Y80         FDCE (Setup_fdce_C_CE)      -0.205    10.446    pb_core                rv32_top_i/plat/U0/u_core/u_csr/mip_reg[16]
  -------------------------------------------------------------------
                         required time                         10.446                           
                         arrival time                         -11.558                           
  -------------------------------------------------------------------
                         slack                                 -1.112                           

Slack (VIOLATED) :        -1.112ns  (required time - arrival time)
  Source:                 rv32_top_i/plat/U0/u_core/exmem_alu_result_reg[6]_rep__0/C
                            (rising edge-triggered cell FDCE clocked by clk_fpga_0  {rise@0.000ns fall@4.000ns period=8.000ns})
  Destination:            rv32_top_i/plat/U0/u_core/u_csr/mip_reg[17]/CE
                            (rising edge-triggered cell FDCE clocked by clk_fpga_0  {rise@0.000ns fall@4.000ns period=8.000ns})
  Path Group:             clk_fpga_0
  Path Type:              Setup (Max at Slow Process Corner)
  Requirement:            8.000ns  (clk_fpga_0 rise@8.000ns - clk_fpga_0 rise@0.000ns)
  Data Path Delay:        8.420ns  (logic 2.922ns (34.704%)  route 5.498ns (65.296%))
  Logic Levels:           10  (CARRY4=2 LUT6=5 MUXF7=1 MUXF8=1 RAMS64E=1)
  Clock Path Skew:        -0.362ns (DCD - SCD + CPR)
    Destination Clock Delay (DCD):    2.647ns = ( 10.647 - 8.000 ) 
    Source Clock Delay      (SCD):    3.138ns
    Clock Pessimism Removal (CPR):    0.129ns
  Clock Uncertainty:      0.125ns  ((TSJ^2 + TIJ^2)^1/2 + DJ) / 2 + PE
    Total System Jitter     (TSJ):    0.071ns
    Total Input Jitter      (TIJ):    0.240ns
    Discrete Jitter          (DJ):    0.000ns
    Phase Error              (PE):    0.000ns

    Location             Delay type                Incr(ns)  Path(ns)    PBlock               Netlist Resource(s)
  -------------------------------------------------------------------    ----------------------------------------
                         (clock clk_fpga_0 rise edge)
                                                      0.000     0.000 r                       
    PS7_X0Y0             PS7                          0.000     0.000 r                       rv32_top_i/ps7/inst/PS7_i/FCLKCLK[0]
                         net (fo=1, routed)           1.193     1.193                         rv32_top_i/ps7/inst/FCLK_CLK_unbuffered[0]
    BUFGCTRL_X0Y16       BUFG (Prop_bufg_I_O)         0.101     1.294 r                       rv32_top_i/ps7/inst/buffer_fclk_clk_0.FCLK_CLK_0_BUFG/O
                         net (fo=12355, routed)       1.844     3.138                         rv32_top_i/plat/U0/u_core/S_AXI_ACLK
    SLICE_X37Y103        FDCE                                         r  pb_core              rv32_top_i/plat/U0/u_core/exmem_alu_result_reg[6]_rep__0/C
  -------------------------------------------------------------------    ----------------------------------------
    SLICE_X37Y103        FDCE (Prop_fdce_C_Q)         0.456     3.594 r  pb_core              rv32_top_i/plat/U0/u_core/exmem_alu_result_reg[6]_rep__0/Q
                         net (fo=158, routed)         1.356     4.950                         rv32_top_i/plat/U0/u_dcache/u_tag/tag_mem_reg_0_255_5_5/A2
    SLICE_X42Y99         RAMS64E (Prop_rams64e_ADR2_O)
                                                      0.387     5.337 r                       rv32_top_i/plat/U0/u_dcache/u_tag/tag_mem_reg_0_255_5_5/RAMS64E_B/O
                         net (fo=1, routed)           0.000     5.337                         rv32_top_i/plat/U0/u_dcache/u_tag/tag_mem_reg_0_255_5_5/OB
    SLICE_X42Y99         MUXF7 (Prop_muxf7_I0_O)      0.209     5.546 r                       rv32_top_i/plat/U0/u_dcache/u_tag/tag_mem_reg_0_255_5_5/F7.A/O
                         net (fo=1, routed)           0.000     5.546                         rv32_top_i/plat/U0/u_dcache/u_tag/tag_mem_reg_0_255_5_5/O1
    SLICE_X42Y99         MUXF8 (Prop_muxf8_I1_O)      0.088     5.634 r                       rv32_top_i/plat/U0/u_dcache/u_tag/tag_mem_reg_0_255_5_5/F8/O
                         net (fo=1, routed)           0.726     6.360                         rv32_top_i/plat/U0/u_dcache/u_tag/tag_out_0[5]
    SLICE_X45Y99         LUT6 (Prop_lut6_I3_O)        0.319     6.679 r                       rv32_top_i/plat/U0/u_dcache/u_tag/FSM_onehot_st[5]_i_13/O
                         net (fo=1, routed)           0.000     6.679                         rv32_top_i/plat/U0/u_dcache/u_tag/FSM_onehot_st[5]_i_13_n_0
    SLICE_X45Y99         CARRY4 (Prop_carry4_S[1]_CO[3])
                                                      0.550     7.229 r                       rv32_top_i/plat/U0/u_dcache/u_tag/FSM_onehot_st_reg[5]_i_7/CO[3]
                         net (fo=1, routed)           0.001     7.229                         rv32_top_i/plat/U0/u_dcache/u_tag/FSM_onehot_st_reg[5]_i_7_n_0
    SLICE_X45Y100        CARRY4 (Prop_carry4_CI_CO[2])
                                                      0.228     7.457 f                       rv32_top_i/plat/U0/u_dcache/u_tag/FSM_onehot_st_reg[5]_i_5/CO[2]
                         net (fo=2, routed)           0.719     8.177                         rv32_top_i/plat/U0/u_dcache/u_tag/hit1
    SLICE_X47Y88         LUT6 (Prop_lut6_I2_O)        0.313     8.490 r                       rv32_top_i/plat/U0/u_dcache/u_tag/FSM_onehot_st[5]_i_2/O
                         net (fo=4, routed)           0.441     8.931                         rv32_top_i/plat/U0/u_dcache/u_ctrl/FSM_onehot_st_reg[0]_1
    SLICE_X47Y86         LUT6 (Prop_lut6_I2_O)        0.124     9.055 r                       rv32_top_i/plat/U0/u_dcache/u_ctrl/mstatus[31]_i_12/O
                         net (fo=4, routed)           0.469     9.524                         rv32_top_i/plat/U0/u_core/u_pc/mstatus_reg[3]
    SLICE_X45Y85         LUT6 (Prop_lut6_I4_O)        0.124     9.648 f  pb_core              rv32_top_i/plat/U0/u_core/u_pc/mstatus[12]_i_4/O
                         net (fo=540, routed)         1.150    10.798                         rv32_top_i/plat/U0/u_core/u_pc/csr_we_qual0
    SLICE_X32Y80         LUT6 (Prop_lut6_I2_O)        0.124    10.922 r  pb_core              rv32_top_i/plat/U0/u_core/u_pc/mip[31]_i_1_replica/O
                         net (fo=17, routed)          0.636    11.558                         rv32_top_i/plat/U0/u_core/u_csr/idex_is_mret_reg[0]_repN_alias
    SLICE_X33Y80         FDCE                                         r  pb_core              rv32_top_i/plat/U0/u_core/u_csr/mip_reg[17]/CE
  -------------------------------------------------------------------    ----------------------------------------

                         (clock clk_fpga_0 rise edge)
                                                      8.000     8.000 r                       
    PS7_X0Y0             PS7                          0.000     8.000 r                       rv32_top_i/ps7/inst/PS7_i/FCLKCLK[0]
                         net (fo=1, routed)           1.088     9.088                         rv32_top_i/ps7/inst/FCLK_CLK_unbuffered[0]
    BUFGCTRL_X0Y16       BUFG (Prop_bufg_I_O)         0.091     9.179 r                       rv32_top_i/ps7/inst/buffer_fclk_clk_0.FCLK_CLK_0_BUFG/O
                         net (fo=12355, routed)       1.468    10.647                         rv32_top_i/plat/U0/u_core/u_csr/S_AXI_ACLK
    SLICE_X33Y80         FDCE                                         r  pb_core              rv32_top_i/plat/U0/u_core/u_csr/mip_reg[17]/C
                         clock pessimism              0.129    10.776                           
                         clock uncertainty           -0.125    10.651                           
    SLICE_X33Y80         FDCE (Setup_fdce_C_CE)      -0.205    10.446    pb_core                rv32_top_i/plat/U0/u_core/u_csr/mip_reg[17]
  -------------------------------------------------------------------
                         required time                         10.446                           
                         arrival time                         -11.558                           
  -------------------------------------------------------------------
                         slack                                 -1.112                           





Min Delay Paths
--------------------------------------------------------------------------------------
Slack (MET) :             0.042ns  (arrival time - required time)
  Source:                 rv32_top_i/plat/U0/u_mmio/u_npu/u_npu/u_array/gen_row[14].gen_col[7].u_pe/p_reg[5]/C
                            (rising edge-triggered cell FDRE clocked by clk_fpga_0  {rise@0.000ns fall@4.000ns period=8.000ns})
  Destination:            rv32_top_i/plat/U0/u_mmio/u_npu/u_npu/u_array/gen_row[14].gen_col[7].u_pe/p_reg[16]/D
                            (rising edge-triggered cell FDRE clocked by clk_fpga_0  {rise@0.000ns fall@4.000ns period=8.000ns})
  Path Group:             clk_fpga_0
  Path Type:              Hold (Min at Fast Process Corner)
  Requirement:            0.000ns  (clk_fpga_0 rise@0.000ns - clk_fpga_0 rise@0.000ns)
  Data Path Delay:        0.500ns  (logic 0.420ns (84.029%)  route 0.080ns (15.971%))
  Logic Levels:           4  (CARRY4=4)
  Clock Path Skew:        0.353ns (DCD - SCD - CPR)
    Destination Clock Delay (DCD):    1.361ns
    Source Clock Delay      (SCD):    0.973ns
    Clock Pessimism Removal (CPR):    0.035ns

    Location             Delay type                Incr(ns)  Path(ns)    Netlist Resource(s)
  -------------------------------------------------------------------    -------------------
                         (clock clk_fpga_0 rise edge)
                                                      0.000     0.000 r  
    PS7_X0Y0             PS7                          0.000     0.000 r  rv32_top_i/ps7/inst/PS7_i/FCLKCLK[0]
                         net (fo=1, routed)           0.310     0.310    rv32_top_i/ps7/inst/FCLK_CLK_unbuffered[0]
    BUFGCTRL_X0Y16       BUFG (Prop_bufg_I_O)         0.026     0.336 r  rv32_top_i/ps7/inst/buffer_fclk_clk_0.FCLK_CLK_0_BUFG/O
                         net (fo=12355, routed)       0.637     0.973    rv32_top_i/plat/U0/u_mmio/u_npu/u_npu/u_array/gen_row[14].gen_col[7].u_pe/S_AXI_ACLK
    SLICE_X111Y97        FDRE                                         r  rv32_top_i/plat/U0/u_mmio/u_npu/u_npu/u_array/gen_row[14].gen_col[7].u_pe/p_reg[5]/C
  -------------------------------------------------------------------    -------------------
    SLICE_X111Y97        FDRE (Prop_fdre_C_Q)         0.141     1.114 r  rv32_top_i/plat/U0/u_mmio/u_npu/u_npu/u_array/gen_row[14].gen_col[7].u_pe/p_reg[5]/Q
                         net (fo=3, routed)           0.079     1.193    rv32_top_i/plat/U0/u_mmio/u_npu/u_npu/u_array/gen_row[14].gen_col[7].u_pe/acc_flat[7397]
    SLICE_X111Y97        CARRY4 (Prop_carry4_DI[1]_CO[3])
                                                      0.147     1.340 r  rv32_top_i/plat/U0/u_mmio/u_npu/u_npu/u_array/gen_row[14].gen_col[7].u_pe/p_reg[7]_i_1__30/CO[3]
                         net (fo=1, routed)           0.000     1.340    rv32_top_i/plat/U0/u_mmio/u_npu/u_npu/u_array/gen_row[14].gen_col[7].u_pe/p_reg[7]_i_1__30_n_0
    SLICE_X111Y98        CARRY4 (Prop_carry4_CI_CO[3])
                                                      0.039     1.379 r  rv32_top_i/plat/U0/u_mmio/u_npu/u_npu/u_array/gen_row[14].gen_col[7].u_pe/p_reg[11]_i_1__30/CO[3]
                         net (fo=1, routed)           0.000     1.379    rv32_top_i/plat/U0/u_mmio/u_npu/u_npu/u_array/gen_row[14].gen_col[7].u_pe/p_reg[11]_i_1__30_n_0
    SLICE_X111Y99        CARRY4 (Prop_carry4_CI_CO[3])
                                                      0.039     1.418 r  rv32_top_i/plat/U0/u_mmio/u_npu/u_npu/u_array/gen_row[14].gen_col[7].u_pe/p_reg[15]_i_1__30/CO[3]
                         net (fo=1, routed)           0.001     1.418    rv32_top_i/plat/U0/u_mmio/u_npu/u_npu/u_array/gen_row[14].gen_col[7].u_pe/p_reg[15]_i_1__30_n_0
    SLICE_X111Y100       CARRY4 (Prop_carry4_CI_O[0])
                                                      0.054     1.472 r  rv32_top_i/plat/U0/u_mmio/u_npu/u_npu/u_array/gen_row[14].gen_col[7].u_pe/p_reg[19]_i_1__30/O[0]
                         net (fo=1, routed)           0.000     1.472    rv32_top_i/plat/U0/u_mmio/u_npu/u_npu/u_array/gen_row[14].gen_col[7].u_pe/p_0_in[16]
    SLICE_X111Y100       FDRE                                         r  rv32_top_i/plat/U0/u_mmio/u_npu/u_npu/u_array/gen_row[14].gen_col[7].u_pe/p_reg[16]/D
  -------------------------------------------------------------------    -------------------

                         (clock clk_fpga_0 rise edge)
                                                      0.000     0.000 r  
    PS7_X0Y0             PS7                          0.000     0.000 r  rv32_top_i/ps7/inst/PS7_i/FCLKCLK[0]
                         net (fo=1, routed)           0.337     0.337    rv32_top_i/ps7/inst/FCLK_CLK_unbuffered[0]
    BUFGCTRL_X0Y16       BUFG (Prop_bufg_I_O)         0.029     0.366 r  rv32_top_i/ps7/inst/buffer_fclk_clk_0.FCLK_CLK_0_BUFG/O
                         net (fo=12355, routed)       0.995     1.361    rv32_top_i/plat/U0/u_mmio/u_npu/u_npu/u_array/gen_row[14].gen_col[7].u_pe/S_AXI_ACLK
    SLICE_X111Y100       FDRE                                         r  rv32_top_i/plat/U0/u_mmio/u_npu/u_npu/u_array/gen_row[14].gen_col[7].u_pe/p_reg[16]/C
                         clock pessimism             -0.035     1.326    
    SLICE_X111Y100       FDRE (Hold_fdre_C_D)         0.105     1.431    rv32_top_i/plat/U0/u_mmio/u_npu/u_npu/u_array/gen_row[14].gen_col[7].u_pe/p_reg[16]
  -------------------------------------------------------------------
                         required time                         -1.431    
                         arrival time                           1.472    
  -------------------------------------------------------------------
                         slack                                  0.042    

Slack (MET) :             0.043ns  (arrival time - required time)
  Source:                 rv32_top_i/plat/U0/u_mmio/u_npu/u_npu/u_array/gen_row[14].gen_col[14].u_pe/p_reg[1]/C
                            (rising edge-triggered cell FDRE clocked by clk_fpga_0  {rise@0.000ns fall@4.000ns period=8.000ns})
  Destination:            rv32_top_i/plat/U0/u_mmio/u_npu/u_npu/u_array/gen_row[14].gen_col[14].u_pe/p_reg[12]/D
                            (rising edge-triggered cell FDRE clocked by clk_fpga_0  {rise@0.000ns fall@4.000ns period=8.000ns})
  Path Group:             clk_fpga_0
  Path Type:              Hold (Min at Fast Process Corner)
  Requirement:            0.000ns  (clk_fpga_0 rise@0.000ns - clk_fpga_0 rise@0.000ns)
  Data Path Delay:        0.528ns  (logic 0.447ns (84.622%)  route 0.081ns (15.378%))
  Logic Levels:           4  (CARRY4=4)
  Clock Path Skew:        0.351ns (DCD - SCD - CPR)
    Destination Clock Delay (DCD):    1.329ns
    Source Clock Delay      (SCD):    0.943ns
    Clock Pessimism Removal (CPR):    0.035ns

    Location             Delay type                Incr(ns)  Path(ns)    Netlist Resource(s)
  -------------------------------------------------------------------    -------------------
                         (clock clk_fpga_0 rise edge)
                                                      0.000     0.000 r  
    PS7_X0Y0             PS7                          0.000     0.000 r  rv32_top_i/ps7/inst/PS7_i/FCLKCLK[0]
                         net (fo=1, routed)           0.310     0.310    rv32_top_i/ps7/inst/FCLK_CLK_unbuffered[0]
    BUFGCTRL_X0Y16       BUFG (Prop_bufg_I_O)         0.026     0.336 r  rv32_top_i/ps7/inst/buffer_fclk_clk_0.FCLK_CLK_0_BUFG/O
                         net (fo=12355, routed)       0.607     0.943    rv32_top_i/plat/U0/u_mmio/u_npu/u_npu/u_array/gen_row[14].gen_col[14].u_pe/S_AXI_ACLK
    SLICE_X90Y97         FDRE                                         r  rv32_top_i/plat/U0/u_mmio/u_npu/u_npu/u_array/gen_row[14].gen_col[14].u_pe/p_reg[1]/C
  -------------------------------------------------------------------    -------------------
    SLICE_X90Y97         FDRE (Prop_fdre_C_Q)         0.164     1.107 r  rv32_top_i/plat/U0/u_mmio/u_npu/u_npu/u_array/gen_row[14].gen_col[14].u_pe/p_reg[1]/Q
                         net (fo=3, routed)           0.081     1.187    rv32_top_i/plat/U0/u_mmio/u_npu/u_npu/u_array/gen_row[14].gen_col[14].u_pe/Q[1]
    SLICE_X90Y97         CARRY4 (Prop_carry4_DI[1]_CO[3])
                                                      0.150     1.337 r  rv32_top_i/plat/U0/u_mmio/u_npu/u_npu/u_array/gen_row[14].gen_col[14].u_pe/p_reg[3]_i_1__37/CO[3]
                         net (fo=1, routed)           0.000     1.337    rv32_top_i/plat/U0/u_mmio/u_npu/u_npu/u_array/gen_row[14].gen_col[14].u_pe/p_reg[3]_i_1__37_n_0
    SLICE_X90Y98         CARRY4 (Prop_carry4_CI_CO[3])
                                                      0.040     1.377 r  rv32_top_i/plat/U0/u_mmio/u_npu/u_npu/u_array/gen_row[14].gen_col[14].u_pe/p_reg[7]_i_1__37/CO[3]
                         net (fo=1, routed)           0.000     1.377    rv32_top_i/plat/U0/u_mmio/u_npu/u_npu/u_array/gen_row[14].gen_col[14].u_pe/p_reg[7]_i_1__37_n_0
    SLICE_X90Y99         CARRY4 (Prop_carry4_CI_CO[3])
                                                      0.040     1.417 r  rv32_top_i/plat/U0/u_mmio/u_npu/u_npu/u_array/gen_row[14].gen_col[14].u_pe/p_reg[11]_i_1__37/CO[3]
                         net (fo=1, routed)           0.001     1.418    rv32_top_i/plat/U0/u_mmio/u_npu/u_npu/u_array/gen_row[14].gen_col[14].u_pe/p_reg[11]_i_1__37_n_0
    SLICE_X90Y100        CARRY4 (Prop_carry4_CI_O[0])
                                                      0.053     1.471 r  rv32_top_i/plat/U0/u_mmio/u_npu/u_npu/u_array/gen_row[14].gen_col[14].u_pe/p_reg[15]_i_1__37/O[0]
                         net (fo=1, routed)           0.000     1.471    rv32_top_i/plat/U0/u_mmio/u_npu/u_npu/u_array/gen_row[14].gen_col[14].u_pe/p_0_in[12]
    SLICE_X90Y100        FDRE                                         r  rv32_top_i/plat/U0/u_mmio/u_npu/u_npu/u_array/gen_row[14].gen_col[14].u_pe/p_reg[12]/D
  -------------------------------------------------------------------    -------------------

                         (clock clk_fpga_0 rise edge)
                                                      0.000     0.000 r  
    PS7_X0Y0             PS7                          0.000     0.000 r  rv32_top_i/ps7/inst/PS7_i/FCLKCLK[0]
                         net (fo=1, routed)           0.337     0.337    rv32_top_i/ps7/inst/FCLK_CLK_unbuffered[0]
    BUFGCTRL_X0Y16       BUFG (Prop_bufg_I_O)         0.029     0.366 r  rv32_top_i/ps7/inst/buffer_fclk_clk_0.FCLK_CLK_0_BUFG/O
                         net (fo=12355, routed)       0.963     1.329    rv32_top_i/plat/U0/u_mmio/u_npu/u_npu/u_array/gen_row[14].gen_col[14].u_pe/S_AXI_ACLK
    SLICE_X90Y100        FDRE                                         r  rv32_top_i/plat/U0/u_mmio/u_npu/u_npu/u_array/gen_row[14].gen_col[14].u_pe/p_reg[12]/C
                         clock pessimism             -0.035     1.294    
    SLICE_X90Y100        FDRE (Hold_fdre_C_D)         0.134     1.428    rv32_top_i/plat/U0/u_mmio/u_npu/u_npu/u_array/gen_row[14].gen_col[14].u_pe/p_reg[12]
  -------------------------------------------------------------------
                         required time                         -1.428    
                         arrival time                           1.471    
  -------------------------------------------------------------------
                         slack                                  0.043    

Slack (MET) :             0.044ns  (arrival time - required time)
  Source:                 rv32_top_i/plat/U0/u_mmio/u_npu/u_npu/u_array/gen_row[14].gen_col[4].u_pe/p_reg[1]/C
                            (rising edge-triggered cell FDRE clocked by clk_fpga_0  {rise@0.000ns fall@4.000ns period=8.000ns})
  Destination:            rv32_top_i/plat/U0/u_mmio/u_npu/u_npu/u_array/gen_row[14].gen_col[4].u_pe/p_reg[12]/D
                            (rising edge-triggered cell FDRE clocked by clk_fpga_0  {rise@0.000ns fall@4.000ns period=8.000ns})
  Path Group:             clk_fpga_0
  Path Type:              Hold (Min at Fast Process Corner)
  Requirement:            0.000ns  (clk_fpga_0 rise@0.000ns - clk_fpga_0 rise@0.000ns)
  Data Path Delay:        0.500ns  (logic 0.420ns (84.029%)  route 0.080ns (15.971%))
  Logic Levels:           4  (CARRY4=4)
  Clock Path Skew:        0.351ns (DCD - SCD - CPR)
    Destination Clock Delay (DCD):    1.330ns
    Source Clock Delay      (SCD):    0.944ns
    Clock Pessimism Removal (CPR):    0.035ns

    Location             Delay type                Incr(ns)  Path(ns)    Netlist Resource(s)
  -------------------------------------------------------------------    -------------------
                         (clock clk_fpga_0 rise edge)
                                                      0.000     0.000 r  
    PS7_X0Y0             PS7                          0.000     0.000 r  rv32_top_i/ps7/inst/PS7_i/FCLKCLK[0]
                         net (fo=1, routed)           0.310     0.310    rv32_top_i/ps7/inst/FCLK_CLK_unbuffered[0]
    BUFGCTRL_X0Y16       BUFG (Prop_bufg_I_O)         0.026     0.336 r  rv32_top_i/ps7/inst/buffer_fclk_clk_0.FCLK_CLK_0_BUFG/O
                         net (fo=12355, routed)       0.608     0.944    rv32_top_i/plat/U0/u_mmio/u_npu/u_npu/u_array/gen_row[14].gen_col[4].u_pe/S_AXI_ACLK
    SLICE_X97Y97         FDRE                                         r  rv32_top_i/plat/U0/u_mmio/u_npu/u_npu/u_array/gen_row[14].gen_col[4].u_pe/p_reg[1]/C
  -------------------------------------------------------------------    -------------------
    SLICE_X97Y97         FDRE (Prop_fdre_C_Q)         0.141     1.085 r  rv32_top_i/plat/U0/u_mmio/u_npu/u_npu/u_array/gen_row[14].gen_col[4].u_pe/p_reg[1]/Q
                         net (fo=3, routed)           0.079     1.164    rv32_top_i/plat/U0/u_mmio/u_npu/u_npu/u_array/gen_row[14].gen_col[4].u_pe/Q[1]
    SLICE_X97Y97         CARRY4 (Prop_carry4_DI[1]_CO[3])
                                                      0.147     1.311 r  rv32_top_i/plat/U0/u_mmio/u_npu/u_npu/u_array/gen_row[14].gen_col[4].u_pe/p_reg[3]_i_1__27/CO[3]
                         net (fo=1, routed)           0.000     1.311    rv32_top_i/plat/U0/u_mmio/u_npu/u_npu/u_array/gen_row[14].gen_col[4].u_pe/p_reg[3]_i_1__27_n_0
    SLICE_X97Y98         CARRY4 (Prop_carry4_CI_CO[3])
                                                      0.039     1.350 r  rv32_top_i/plat/U0/u_mmio/u_npu/u_npu/u_array/gen_row[14].gen_col[4].u_pe/p_reg[7]_i_1__27/CO[3]
                         net (fo=1, routed)           0.000     1.350    rv32_top_i/plat/U0/u_mmio/u_npu/u_npu/u_array/gen_row[14].gen_col[4].u_pe/p_reg[7]_i_1__27_n_0
    SLICE_X97Y99         CARRY4 (Prop_carry4_CI_CO[3])
                                                      0.039     1.389 r  rv32_top_i/plat/U0/u_mmio/u_npu/u_npu/u_array/gen_row[14].gen_col[4].u_pe/p_reg[11]_i_1__27/CO[3]
                         net (fo=1, routed)           0.001     1.389    rv32_top_i/plat/U0/u_mmio/u_npu/u_npu/u_array/gen_row[14].gen_col[4].u_pe/p_reg[11]_i_1__27_n_0
    SLICE_X97Y100        CARRY4 (Prop_carry4_CI_O[0])
                                                      0.054     1.443 r  rv32_top_i/plat/U0/u_mmio/u_npu/u_npu/u_array/gen_row[14].gen_col[4].u_pe/p_reg[15]_i_1__27/O[0]
                         net (fo=1, routed)           0.000     1.443    rv32_top_i/plat/U0/u_mmio/u_npu/u_npu/u_array/gen_row[14].gen_col[4].u_pe/p_0_in[12]
    SLICE_X97Y100        FDRE                                         r  rv32_top_i/plat/U0/u_mmio/u_npu/u_npu/u_array/gen_row[14].gen_col[4].u_pe/p_reg[12]/D
  -------------------------------------------------------------------    -------------------

                         (clock clk_fpga_0 rise edge)
                                                      0.000     0.000 r  
    PS7_X0Y0             PS7                          0.000     0.000 r  rv32_top_i/ps7/inst/PS7_i/FCLKCLK[0]
                         net (fo=1, routed)           0.337     0.337    rv32_top_i/ps7/inst/FCLK_CLK_unbuffered[0]
    BUFGCTRL_X0Y16       BUFG (Prop_bufg_I_O)         0.029     0.366 r  rv32_top_i/ps7/inst/buffer_fclk_clk_0.FCLK_CLK_0_BUFG/O
                         net (fo=12355, routed)       0.964     1.330    rv32_top_i/plat/U0/u_mmio/u_npu/u_npu/u_array/gen_row[14].gen_col[4].u_pe/S_AXI_ACLK
    SLICE_X97Y100        FDRE                                         r  rv32_top_i/plat/U0/u_mmio/u_npu/u_npu/u_array/gen_row[14].gen_col[4].u_pe/p_reg[12]/C
                         clock pessimism             -0.035     1.295    
    SLICE_X97Y100        FDRE (Hold_fdre_C_D)         0.105     1.400    rv32_top_i/plat/U0/u_mmio/u_npu/u_npu/u_array/gen_row[14].gen_col[4].u_pe/p_reg[12]
  -------------------------------------------------------------------
                         required time                         -1.400    
                         arrival time                           1.443    
  -------------------------------------------------------------------
                         slack                                  0.044    

Slack (MET) :             0.044ns  (arrival time - required time)
  Source:                 rv32_top_i/plat/U0/u_mmio/u_npu/u_npu/u_array/gen_row[14].gen_col[13].u_pe/p_reg[1]/C
                            (rising edge-triggered cell FDRE clocked by clk_fpga_0  {rise@0.000ns fall@4.000ns period=8.000ns})
  Destination:            rv32_top_i/plat/U0/u_mmio/u_npu/u_npu/u_array/gen_row[14].gen_col[13].u_pe/p_reg[12]/D
                            (rising edge-triggered cell FDRE clocked by clk_fpga_0  {rise@0.000ns fall@4.000ns period=8.000ns})
  Path Group:             clk_fpga_0
  Path Type:              Hold (Min at Fast Process Corner)
  Requirement:            0.000ns  (clk_fpga_0 rise@0.000ns - clk_fpga_0 rise@0.000ns)
  Data Path Delay:        0.500ns  (logic 0.420ns (84.029%)  route 0.080ns (15.971%))
  Logic Levels:           4  (CARRY4=4)
  Clock Path Skew:        0.351ns (DCD - SCD - CPR)
    Destination Clock Delay (DCD):    1.331ns
    Source Clock Delay      (SCD):    0.945ns
    Clock Pessimism Removal (CPR):    0.035ns

    Location             Delay type                Incr(ns)  Path(ns)    Netlist Resource(s)
  -------------------------------------------------------------------    -------------------
                         (clock clk_fpga_0 rise edge)
                                                      0.000     0.000 r  
    PS7_X0Y0             PS7                          0.000     0.000 r  rv32_top_i/ps7/inst/PS7_i/FCLKCLK[0]
                         net (fo=1, routed)           0.310     0.310    rv32_top_i/ps7/inst/FCLK_CLK_unbuffered[0]
    BUFGCTRL_X0Y16       BUFG (Prop_bufg_I_O)         0.026     0.336 r  rv32_top_i/ps7/inst/buffer_fclk_clk_0.FCLK_CLK_0_BUFG/O
                         net (fo=12355, routed)       0.609     0.945    rv32_top_i/plat/U0/u_mmio/u_npu/u_npu/u_array/gen_row[14].gen_col[13].u_pe/S_AXI_ACLK
    SLICE_X101Y97        FDRE                                         r  rv32_top_i/plat/U0/u_mmio/u_npu/u_npu/u_array/gen_row[14].gen_col[13].u_pe/p_reg[1]/C
  -------------------------------------------------------------------    -------------------
    SLICE_X101Y97        FDRE (Prop_fdre_C_Q)         0.141     1.086 r  rv32_top_i/plat/U0/u_mmio/u_npu/u_npu/u_array/gen_row[14].gen_col[13].u_pe/p_reg[1]/Q
                         net (fo=3, routed)           0.079     1.165    rv32_top_i/plat/U0/u_mmio/u_npu/u_npu/u_array/gen_row[14].gen_col[13].u_pe/Q[1]
    SLICE_X101Y97        CARRY4 (Prop_carry4_DI[1]_CO[3])
                                                      0.147     1.312 r  rv32_top_i/plat/U0/u_mmio/u_npu/u_npu/u_array/gen_row[14].gen_col[13].u_pe/p_reg[3]_i_1__36/CO[3]
                         net (fo=1, routed)           0.000     1.312    rv32_top_i/plat/U0/u_mmio/u_npu/u_npu/u_array/gen_row[14].gen_col[13].u_pe/p_reg[3]_i_1__36_n_0
    SLICE_X101Y98        CARRY4 (Prop_carry4_CI_CO[3])
                                                      0.039     1.351 r  rv32_top_i/plat/U0/u_mmio/u_npu/u_npu/u_array/gen_row[14].gen_col[13].u_pe/p_reg[7]_i_1__36/CO[3]
                         net (fo=1, routed)           0.000     1.351    rv32_top_i/plat/U0/u_mmio/u_npu/u_npu/u_array/gen_row[14].gen_col[13].u_pe/p_reg[7]_i_1__36_n_0
    SLICE_X101Y99        CARRY4 (Prop_carry4_CI_CO[3])
                                                      0.039     1.390 r  rv32_top_i/plat/U0/u_mmio/u_npu/u_npu/u_array/gen_row[14].gen_col[13].u_pe/p_reg[11]_i_1__36/CO[3]
                         net (fo=1, routed)           0.001     1.390    rv32_top_i/plat/U0/u_mmio/u_npu/u_npu/u_array/gen_row[14].gen_col[13].u_pe/p_reg[11]_i_1__36_n_0
    SLICE_X101Y100       CARRY4 (Prop_carry4_CI_O[0])
                                                      0.054     1.444 r  rv32_top_i/plat/U0/u_mmio/u_npu/u_npu/u_array/gen_row[14].gen_col[13].u_pe/p_reg[15]_i_1__36/O[0]
                         net (fo=1, routed)           0.000     1.444    rv32_top_i/plat/U0/u_mmio/u_npu/u_npu/u_array/gen_row[14].gen_col[13].u_pe/p_0_in[12]
    SLICE_X101Y100       FDRE                                         r  rv32_top_i/plat/U0/u_mmio/u_npu/u_npu/u_array/gen_row[14].gen_col[13].u_pe/p_reg[12]/D
  -------------------------------------------------------------------    -------------------

                         (clock clk_fpga_0 rise edge)
                                                      0.000     0.000 r  
    PS7_X0Y0             PS7                          0.000     0.000 r  rv32_top_i/ps7/inst/PS7_i/FCLKCLK[0]
                         net (fo=1, routed)           0.337     0.337    rv32_top_i/ps7/inst/FCLK_CLK_unbuffered[0]
    BUFGCTRL_X0Y16       BUFG (Prop_bufg_I_O)         0.029     0.366 r  rv32_top_i/ps7/inst/buffer_fclk_clk_0.FCLK_CLK_0_BUFG/O
                         net (fo=12355, routed)       0.965     1.331    rv32_top_i/plat/U0/u_mmio/u_npu/u_npu/u_array/gen_row[14].gen_col[13].u_pe/S_AXI_ACLK
    SLICE_X101Y100       FDRE                                         r  rv32_top_i/plat/U0/u_mmio/u_npu/u_npu/u_array/gen_row[14].gen_col[13].u_pe/p_reg[12]/C
                         clock pessimism             -0.035     1.296    
    SLICE_X101Y100       FDRE (Hold_fdre_C_D)         0.105     1.401    rv32_top_i/plat/U0/u_mmio/u_npu/u_npu/u_array/gen_row[14].gen_col[13].u_pe/p_reg[12]
  -------------------------------------------------------------------
                         required time                         -1.401    
                         arrival time                           1.444    
  -------------------------------------------------------------------
                         slack                                  0.044    

Slack (MET) :             0.044ns  (arrival time - required time)
  Source:                 rv32_top_i/plat/U0/u_mmio/u_npu/u_npu/u_array/gen_row[14].gen_col[6].u_pe/p_reg[1]/C
                            (rising edge-triggered cell FDRE clocked by clk_fpga_0  {rise@0.000ns fall@4.000ns period=8.000ns})
  Destination:            rv32_top_i/plat/U0/u_mmio/u_npu/u_npu/u_array/gen_row[14].gen_col[6].u_pe/p_reg[12]/D
                            (rising edge-triggered cell FDRE clocked by clk_fpga_0  {rise@0.000ns fall@4.000ns period=8.000ns})
  Path Group:             clk_fpga_0
  Path Type:              Hold (Min at Fast Process Corner)
  Requirement:            0.000ns  (clk_fpga_0 rise@0.000ns - clk_fpga_0 rise@0.000ns)
  Data Path Delay:        0.500ns  (logic 0.420ns (84.018%)  route 0.080ns (15.982%))
  Logic Levels:           4  (CARRY4=4)
  Clock Path Skew:        0.351ns (DCD - SCD - CPR)
    Destination Clock Delay (DCD):    1.358ns
    Source Clock Delay      (SCD):    0.972ns
    Clock Pessimism Removal (CPR):    0.035ns

    Location             Delay type                Incr(ns)  Path(ns)    Netlist Resource(s)
  -------------------------------------------------------------------    -------------------
                         (clock clk_fpga_0 rise edge)
                                                      0.000     0.000 r  
    PS7_X0Y0             PS7                          0.000     0.000 r  rv32_top_i/ps7/inst/PS7_i/FCLKCLK[0]
                         net (fo=1, routed)           0.310     0.310    rv32_top_i/ps7/inst/FCLK_CLK_unbuffered[0]
    BUFGCTRL_X0Y16       BUFG (Prop_bufg_I_O)         0.026     0.336 r  rv32_top_i/ps7/inst/buffer_fclk_clk_0.FCLK_CLK_0_BUFG/O
                         net (fo=12355, routed)       0.636     0.972    rv32_top_i/plat/U0/u_mmio/u_npu/u_npu/u_array/gen_row[14].gen_col[6].u_pe/S_AXI_ACLK
    SLICE_X109Y97        FDRE                                         r  rv32_top_i/plat/U0/u_mmio/u_npu/u_npu/u_array/gen_row[14].gen_col[6].u_pe/p_reg[1]/C
  -------------------------------------------------------------------    -------------------
    SLICE_X109Y97        FDRE (Prop_fdre_C_Q)         0.141     1.113 r  rv32_top_i/plat/U0/u_mmio/u_npu/u_npu/u_array/gen_row[14].gen_col[6].u_pe/p_reg[1]/Q
                         net (fo=3, routed)           0.079     1.192    rv32_top_i/plat/U0/u_mmio/u_npu/u_npu/u_array/gen_row[14].gen_col[6].u_pe/Q[1]
    SLICE_X109Y97        CARRY4 (Prop_carry4_DI[1]_CO[3])
                                                      0.147     1.339 r  rv32_top_i/plat/U0/u_mmio/u_npu/u_npu/u_array/gen_row[14].gen_col[6].u_pe/p_reg[3]_i_1__29/CO[3]
                         net (fo=1, routed)           0.000     1.339    rv32_top_i/plat/U0/u_mmio/u_npu/u_npu/u_array/gen_row[14].gen_col[6].u_pe/p_reg[3]_i_1__29_n_0
    SLICE_X109Y98        CARRY4 (Prop_carry4_CI_CO[3])
                                                      0.039     1.378 r  rv32_top_i/plat/U0/u_mmio/u_npu/u_npu/u_array/gen_row[14].gen_col[6].u_pe/p_reg[7]_i_1__29/CO[3]
                         net (fo=1, routed)           0.000     1.378    rv32_top_i/plat/U0/u_mmio/u_npu/u_npu/u_array/gen_row[14].gen_col[6].u_pe/p_reg[7]_i_1__29_n_0
    SLICE_X109Y99        CARRY4 (Prop_carry4_CI_CO[3])
                                                      0.039     1.417 r  rv32_top_i/plat/U0/u_mmio/u_npu/u_npu/u_array/gen_row[14].gen_col[6].u_pe/p_reg[11]_i_1__29/CO[3]
                         net (fo=1, routed)           0.001     1.417    rv32_top_i/plat/U0/u_mmio/u_npu/u_npu/u_array/gen_row[14].gen_col[6].u_pe/p_reg[11]_i_1__29_n_0
    SLICE_X109Y100       CARRY4 (Prop_carry4_CI_O[0])
                                                      0.054     1.471 r  rv32_top_i/plat/U0/u_mmio/u_npu/u_npu/u_array/gen_row[14].gen_col[6].u_pe/p_reg[15]_i_1__29/O[0]
                         net (fo=1, routed)           0.000     1.471    rv32_top_i/plat/U0/u_mmio/u_npu/u_npu/u_array/gen_row[14].gen_col[6].u_pe/p_0_in[12]
    SLICE_X109Y100       FDRE                                         r  rv32_top_i/plat/U0/u_mmio/u_npu/u_npu/u_array/gen_row[14].gen_col[6].u_pe/p_reg[12]/D
  -------------------------------------------------------------------    -------------------

                         (clock clk_fpga_0 rise edge)
                                                      0.000     0.000 r  
    PS7_X0Y0             PS7                          0.000     0.000 r  rv32_top_i/ps7/inst/PS7_i/FCLKCLK[0]
                         net (fo=1, routed)           0.337     0.337    rv32_top_i/ps7/inst/FCLK_CLK_unbuffered[0]
    BUFGCTRL_X0Y16       BUFG (Prop_bufg_I_O)         0.029     0.366 r  rv32_top_i/ps7/inst/buffer_fclk_clk_0.FCLK_CLK_0_BUFG/O
                         net (fo=12355, routed)       0.992     1.358    rv32_top_i/plat/U0/u_mmio/u_npu/u_npu/u_array/gen_row[14].gen_col[6].u_pe/S_AXI_ACLK
    SLICE_X109Y100       FDRE                                         r  rv32_top_i/plat/U0/u_mmio/u_npu/u_npu/u_array/gen_row[14].gen_col[6].u_pe/p_reg[12]/C
                         clock pessimism             -0.035     1.323    
    SLICE_X109Y100       FDRE (Hold_fdre_C_D)         0.105     1.428    rv32_top_i/plat/U0/u_mmio/u_npu/u_npu/u_array/gen_row[14].gen_col[6].u_pe/p_reg[12]
  -------------------------------------------------------------------
                         required time                         -1.428    
                         arrival time                           1.471    
  -------------------------------------------------------------------
                         slack                                  0.044    

Slack (MET) :             0.044ns  (arrival time - required time)
  Source:                 rv32_top_i/plat/U0/u_mmio/u_npu/u_npu/u_array/gen_row[14].gen_col[3].u_pe/p_reg[1]/C
                            (rising edge-triggered cell FDRE clocked by clk_fpga_0  {rise@0.000ns fall@4.000ns period=8.000ns})
  Destination:            rv32_top_i/plat/U0/u_mmio/u_npu/u_npu/u_array/gen_row[14].gen_col[3].u_pe/p_reg[12]/D
                            (rising edge-triggered cell FDRE clocked by clk_fpga_0  {rise@0.000ns fall@4.000ns period=8.000ns})
  Path Group:             clk_fpga_0
  Path Type:              Hold (Min at Fast Process Corner)
  Requirement:            0.000ns  (clk_fpga_0 rise@0.000ns - clk_fpga_0 rise@0.000ns)
  Data Path Delay:        0.501ns  (logic 0.420ns (83.793%)  route 0.081ns (16.207%))
  Logic Levels:           4  (CARRY4=4)
  Clock Path Skew:        0.352ns (DCD - SCD - CPR)
    Destination Clock Delay (DCD):    1.332ns
    Source Clock Delay      (SCD):    0.945ns
    Clock Pessimism Removal (CPR):    0.035ns

    Location             Delay type                Incr(ns)  Path(ns)    Netlist Resource(s)
  -------------------------------------------------------------------    -------------------
                         (clock clk_fpga_0 rise edge)
                                                      0.000     0.000 r  
    PS7_X0Y0             PS7                          0.000     0.000 r  rv32_top_i/ps7/inst/PS7_i/FCLKCLK[0]
                         net (fo=1, routed)           0.310     0.310    rv32_top_i/ps7/inst/FCLK_CLK_unbuffered[0]
    BUFGCTRL_X0Y16       BUFG (Prop_bufg_I_O)         0.026     0.336 r  rv32_top_i/ps7/inst/buffer_fclk_clk_0.FCLK_CLK_0_BUFG/O
                         net (fo=12355, routed)       0.609     0.945    rv32_top_i/plat/U0/u_mmio/u_npu/u_npu/u_array/gen_row[14].gen_col[3].u_pe/S_AXI_ACLK
    SLICE_X105Y97        FDRE                                         r  rv32_top_i/plat/U0/u_mmio/u_npu/u_npu/u_array/gen_row[14].gen_col[3].u_pe/p_reg[1]/C
  -------------------------------------------------------------------    -------------------
    SLICE_X105Y97        FDRE (Prop_fdre_C_Q)         0.141     1.086 r  rv32_top_i/plat/U0/u_mmio/u_npu/u_npu/u_array/gen_row[14].gen_col[3].u_pe/p_reg[1]/Q
                         net (fo=3, routed)           0.081     1.166    rv32_top_i/plat/U0/u_mmio/u_npu/u_npu/u_array/gen_row[14].gen_col[3].u_pe/acc_flat[7265]
    SLICE_X105Y97        CARRY4 (Prop_carry4_DI[1]_CO[3])
                                                      0.147     1.313 r  rv32_top_i/plat/U0/u_mmio/u_npu/u_npu/u_array/gen_row[14].gen_col[3].u_pe/p_reg[3]_i_1__26/CO[3]
                         net (fo=1, routed)           0.000     1.313    rv32_top_i/plat/U0/u_mmio/u_npu/u_npu/u_array/gen_row[14].gen_col[3].u_pe/p_reg[3]_i_1__26_n_0
    SLICE_X105Y98        CARRY4 (Prop_carry4_CI_CO[3])
                                                      0.039     1.352 r  rv32_top_i/plat/U0/u_mmio/u_npu/u_npu/u_array/gen_row[14].gen_col[3].u_pe/p_reg[7]_i_1__26/CO[3]
                         net (fo=1, routed)           0.000     1.352    rv32_top_i/plat/U0/u_mmio/u_npu/u_npu/u_array/gen_row[14].gen_col[3].u_pe/p_reg[7]_i_1__26_n_0
    SLICE_X105Y99        CARRY4 (Prop_carry4_CI_CO[3])
                                                      0.039     1.391 r  rv32_top_i/plat/U0/u_mmio/u_npu/u_npu/u_array/gen_row[14].gen_col[3].u_pe/p_reg[11]_i_1__26/CO[3]
                         net (fo=1, routed)           0.001     1.392    rv32_top_i/plat/U0/u_mmio/u_npu/u_npu/u_array/gen_row[14].gen_col[3].u_pe/p_reg[11]_i_1__26_n_0
    SLICE_X105Y100       CARRY4 (Prop_carry4_CI_O[0])
                                                      0.054     1.446 r  rv32_top_i/plat/U0/u_mmio/u_npu/u_npu/u_array/gen_row[14].gen_col[3].u_pe/p_reg[15]_i_1__26/O[0]
                         net (fo=1, routed)           0.000     1.446    rv32_top_i/plat/U0/u_mmio/u_npu/u_npu/u_array/gen_row[14].gen_col[3].u_pe/p_0_in[12]
    SLICE_X105Y100       FDRE                                         r  rv32_top_i/plat/U0/u_mmio/u_npu/u_npu/u_array/gen_row[14].gen_col[3].u_pe/p_reg[12]/D
  -------------------------------------------------------------------    -------------------

                         (clock clk_fpga_0 rise edge)
                                                      0.000     0.000 r  
    PS7_X0Y0             PS7                          0.000     0.000 r  rv32_top_i/ps7/inst/PS7_i/FCLKCLK[0]
                         net (fo=1, routed)           0.337     0.337    rv32_top_i/ps7/inst/FCLK_CLK_unbuffered[0]
    BUFGCTRL_X0Y16       BUFG (Prop_bufg_I_O)         0.029     0.366 r  rv32_top_i/ps7/inst/buffer_fclk_clk_0.FCLK_CLK_0_BUFG/O
                         net (fo=12355, routed)       0.966     1.332    rv32_top_i/plat/U0/u_mmio/u_npu/u_npu/u_array/gen_row[14].gen_col[3].u_pe/S_AXI_ACLK
    SLICE_X105Y100       FDRE                                         r  rv32_top_i/plat/U0/u_mmio/u_npu/u_npu/u_array/gen_row[14].gen_col[3].u_pe/p_reg[12]/C
                         clock pessimism             -0.035     1.297    
    SLICE_X105Y100       FDRE (Hold_fdre_C_D)         0.105     1.402    rv32_top_i/plat/U0/u_mmio/u_npu/u_npu/u_array/gen_row[14].gen_col[3].u_pe/p_reg[12]
  -------------------------------------------------------------------
                         required time                         -1.402    
                         arrival time                           1.446    
  -------------------------------------------------------------------
                         slack                                  0.044    

Slack (MET) :             0.045ns  (arrival time - required time)
  Source:                 rv32_top_i/plat/U0/u_mmio/u_npu/u_npu/u_array/gen_row[14].gen_col[2].u_pe/p_reg[1]/C
                            (rising edge-triggered cell FDRE clocked by clk_fpga_0  {rise@0.000ns fall@4.000ns period=8.000ns})
  Destination:            rv32_top_i/plat/U0/u_mmio/u_npu/u_npu/u_array/gen_row[14].gen_col[2].u_pe/p_reg[12]/D
                            (rising edge-triggered cell FDRE clocked by clk_fpga_0  {rise@0.000ns fall@4.000ns period=8.000ns})
  Path Group:             clk_fpga_0
  Path Type:              Hold (Min at Fast Process Corner)
  Requirement:            0.000ns  (clk_fpga_0 rise@0.000ns - clk_fpga_0 rise@0.000ns)
  Data Path Delay:        0.500ns  (logic 0.420ns (84.018%)  route 0.080ns (15.982%))
  Logic Levels:           4  (CARRY4=4)
  Clock Path Skew:        0.350ns (DCD - SCD - CPR)
    Destination Clock Delay (DCD):    1.305ns
    Source Clock Delay      (SCD):    0.920ns
    Clock Pessimism Removal (CPR):    0.035ns

    Location             Delay type                Incr(ns)  Path(ns)    Netlist Resource(s)
  -------------------------------------------------------------------    -------------------
                         (clock clk_fpga_0 rise edge)
                                                      0.000     0.000 r  
    PS7_X0Y0             PS7                          0.000     0.000 r  rv32_top_i/ps7/inst/PS7_i/FCLKCLK[0]
                         net (fo=1, routed)           0.310     0.310    rv32_top_i/ps7/inst/FCLK_CLK_unbuffered[0]
    BUFGCTRL_X0Y16       BUFG (Prop_bufg_I_O)         0.026     0.336 r  rv32_top_i/ps7/inst/buffer_fclk_clk_0.FCLK_CLK_0_BUFG/O
                         net (fo=12355, routed)       0.584     0.920    rv32_top_i/plat/U0/u_mmio/u_npu/u_npu/u_array/gen_row[14].gen_col[2].u_pe/S_AXI_ACLK
    SLICE_X85Y97         FDRE                                         r  rv32_top_i/plat/U0/u_mmio/u_npu/u_npu/u_array/gen_row[14].gen_col[2].u_pe/p_reg[1]/C
  -------------------------------------------------------------------    -------------------
    SLICE_X85Y97         FDRE (Prop_fdre_C_Q)         0.141     1.061 r  rv32_top_i/plat/U0/u_mmio/u_npu/u_npu/u_array/gen_row[14].gen_col[2].u_pe/p_reg[1]/Q
                         net (fo=3, routed)           0.079     1.140    rv32_top_i/plat/U0/u_mmio/u_npu/u_npu/u_array/gen_row[14].gen_col[2].u_pe/Q[1]
    SLICE_X85Y97         CARRY4 (Prop_carry4_DI[1]_CO[3])
                                                      0.147     1.287 r  rv32_top_i/plat/U0/u_mmio/u_npu/u_npu/u_array/gen_row[14].gen_col[2].u_pe/p_reg[3]_i_1__25/CO[3]
                         net (fo=1, routed)           0.000     1.287    rv32_top_i/plat/U0/u_mmio/u_npu/u_npu/u_array/gen_row[14].gen_col[2].u_pe/p_reg[3]_i_1__25_n_0
    SLICE_X85Y98         CARRY4 (Prop_carry4_CI_CO[3])
                                                      0.039     1.326 r  rv32_top_i/plat/U0/u_mmio/u_npu/u_npu/u_array/gen_row[14].gen_col[2].u_pe/p_reg[7]_i_1__25/CO[3]
                         net (fo=1, routed)           0.000     1.326    rv32_top_i/plat/U0/u_mmio/u_npu/u_npu/u_array/gen_row[14].gen_col[2].u_pe/p_reg[7]_i_1__25_n_0
    SLICE_X85Y99         CARRY4 (Prop_carry4_CI_CO[3])
                                                      0.039     1.365 r  rv32_top_i/plat/U0/u_mmio/u_npu/u_npu/u_array/gen_row[14].gen_col[2].u_pe/p_reg[11]_i_1__25/CO[3]
                         net (fo=1, routed)           0.001     1.365    rv32_top_i/plat/U0/u_mmio/u_npu/u_npu/u_array/gen_row[14].gen_col[2].u_pe/p_reg[11]_i_1__25_n_0
    SLICE_X85Y100        CARRY4 (Prop_carry4_CI_O[0])
                                                      0.054     1.419 r  rv32_top_i/plat/U0/u_mmio/u_npu/u_npu/u_array/gen_row[14].gen_col[2].u_pe/p_reg[15]_i_1__25/O[0]
                         net (fo=1, routed)           0.000     1.419    rv32_top_i/plat/U0/u_mmio/u_npu/u_npu/u_array/gen_row[14].gen_col[2].u_pe/p_0_in[12]
    SLICE_X85Y100        FDRE                                         r  rv32_top_i/plat/U0/u_mmio/u_npu/u_npu/u_array/gen_row[14].gen_col[2].u_pe/p_reg[12]/D
  -------------------------------------------------------------------    -------------------

                         (clock clk_fpga_0 rise edge)
                                                      0.000     0.000 r  
    PS7_X0Y0             PS7                          0.000     0.000 r  rv32_top_i/ps7/inst/PS7_i/FCLKCLK[0]
                         net (fo=1, routed)           0.337     0.337    rv32_top_i/ps7/inst/FCLK_CLK_unbuffered[0]
    BUFGCTRL_X0Y16       BUFG (Prop_bufg_I_O)         0.029     0.366 r  rv32_top_i/ps7/inst/buffer_fclk_clk_0.FCLK_CLK_0_BUFG/O
                         net (fo=12355, routed)       0.939     1.305    rv32_top_i/plat/U0/u_mmio/u_npu/u_npu/u_array/gen_row[14].gen_col[2].u_pe/S_AXI_ACLK
    SLICE_X85Y100        FDRE                                         r  rv32_top_i/plat/U0/u_mmio/u_npu/u_npu/u_array/gen_row[14].gen_col[2].u_pe/p_reg[12]/C
                         clock pessimism             -0.035     1.270    
    SLICE_X85Y100        FDRE (Hold_fdre_C_D)         0.105     1.375    rv32_top_i/plat/U0/u_mmio/u_npu/u_npu/u_array/gen_row[14].gen_col[2].u_pe/p_reg[12]
  -------------------------------------------------------------------
                         required time                         -1.375    
                         arrival time                           1.419    
  -------------------------------------------------------------------
                         slack                                  0.045    

Slack (MET) :             0.045ns  (arrival time - required time)
  Source:                 rv32_top_i/plat/U0/u_mmio/u_npu/u_npu/u_array/gen_row[14].gen_col[15].u_pe/p_reg[1]/C
                            (rising edge-triggered cell FDRE clocked by clk_fpga_0  {rise@0.000ns fall@4.000ns period=8.000ns})
  Destination:            rv32_top_i/plat/U0/u_mmio/u_npu/u_npu/u_array/gen_row[14].gen_col[15].u_pe/p_reg[12]/D
                            (rising edge-triggered cell FDRE clocked by clk_fpga_0  {rise@0.000ns fall@4.000ns period=8.000ns})
  Path Group:             clk_fpga_0
  Path Type:              Hold (Min at Fast Process Corner)
  Requirement:            0.000ns  (clk_fpga_0 rise@0.000ns - clk_fpga_0 rise@0.000ns)
  Data Path Delay:        0.501ns  (logic 0.420ns (83.793%)  route 0.081ns (16.207%))
  Logic Levels:           4  (CARRY4=4)
  Clock Path Skew:        0.351ns (DCD - SCD - CPR)
    Destination Clock Delay (DCD):    1.306ns
    Source Clock Delay      (SCD):    0.920ns
    Clock Pessimism Removal (CPR):    0.035ns

    Location             Delay type                Incr(ns)  Path(ns)    Netlist Resource(s)
  -------------------------------------------------------------------    -------------------
                         (clock clk_fpga_0 rise edge)
                                                      0.000     0.000 r  
    PS7_X0Y0             PS7                          0.000     0.000 r  rv32_top_i/ps7/inst/PS7_i/FCLKCLK[0]
                         net (fo=1, routed)           0.310     0.310    rv32_top_i/ps7/inst/FCLK_CLK_unbuffered[0]
    BUFGCTRL_X0Y16       BUFG (Prop_bufg_I_O)         0.026     0.336 r  rv32_top_i/ps7/inst/buffer_fclk_clk_0.FCLK_CLK_0_BUFG/O
                         net (fo=12355, routed)       0.584     0.920    rv32_top_i/plat/U0/u_mmio/u_npu/u_npu/u_array/gen_row[14].gen_col[15].u_pe/S_AXI_ACLK
    SLICE_X87Y97         FDRE                                         r  rv32_top_i/plat/U0/u_mmio/u_npu/u_npu/u_array/gen_row[14].gen_col[15].u_pe/p_reg[1]/C
  -------------------------------------------------------------------    -------------------
    SLICE_X87Y97         FDRE (Prop_fdre_C_Q)         0.141     1.061 r  rv32_top_i/plat/U0/u_mmio/u_npu/u_npu/u_array/gen_row[14].gen_col[15].u_pe/p_reg[1]/Q
                         net (fo=3, routed)           0.081     1.141    rv32_top_i/plat/U0/u_mmio/u_npu/u_npu/u_array/gen_row[14].gen_col[15].u_pe/acc_flat[7649]
    SLICE_X87Y97         CARRY4 (Prop_carry4_DI[1]_CO[3])
                                                      0.147     1.288 r  rv32_top_i/plat/U0/u_mmio/u_npu/u_npu/u_array/gen_row[14].gen_col[15].u_pe/p_reg[3]_i_1__38/CO[3]
                         net (fo=1, routed)           0.000     1.288    rv32_top_i/plat/U0/u_mmio/u_npu/u_npu/u_array/gen_row[14].gen_col[15].u_pe/p_reg[3]_i_1__38_n_0
    SLICE_X87Y98         CARRY4 (Prop_carry4_CI_CO[3])
                                                      0.039     1.327 r  rv32_top_i/plat/U0/u_mmio/u_npu/u_npu/u_array/gen_row[14].gen_col[15].u_pe/p_reg[7]_i_1__38/CO[3]
                         net (fo=1, routed)           0.000     1.327    rv32_top_i/plat/U0/u_mmio/u_npu/u_npu/u_array/gen_row[14].gen_col[15].u_pe/p_reg[7]_i_1__38_n_0
    SLICE_X87Y99         CARRY4 (Prop_carry4_CI_CO[3])
                                                      0.039     1.366 r  rv32_top_i/plat/U0/u_mmio/u_npu/u_npu/u_array/gen_row[14].gen_col[15].u_pe/p_reg[11]_i_1__38/CO[3]
                         net (fo=1, routed)           0.001     1.367    rv32_top_i/plat/U0/u_mmio/u_npu/u_npu/u_array/gen_row[14].gen_col[15].u_pe/p_reg[11]_i_1__38_n_0
    SLICE_X87Y100        CARRY4 (Prop_carry4_CI_O[0])
                                                      0.054     1.421 r  rv32_top_i/plat/U0/u_mmio/u_npu/u_npu/u_array/gen_row[14].gen_col[15].u_pe/p_reg[15]_i_1__38/O[0]
                         net (fo=1, routed)           0.000     1.421    rv32_top_i/plat/U0/u_mmio/u_npu/u_npu/u_array/gen_row[14].gen_col[15].u_pe/p_0_in[12]
    SLICE_X87Y100        FDRE                                         r  rv32_top_i/plat/U0/u_mmio/u_npu/u_npu/u_array/gen_row[14].gen_col[15].u_pe/p_reg[12]/D
  -------------------------------------------------------------------    -------------------

                         (clock clk_fpga_0 rise edge)
                                                      0.000     0.000 r  
    PS7_X0Y0             PS7                          0.000     0.000 r  rv32_top_i/ps7/inst/PS7_i/FCLKCLK[0]
                         net (fo=1, routed)           0.337     0.337    rv32_top_i/ps7/inst/FCLK_CLK_unbuffered[0]
    BUFGCTRL_X0Y16       BUFG (Prop_bufg_I_O)         0.029     0.366 r  rv32_top_i/ps7/inst/buffer_fclk_clk_0.FCLK_CLK_0_BUFG/O
                         net (fo=12355, routed)       0.940     1.306    rv32_top_i/plat/U0/u_mmio/u_npu/u_npu/u_array/gen_row[14].gen_col[15].u_pe/S_AXI_ACLK
    SLICE_X87Y100        FDRE                                         r  rv32_top_i/plat/U0/u_mmio/u_npu/u_npu/u_array/gen_row[14].gen_col[15].u_pe/p_reg[12]/C
                         clock pessimism             -0.035     1.271    
    SLICE_X87Y100        FDRE (Hold_fdre_C_D)         0.105     1.376    rv32_top_i/plat/U0/u_mmio/u_npu/u_npu/u_array/gen_row[14].gen_col[15].u_pe/p_reg[12]
  -------------------------------------------------------------------
                         required time                         -1.376    
                         arrival time                           1.421    
  -------------------------------------------------------------------
                         slack                                  0.045    

Slack (MET) :             0.046ns  (arrival time - required time)
  Source:                 rv32_top_i/plat/U0/u_mmio/u_npu/u_npu/u_array/gen_row[14].gen_col[0].u_pe/p_reg[1]/C
                            (rising edge-triggered cell FDRE clocked by clk_fpga_0  {rise@0.000ns fall@4.000ns period=8.000ns})
  Destination:            rv32_top_i/plat/U0/u_mmio/u_npu/u_npu/u_array/gen_row[14].gen_col[0].u_pe/p_reg[12]/D
                            (rising edge-triggered cell FDRE clocked by clk_fpga_0  {rise@0.000ns fall@4.000ns period=8.000ns})
  Path Group:             clk_fpga_0
  Path Type:              Hold (Min at Fast Process Corner)
  Requirement:            0.000ns  (clk_fpga_0 rise@0.000ns - clk_fpga_0 rise@0.000ns)
  Data Path Delay:        0.502ns  (logic 0.420ns (83.712%)  route 0.082ns (16.288%))
  Logic Levels:           4  (CARRY4=4)
  Clock Path Skew:        0.350ns (DCD - SCD - CPR)
    Destination Clock Delay (DCD):    1.305ns
    Source Clock Delay      (SCD):    0.920ns
    Clock Pessimism Removal (CPR):    0.035ns

    Location             Delay type                Incr(ns)  Path(ns)    Netlist Resource(s)
  -------------------------------------------------------------------    -------------------
                         (clock clk_fpga_0 rise edge)
                                                      0.000     0.000 r  
    PS7_X0Y0             PS7                          0.000     0.000 r  rv32_top_i/ps7/inst/PS7_i/FCLKCLK[0]
                         net (fo=1, routed)           0.310     0.310    rv32_top_i/ps7/inst/FCLK_CLK_unbuffered[0]
    BUFGCTRL_X0Y16       BUFG (Prop_bufg_I_O)         0.026     0.336 r  rv32_top_i/ps7/inst/buffer_fclk_clk_0.FCLK_CLK_0_BUFG/O
                         net (fo=12355, routed)       0.584     0.920    rv32_top_i/plat/U0/u_mmio/u_npu/u_npu/u_array/gen_row[14].gen_col[0].u_pe/S_AXI_ACLK
    SLICE_X84Y97         FDRE                                         r  rv32_top_i/plat/U0/u_mmio/u_npu/u_npu/u_array/gen_row[14].gen_col[0].u_pe/p_reg[1]/C
  -------------------------------------------------------------------    -------------------
    SLICE_X84Y97         FDRE (Prop_fdre_C_Q)         0.141     1.061 r  rv32_top_i/plat/U0/u_mmio/u_npu/u_npu/u_array/gen_row[14].gen_col[0].u_pe/p_reg[1]/Q
                         net (fo=3, routed)           0.081     1.142    rv32_top_i/plat/U0/u_mmio/u_npu/u_npu/u_array/gen_row[14].gen_col[0].u_pe/Q[1]
    SLICE_X84Y97         CARRY4 (Prop_carry4_DI[1]_CO[3])
                                                      0.147     1.289 r  rv32_top_i/plat/U0/u_mmio/u_npu/u_npu/u_array/gen_row[14].gen_col[0].u_pe/p_reg[3]_i_1__23/CO[3]
                         net (fo=1, routed)           0.000     1.289    rv32_top_i/plat/U0/u_mmio/u_npu/u_npu/u_array/gen_row[14].gen_col[0].u_pe/p_reg[3]_i_1__23_n_0
    SLICE_X84Y98         CARRY4 (Prop_carry4_CI_CO[3])
                                                      0.039     1.328 r  rv32_top_i/plat/U0/u_mmio/u_npu/u_npu/u_array/gen_row[14].gen_col[0].u_pe/p_reg[7]_i_1__23/CO[3]
                         net (fo=1, routed)           0.000     1.328    rv32_top_i/plat/U0/u_mmio/u_npu/u_npu/u_array/gen_row[14].gen_col[0].u_pe/p_reg[7]_i_1__23_n_0
    SLICE_X84Y99         CARRY4 (Prop_carry4_CI_CO[3])
                                                      0.039     1.367 r  rv32_top_i/plat/U0/u_mmio/u_npu/u_npu/u_array/gen_row[14].gen_col[0].u_pe/p_reg[11]_i_1__23/CO[3]
                         net (fo=1, routed)           0.001     1.367    rv32_top_i/plat/U0/u_mmio/u_npu/u_npu/u_array/gen_row[14].gen_col[0].u_pe/p_reg[11]_i_1__23_n_0
    SLICE_X84Y100        CARRY4 (Prop_carry4_CI_O[0])
                                                      0.054     1.421 r  rv32_top_i/plat/U0/u_mmio/u_npu/u_npu/u_array/gen_row[14].gen_col[0].u_pe/p_reg[15]_i_1__23/O[0]
                         net (fo=1, routed)           0.000     1.421    rv32_top_i/plat/U0/u_mmio/u_npu/u_npu/u_array/gen_row[14].gen_col[0].u_pe/p_0_in[12]
    SLICE_X84Y100        FDRE                                         r  rv32_top_i/plat/U0/u_mmio/u_npu/u_npu/u_array/gen_row[14].gen_col[0].u_pe/p_reg[12]/D
  -------------------------------------------------------------------    -------------------

                         (clock clk_fpga_0 rise edge)
                                                      0.000     0.000 r  
    PS7_X0Y0             PS7                          0.000     0.000 r  rv32_top_i/ps7/inst/PS7_i/FCLKCLK[0]
                         net (fo=1, routed)           0.337     0.337    rv32_top_i/ps7/inst/FCLK_CLK_unbuffered[0]
    BUFGCTRL_X0Y16       BUFG (Prop_bufg_I_O)         0.029     0.366 r  rv32_top_i/ps7/inst/buffer_fclk_clk_0.FCLK_CLK_0_BUFG/O
                         net (fo=12355, routed)       0.939     1.305    rv32_top_i/plat/U0/u_mmio/u_npu/u_npu/u_array/gen_row[14].gen_col[0].u_pe/S_AXI_ACLK
    SLICE_X84Y100        FDRE                                         r  rv32_top_i/plat/U0/u_mmio/u_npu/u_npu/u_array/gen_row[14].gen_col[0].u_pe/p_reg[12]/C
                         clock pessimism             -0.035     1.270    
    SLICE_X84Y100        FDRE (Hold_fdre_C_D)         0.105     1.375    rv32_top_i/plat/U0/u_mmio/u_npu/u_npu/u_array/gen_row[14].gen_col[0].u_pe/p_reg[12]
  -------------------------------------------------------------------
                         required time                         -1.375    
                         arrival time                           1.421    
  -------------------------------------------------------------------
                         slack                                  0.046    

Slack (MET) :             0.048ns  (arrival time - required time)
  Source:                 rv32_top_i/plat/U0/u_mmio/u_npu/u_npu/u_array/gen_row[14].gen_col[9].u_pe/p_reg[1]/C
                            (rising edge-triggered cell FDRE clocked by clk_fpga_0  {rise@0.000ns fall@4.000ns period=8.000ns})
  Destination:            rv32_top_i/plat/U0/u_mmio/u_npu/u_npu/u_array/gen_row[14].gen_col[9].u_pe/p_reg[12]/D
                            (rising edge-triggered cell FDRE clocked by clk_fpga_0  {rise@0.000ns fall@4.000ns period=8.000ns})
  Path Group:             clk_fpga_0
  Path Type:              Hold (Min at Fast Process Corner)
  Requirement:            0.000ns  (clk_fpga_0 rise@0.000ns - clk_fpga_0 rise@0.000ns)
  Data Path Delay:        0.504ns  (logic 0.420ns (83.352%)  route 0.084ns (16.648%))
  Logic Levels:           4  (CARRY4=4)
  Clock Path Skew:        0.351ns (DCD - SCD - CPR)
    Destination Clock Delay (DCD):    1.358ns
    Source Clock Delay      (SCD):    0.972ns
    Clock Pessimism Removal (CPR):    0.035ns

    Location             Delay type                Incr(ns)  Path(ns)    Netlist Resource(s)
  -------------------------------------------------------------------    -------------------
                         (clock clk_fpga_0 rise edge)
                                                      0.000     0.000 r  
    PS7_X0Y0             PS7                          0.000     0.000 r  rv32_top_i/ps7/inst/PS7_i/FCLKCLK[0]
                         net (fo=1, routed)           0.310     0.310    rv32_top_i/ps7/inst/FCLK_CLK_unbuffered[0]
    BUFGCTRL_X0Y16       BUFG (Prop_bufg_I_O)         0.026     0.336 r  rv32_top_i/ps7/inst/buffer_fclk_clk_0.FCLK_CLK_0_BUFG/O
                         net (fo=12355, routed)       0.636     0.972    rv32_top_i/plat/U0/u_mmio/u_npu/u_npu/u_array/gen_row[14].gen_col[9].u_pe/S_AXI_ACLK
    SLICE_X106Y97        FDRE                                         r  rv32_top_i/plat/U0/u_mmio/u_npu/u_npu/u_array/gen_row[14].gen_col[9].u_pe/p_reg[1]/C
  -------------------------------------------------------------------    -------------------
    SLICE_X106Y97        FDRE (Prop_fdre_C_Q)         0.141     1.113 r  rv32_top_i/plat/U0/u_mmio/u_npu/u_npu/u_array/gen_row[14].gen_col[9].u_pe/p_reg[1]/Q
                         net (fo=3, routed)           0.083     1.196    rv32_top_i/plat/U0/u_mmio/u_npu/u_npu/u_array/gen_row[14].gen_col[9].u_pe/Q[1]
    SLICE_X106Y97        CARRY4 (Prop_carry4_DI[1]_CO[3])
                                                      0.147     1.343 r  rv32_top_i/plat/U0/u_mmio/u_npu/u_npu/u_array/gen_row[14].gen_col[9].u_pe/p_reg[3]_i_1__32/CO[3]
                         net (fo=1, routed)           0.000     1.343    rv32_top_i/plat/U0/u_mmio/u_npu/u_npu/u_array/gen_row[14].gen_col[9].u_pe/p_reg[3]_i_1__32_n_0
    SLICE_X106Y98        CARRY4 (Prop_carry4_CI_CO[3])
                                                      0.039     1.382 r  rv32_top_i/plat/U0/u_mmio/u_npu/u_npu/u_array/gen_row[14].gen_col[9].u_pe/p_reg[7]_i_1__32/CO[3]
                         net (fo=1, routed)           0.000     1.382    rv32_top_i/plat/U0/u_mmio/u_npu/u_npu/u_array/gen_row[14].gen_col[9].u_pe/p_reg[7]_i_1__32_n_0
    SLICE_X106Y99        CARRY4 (Prop_carry4_CI_CO[3])
                                                      0.039     1.421 r  rv32_top_i/plat/U0/u_mmio/u_npu/u_npu/u_array/gen_row[14].gen_col[9].u_pe/p_reg[11]_i_1__32/CO[3]
                         net (fo=1, routed)           0.001     1.421    rv32_top_i/plat/U0/u_mmio/u_npu/u_npu/u_array/gen_row[14].gen_col[9].u_pe/p_reg[11]_i_1__32_n_0
    SLICE_X106Y100       CARRY4 (Prop_carry4_CI_O[0])
                                                      0.054     1.475 r  rv32_top_i/plat/U0/u_mmio/u_npu/u_npu/u_array/gen_row[14].gen_col[9].u_pe/p_reg[15]_i_1__32/O[0]
                         net (fo=1, routed)           0.000     1.475    rv32_top_i/plat/U0/u_mmio/u_npu/u_npu/u_array/gen_row[14].gen_col[9].u_pe/p_0_in[12]
    SLICE_X106Y100       FDRE                                         r  rv32_top_i/plat/U0/u_mmio/u_npu/u_npu/u_array/gen_row[14].gen_col[9].u_pe/p_reg[12]/D
  -------------------------------------------------------------------    -------------------

                         (clock clk_fpga_0 rise edge)
                                                      0.000     0.000 r  
    PS7_X0Y0             PS7                          0.000     0.000 r  rv32_top_i/ps7/inst/PS7_i/FCLKCLK[0]
                         net (fo=1, routed)           0.337     0.337    rv32_top_i/ps7/inst/FCLK_CLK_unbuffered[0]
    BUFGCTRL_X0Y16       BUFG (Prop_bufg_I_O)         0.029     0.366 r  rv32_top_i/ps7/inst/buffer_fclk_clk_0.FCLK_CLK_0_BUFG/O
                         net (fo=12355, routed)       0.992     1.358    rv32_top_i/plat/U0/u_mmio/u_npu/u_npu/u_array/gen_row[14].gen_col[9].u_pe/S_AXI_ACLK
    SLICE_X106Y100       FDRE                                         r  rv32_top_i/plat/U0/u_mmio/u_npu/u_npu/u_array/gen_row[14].gen_col[9].u_pe/p_reg[12]/C
                         clock pessimism             -0.035     1.323    
    SLICE_X106Y100       FDRE (Hold_fdre_C_D)         0.105     1.428    rv32_top_i/plat/U0/u_mmio/u_npu/u_npu/u_array/gen_row[14].gen_col[9].u_pe/p_reg[12]
  -------------------------------------------------------------------
                         required time                         -1.428    
                         arrival time                           1.475    
  -------------------------------------------------------------------
                         slack                                  0.048    

Slack (MET) :             0.053ns  (arrival time - required time)
  Source:                 rv32_top_i/plat/U0/u_mmio/u_npu/u_npu/u_array/gen_row[14].gen_col[7].u_pe/p_reg[5]/C
                            (rising edge-triggered cell FDRE clocked by clk_fpga_0  {rise@0.000ns fall@4.000ns period=8.000ns})
  Destination:            rv32_top_i/plat/U0/u_mmio/u_npu/u_npu/u_array/gen_row[14].gen_col[7].u_pe/p_reg[18]/D
                            (rising edge-triggered cell FDRE clocked by clk_fpga_0  {rise@0.000ns fall@4.000ns period=8.000ns})
  Path Group:             clk_fpga_0
  Path Type:              Hold (Min at Fast Process Corner)
  Requirement:            0.000ns  (clk_fpga_0 rise@0.000ns - clk_fpga_0 rise@0.000ns)
  Data Path Delay:        0.511ns  (logic 0.431ns (84.373%)  route 0.080ns (15.627%))
  Logic Levels:           4  (CARRY4=4)
  Clock Path Skew:        0.353ns (DCD - SCD - CPR)
    Destination Clock Delay (DCD):    1.361ns
    Source Clock Delay      (SCD):    0.973ns
    Clock Pessimism Removal (CPR):    0.035ns

    Location             Delay type                Incr(ns)  Path(ns)    Netlist Resource(s)
  -------------------------------------------------------------------    -------------------
                         (clock clk_fpga_0 rise edge)
                                                      0.000     0.000 r  
    PS7_X0Y0             PS7                          0.000     0.000 r  rv32_top_i/ps7/inst/PS7_i/FCLKCLK[0]
                         net (fo=1, routed)           0.310     0.310    rv32_top_i/ps7/inst/FCLK_CLK_unbuffered[0]
    BUFGCTRL_X0Y16       BUFG (Prop_bufg_I_O)         0.026     0.336 r  rv32_top_i/ps7/inst/buffer_fclk_clk_0.FCLK_CLK_0_BUFG/O
                         net (fo=12355, routed)       0.637     0.973    rv32_top_i/plat/U0/u_mmio/u_npu/u_npu/u_array/gen_row[14].gen_col[7].u_pe/S_AXI_ACLK
    SLICE_X111Y97        FDRE                                         r  rv32_top_i/plat/U0/u_mmio/u_npu/u_npu/u_array/gen_row[14].gen_col[7].u_pe/p_reg[5]/C
  -------------------------------------------------------------------    -------------------
    SLICE_X111Y97        FDRE (Prop_fdre_C_Q)         0.141     1.114 r  rv32_top_i/plat/U0/u_mmio/u_npu/u_npu/u_array/gen_row[14].gen_col[7].u_pe/p_reg[5]/Q
                         net (fo=3, routed)           0.079     1.193    rv32_top_i/plat/U0/u_mmio/u_npu/u_npu/u_array/gen_row[14].gen_col[7].u_pe/acc_flat[7397]
    SLICE_X111Y97        CARRY4 (Prop_carry4_DI[1]_CO[3])
                                                      0.147     1.340 r  rv32_top_i/plat/U0/u_mmio/u_npu/u_npu/u_array/gen_row[14].gen_col[7].u_pe/p_reg[7]_i_1__30/CO[3]
                         net (fo=1, routed)           0.000     1.340    rv32_top_i/plat/U0/u_mmio/u_npu/u_npu/u_array/gen_row[14].gen_col[7].u_pe/p_reg[7]_i_1__30_n_0
    SLICE_X111Y98        CARRY4 (Prop_carry4_CI_CO[3])
                                                      0.039     1.379 r  rv32_top_i/plat/U0/u_mmio/u_npu/u_npu/u_array/gen_row[14].gen_col[7].u_pe/p_reg[11]_i_1__30/CO[3]
                         net (fo=1, routed)           0.000     1.379    rv32_top_i/plat/U0/u_mmio/u_npu/u_npu/u_array/gen_row[14].gen_col[7].u_pe/p_reg[11]_i_1__30_n_0
    SLICE_X111Y99        CARRY4 (Prop_carry4_CI_CO[3])
                                                      0.039     1.418 r  rv32_top_i/plat/U0/u_mmio/u_npu/u_npu/u_array/gen_row[14].gen_col[7].u_pe/p_reg[15]_i_1__30/CO[3]
                         net (fo=1, routed)           0.001     1.418    rv32_top_i/plat/U0/u_mmio/u_npu/u_npu/u_array/gen_row[14].gen_col[7].u_pe/p_reg[15]_i_1__30_n_0
    SLICE_X111Y100       CARRY4 (Prop_carry4_CI_O[2])
                                                      0.065     1.483 r  rv32_top_i/plat/U0/u_mmio/u_npu/u_npu/u_array/gen_row[14].gen_col[7].u_pe/p_reg[19]_i_1__30/O[2]
                         net (fo=1, routed)           0.000     1.483    rv32_top_i/plat/U0/u_mmio/u_npu/u_npu/u_array/gen_row[14].gen_col[7].u_pe/p_0_in[18]
    SLICE_X111Y100       FDRE                                         r  rv32_top_i/plat/U0/u_mmio/u_npu/u_npu/u_array/gen_row[14].gen_col[7].u_pe/p_reg[18]/D
  -------------------------------------------------------------------    -------------------

                         (clock clk_fpga_0 rise edge)
                                                      0.000     0.000 r  
    PS7_X0Y0             PS7                          0.000     0.000 r  rv32_top_i/ps7/inst/PS7_i/FCLKCLK[0]
                         net (fo=1, routed)           0.337     0.337    rv32_top_i/ps7/inst/FCLK_CLK_unbuffered[0]
    BUFGCTRL_X0Y16       BUFG (Prop_bufg_I_O)         0.029     0.366 r  rv32_top_i/ps7/inst/buffer_fclk_clk_0.FCLK_CLK_0_BUFG/O
                         net (fo=12355, routed)       0.995     1.361    rv32_top_i/plat/U0/u_mmio/u_npu/u_npu/u_array/gen_row[14].gen_col[7].u_pe/S_AXI_ACLK
    SLICE_X111Y100       FDRE                                         r  rv32_top_i/plat/U0/u_mmio/u_npu/u_npu/u_array/gen_row[14].gen_col[7].u_pe/p_reg[18]/C
                         clock pessimism             -0.035     1.326    
    SLICE_X111Y100       FDRE (Hold_fdre_C_D)         0.105     1.431    rv32_top_i/plat/U0/u_mmio/u_npu/u_npu/u_array/gen_row[14].gen_col[7].u_pe/p_reg[18]
  -------------------------------------------------------------------
                         required time                         -1.431    
                         arrival time                           1.483    
  -------------------------------------------------------------------
                         slack                                  0.053    

Slack (MET) :             0.055ns  (arrival time - required time)
  Source:                 rv32_top_i/plat/U0/u_mmio/u_npu/u_npu/u_array/gen_row[14].gen_col[4].u_pe/p_reg[1]/C
                            (rising edge-triggered cell FDRE clocked by clk_fpga_0  {rise@0.000ns fall@4.000ns period=8.000ns})
  Destination:            rv32_top_i/plat/U0/u_mmio/u_npu/u_npu/u_array/gen_row[14].gen_col[4].u_pe/p_reg[14]/D
                            (rising edge-triggered cell FDRE clocked by clk_fpga_0  {rise@0.000ns fall@4.000ns period=8.000ns})
  Path Group:             clk_fpga_0
  Path Type:              Hold (Min at Fast Process Corner)
  Requirement:            0.000ns  (clk_fpga_0 rise@0.000ns - clk_fpga_0 rise@0.000ns)
  Data Path Delay:        0.511ns  (logic 0.431ns (84.373%)  route 0.080ns (15.627%))
  Logic Levels:           4  (CARRY4=4)
  Clock Path Skew:        0.351ns (DCD - SCD - CPR)
    Destination Clock Delay (DCD):    1.330ns
    Source Clock Delay      (SCD):    0.944ns
    Clock Pessimism Removal (CPR):    0.035ns

    Location             Delay type                Incr(ns)  Path(ns)    Netlist Resource(s)
  -------------------------------------------------------------------    -------------------
                         (clock clk_fpga_0 rise edge)
                                                      0.000     0.000 r  
    PS7_X0Y0             PS7                          0.000     0.000 r  rv32_top_i/ps7/inst/PS7_i/FCLKCLK[0]
                         net (fo=1, routed)           0.310     0.310    rv32_top_i/ps7/inst/FCLK_CLK_unbuffered[0]
    BUFGCTRL_X0Y16       BUFG (Prop_bufg_I_O)         0.026     0.336 r  rv32_top_i/ps7/inst/buffer_fclk_clk_0.FCLK_CLK_0_BUFG/O
                         net (fo=12355, routed)       0.608     0.944    rv32_top_i/plat/U0/u_mmio/u_npu/u_npu/u_array/gen_row[14].gen_col[4].u_pe/S_AXI_ACLK
    SLICE_X97Y97         FDRE                                         r  rv32_top_i/plat/U0/u_mmio/u_npu/u_npu/u_array/gen_row[14].gen_col[4].u_pe/p_reg[1]/C
  -------------------------------------------------------------------    -------------------
    SLICE_X97Y97         FDRE (Prop_fdre_C_Q)         0.141     1.085 r  rv32_top_i/plat/U0/u_mmio/u_npu/u_npu/u_array/gen_row[14].gen_col[4].u_pe/p_reg[1]/Q
                         net (fo=3, routed)           0.079     1.164    rv32_top_i/plat/U0/u_mmio/u_npu/u_npu/u_array/gen_row[14].gen_col[4].u_pe/Q[1]
    SLICE_X97Y97         CARRY4 (Prop_carry4_DI[1]_CO[3])
                                                      0.147     1.311 r  rv32_top_i/plat/U0/u_mmio/u_npu/u_npu/u_array/gen_row[14].gen_col[4].u_pe/p_reg[3]_i_1__27/CO[3]
                         net (fo=1, routed)           0.000     1.311    rv32_top_i/plat/U0/u_mmio/u_npu/u_npu/u_array/gen_row[14].gen_col[4].u_pe/p_reg[3]_i_1__27_n_0
    SLICE_X97Y98         CARRY4 (Prop_carry4_CI_CO[3])
                                                      0.039     1.350 r  rv32_top_i/plat/U0/u_mmio/u_npu/u_npu/u_array/gen_row[14].gen_col[4].u_pe/p_reg[7]_i_1__27/CO[3]
                         net (fo=1, routed)           0.000     1.350    rv32_top_i/plat/U0/u_mmio/u_npu/u_npu/u_array/gen_row[14].gen_col[4].u_pe/p_reg[7]_i_1__27_n_0
    SLICE_X97Y99         CARRY4 (Prop_carry4_CI_CO[3])
                                                      0.039     1.389 r  rv32_top_i/plat/U0/u_mmio/u_npu/u_npu/u_array/gen_row[14].gen_col[4].u_pe/p_reg[11]_i_1__27/CO[3]
                         net (fo=1, routed)           0.001     1.389    rv32_top_i/plat/U0/u_mmio/u_npu/u_npu/u_array/gen_row[14].gen_col[4].u_pe/p_reg[11]_i_1__27_n_0
    SLICE_X97Y100        CARRY4 (Prop_carry4_CI_O[2])
                                                      0.065     1.454 r  rv32_top_i/plat/U0/u_mmio/u_npu/u_npu/u_array/gen_row[14].gen_col[4].u_pe/p_reg[15]_i_1__27/O[2]
                         net (fo=1, routed)           0.000     1.454    rv32_top_i/plat/U0/u_mmio/u_npu/u_npu/u_array/gen_row[14].gen_col[4].u_pe/p_0_in[14]
    SLICE_X97Y100        FDRE                                         r  rv32_top_i/plat/U0/u_mmio/u_npu/u_npu/u_array/gen_row[14].gen_col[4].u_pe/p_reg[14]/D
  -------------------------------------------------------------------    -------------------

                         (clock clk_fpga_0 rise edge)
                                                      0.000     0.000 r  
    PS7_X0Y0             PS7                          0.000     0.000 r  rv32_top_i/ps7/inst/PS7_i/FCLKCLK[0]
                         net (fo=1, routed)           0.337     0.337    rv32_top_i/ps7/inst/FCLK_CLK_unbuffered[0]
    BUFGCTRL_X0Y16       BUFG (Prop_bufg_I_O)         0.029     0.366 r  rv32_top_i/ps7/inst/buffer_fclk_clk_0.FCLK_CLK_0_BUFG/O
                         net (fo=12355, routed)       0.964     1.330    rv32_top_i/plat/U0/u_mmio/u_npu/u_npu/u_array/gen_row[14].gen_col[4].u_pe/S_AXI_ACLK
    SLICE_X97Y100        FDRE                                         r  rv32_top_i/plat/U0/u_mmio/u_npu/u_npu/u_array/gen_row[14].gen_col[4].u_pe/p_reg[14]/C
                         clock pessimism             -0.035     1.295    
    SLICE_X97Y100        FDRE (Hold_fdre_C_D)         0.105     1.400    rv32_top_i/plat/U0/u_mmio/u_npu/u_npu/u_array/gen_row[14].gen_col[4].u_pe/p_reg[14]
  -------------------------------------------------------------------
                         required time                         -1.400    
                         arrival time                           1.454    
  -------------------------------------------------------------------
                         slack                                  0.055    





Pulse Width Checks
--------------------------------------------------------------------------------------
Clock Name:         clk_fpga_0
Waveform(ns):       { 0.000 4.000 }
Period(ns):         8.000
Sources:            { rv32_top_i/ps7/inst/PS7_i/FCLKCLK[0] }

Check Type        Corner  Lib Pin      Reference Pin  Required(ns)  Actual(ns)  Slack(ns)  Location      Pin
Min Period        n/a     DSP48E1/CLK  n/a            3.884         8.000       4.116      DSP48_X2Y37   rv32_top_i/plat/U0/u_mmio/u_npu/u_npu/u_array/gen_row[0].gen_col[0].u_pe/p_reg/CLK
Min Period        n/a     DSP48E1/CLK  n/a            3.884         8.000       4.116      DSP48_X0Y14   rv32_top_i/plat/U0/u_mmio/u_npu/u_npu/u_array/gen_row[0].gen_col[10].u_pe/p_reg/CLK
Min Period        n/a     DSP48E1/CLK  n/a            3.884         8.000       4.116      DSP48_X0Y15   rv32_top_i/plat/U0/u_mmio/u_npu/u_npu/u_array/gen_row[0].gen_col[11].u_pe/p_reg/CLK
Min Period        n/a     DSP48E1/CLK  n/a            3.884         8.000       4.116      DSP48_X0Y16   rv32_top_i/plat/U0/u_mmio/u_npu/u_npu/u_array/gen_row[0].gen_col[12].u_pe/p_reg/CLK
Min Period        n/a     DSP48E1/CLK  n/a            3.884         8.000       4.116      DSP48_X0Y17   rv32_top_i/plat/U0/u_mmio/u_npu/u_npu/u_array/gen_row[0].gen_col[13].u_pe/p_reg/CLK
Min Period        n/a     DSP48E1/CLK  n/a            3.884         8.000       4.116      DSP48_X0Y18   rv32_top_i/plat/U0/u_mmio/u_npu/u_npu/u_array/gen_row[0].gen_col[14].u_pe/p_reg/CLK
Min Period        n/a     DSP48E1/CLK  n/a            3.884         8.000       4.116      DSP48_X0Y19   rv32_top_i/plat/U0/u_mmio/u_npu/u_npu/u_array/gen_row[0].gen_col[15].u_pe/p_reg/CLK
Min Period        n/a     DSP48E1/CLK  n/a            3.884         8.000       4.116      DSP48_X2Y38   rv32_top_i/plat/U0/u_mmio/u_npu/u_npu/u_array/gen_row[0].gen_col[1].u_pe/p_reg/CLK
Min Period        n/a     DSP48E1/CLK  n/a            3.884         8.000       4.116      DSP48_X0Y6    rv32_top_i/plat/U0/u_mmio/u_npu/u_npu/u_array/gen_row[0].gen_col[2].u_pe/p_reg/CLK
Min Period        n/a     DSP48E1/CLK  n/a            3.884         8.000       4.116      DSP48_X0Y7    rv32_top_i/plat/U0/u_mmio/u_npu/u_npu/u_array/gen_row[0].gen_col[3].u_pe/p_reg/CLK
Min Period        n/a     DSP48E1/CLK  n/a            3.884         8.000       4.116      DSP48_X0Y8    rv32_top_i/plat/U0/u_mmio/u_npu/u_npu/u_array/gen_row[0].gen_col[4].u_pe/p_reg/CLK
Min Period        n/a     DSP48E1/CLK  n/a            3.884         8.000       4.116      DSP48_X0Y9    rv32_top_i/plat/U0/u_mmio/u_npu/u_npu/u_array/gen_row[0].gen_col[5].u_pe/p_reg/CLK
Low Pulse Width   Slow    RAMS64E/CLK  n/a            1.250         4.000       2.750      SLICE_X46Y92  rv32_top_i/plat/U0/u_dcache/u_tag/tag_mem_reg_0_255_0_0/RAMS64E_A/CLK
Low Pulse Width   Fast    RAMS64E/CLK  n/a            1.250         4.000       2.750      SLICE_X46Y92  rv32_top_i/plat/U0/u_dcache/u_tag/tag_mem_reg_0_255_0_0/RAMS64E_A/CLK
Low Pulse Width   Slow    RAMS64E/CLK  n/a            1.250         4.000       2.750      SLICE_X46Y92  rv32_top_i/plat/U0/u_dcache/u_tag/tag_mem_reg_0_255_0_0/RAMS64E_B/CLK
Low Pulse Width   Fast    RAMS64E/CLK  n/a            1.250         4.000       2.750      SLICE_X46Y92  rv32_top_i/plat/U0/u_dcache/u_tag/tag_mem_reg_0_255_0_0/RAMS64E_B/CLK
Low Pulse Width   Slow    RAMS64E/CLK  n/a            1.250         4.000       2.750      SLICE_X46Y92  rv32_top_i/plat/U0/u_dcache/u_tag/tag_mem_reg_0_255_0_0/RAMS64E_C/CLK
Low Pulse Width   Fast    RAMS64E/CLK  n/a            1.250         4.000       2.750      SLICE_X46Y92  rv32_top_i/plat/U0/u_dcache/u_tag/tag_mem_reg_0_255_0_0/RAMS64E_C/CLK
Low Pulse Width   Slow    RAMS64E/CLK  n/a            1.250         4.000       2.750      SLICE_X46Y92  rv32_top_i/plat/U0/u_dcache/u_tag/tag_mem_reg_0_255_0_0/RAMS64E_D/CLK
Low Pulse Width   Fast    RAMS64E/CLK  n/a            1.250         4.000       2.750      SLICE_X46Y92  rv32_top_i/plat/U0/u_dcache/u_tag/tag_mem_reg_0_255_0_0/RAMS64E_D/CLK
Low Pulse Width   Slow    RAMS64E/CLK  n/a            1.250         4.000       2.750      SLICE_X42Y96  rv32_top_i/plat/U0/u_dcache/u_tag/tag_mem_reg_0_255_10_10/RAMS64E_A/CLK
Low Pulse Width   Fast    RAMS64E/CLK  n/a            1.250         4.000       2.750      SLICE_X42Y96  rv32_top_i/plat/U0/u_dcache/u_tag/tag_mem_reg_0_255_10_10/RAMS64E_A/CLK
Low Pulse Width   Slow    RAMS64E/CLK  n/a            1.250         4.000       2.750      SLICE_X42Y96  rv32_top_i/plat/U0/u_dcache/u_tag/tag_mem_reg_0_255_10_10/RAMS64E_B/CLK
Low Pulse Width   Fast    RAMS64E/CLK  n/a            1.250         4.000       2.750      SLICE_X42Y96  rv32_top_i/plat/U0/u_dcache/u_tag/tag_mem_reg_0_255_10_10/RAMS64E_B/CLK
High Pulse Width  Slow    RAMS64E/CLK  n/a            1.250         4.000       2.750      SLICE_X46Y92  rv32_top_i/plat/U0/u_dcache/u_tag/tag_mem_reg_0_255_0_0/RAMS64E_A/CLK
High Pulse Width  Fast    RAMS64E/CLK  n/a            1.250         4.000       2.750      SLICE_X46Y92  rv32_top_i/plat/U0/u_dcache/u_tag/tag_mem_reg_0_255_0_0/RAMS64E_A/CLK
High Pulse Width  Slow    RAMS64E/CLK  n/a            1.250         4.000       2.750      SLICE_X46Y92  rv32_top_i/plat/U0/u_dcache/u_tag/tag_mem_reg_0_255_0_0/RAMS64E_B/CLK
High Pulse Width  Fast    RAMS64E/CLK  n/a            1.250         4.000       2.750      SLICE_X46Y92  rv32_top_i/plat/U0/u_dcache/u_tag/tag_mem_reg_0_255_0_0/RAMS64E_B/CLK
High Pulse Width  Slow    RAMS64E/CLK  n/a            1.250         4.000       2.750      SLICE_X46Y92  rv32_top_i/plat/U0/u_dcache/u_tag/tag_mem_reg_0_255_0_0/RAMS64E_C/CLK
High Pulse Width  Fast    RAMS64E/CLK  n/a            1.250         4.000       2.750      SLICE_X46Y92  rv32_top_i/plat/U0/u_dcache/u_tag/tag_mem_reg_0_255_0_0/RAMS64E_C/CLK
High Pulse Width  Slow    RAMS64E/CLK  n/a            1.250         4.000       2.750      SLICE_X46Y92  rv32_top_i/plat/U0/u_dcache/u_tag/tag_mem_reg_0_255_0_0/RAMS64E_D/CLK
High Pulse Width  Fast    RAMS64E/CLK  n/a            1.250         4.000       2.750      SLICE_X46Y92  rv32_top_i/plat/U0/u_dcache/u_tag/tag_mem_reg_0_255_0_0/RAMS64E_D/CLK
High Pulse Width  Slow    RAMS64E/CLK  n/a            1.250         4.000       2.750      SLICE_X42Y96  rv32_top_i/plat/U0/u_dcache/u_tag/tag_mem_reg_0_255_10_10/RAMS64E_A/CLK
High Pulse Width  Fast    RAMS64E/CLK  n/a            1.250         4.000       2.750      SLICE_X42Y96  rv32_top_i/plat/U0/u_dcache/u_tag/tag_mem_reg_0_255_10_10/RAMS64E_A/CLK
High Pulse Width  Slow    RAMS64E/CLK  n/a            1.250         4.000       2.750      SLICE_X42Y96  rv32_top_i/plat/U0/u_dcache/u_tag/tag_mem_reg_0_255_10_10/RAMS64E_B/CLK
High Pulse Width  Fast    RAMS64E/CLK  n/a            1.250         4.000       2.750      SLICE_X42Y96  rv32_top_i/plat/U0/u_dcache/u_tag/tag_mem_reg_0_255_10_10/RAMS64E_B/CLK



---------------------------------------------------------------------------------------------------
Path Group:  **async_default**
From Clock:  clk_fpga_0
  To Clock:  clk_fpga_0

Setup :            0  Failing Endpoints,  Worst Slack        0.304ns,  Total Violation        0.000ns
Hold  :            0  Failing Endpoints,  Worst Slack        0.779ns,  Total Violation        0.000ns
---------------------------------------------------------------------------------------------------


Max Delay Paths
--------------------------------------------------------------------------------------
Slack (MET) :             0.304ns  (required time - arrival time)
  Source:                 rv32_top_i/rst_ps7_50M/U0/ACTIVE_LOW_PR_OUT_DFF[0].FDRE_PER_N/C
                            (rising edge-triggered cell FDRE clocked by clk_fpga_0  {rise@0.000ns fall@4.000ns period=8.000ns})
  Destination:            rv32_top_i/plat/U0/u_icache/u_tag/valid_mem_reg[10]/CLR
                            (recovery check against rising-edge clock clk_fpga_0  {rise@0.000ns fall@4.000ns period=8.000ns})
  Path Group:             **async_default**
  Path Type:              Recovery (Max at Slow Process Corner)
  Requirement:            8.000ns  (clk_fpga_0 rise@8.000ns - clk_fpga_0 rise@0.000ns)
  Data Path Delay:        6.885ns  (logic 0.642ns (9.325%)  route 6.243ns (90.675%))
  Logic Levels:           1  (LUT2=1)
  Clock Path Skew:        -0.281ns (DCD - SCD + CPR)
    Destination Clock Delay (DCD):    2.708ns = ( 10.708 - 8.000 ) 
    Source Clock Delay      (SCD):    3.118ns
    Clock Pessimism Removal (CPR):    0.129ns
  Clock Uncertainty:      0.125ns  ((TSJ^2 + TIJ^2)^1/2 + DJ) / 2 + PE
    Total System Jitter     (TSJ):    0.071ns
    Total Input Jitter      (TIJ):    0.240ns
    Discrete Jitter          (DJ):    0.000ns
    Phase Error              (PE):    0.000ns

    Location             Delay type                Incr(ns)  Path(ns)    Netlist Resource(s)
  -------------------------------------------------------------------    -------------------
                         (clock clk_fpga_0 rise edge)
                                                      0.000     0.000 r  
    PS7_X0Y0             PS7                          0.000     0.000 r  rv32_top_i/ps7/inst/PS7_i/FCLKCLK[0]
                         net (fo=1, routed)           1.193     1.193    rv32_top_i/ps7/inst/FCLK_CLK_unbuffered[0]
    BUFGCTRL_X0Y16       BUFG (Prop_bufg_I_O)         0.101     1.294 r  rv32_top_i/ps7/inst/buffer_fclk_clk_0.FCLK_CLK_0_BUFG/O
                         net (fo=12355, routed)       1.824     3.118    rv32_top_i/rst_ps7_50M/U0/slowest_sync_clk
    SLICE_X36Y124        FDRE                                         r  rv32_top_i/rst_ps7_50M/U0/ACTIVE_LOW_PR_OUT_DFF[0].FDRE_PER_N/C
  -------------------------------------------------------------------    -------------------
    SLICE_X36Y124        FDRE (Prop_fdre_C_Q)         0.518     3.636 r  rv32_top_i/rst_ps7_50M/U0/ACTIVE_LOW_PR_OUT_DFF[0].FDRE_PER_N/Q
                         net (fo=40, routed)          4.893     8.529    rv32_top_i/plat/U0/u_ctrl/S_AXI_ARESETN
    SLICE_X57Y74         LUT2 (Prop_lut2_I1_O)        0.124     8.653 f  rv32_top_i/plat/U0/u_ctrl/regs[1][31]_i_1_replica_7/O
                         net (fo=258, routed)         1.350    10.003    rv32_top_i/plat/U0/u_icache/u_tag/r_ctrl_reg[0]_0_repN_7_alias
    SLICE_X55Y66         FDCE                                         f  rv32_top_i/plat/U0/u_icache/u_tag/valid_mem_reg[10]/CLR
  -------------------------------------------------------------------    -------------------

                         (clock clk_fpga_0 rise edge)
                                                      8.000     8.000 r  
    PS7_X0Y0             PS7                          0.000     8.000 r  rv32_top_i/ps7/inst/PS7_i/FCLKCLK[0]
                         net (fo=1, routed)           1.088     9.088    rv32_top_i/ps7/inst/FCLK_CLK_unbuffered[0]
    BUFGCTRL_X0Y16       BUFG (Prop_bufg_I_O)         0.091     9.179 r  rv32_top_i/ps7/inst/buffer_fclk_clk_0.FCLK_CLK_0_BUFG/O
                         net (fo=12355, routed)       1.529    10.708    rv32_top_i/plat/U0/u_icache/u_tag/S_AXI_ACLK
    SLICE_X55Y66         FDCE                                         r  rv32_top_i/plat/U0/u_icache/u_tag/valid_mem_reg[10]/C
                         clock pessimism              0.129    10.837    
                         clock uncertainty           -0.125    10.712    
    SLICE_X55Y66         FDCE (Recov_fdce_C_CLR)     -0.405    10.307    rv32_top_i/plat/U0/u_icache/u_tag/valid_mem_reg[10]
  -------------------------------------------------------------------
                         required time                         10.307    
                         arrival time                         -10.003    
  -------------------------------------------------------------------
                         slack                                  0.304    

Slack (MET) :             0.343ns  (required time - arrival time)
  Source:                 rv32_top_i/rst_ps7_50M/U0/ACTIVE_LOW_PR_OUT_DFF[0].FDRE_PER_N/C
                            (rising edge-triggered cell FDRE clocked by clk_fpga_0  {rise@0.000ns fall@4.000ns period=8.000ns})
  Destination:            rv32_top_i/plat/U0/u_icache/u_tag/valid_mem_reg[249]/CLR
                            (recovery check against rising-edge clock clk_fpga_0  {rise@0.000ns fall@4.000ns period=8.000ns})
  Path Group:             **async_default**
  Path Type:              Recovery (Max at Slow Process Corner)
  Requirement:            8.000ns  (clk_fpga_0 rise@8.000ns - clk_fpga_0 rise@0.000ns)
  Data Path Delay:        6.843ns  (logic 0.642ns (9.382%)  route 6.201ns (90.618%))
  Logic Levels:           1  (LUT2=1)
  Clock Path Skew:        -0.283ns (DCD - SCD + CPR)
    Destination Clock Delay (DCD):    2.706ns = ( 10.706 - 8.000 ) 
    Source Clock Delay      (SCD):    3.118ns
    Clock Pessimism Removal (CPR):    0.129ns
  Clock Uncertainty:      0.125ns  ((TSJ^2 + TIJ^2)^1/2 + DJ) / 2 + PE
    Total System Jitter     (TSJ):    0.071ns
    Total Input Jitter      (TIJ):    0.240ns
    Discrete Jitter          (DJ):    0.000ns
    Phase Error              (PE):    0.000ns

    Location             Delay type                Incr(ns)  Path(ns)    Netlist Resource(s)
  -------------------------------------------------------------------    -------------------
                         (clock clk_fpga_0 rise edge)
                                                      0.000     0.000 r  
    PS7_X0Y0             PS7                          0.000     0.000 r  rv32_top_i/ps7/inst/PS7_i/FCLKCLK[0]
                         net (fo=1, routed)           1.193     1.193    rv32_top_i/ps7/inst/FCLK_CLK_unbuffered[0]
    BUFGCTRL_X0Y16       BUFG (Prop_bufg_I_O)         0.101     1.294 r  rv32_top_i/ps7/inst/buffer_fclk_clk_0.FCLK_CLK_0_BUFG/O
                         net (fo=12355, routed)       1.824     3.118    rv32_top_i/rst_ps7_50M/U0/slowest_sync_clk
    SLICE_X36Y124        FDRE                                         r  rv32_top_i/rst_ps7_50M/U0/ACTIVE_LOW_PR_OUT_DFF[0].FDRE_PER_N/C
  -------------------------------------------------------------------    -------------------
    SLICE_X36Y124        FDRE (Prop_fdre_C_Q)         0.518     3.636 r  rv32_top_i/rst_ps7_50M/U0/ACTIVE_LOW_PR_OUT_DFF[0].FDRE_PER_N/Q
                         net (fo=40, routed)          4.893     8.529    rv32_top_i/plat/U0/u_ctrl/S_AXI_ARESETN
    SLICE_X57Y74         LUT2 (Prop_lut2_I1_O)        0.124     8.653 f  rv32_top_i/plat/U0/u_ctrl/regs[1][31]_i_1_replica_7/O
                         net (fo=258, routed)         1.309     9.961    rv32_top_i/plat/U0/u_icache/u_tag/r_ctrl_reg[0]_0_repN_7_alias
    SLICE_X57Y68         FDCE                                         f  rv32_top_i/plat/U0/u_icache/u_tag/valid_mem_reg[249]/CLR
  -------------------------------------------------------------------    -------------------

                         (clock clk_fpga_0 rise edge)
                                                      8.000     8.000 r  
    PS7_X0Y0             PS7                          0.000     8.000 r  rv32_top_i/ps7/inst/PS7_i/FCLKCLK[0]
                         net (fo=1, routed)           1.088     9.088    rv32_top_i/ps7/inst/FCLK_CLK_unbuffered[0]
    BUFGCTRL_X0Y16       BUFG (Prop_bufg_I_O)         0.091     9.179 r  rv32_top_i/ps7/inst/buffer_fclk_clk_0.FCLK_CLK_0_BUFG/O
                         net (fo=12355, routed)       1.527    10.706    rv32_top_i/plat/U0/u_icache/u_tag/S_AXI_ACLK
    SLICE_X57Y68         FDCE                                         r  rv32_top_i/plat/U0/u_icache/u_tag/valid_mem_reg[249]/C
                         clock pessimism              0.129    10.835    
                         clock uncertainty           -0.125    10.710    
    SLICE_X57Y68         FDCE (Recov_fdce_C_CLR)     -0.405    10.305    rv32_top_i/plat/U0/u_icache/u_tag/valid_mem_reg[249]
  -------------------------------------------------------------------
                         required time                         10.305    
                         arrival time                          -9.961    
  -------------------------------------------------------------------
                         slack                                  0.343    

Slack (MET) :             0.343ns  (required time - arrival time)
  Source:                 rv32_top_i/rst_ps7_50M/U0/ACTIVE_LOW_PR_OUT_DFF[0].FDRE_PER_N/C
                            (rising edge-triggered cell FDRE clocked by clk_fpga_0  {rise@0.000ns fall@4.000ns period=8.000ns})
  Destination:            rv32_top_i/plat/U0/u_icache/u_tag/valid_mem_reg[250]/CLR
                            (recovery check against rising-edge clock clk_fpga_0  {rise@0.000ns fall@4.000ns period=8.000ns})
  Path Group:             **async_default**
  Path Type:              Recovery (Max at Slow Process Corner)
  Requirement:            8.000ns  (clk_fpga_0 rise@8.000ns - clk_fpga_0 rise@0.000ns)
  Data Path Delay:        6.843ns  (logic 0.642ns (9.382%)  route 6.201ns (90.618%))
  Logic Levels:           1  (LUT2=1)
  Clock Path Skew:        -0.283ns (DCD - SCD + CPR)
    Destination Clock Delay (DCD):    2.706ns = ( 10.706 - 8.000 ) 
    Source Clock Delay      (SCD):    3.118ns
    Clock Pessimism Removal (CPR):    0.129ns
  Clock Uncertainty:      0.125ns  ((TSJ^2 + TIJ^2)^1/2 + DJ) / 2 + PE
    Total System Jitter     (TSJ):    0.071ns
    Total Input Jitter      (TIJ):    0.240ns
    Discrete Jitter          (DJ):    0.000ns
    Phase Error              (PE):    0.000ns

    Location             Delay type                Incr(ns)  Path(ns)    Netlist Resource(s)
  -------------------------------------------------------------------    -------------------
                         (clock clk_fpga_0 rise edge)
                                                      0.000     0.000 r  
    PS7_X0Y0             PS7                          0.000     0.000 r  rv32_top_i/ps7/inst/PS7_i/FCLKCLK[0]
                         net (fo=1, routed)           1.193     1.193    rv32_top_i/ps7/inst/FCLK_CLK_unbuffered[0]
    BUFGCTRL_X0Y16       BUFG (Prop_bufg_I_O)         0.101     1.294 r  rv32_top_i/ps7/inst/buffer_fclk_clk_0.FCLK_CLK_0_BUFG/O
                         net (fo=12355, routed)       1.824     3.118    rv32_top_i/rst_ps7_50M/U0/slowest_sync_clk
    SLICE_X36Y124        FDRE                                         r  rv32_top_i/rst_ps7_50M/U0/ACTIVE_LOW_PR_OUT_DFF[0].FDRE_PER_N/C
  -------------------------------------------------------------------    -------------------
    SLICE_X36Y124        FDRE (Prop_fdre_C_Q)         0.518     3.636 r  rv32_top_i/rst_ps7_50M/U0/ACTIVE_LOW_PR_OUT_DFF[0].FDRE_PER_N/Q
                         net (fo=40, routed)          4.893     8.529    rv32_top_i/plat/U0/u_ctrl/S_AXI_ARESETN
    SLICE_X57Y74         LUT2 (Prop_lut2_I1_O)        0.124     8.653 f  rv32_top_i/plat/U0/u_ctrl/regs[1][31]_i_1_replica_7/O
                         net (fo=258, routed)         1.309     9.961    rv32_top_i/plat/U0/u_icache/u_tag/r_ctrl_reg[0]_0_repN_7_alias
    SLICE_X57Y68         FDCE                                         f  rv32_top_i/plat/U0/u_icache/u_tag/valid_mem_reg[250]/CLR
  -------------------------------------------------------------------    -------------------

                         (clock clk_fpga_0 rise edge)
                                                      8.000     8.000 r  
    PS7_X0Y0             PS7                          0.000     8.000 r  rv32_top_i/ps7/inst/PS7_i/FCLKCLK[0]
                         net (fo=1, routed)           1.088     9.088    rv32_top_i/ps7/inst/FCLK_CLK_unbuffered[0]
    BUFGCTRL_X0Y16       BUFG (Prop_bufg_I_O)         0.091     9.179 r  rv32_top_i/ps7/inst/buffer_fclk_clk_0.FCLK_CLK_0_BUFG/O
                         net (fo=12355, routed)       1.527    10.706    rv32_top_i/plat/U0/u_icache/u_tag/S_AXI_ACLK
    SLICE_X57Y68         FDCE                                         r  rv32_top_i/plat/U0/u_icache/u_tag/valid_mem_reg[250]/C
                         clock pessimism              0.129    10.835    
                         clock uncertainty           -0.125    10.710    
    SLICE_X57Y68         FDCE (Recov_fdce_C_CLR)     -0.405    10.305    rv32_top_i/plat/U0/u_icache/u_tag/valid_mem_reg[250]
  -------------------------------------------------------------------
                         required time                         10.305    
                         arrival time                          -9.961    
  -------------------------------------------------------------------
                         slack                                  0.343    

Slack (MET) :             0.343ns  (required time - arrival time)
  Source:                 rv32_top_i/rst_ps7_50M/U0/ACTIVE_LOW_PR_OUT_DFF[0].FDRE_PER_N/C
                            (rising edge-triggered cell FDRE clocked by clk_fpga_0  {rise@0.000ns fall@4.000ns period=8.000ns})
  Destination:            rv32_top_i/plat/U0/u_icache/u_tag/valid_mem_reg[251]/CLR
                            (recovery check against rising-edge clock clk_fpga_0  {rise@0.000ns fall@4.000ns period=8.000ns})
  Path Group:             **async_default**
  Path Type:              Recovery (Max at Slow Process Corner)
  Requirement:            8.000ns  (clk_fpga_0 rise@8.000ns - clk_fpga_0 rise@0.000ns)
  Data Path Delay:        6.843ns  (logic 0.642ns (9.382%)  route 6.201ns (90.618%))
  Logic Levels:           1  (LUT2=1)
  Clock Path Skew:        -0.283ns (DCD - SCD + CPR)
    Destination Clock Delay (DCD):    2.706ns = ( 10.706 - 8.000 ) 
    Source Clock Delay      (SCD):    3.118ns
    Clock Pessimism Removal (CPR):    0.129ns
  Clock Uncertainty:      0.125ns  ((TSJ^2 + TIJ^2)^1/2 + DJ) / 2 + PE
    Total System Jitter     (TSJ):    0.071ns
    Total Input Jitter      (TIJ):    0.240ns
    Discrete Jitter          (DJ):    0.000ns
    Phase Error              (PE):    0.000ns

    Location             Delay type                Incr(ns)  Path(ns)    Netlist Resource(s)
  -------------------------------------------------------------------    -------------------
                         (clock clk_fpga_0 rise edge)
                                                      0.000     0.000 r  
    PS7_X0Y0             PS7                          0.000     0.000 r  rv32_top_i/ps7/inst/PS7_i/FCLKCLK[0]
                         net (fo=1, routed)           1.193     1.193    rv32_top_i/ps7/inst/FCLK_CLK_unbuffered[0]
    BUFGCTRL_X0Y16       BUFG (Prop_bufg_I_O)         0.101     1.294 r  rv32_top_i/ps7/inst/buffer_fclk_clk_0.FCLK_CLK_0_BUFG/O
                         net (fo=12355, routed)       1.824     3.118    rv32_top_i/rst_ps7_50M/U0/slowest_sync_clk
    SLICE_X36Y124        FDRE                                         r  rv32_top_i/rst_ps7_50M/U0/ACTIVE_LOW_PR_OUT_DFF[0].FDRE_PER_N/C
  -------------------------------------------------------------------    -------------------
    SLICE_X36Y124        FDRE (Prop_fdre_C_Q)         0.518     3.636 r  rv32_top_i/rst_ps7_50M/U0/ACTIVE_LOW_PR_OUT_DFF[0].FDRE_PER_N/Q
                         net (fo=40, routed)          4.893     8.529    rv32_top_i/plat/U0/u_ctrl/S_AXI_ARESETN
    SLICE_X57Y74         LUT2 (Prop_lut2_I1_O)        0.124     8.653 f  rv32_top_i/plat/U0/u_ctrl/regs[1][31]_i_1_replica_7/O
                         net (fo=258, routed)         1.309     9.961    rv32_top_i/plat/U0/u_icache/u_tag/r_ctrl_reg[0]_0_repN_7_alias
    SLICE_X57Y68         FDCE                                         f  rv32_top_i/plat/U0/u_icache/u_tag/valid_mem_reg[251]/CLR
  -------------------------------------------------------------------    -------------------

                         (clock clk_fpga_0 rise edge)
                                                      8.000     8.000 r  
    PS7_X0Y0             PS7                          0.000     8.000 r  rv32_top_i/ps7/inst/PS7_i/FCLKCLK[0]
                         net (fo=1, routed)           1.088     9.088    rv32_top_i/ps7/inst/FCLK_CLK_unbuffered[0]
    BUFGCTRL_X0Y16       BUFG (Prop_bufg_I_O)         0.091     9.179 r  rv32_top_i/ps7/inst/buffer_fclk_clk_0.FCLK_CLK_0_BUFG/O
                         net (fo=12355, routed)       1.527    10.706    rv32_top_i/plat/U0/u_icache/u_tag/S_AXI_ACLK
    SLICE_X57Y68         FDCE                                         r  rv32_top_i/plat/U0/u_icache/u_tag/valid_mem_reg[251]/C
                         clock pessimism              0.129    10.835    
                         clock uncertainty           -0.125    10.710    
    SLICE_X57Y68         FDCE (Recov_fdce_C_CLR)     -0.405    10.305    rv32_top_i/plat/U0/u_icache/u_tag/valid_mem_reg[251]
  -------------------------------------------------------------------
                         required time                         10.305    
                         arrival time                          -9.961    
  -------------------------------------------------------------------
                         slack                                  0.343    

Slack (MET) :             0.343ns  (required time - arrival time)
  Source:                 rv32_top_i/rst_ps7_50M/U0/ACTIVE_LOW_PR_OUT_DFF[0].FDRE_PER_N/C
                            (rising edge-triggered cell FDRE clocked by clk_fpga_0  {rise@0.000ns fall@4.000ns period=8.000ns})
  Destination:            rv32_top_i/plat/U0/u_icache/u_tag/valid_mem_reg[252]/CLR
                            (recovery check against rising-edge clock clk_fpga_0  {rise@0.000ns fall@4.000ns period=8.000ns})
  Path Group:             **async_default**
  Path Type:              Recovery (Max at Slow Process Corner)
  Requirement:            8.000ns  (clk_fpga_0 rise@8.000ns - clk_fpga_0 rise@0.000ns)
  Data Path Delay:        6.843ns  (logic 0.642ns (9.382%)  route 6.201ns (90.618%))
  Logic Levels:           1  (LUT2=1)
  Clock Path Skew:        -0.283ns (DCD - SCD + CPR)
    Destination Clock Delay (DCD):    2.706ns = ( 10.706 - 8.000 ) 
    Source Clock Delay      (SCD):    3.118ns
    Clock Pessimism Removal (CPR):    0.129ns
  Clock Uncertainty:      0.125ns  ((TSJ^2 + TIJ^2)^1/2 + DJ) / 2 + PE
    Total System Jitter     (TSJ):    0.071ns
    Total Input Jitter      (TIJ):    0.240ns
    Discrete Jitter          (DJ):    0.000ns
    Phase Error              (PE):    0.000ns

    Location             Delay type                Incr(ns)  Path(ns)    Netlist Resource(s)
  -------------------------------------------------------------------    -------------------
                         (clock clk_fpga_0 rise edge)
                                                      0.000     0.000 r  
    PS7_X0Y0             PS7                          0.000     0.000 r  rv32_top_i/ps7/inst/PS7_i/FCLKCLK[0]
                         net (fo=1, routed)           1.193     1.193    rv32_top_i/ps7/inst/FCLK_CLK_unbuffered[0]
    BUFGCTRL_X0Y16       BUFG (Prop_bufg_I_O)         0.101     1.294 r  rv32_top_i/ps7/inst/buffer_fclk_clk_0.FCLK_CLK_0_BUFG/O
                         net (fo=12355, routed)       1.824     3.118    rv32_top_i/rst_ps7_50M/U0/slowest_sync_clk
    SLICE_X36Y124        FDRE                                         r  rv32_top_i/rst_ps7_50M/U0/ACTIVE_LOW_PR_OUT_DFF[0].FDRE_PER_N/C
  -------------------------------------------------------------------    -------------------
    SLICE_X36Y124        FDRE (Prop_fdre_C_Q)         0.518     3.636 r  rv32_top_i/rst_ps7_50M/U0/ACTIVE_LOW_PR_OUT_DFF[0].FDRE_PER_N/Q
                         net (fo=40, routed)          4.893     8.529    rv32_top_i/plat/U0/u_ctrl/S_AXI_ARESETN
    SLICE_X57Y74         LUT2 (Prop_lut2_I1_O)        0.124     8.653 f  rv32_top_i/plat/U0/u_ctrl/regs[1][31]_i_1_replica_7/O
                         net (fo=258, routed)         1.309     9.961    rv32_top_i/plat/U0/u_icache/u_tag/r_ctrl_reg[0]_0_repN_7_alias
    SLICE_X57Y68         FDCE                                         f  rv32_top_i/plat/U0/u_icache/u_tag/valid_mem_reg[252]/CLR
  -------------------------------------------------------------------    -------------------

                         (clock clk_fpga_0 rise edge)
                                                      8.000     8.000 r  
    PS7_X0Y0             PS7                          0.000     8.000 r  rv32_top_i/ps7/inst/PS7_i/FCLKCLK[0]
                         net (fo=1, routed)           1.088     9.088    rv32_top_i/ps7/inst/FCLK_CLK_unbuffered[0]
    BUFGCTRL_X0Y16       BUFG (Prop_bufg_I_O)         0.091     9.179 r  rv32_top_i/ps7/inst/buffer_fclk_clk_0.FCLK_CLK_0_BUFG/O
                         net (fo=12355, routed)       1.527    10.706    rv32_top_i/plat/U0/u_icache/u_tag/S_AXI_ACLK
    SLICE_X57Y68         FDCE                                         r  rv32_top_i/plat/U0/u_icache/u_tag/valid_mem_reg[252]/C
                         clock pessimism              0.129    10.835    
                         clock uncertainty           -0.125    10.710    
    SLICE_X57Y68         FDCE (Recov_fdce_C_CLR)     -0.405    10.305    rv32_top_i/plat/U0/u_icache/u_tag/valid_mem_reg[252]
  -------------------------------------------------------------------
                         required time                         10.305    
                         arrival time                          -9.961    
  -------------------------------------------------------------------
                         slack                                  0.343    

Slack (MET) :             0.498ns  (required time - arrival time)
  Source:                 rv32_top_i/rst_ps7_50M/U0/ACTIVE_LOW_PR_OUT_DFF[0].FDRE_PER_N/C
                            (rising edge-triggered cell FDRE clocked by clk_fpga_0  {rise@0.000ns fall@4.000ns period=8.000ns})
  Destination:            rv32_top_i/plat/U0/u_core/shadow_reg[14][23]/CLR
                            (recovery check against rising-edge clock clk_fpga_0  {rise@0.000ns fall@4.000ns period=8.000ns})
  Path Group:             **async_default**
  Path Type:              Recovery (Max at Slow Process Corner)
  Requirement:            8.000ns  (clk_fpga_0 rise@8.000ns - clk_fpga_0 rise@0.000ns)
  Data Path Delay:        6.644ns  (logic 0.642ns (9.662%)  route 6.002ns (90.338%))
  Logic Levels:           1  (LUT2=1)
  Clock Path Skew:        -0.328ns (DCD - SCD + CPR)
    Destination Clock Delay (DCD):    2.675ns = ( 10.675 - 8.000 ) 
    Source Clock Delay      (SCD):    3.118ns
    Clock Pessimism Removal (CPR):    0.115ns
  Clock Uncertainty:      0.125ns  ((TSJ^2 + TIJ^2)^1/2 + DJ) / 2 + PE
    Total System Jitter     (TSJ):    0.071ns
    Total Input Jitter      (TIJ):    0.240ns
    Discrete Jitter          (DJ):    0.000ns
    Phase Error              (PE):    0.000ns

    Location             Delay type                Incr(ns)  Path(ns)    PBlock               Netlist Resource(s)
  -------------------------------------------------------------------    ----------------------------------------
                         (clock clk_fpga_0 rise edge)
                                                      0.000     0.000 r                       
    PS7_X0Y0             PS7                          0.000     0.000 r                       rv32_top_i/ps7/inst/PS7_i/FCLKCLK[0]
                         net (fo=1, routed)           1.193     1.193                         rv32_top_i/ps7/inst/FCLK_CLK_unbuffered[0]
    BUFGCTRL_X0Y16       BUFG (Prop_bufg_I_O)         0.101     1.294 r                       rv32_top_i/ps7/inst/buffer_fclk_clk_0.FCLK_CLK_0_BUFG/O
                         net (fo=12355, routed)       1.824     3.118                         rv32_top_i/rst_ps7_50M/U0/slowest_sync_clk
    SLICE_X36Y124        FDRE                                         r                       rv32_top_i/rst_ps7_50M/U0/ACTIVE_LOW_PR_OUT_DFF[0].FDRE_PER_N/C
  -------------------------------------------------------------------    ----------------------------------------
    SLICE_X36Y124        FDRE (Prop_fdre_C_Q)         0.518     3.636 r                       rv32_top_i/rst_ps7_50M/U0/ACTIVE_LOW_PR_OUT_DFF[0].FDRE_PER_N/Q
                         net (fo=40, routed)          3.802     7.438                         rv32_top_i/plat/U0/u_ctrl/S_AXI_ARESETN
    SLICE_X43Y65         LUT2 (Prop_lut2_I1_O)        0.124     7.562 f                       rv32_top_i/plat/U0/u_ctrl/regs[1][31]_i_1_replica_6/O
                         net (fo=292, routed)         2.201     9.762                         rv32_top_i/plat/U0/u_core/r_ctrl_reg[0]_0_repN_6_alias
    SLICE_X41Y49         FDCE                                         f  pb_core              rv32_top_i/plat/U0/u_core/shadow_reg[14][23]/CLR
  -------------------------------------------------------------------    ----------------------------------------

                         (clock clk_fpga_0 rise edge)
                                                      8.000     8.000 r                       
    PS7_X0Y0             PS7                          0.000     8.000 r                       rv32_top_i/ps7/inst/PS7_i/FCLKCLK[0]
                         net (fo=1, routed)           1.088     9.088                         rv32_top_i/ps7/inst/FCLK_CLK_unbuffered[0]
    BUFGCTRL_X0Y16       BUFG (Prop_bufg_I_O)         0.091     9.179 r                       rv32_top_i/ps7/inst/buffer_fclk_clk_0.FCLK_CLK_0_BUFG/O
                         net (fo=12355, routed)       1.496    10.675                         rv32_top_i/plat/U0/u_core/S_AXI_ACLK
    SLICE_X41Y49         FDCE                                         r  pb_core              rv32_top_i/plat/U0/u_core/shadow_reg[14][23]/C
                         clock pessimism              0.115    10.790                           
                         clock uncertainty           -0.125    10.665                           
    SLICE_X41Y49         FDCE (Recov_fdce_C_CLR)     -0.405    10.260    pb_core                rv32_top_i/plat/U0/u_core/shadow_reg[14][23]
  -------------------------------------------------------------------
                         required time                         10.260                           
                         arrival time                          -9.762                           
  -------------------------------------------------------------------
                         slack                                  0.498                           

Slack (MET) :             0.560ns  (required time - arrival time)
  Source:                 rv32_top_i/rst_ps7_50M/U0/ACTIVE_LOW_PR_OUT_DFF[0].FDRE_PER_N/C
                            (rising edge-triggered cell FDRE clocked by clk_fpga_0  {rise@0.000ns fall@4.000ns period=8.000ns})
  Destination:            rv32_top_i/plat/U0/u_core/shadow_reg[21][16]/CLR
                            (recovery check against rising-edge clock clk_fpga_0  {rise@0.000ns fall@4.000ns period=8.000ns})
  Path Group:             **async_default**
  Path Type:              Recovery (Max at Slow Process Corner)
  Requirement:            8.000ns  (clk_fpga_0 rise@8.000ns - clk_fpga_0 rise@0.000ns)
  Data Path Delay:        6.578ns  (logic 0.642ns (9.759%)  route 5.936ns (90.241%))
  Logic Levels:           1  (LUT2=1)
  Clock Path Skew:        -0.331ns (DCD - SCD + CPR)
    Destination Clock Delay (DCD):    2.658ns = ( 10.658 - 8.000 ) 
    Source Clock Delay      (SCD):    3.118ns
    Clock Pessimism Removal (CPR):    0.129ns
  Clock Uncertainty:      0.125ns  ((TSJ^2 + TIJ^2)^1/2 + DJ) / 2 + PE
    Total System Jitter     (TSJ):    0.071ns
    Total Input Jitter      (TIJ):    0.240ns
    Discrete Jitter          (DJ):    0.000ns
    Phase Error              (PE):    0.000ns

    Location             Delay type                Incr(ns)  Path(ns)    PBlock               Netlist Resource(s)
  -------------------------------------------------------------------    ----------------------------------------
                         (clock clk_fpga_0 rise edge)
                                                      0.000     0.000 r                       
    PS7_X0Y0             PS7                          0.000     0.000 r                       rv32_top_i/ps7/inst/PS7_i/FCLKCLK[0]
                         net (fo=1, routed)           1.193     1.193                         rv32_top_i/ps7/inst/FCLK_CLK_unbuffered[0]
    BUFGCTRL_X0Y16       BUFG (Prop_bufg_I_O)         0.101     1.294 r                       rv32_top_i/ps7/inst/buffer_fclk_clk_0.FCLK_CLK_0_BUFG/O
                         net (fo=12355, routed)       1.824     3.118                         rv32_top_i/rst_ps7_50M/U0/slowest_sync_clk
    SLICE_X36Y124        FDRE                                         r                       rv32_top_i/rst_ps7_50M/U0/ACTIVE_LOW_PR_OUT_DFF[0].FDRE_PER_N/C
  -------------------------------------------------------------------    ----------------------------------------
    SLICE_X36Y124        FDRE (Prop_fdre_C_Q)         0.518     3.636 r                       rv32_top_i/rst_ps7_50M/U0/ACTIVE_LOW_PR_OUT_DFF[0].FDRE_PER_N/Q
                         net (fo=40, routed)          3.802     7.438                         rv32_top_i/plat/U0/u_ctrl/S_AXI_ARESETN
    SLICE_X43Y65         LUT2 (Prop_lut2_I1_O)        0.124     7.562 f                       rv32_top_i/plat/U0/u_ctrl/regs[1][31]_i_1_replica_6/O
                         net (fo=292, routed)         2.135     9.696                         rv32_top_i/plat/U0/u_core/r_ctrl_reg[0]_0_repN_6_alias
    SLICE_X47Y50         FDCE                                         f  pb_core              rv32_top_i/plat/U0/u_core/shadow_reg[21][16]/CLR
  -------------------------------------------------------------------    ----------------------------------------

                         (clock clk_fpga_0 rise edge)
                                                      8.000     8.000 r                       
    PS7_X0Y0             PS7                          0.000     8.000 r                       rv32_top_i/ps7/inst/PS7_i/FCLKCLK[0]
                         net (fo=1, routed)           1.088     9.088                         rv32_top_i/ps7/inst/FCLK_CLK_unbuffered[0]
    BUFGCTRL_X0Y16       BUFG (Prop_bufg_I_O)         0.091     9.179 r                       rv32_top_i/ps7/inst/buffer_fclk_clk_0.FCLK_CLK_0_BUFG/O
                         net (fo=12355, routed)       1.479    10.658                         rv32_top_i/plat/U0/u_core/S_AXI_ACLK
    SLICE_X47Y50         FDCE                                         r  pb_core              rv32_top_i/plat/U0/u_core/shadow_reg[21][16]/C
                         clock pessimism              0.129    10.787                           
                         clock uncertainty           -0.125    10.662                           
    SLICE_X47Y50         FDCE (Recov_fdce_C_CLR)     -0.405    10.257    pb_core                rv32_top_i/plat/U0/u_core/shadow_reg[21][16]
  -------------------------------------------------------------------
                         required time                         10.257                           
                         arrival time                          -9.696                           
  -------------------------------------------------------------------
                         slack                                  0.560                           

Slack (MET) :             0.560ns  (required time - arrival time)
  Source:                 rv32_top_i/rst_ps7_50M/U0/ACTIVE_LOW_PR_OUT_DFF[0].FDRE_PER_N/C
                            (rising edge-triggered cell FDRE clocked by clk_fpga_0  {rise@0.000ns fall@4.000ns period=8.000ns})
  Destination:            rv32_top_i/plat/U0/u_core/shadow_reg[21][21]/CLR
                            (recovery check against rising-edge clock clk_fpga_0  {rise@0.000ns fall@4.000ns period=8.000ns})
  Path Group:             **async_default**
  Path Type:              Recovery (Max at Slow Process Corner)
  Requirement:            8.000ns  (clk_fpga_0 rise@8.000ns - clk_fpga_0 rise@0.000ns)
  Data Path Delay:        6.578ns  (logic 0.642ns (9.759%)  route 5.936ns (90.241%))
  Logic Levels:           1  (LUT2=1)
  Clock Path Skew:        -0.331ns (DCD - SCD + CPR)
    Destination Clock Delay (DCD):    2.658ns = ( 10.658 - 8.000 ) 
    Source Clock Delay      (SCD):    3.118ns
    Clock Pessimism Removal (CPR):    0.129ns
  Clock Uncertainty:      0.125ns  ((TSJ^2 + TIJ^2)^1/2 + DJ) / 2 + PE
    Total System Jitter     (TSJ):    0.071ns
    Total Input Jitter      (TIJ):    0.240ns
    Discrete Jitter          (DJ):    0.000ns
    Phase Error              (PE):    0.000ns

    Location             Delay type                Incr(ns)  Path(ns)    PBlock               Netlist Resource(s)
  -------------------------------------------------------------------    ----------------------------------------
                         (clock clk_fpga_0 rise edge)
                                                      0.000     0.000 r                       
    PS7_X0Y0             PS7                          0.000     0.000 r                       rv32_top_i/ps7/inst/PS7_i/FCLKCLK[0]
                         net (fo=1, routed)           1.193     1.193                         rv32_top_i/ps7/inst/FCLK_CLK_unbuffered[0]
    BUFGCTRL_X0Y16       BUFG (Prop_bufg_I_O)         0.101     1.294 r                       rv32_top_i/ps7/inst/buffer_fclk_clk_0.FCLK_CLK_0_BUFG/O
                         net (fo=12355, routed)       1.824     3.118                         rv32_top_i/rst_ps7_50M/U0/slowest_sync_clk
    SLICE_X36Y124        FDRE                                         r                       rv32_top_i/rst_ps7_50M/U0/ACTIVE_LOW_PR_OUT_DFF[0].FDRE_PER_N/C
  -------------------------------------------------------------------    ----------------------------------------
    SLICE_X36Y124        FDRE (Prop_fdre_C_Q)         0.518     3.636 r                       rv32_top_i/rst_ps7_50M/U0/ACTIVE_LOW_PR_OUT_DFF[0].FDRE_PER_N/Q
                         net (fo=40, routed)          3.802     7.438                         rv32_top_i/plat/U0/u_ctrl/S_AXI_ARESETN
    SLICE_X43Y65         LUT2 (Prop_lut2_I1_O)        0.124     7.562 f                       rv32_top_i/plat/U0/u_ctrl/regs[1][31]_i_1_replica_6/O
                         net (fo=292, routed)         2.135     9.696                         rv32_top_i/plat/U0/u_core/r_ctrl_reg[0]_0_repN_6_alias
    SLICE_X47Y50         FDCE                                         f  pb_core              rv32_top_i/plat/U0/u_core/shadow_reg[21][21]/CLR
  -------------------------------------------------------------------    ----------------------------------------

                         (clock clk_fpga_0 rise edge)
                                                      8.000     8.000 r                       
    PS7_X0Y0             PS7                          0.000     8.000 r                       rv32_top_i/ps7/inst/PS7_i/FCLKCLK[0]
                         net (fo=1, routed)           1.088     9.088                         rv32_top_i/ps7/inst/FCLK_CLK_unbuffered[0]
    BUFGCTRL_X0Y16       BUFG (Prop_bufg_I_O)         0.091     9.179 r                       rv32_top_i/ps7/inst/buffer_fclk_clk_0.FCLK_CLK_0_BUFG/O
                         net (fo=12355, routed)       1.479    10.658                         rv32_top_i/plat/U0/u_core/S_AXI_ACLK
    SLICE_X47Y50         FDCE                                         r  pb_core              rv32_top_i/plat/U0/u_core/shadow_reg[21][21]/C
                         clock pessimism              0.129    10.787                           
                         clock uncertainty           -0.125    10.662                           
    SLICE_X47Y50         FDCE (Recov_fdce_C_CLR)     -0.405    10.257    pb_core                rv32_top_i/plat/U0/u_core/shadow_reg[21][21]
  -------------------------------------------------------------------
                         required time                         10.257                           
                         arrival time                          -9.696                           
  -------------------------------------------------------------------
                         slack                                  0.560                           

Slack (MET) :             0.560ns  (required time - arrival time)
  Source:                 rv32_top_i/rst_ps7_50M/U0/ACTIVE_LOW_PR_OUT_DFF[0].FDRE_PER_N/C
                            (rising edge-triggered cell FDRE clocked by clk_fpga_0  {rise@0.000ns fall@4.000ns period=8.000ns})
  Destination:            rv32_top_i/plat/U0/u_core/shadow_reg[21][23]/CLR
                            (recovery check against rising-edge clock clk_fpga_0  {rise@0.000ns fall@4.000ns period=8.000ns})
  Path Group:             **async_default**
  Path Type:              Recovery (Max at Slow Process Corner)
  Requirement:            8.000ns  (clk_fpga_0 rise@8.000ns - clk_fpga_0 rise@0.000ns)
  Data Path Delay:        6.578ns  (logic 0.642ns (9.759%)  route 5.936ns (90.241%))
  Logic Levels:           1  (LUT2=1)
  Clock Path Skew:        -0.331ns (DCD - SCD + CPR)
    Destination Clock Delay (DCD):    2.658ns = ( 10.658 - 8.000 ) 
    Source Clock Delay      (SCD):    3.118ns
    Clock Pessimism Removal (CPR):    0.129ns
  Clock Uncertainty:      0.125ns  ((TSJ^2 + TIJ^2)^1/2 + DJ) / 2 + PE
    Total System Jitter     (TSJ):    0.071ns
    Total Input Jitter      (TIJ):    0.240ns
    Discrete Jitter          (DJ):    0.000ns
    Phase Error              (PE):    0.000ns

    Location             Delay type                Incr(ns)  Path(ns)    PBlock               Netlist Resource(s)
  -------------------------------------------------------------------    ----------------------------------------
                         (clock clk_fpga_0 rise edge)
                                                      0.000     0.000 r                       
    PS7_X0Y0             PS7                          0.000     0.000 r                       rv32_top_i/ps7/inst/PS7_i/FCLKCLK[0]
                         net (fo=1, routed)           1.193     1.193                         rv32_top_i/ps7/inst/FCLK_CLK_unbuffered[0]
    BUFGCTRL_X0Y16       BUFG (Prop_bufg_I_O)         0.101     1.294 r                       rv32_top_i/ps7/inst/buffer_fclk_clk_0.FCLK_CLK_0_BUFG/O
                         net (fo=12355, routed)       1.824     3.118                         rv32_top_i/rst_ps7_50M/U0/slowest_sync_clk
    SLICE_X36Y124        FDRE                                         r                       rv32_top_i/rst_ps7_50M/U0/ACTIVE_LOW_PR_OUT_DFF[0].FDRE_PER_N/C
  -------------------------------------------------------------------    ----------------------------------------
    SLICE_X36Y124        FDRE (Prop_fdre_C_Q)         0.518     3.636 r                       rv32_top_i/rst_ps7_50M/U0/ACTIVE_LOW_PR_OUT_DFF[0].FDRE_PER_N/Q
                         net (fo=40, routed)          3.802     7.438                         rv32_top_i/plat/U0/u_ctrl/S_AXI_ARESETN
    SLICE_X43Y65         LUT2 (Prop_lut2_I1_O)        0.124     7.562 f                       rv32_top_i/plat/U0/u_ctrl/regs[1][31]_i_1_replica_6/O
                         net (fo=292, routed)         2.135     9.696                         rv32_top_i/plat/U0/u_core/r_ctrl_reg[0]_0_repN_6_alias
    SLICE_X47Y50         FDCE                                         f  pb_core              rv32_top_i/plat/U0/u_core/shadow_reg[21][23]/CLR
  -------------------------------------------------------------------    ----------------------------------------

                         (clock clk_fpga_0 rise edge)
                                                      8.000     8.000 r                       
    PS7_X0Y0             PS7                          0.000     8.000 r                       rv32_top_i/ps7/inst/PS7_i/FCLKCLK[0]
                         net (fo=1, routed)           1.088     9.088                         rv32_top_i/ps7/inst/FCLK_CLK_unbuffered[0]
    BUFGCTRL_X0Y16       BUFG (Prop_bufg_I_O)         0.091     9.179 r                       rv32_top_i/ps7/inst/buffer_fclk_clk_0.FCLK_CLK_0_BUFG/O
                         net (fo=12355, routed)       1.479    10.658                         rv32_top_i/plat/U0/u_core/S_AXI_ACLK
    SLICE_X47Y50         FDCE                                         r  pb_core              rv32_top_i/plat/U0/u_core/shadow_reg[21][23]/C
                         clock pessimism              0.129    10.787                           
                         clock uncertainty           -0.125    10.662                           
    SLICE_X47Y50         FDCE (Recov_fdce_C_CLR)     -0.405    10.257    pb_core                rv32_top_i/plat/U0/u_core/shadow_reg[21][23]
  -------------------------------------------------------------------
                         required time                         10.257                           
                         arrival time                          -9.696                           
  -------------------------------------------------------------------
                         slack                                  0.560                           

Slack (MET) :             0.560ns  (required time - arrival time)
  Source:                 rv32_top_i/rst_ps7_50M/U0/ACTIVE_LOW_PR_OUT_DFF[0].FDRE_PER_N/C
                            (rising edge-triggered cell FDRE clocked by clk_fpga_0  {rise@0.000ns fall@4.000ns period=8.000ns})
  Destination:            rv32_top_i/plat/U0/u_core/shadow_reg[21][24]/CLR
                            (recovery check against rising-edge clock clk_fpga_0  {rise@0.000ns fall@4.000ns period=8.000ns})
  Path Group:             **async_default**
  Path Type:              Recovery (Max at Slow Process Corner)
  Requirement:            8.000ns  (clk_fpga_0 rise@8.000ns - clk_fpga_0 rise@0.000ns)
  Data Path Delay:        6.578ns  (logic 0.642ns (9.759%)  route 5.936ns (90.241%))
  Logic Levels:           1  (LUT2=1)
  Clock Path Skew:        -0.331ns (DCD - SCD + CPR)
    Destination Clock Delay (DCD):    2.658ns = ( 10.658 - 8.000 ) 
    Source Clock Delay      (SCD):    3.118ns
    Clock Pessimism Removal (CPR):    0.129ns
  Clock Uncertainty:      0.125ns  ((TSJ^2 + TIJ^2)^1/2 + DJ) / 2 + PE
    Total System Jitter     (TSJ):    0.071ns
    Total Input Jitter      (TIJ):    0.240ns
    Discrete Jitter          (DJ):    0.000ns
    Phase Error              (PE):    0.000ns

    Location             Delay type                Incr(ns)  Path(ns)    PBlock               Netlist Resource(s)
  -------------------------------------------------------------------    ----------------------------------------
                         (clock clk_fpga_0 rise edge)
                                                      0.000     0.000 r                       
    PS7_X0Y0             PS7                          0.000     0.000 r                       rv32_top_i/ps7/inst/PS7_i/FCLKCLK[0]
                         net (fo=1, routed)           1.193     1.193                         rv32_top_i/ps7/inst/FCLK_CLK_unbuffered[0]
    BUFGCTRL_X0Y16       BUFG (Prop_bufg_I_O)         0.101     1.294 r                       rv32_top_i/ps7/inst/buffer_fclk_clk_0.FCLK_CLK_0_BUFG/O
                         net (fo=12355, routed)       1.824     3.118                         rv32_top_i/rst_ps7_50M/U0/slowest_sync_clk
    SLICE_X36Y124        FDRE                                         r                       rv32_top_i/rst_ps7_50M/U0/ACTIVE_LOW_PR_OUT_DFF[0].FDRE_PER_N/C
  -------------------------------------------------------------------    ----------------------------------------
    SLICE_X36Y124        FDRE (Prop_fdre_C_Q)         0.518     3.636 r                       rv32_top_i/rst_ps7_50M/U0/ACTIVE_LOW_PR_OUT_DFF[0].FDRE_PER_N/Q
                         net (fo=40, routed)          3.802     7.438                         rv32_top_i/plat/U0/u_ctrl/S_AXI_ARESETN
    SLICE_X43Y65         LUT2 (Prop_lut2_I1_O)        0.124     7.562 f                       rv32_top_i/plat/U0/u_ctrl/regs[1][31]_i_1_replica_6/O
                         net (fo=292, routed)         2.135     9.696                         rv32_top_i/plat/U0/u_core/r_ctrl_reg[0]_0_repN_6_alias
    SLICE_X47Y50         FDCE                                         f  pb_core              rv32_top_i/plat/U0/u_core/shadow_reg[21][24]/CLR
  -------------------------------------------------------------------    ----------------------------------------

                         (clock clk_fpga_0 rise edge)
                                                      8.000     8.000 r                       
    PS7_X0Y0             PS7                          0.000     8.000 r                       rv32_top_i/ps7/inst/PS7_i/FCLKCLK[0]
                         net (fo=1, routed)           1.088     9.088                         rv32_top_i/ps7/inst/FCLK_CLK_unbuffered[0]
    BUFGCTRL_X0Y16       BUFG (Prop_bufg_I_O)         0.091     9.179 r                       rv32_top_i/ps7/inst/buffer_fclk_clk_0.FCLK_CLK_0_BUFG/O
                         net (fo=12355, routed)       1.479    10.658                         rv32_top_i/plat/U0/u_core/S_AXI_ACLK
    SLICE_X47Y50         FDCE                                         r  pb_core              rv32_top_i/plat/U0/u_core/shadow_reg[21][24]/C
                         clock pessimism              0.129    10.787                           
                         clock uncertainty           -0.125    10.662                           
    SLICE_X47Y50         FDCE (Recov_fdce_C_CLR)     -0.405    10.257    pb_core                rv32_top_i/plat/U0/u_core/shadow_reg[21][24]
  -------------------------------------------------------------------
                         required time                         10.257                           
                         arrival time                          -9.696                           
  -------------------------------------------------------------------
                         slack                                  0.560                           

Slack (MET) :             0.560ns  (required time - arrival time)
  Source:                 rv32_top_i/rst_ps7_50M/U0/ACTIVE_LOW_PR_OUT_DFF[0].FDRE_PER_N/C
                            (rising edge-triggered cell FDRE clocked by clk_fpga_0  {rise@0.000ns fall@4.000ns period=8.000ns})
  Destination:            rv32_top_i/plat/U0/u_core/shadow_reg[21][29]/CLR
                            (recovery check against rising-edge clock clk_fpga_0  {rise@0.000ns fall@4.000ns period=8.000ns})
  Path Group:             **async_default**
  Path Type:              Recovery (Max at Slow Process Corner)
  Requirement:            8.000ns  (clk_fpga_0 rise@8.000ns - clk_fpga_0 rise@0.000ns)
  Data Path Delay:        6.578ns  (logic 0.642ns (9.759%)  route 5.936ns (90.241%))
  Logic Levels:           1  (LUT2=1)
  Clock Path Skew:        -0.331ns (DCD - SCD + CPR)
    Destination Clock Delay (DCD):    2.658ns = ( 10.658 - 8.000 ) 
    Source Clock Delay      (SCD):    3.118ns
    Clock Pessimism Removal (CPR):    0.129ns
  Clock Uncertainty:      0.125ns  ((TSJ^2 + TIJ^2)^1/2 + DJ) / 2 + PE
    Total System Jitter     (TSJ):    0.071ns
    Total Input Jitter      (TIJ):    0.240ns
    Discrete Jitter          (DJ):    0.000ns
    Phase Error              (PE):    0.000ns

    Location             Delay type                Incr(ns)  Path(ns)    PBlock               Netlist Resource(s)
  -------------------------------------------------------------------    ----------------------------------------
                         (clock clk_fpga_0 rise edge)
                                                      0.000     0.000 r                       
    PS7_X0Y0             PS7                          0.000     0.000 r                       rv32_top_i/ps7/inst/PS7_i/FCLKCLK[0]
                         net (fo=1, routed)           1.193     1.193                         rv32_top_i/ps7/inst/FCLK_CLK_unbuffered[0]
    BUFGCTRL_X0Y16       BUFG (Prop_bufg_I_O)         0.101     1.294 r                       rv32_top_i/ps7/inst/buffer_fclk_clk_0.FCLK_CLK_0_BUFG/O
                         net (fo=12355, routed)       1.824     3.118                         rv32_top_i/rst_ps7_50M/U0/slowest_sync_clk
    SLICE_X36Y124        FDRE                                         r                       rv32_top_i/rst_ps7_50M/U0/ACTIVE_LOW_PR_OUT_DFF[0].FDRE_PER_N/C
  -------------------------------------------------------------------    ----------------------------------------
    SLICE_X36Y124        FDRE (Prop_fdre_C_Q)         0.518     3.636 r                       rv32_top_i/rst_ps7_50M/U0/ACTIVE_LOW_PR_OUT_DFF[0].FDRE_PER_N/Q
                         net (fo=40, routed)          3.802     7.438                         rv32_top_i/plat/U0/u_ctrl/S_AXI_ARESETN
    SLICE_X43Y65         LUT2 (Prop_lut2_I1_O)        0.124     7.562 f                       rv32_top_i/plat/U0/u_ctrl/regs[1][31]_i_1_replica_6/O
                         net (fo=292, routed)         2.135     9.696                         rv32_top_i/plat/U0/u_core/r_ctrl_reg[0]_0_repN_6_alias
    SLICE_X47Y50         FDCE                                         f  pb_core              rv32_top_i/plat/U0/u_core/shadow_reg[21][29]/CLR
  -------------------------------------------------------------------    ----------------------------------------

                         (clock clk_fpga_0 rise edge)
                                                      8.000     8.000 r                       
    PS7_X0Y0             PS7                          0.000     8.000 r                       rv32_top_i/ps7/inst/PS7_i/FCLKCLK[0]
                         net (fo=1, routed)           1.088     9.088                         rv32_top_i/ps7/inst/FCLK_CLK_unbuffered[0]
    BUFGCTRL_X0Y16       BUFG (Prop_bufg_I_O)         0.091     9.179 r                       rv32_top_i/ps7/inst/buffer_fclk_clk_0.FCLK_CLK_0_BUFG/O
                         net (fo=12355, routed)       1.479    10.658                         rv32_top_i/plat/U0/u_core/S_AXI_ACLK
    SLICE_X47Y50         FDCE                                         r  pb_core              rv32_top_i/plat/U0/u_core/shadow_reg[21][29]/C
                         clock pessimism              0.129    10.787                           
                         clock uncertainty           -0.125    10.662                           
    SLICE_X47Y50         FDCE (Recov_fdce_C_CLR)     -0.405    10.257    pb_core                rv32_top_i/plat/U0/u_core/shadow_reg[21][29]
  -------------------------------------------------------------------
                         required time                         10.257                           
                         arrival time                          -9.696                           
  -------------------------------------------------------------------
                         slack                                  0.560                           

Slack (MET) :             0.577ns  (required time - arrival time)
  Source:                 rv32_top_i/rst_ps7_50M/U0/ACTIVE_LOW_PR_OUT_DFF[0].FDRE_PER_N/C
                            (rising edge-triggered cell FDRE clocked by clk_fpga_0  {rise@0.000ns fall@4.000ns period=8.000ns})
  Destination:            rv32_top_i/plat/U0/u_core/shadow_reg[30][30]/CLR
                            (recovery check against rising-edge clock clk_fpga_0  {rise@0.000ns fall@4.000ns period=8.000ns})
  Path Group:             **async_default**
  Path Type:              Recovery (Max at Slow Process Corner)
  Requirement:            8.000ns  (clk_fpga_0 rise@8.000ns - clk_fpga_0 rise@0.000ns)
  Data Path Delay:        6.553ns  (logic 0.642ns (9.797%)  route 5.911ns (90.203%))
  Logic Levels:           1  (LUT2=1)
  Clock Path Skew:        -0.341ns (DCD - SCD + CPR)
    Destination Clock Delay (DCD):    2.662ns = ( 10.662 - 8.000 ) 
    Source Clock Delay      (SCD):    3.118ns
    Clock Pessimism Removal (CPR):    0.115ns
  Clock Uncertainty:      0.125ns  ((TSJ^2 + TIJ^2)^1/2 + DJ) / 2 + PE
    Total System Jitter     (TSJ):    0.071ns
    Total Input Jitter      (TIJ):    0.240ns
    Discrete Jitter          (DJ):    0.000ns
    Phase Error              (PE):    0.000ns

    Location             Delay type                Incr(ns)  Path(ns)    PBlock               Netlist Resource(s)
  -------------------------------------------------------------------    ----------------------------------------
                         (clock clk_fpga_0 rise edge)
                                                      0.000     0.000 r                       
    PS7_X0Y0             PS7                          0.000     0.000 r                       rv32_top_i/ps7/inst/PS7_i/FCLKCLK[0]
                         net (fo=1, routed)           1.193     1.193                         rv32_top_i/ps7/inst/FCLK_CLK_unbuffered[0]
    BUFGCTRL_X0Y16       BUFG (Prop_bufg_I_O)         0.101     1.294 r                       rv32_top_i/ps7/inst/buffer_fclk_clk_0.FCLK_CLK_0_BUFG/O
                         net (fo=12355, routed)       1.824     3.118                         rv32_top_i/rst_ps7_50M/U0/slowest_sync_clk
    SLICE_X36Y124        FDRE                                         r                       rv32_top_i/rst_ps7_50M/U0/ACTIVE_LOW_PR_OUT_DFF[0].FDRE_PER_N/C
  -------------------------------------------------------------------    ----------------------------------------
    SLICE_X36Y124        FDRE (Prop_fdre_C_Q)         0.518     3.636 r                       rv32_top_i/rst_ps7_50M/U0/ACTIVE_LOW_PR_OUT_DFF[0].FDRE_PER_N/Q
                         net (fo=40, routed)          3.576     7.212                         rv32_top_i/plat/U0/u_ctrl/S_AXI_ARESETN
    SLICE_X45Y68         LUT2 (Prop_lut2_I1_O)        0.124     7.336 f                       rv32_top_i/plat/U0/u_ctrl/regs[1][31]_i_1_replica_5/O
                         net (fo=137, routed)         2.335     9.671                         rv32_top_i/plat/U0/u_core/r_ctrl_reg[0]_0_repN_5_alias
    SLICE_X53Y48         FDCE                                         f  pb_core              rv32_top_i/plat/U0/u_core/shadow_reg[30][30]/CLR
  -------------------------------------------------------------------    ----------------------------------------

                         (clock clk_fpga_0 rise edge)
                                                      8.000     8.000 r                       
    PS7_X0Y0             PS7                          0.000     8.000 r                       rv32_top_i/ps7/inst/PS7_i/FCLKCLK[0]
                         net (fo=1, routed)           1.088     9.088                         rv32_top_i/ps7/inst/FCLK_CLK_unbuffered[0]
    BUFGCTRL_X0Y16       BUFG (Prop_bufg_I_O)         0.091     9.179 r                       rv32_top_i/ps7/inst/buffer_fclk_clk_0.FCLK_CLK_0_BUFG/O
                         net (fo=12355, routed)       1.483    10.663                         rv32_top_i/plat/U0/u_core/S_AXI_ACLK
    SLICE_X53Y48         FDCE                                         r  pb_core              rv32_top_i/plat/U0/u_core/shadow_reg[30][30]/C
                         clock pessimism              0.115    10.777                           
                         clock uncertainty           -0.125    10.652                           
    SLICE_X53Y48         FDCE (Recov_fdce_C_CLR)     -0.405    10.247    pb_core                rv32_top_i/plat/U0/u_core/shadow_reg[30][30]
  -------------------------------------------------------------------
                         required time                         10.247                           
                         arrival time                          -9.671                           
  -------------------------------------------------------------------
                         slack                                  0.577                           





Min Delay Paths
--------------------------------------------------------------------------------------
Slack (MET) :             0.779ns  (arrival time - required time)
  Source:                 rv32_top_i/plat/U0/u_ctrl/r_ctrl_reg[0]/C
                            (rising edge-triggered cell FDRE clocked by clk_fpga_0  {rise@0.000ns fall@4.000ns period=8.000ns})
  Destination:            rv32_top_i/plat/U0/u_core/idex_rs1d_reg[18]/CLR
                            (removal check against rising-edge clock clk_fpga_0  {rise@0.000ns fall@4.000ns period=8.000ns})
  Path Group:             **async_default**
  Path Type:              Removal (Min at Fast Process Corner)
  Requirement:            0.000ns  (clk_fpga_0 rise@0.000ns - clk_fpga_0 rise@0.000ns)
  Data Path Delay:        0.871ns  (logic 0.186ns (21.367%)  route 0.685ns (78.633%))
  Logic Levels:           1  (LUT2=1)
  Clock Path Skew:        0.184ns (DCD - SCD - CPR)
    Destination Clock Delay (DCD):    1.192ns
    Source Clock Delay      (SCD):    0.973ns
    Clock Pessimism Removal (CPR):    0.035ns

    Location             Delay type                Incr(ns)  Path(ns)    PBlock               Netlist Resource(s)
  -------------------------------------------------------------------    ----------------------------------------
                         (clock clk_fpga_0 rise edge)
                                                      0.000     0.000 r                       
    PS7_X0Y0             PS7                          0.000     0.000 r                       rv32_top_i/ps7/inst/PS7_i/FCLKCLK[0]
                         net (fo=1, routed)           0.310     0.310                         rv32_top_i/ps7/inst/FCLK_CLK_unbuffered[0]
    BUFGCTRL_X0Y16       BUFG (Prop_bufg_I_O)         0.026     0.336 r                       rv32_top_i/ps7/inst/buffer_fclk_clk_0.FCLK_CLK_0_BUFG/O
                         net (fo=12355, routed)       0.637     0.973                         rv32_top_i/plat/U0/u_ctrl/S_AXI_ACLK
    SLICE_X33Y112        FDRE                                         r                       rv32_top_i/plat/U0/u_ctrl/r_ctrl_reg[0]/C
  -------------------------------------------------------------------    ----------------------------------------
    SLICE_X33Y112        FDRE (Prop_fdre_C_Q)         0.141     1.114 f                       rv32_top_i/plat/U0/u_ctrl/r_ctrl_reg[0]/Q
                         net (fo=10, routed)          0.230     1.344                         rv32_top_i/plat/U0/u_ctrl/cpu_reset
    SLICE_X35Y112        LUT2 (Prop_lut2_I0_O)        0.045     1.389 f                       rv32_top_i/plat/U0/u_ctrl/regs[1][31]_i_1/O
                         net (fo=1810, routed)        0.454     1.844                         rv32_top_i/plat/U0/u_core/regs_reg[31][0]
    SLICE_X35Y98         FDCE                                         f  pb_core              rv32_top_i/plat/U0/u_core/idex_rs1d_reg[18]/CLR
  -------------------------------------------------------------------    ----------------------------------------

                         (clock clk_fpga_0 rise edge)
                                                      0.000     0.000 r                       
    PS7_X0Y0             PS7                          0.000     0.000 r                       rv32_top_i/ps7/inst/PS7_i/FCLKCLK[0]
                         net (fo=1, routed)           0.337     0.337                         rv32_top_i/ps7/inst/FCLK_CLK_unbuffered[0]
    BUFGCTRL_X0Y16       BUFG (Prop_bufg_I_O)         0.029     0.366 r                       rv32_top_i/ps7/inst/buffer_fclk_clk_0.FCLK_CLK_0_BUFG/O
                         net (fo=12355, routed)       0.826     1.192                         rv32_top_i/plat/U0/u_core/S_AXI_ACLK
    SLICE_X35Y98         FDCE                                         r  pb_core              rv32_top_i/plat/U0/u_core/idex_rs1d_reg[18]/C
                         clock pessimism             -0.035     1.157                           
    SLICE_X35Y98         FDCE (Remov_fdce_C_CLR)     -0.092     1.065    pb_core                rv32_top_i/plat/U0/u_core/idex_rs1d_reg[18]
  -------------------------------------------------------------------
                         required time                         -1.065                           
                         arrival time                           1.844                           
  -------------------------------------------------------------------
                         slack                                  0.779                           

Slack (MET) :             0.788ns  (arrival time - required time)
  Source:                 rv32_top_i/plat/U0/u_ctrl/r_ctrl_reg[0]/C
                            (rising edge-triggered cell FDRE clocked by clk_fpga_0  {rise@0.000ns fall@4.000ns period=8.000ns})
  Destination:            rv32_top_i/plat/U0/u_dcache/u_tag/dirty_mem_reg[49]/CLR
                            (removal check against rising-edge clock clk_fpga_0  {rise@0.000ns fall@4.000ns period=8.000ns})
  Path Group:             **async_default**
  Path Type:              Removal (Min at Fast Process Corner)
  Requirement:            0.000ns  (clk_fpga_0 rise@0.000ns - clk_fpga_0 rise@0.000ns)
  Data Path Delay:        0.951ns  (logic 0.186ns (19.568%)  route 0.765ns (80.432%))
  Logic Levels:           1  (LUT2=1)
  Clock Path Skew:        0.254ns (DCD - SCD - CPR)
    Destination Clock Delay (DCD):    1.266ns
    Source Clock Delay      (SCD):    0.973ns
    Clock Pessimism Removal (CPR):    0.039ns

    Location             Delay type                Incr(ns)  Path(ns)    Netlist Resource(s)
  -------------------------------------------------------------------    -------------------
                         (clock clk_fpga_0 rise edge)
                                                      0.000     0.000 r  
    PS7_X0Y0             PS7                          0.000     0.000 r  rv32_top_i/ps7/inst/PS7_i/FCLKCLK[0]
                         net (fo=1, routed)           0.310     0.310    rv32_top_i/ps7/inst/FCLK_CLK_unbuffered[0]
    BUFGCTRL_X0Y16       BUFG (Prop_bufg_I_O)         0.026     0.336 r  rv32_top_i/ps7/inst/buffer_fclk_clk_0.FCLK_CLK_0_BUFG/O
                         net (fo=12355, routed)       0.637     0.973    rv32_top_i/plat/U0/u_ctrl/S_AXI_ACLK
    SLICE_X33Y112        FDRE                                         r  rv32_top_i/plat/U0/u_ctrl/r_ctrl_reg[0]/C
  -------------------------------------------------------------------    -------------------
    SLICE_X33Y112        FDRE (Prop_fdre_C_Q)         0.141     1.114 f  rv32_top_i/plat/U0/u_ctrl/r_ctrl_reg[0]/Q
                         net (fo=10, routed)          0.230     1.344    rv32_top_i/plat/U0/u_ctrl/cpu_reset
    SLICE_X35Y112        LUT2 (Prop_lut2_I0_O)        0.045     1.389 f  rv32_top_i/plat/U0/u_ctrl/regs[1][31]_i_1/O
                         net (fo=1810, routed)        0.534     1.924    rv32_top_i/plat/U0/u_dcache/u_tag/valid_mem_reg[0]_0
    SLICE_X52Y115        FDCE                                         f  rv32_top_i/plat/U0/u_dcache/u_tag/dirty_mem_reg[49]/CLR
  -------------------------------------------------------------------    -------------------

                         (clock clk_fpga_0 rise edge)
                                                      0.000     0.000 r  
    PS7_X0Y0             PS7                          0.000     0.000 r  rv32_top_i/ps7/inst/PS7_i/FCLKCLK[0]
                         net (fo=1, routed)           0.337     0.337    rv32_top_i/ps7/inst/FCLK_CLK_unbuffered[0]
    BUFGCTRL_X0Y16       BUFG (Prop_bufg_I_O)         0.029     0.366 r  rv32_top_i/ps7/inst/buffer_fclk_clk_0.FCLK_CLK_0_BUFG/O
                         net (fo=12355, routed)       0.900     1.266    rv32_top_i/plat/U0/u_dcache/u_tag/S_AXI_ACLK
    SLICE_X52Y115        FDCE                                         r  rv32_top_i/plat/U0/u_dcache/u_tag/dirty_mem_reg[49]/C
                         clock pessimism             -0.039     1.227    
    SLICE_X52Y115        FDCE (Remov_fdce_C_CLR)     -0.092     1.135    rv32_top_i/plat/U0/u_dcache/u_tag/dirty_mem_reg[49]
  -------------------------------------------------------------------
                         required time                         -1.135    
                         arrival time                           1.924    
  -------------------------------------------------------------------
                         slack                                  0.788    

Slack (MET) :             0.788ns  (arrival time - required time)
  Source:                 rv32_top_i/plat/U0/u_ctrl/r_ctrl_reg[0]/C
                            (rising edge-triggered cell FDRE clocked by clk_fpga_0  {rise@0.000ns fall@4.000ns period=8.000ns})
  Destination:            rv32_top_i/plat/U0/u_dcache/u_tag/dirty_mem_reg[50]/CLR
                            (removal check against rising-edge clock clk_fpga_0  {rise@0.000ns fall@4.000ns period=8.000ns})
  Path Group:             **async_default**
  Path Type:              Removal (Min at Fast Process Corner)
  Requirement:            0.000ns  (clk_fpga_0 rise@0.000ns - clk_fpga_0 rise@0.000ns)
  Data Path Delay:        0.951ns  (logic 0.186ns (19.568%)  route 0.765ns (80.432%))
  Logic Levels:           1  (LUT2=1)
  Clock Path Skew:        0.254ns (DCD - SCD - CPR)
    Destination Clock Delay (DCD):    1.266ns
    Source Clock Delay      (SCD):    0.973ns
    Clock Pessimism Removal (CPR):    0.039ns

    Location             Delay type                Incr(ns)  Path(ns)    Netlist Resource(s)
  -------------------------------------------------------------------    -------------------
                         (clock clk_fpga_0 rise edge)
                                                      0.000     0.000 r  
    PS7_X0Y0             PS7                          0.000     0.000 r  rv32_top_i/ps7/inst/PS7_i/FCLKCLK[0]
                         net (fo=1, routed)           0.310     0.310    rv32_top_i/ps7/inst/FCLK_CLK_unbuffered[0]
    BUFGCTRL_X0Y16       BUFG (Prop_bufg_I_O)         0.026     0.336 r  rv32_top_i/ps7/inst/buffer_fclk_clk_0.FCLK_CLK_0_BUFG/O
                         net (fo=12355, routed)       0.637     0.973    rv32_top_i/plat/U0/u_ctrl/S_AXI_ACLK
    SLICE_X33Y112        FDRE                                         r  rv32_top_i/plat/U0/u_ctrl/r_ctrl_reg[0]/C
  -------------------------------------------------------------------    -------------------
    SLICE_X33Y112        FDRE (Prop_fdre_C_Q)         0.141     1.114 f  rv32_top_i/plat/U0/u_ctrl/r_ctrl_reg[0]/Q
                         net (fo=10, routed)          0.230     1.344    rv32_top_i/plat/U0/u_ctrl/cpu_reset
    SLICE_X35Y112        LUT2 (Prop_lut2_I0_O)        0.045     1.389 f  rv32_top_i/plat/U0/u_ctrl/regs[1][31]_i_1/O
                         net (fo=1810, routed)        0.534     1.924    rv32_top_i/plat/U0/u_dcache/u_tag/valid_mem_reg[0]_0
    SLICE_X52Y115        FDCE                                         f  rv32_top_i/plat/U0/u_dcache/u_tag/dirty_mem_reg[50]/CLR
  -------------------------------------------------------------------    -------------------

                         (clock clk_fpga_0 rise edge)
                                                      0.000     0.000 r  
    PS7_X0Y0             PS7                          0.000     0.000 r  rv32_top_i/ps7/inst/PS7_i/FCLKCLK[0]
                         net (fo=1, routed)           0.337     0.337    rv32_top_i/ps7/inst/FCLK_CLK_unbuffered[0]
    BUFGCTRL_X0Y16       BUFG (Prop_bufg_I_O)         0.029     0.366 r  rv32_top_i/ps7/inst/buffer_fclk_clk_0.FCLK_CLK_0_BUFG/O
                         net (fo=12355, routed)       0.900     1.266    rv32_top_i/plat/U0/u_dcache/u_tag/S_AXI_ACLK
    SLICE_X52Y115        FDCE                                         r  rv32_top_i/plat/U0/u_dcache/u_tag/dirty_mem_reg[50]/C
                         clock pessimism             -0.039     1.227    
    SLICE_X52Y115        FDCE (Remov_fdce_C_CLR)     -0.092     1.135    rv32_top_i/plat/U0/u_dcache/u_tag/dirty_mem_reg[50]
  -------------------------------------------------------------------
                         required time                         -1.135    
                         arrival time                           1.924    
  -------------------------------------------------------------------
                         slack                                  0.788    

Slack (MET) :             0.788ns  (arrival time - required time)
  Source:                 rv32_top_i/plat/U0/u_ctrl/r_ctrl_reg[0]/C
                            (rising edge-triggered cell FDRE clocked by clk_fpga_0  {rise@0.000ns fall@4.000ns period=8.000ns})
  Destination:            rv32_top_i/plat/U0/u_dcache/u_tag/dirty_mem_reg[52]/CLR
                            (removal check against rising-edge clock clk_fpga_0  {rise@0.000ns fall@4.000ns period=8.000ns})
  Path Group:             **async_default**
  Path Type:              Removal (Min at Fast Process Corner)
  Requirement:            0.000ns  (clk_fpga_0 rise@0.000ns - clk_fpga_0 rise@0.000ns)
  Data Path Delay:        0.951ns  (logic 0.186ns (19.568%)  route 0.765ns (80.432%))
  Logic Levels:           1  (LUT2=1)
  Clock Path Skew:        0.254ns (DCD - SCD - CPR)
    Destination Clock Delay (DCD):    1.266ns
    Source Clock Delay      (SCD):    0.973ns
    Clock Pessimism Removal (CPR):    0.039ns

    Location             Delay type                Incr(ns)  Path(ns)    Netlist Resource(s)
  -------------------------------------------------------------------    -------------------
                         (clock clk_fpga_0 rise edge)
                                                      0.000     0.000 r  
    PS7_X0Y0             PS7                          0.000     0.000 r  rv32_top_i/ps7/inst/PS7_i/FCLKCLK[0]
                         net (fo=1, routed)           0.310     0.310    rv32_top_i/ps7/inst/FCLK_CLK_unbuffered[0]
    BUFGCTRL_X0Y16       BUFG (Prop_bufg_I_O)         0.026     0.336 r  rv32_top_i/ps7/inst/buffer_fclk_clk_0.FCLK_CLK_0_BUFG/O
                         net (fo=12355, routed)       0.637     0.973    rv32_top_i/plat/U0/u_ctrl/S_AXI_ACLK
    SLICE_X33Y112        FDRE                                         r  rv32_top_i/plat/U0/u_ctrl/r_ctrl_reg[0]/C
  -------------------------------------------------------------------    -------------------
    SLICE_X33Y112        FDRE (Prop_fdre_C_Q)         0.141     1.114 f  rv32_top_i/plat/U0/u_ctrl/r_ctrl_reg[0]/Q
                         net (fo=10, routed)          0.230     1.344    rv32_top_i/plat/U0/u_ctrl/cpu_reset
    SLICE_X35Y112        LUT2 (Prop_lut2_I0_O)        0.045     1.389 f  rv32_top_i/plat/U0/u_ctrl/regs[1][31]_i_1/O
                         net (fo=1810, routed)        0.534     1.924    rv32_top_i/plat/U0/u_dcache/u_tag/valid_mem_reg[0]_0
    SLICE_X52Y115        FDCE                                         f  rv32_top_i/plat/U0/u_dcache/u_tag/dirty_mem_reg[52]/CLR
  -------------------------------------------------------------------    -------------------

                         (clock clk_fpga_0 rise edge)
                                                      0.000     0.000 r  
    PS7_X0Y0             PS7                          0.000     0.000 r  rv32_top_i/ps7/inst/PS7_i/FCLKCLK[0]
                         net (fo=1, routed)           0.337     0.337    rv32_top_i/ps7/inst/FCLK_CLK_unbuffered[0]
    BUFGCTRL_X0Y16       BUFG (Prop_bufg_I_O)         0.029     0.366 r  rv32_top_i/ps7/inst/buffer_fclk_clk_0.FCLK_CLK_0_BUFG/O
                         net (fo=12355, routed)       0.900     1.266    rv32_top_i/plat/U0/u_dcache/u_tag/S_AXI_ACLK
    SLICE_X52Y115        FDCE                                         r  rv32_top_i/plat/U0/u_dcache/u_tag/dirty_mem_reg[52]/C
                         clock pessimism             -0.039     1.227    
    SLICE_X52Y115        FDCE (Remov_fdce_C_CLR)     -0.092     1.135    rv32_top_i/plat/U0/u_dcache/u_tag/dirty_mem_reg[52]
  -------------------------------------------------------------------
                         required time                         -1.135    
                         arrival time                           1.924    
  -------------------------------------------------------------------
                         slack                                  0.788    

Slack (MET) :             0.788ns  (arrival time - required time)
  Source:                 rv32_top_i/plat/U0/u_ctrl/r_ctrl_reg[0]/C
                            (rising edge-triggered cell FDRE clocked by clk_fpga_0  {rise@0.000ns fall@4.000ns period=8.000ns})
  Destination:            rv32_top_i/plat/U0/u_dcache/u_tag/dirty_mem_reg[57]/CLR
                            (removal check against rising-edge clock clk_fpga_0  {rise@0.000ns fall@4.000ns period=8.000ns})
  Path Group:             **async_default**
  Path Type:              Removal (Min at Fast Process Corner)
  Requirement:            0.000ns  (clk_fpga_0 rise@0.000ns - clk_fpga_0 rise@0.000ns)
  Data Path Delay:        0.951ns  (logic 0.186ns (19.568%)  route 0.765ns (80.432%))
  Logic Levels:           1  (LUT2=1)
  Clock Path Skew:        0.254ns (DCD - SCD - CPR)
    Destination Clock Delay (DCD):    1.266ns
    Source Clock Delay      (SCD):    0.973ns
    Clock Pessimism Removal (CPR):    0.039ns

    Location             Delay type                Incr(ns)  Path(ns)    Netlist Resource(s)
  -------------------------------------------------------------------    -------------------
                         (clock clk_fpga_0 rise edge)
                                                      0.000     0.000 r  
    PS7_X0Y0             PS7                          0.000     0.000 r  rv32_top_i/ps7/inst/PS7_i/FCLKCLK[0]
                         net (fo=1, routed)           0.310     0.310    rv32_top_i/ps7/inst/FCLK_CLK_unbuffered[0]
    BUFGCTRL_X0Y16       BUFG (Prop_bufg_I_O)         0.026     0.336 r  rv32_top_i/ps7/inst/buffer_fclk_clk_0.FCLK_CLK_0_BUFG/O
                         net (fo=12355, routed)       0.637     0.973    rv32_top_i/plat/U0/u_ctrl/S_AXI_ACLK
    SLICE_X33Y112        FDRE                                         r  rv32_top_i/plat/U0/u_ctrl/r_ctrl_reg[0]/C
  -------------------------------------------------------------------    -------------------
    SLICE_X33Y112        FDRE (Prop_fdre_C_Q)         0.141     1.114 f  rv32_top_i/plat/U0/u_ctrl/r_ctrl_reg[0]/Q
                         net (fo=10, routed)          0.230     1.344    rv32_top_i/plat/U0/u_ctrl/cpu_reset
    SLICE_X35Y112        LUT2 (Prop_lut2_I0_O)        0.045     1.389 f  rv32_top_i/plat/U0/u_ctrl/regs[1][31]_i_1/O
                         net (fo=1810, routed)        0.534     1.924    rv32_top_i/plat/U0/u_dcache/u_tag/valid_mem_reg[0]_0
    SLICE_X52Y115        FDCE                                         f  rv32_top_i/plat/U0/u_dcache/u_tag/dirty_mem_reg[57]/CLR
  -------------------------------------------------------------------    -------------------

                         (clock clk_fpga_0 rise edge)
                                                      0.000     0.000 r  
    PS7_X0Y0             PS7                          0.000     0.000 r  rv32_top_i/ps7/inst/PS7_i/FCLKCLK[0]
                         net (fo=1, routed)           0.337     0.337    rv32_top_i/ps7/inst/FCLK_CLK_unbuffered[0]
    BUFGCTRL_X0Y16       BUFG (Prop_bufg_I_O)         0.029     0.366 r  rv32_top_i/ps7/inst/buffer_fclk_clk_0.FCLK_CLK_0_BUFG/O
                         net (fo=12355, routed)       0.900     1.266    rv32_top_i/plat/U0/u_dcache/u_tag/S_AXI_ACLK
    SLICE_X52Y115        FDCE                                         r  rv32_top_i/plat/U0/u_dcache/u_tag/dirty_mem_reg[57]/C
                         clock pessimism             -0.039     1.227    
    SLICE_X52Y115        FDCE (Remov_fdce_C_CLR)     -0.092     1.135    rv32_top_i/plat/U0/u_dcache/u_tag/dirty_mem_reg[57]
  -------------------------------------------------------------------
                         required time                         -1.135    
                         arrival time                           1.924    
  -------------------------------------------------------------------
                         slack                                  0.788    

Slack (MET) :             0.793ns  (arrival time - required time)
  Source:                 rv32_top_i/plat/U0/u_ctrl/r_ctrl_reg[0]/C
                            (rising edge-triggered cell FDRE clocked by clk_fpga_0  {rise@0.000ns fall@4.000ns period=8.000ns})
  Destination:            rv32_top_i/plat/U0/u_dcache/u_tag/dirty_mem_reg[36]/CLR
                            (removal check against rising-edge clock clk_fpga_0  {rise@0.000ns fall@4.000ns period=8.000ns})
  Path Group:             **async_default**
  Path Type:              Removal (Min at Fast Process Corner)
  Requirement:            0.000ns  (clk_fpga_0 rise@0.000ns - clk_fpga_0 rise@0.000ns)
  Data Path Delay:        0.982ns  (logic 0.186ns (18.937%)  route 0.796ns (81.063%))
  Logic Levels:           1  (LUT2=1)
  Clock Path Skew:        0.256ns (DCD - SCD - CPR)
    Destination Clock Delay (DCD):    1.268ns
    Source Clock Delay      (SCD):    0.973ns
    Clock Pessimism Removal (CPR):    0.039ns

    Location             Delay type                Incr(ns)  Path(ns)    Netlist Resource(s)
  -------------------------------------------------------------------    -------------------
                         (clock clk_fpga_0 rise edge)
                                                      0.000     0.000 r  
    PS7_X0Y0             PS7                          0.000     0.000 r  rv32_top_i/ps7/inst/PS7_i/FCLKCLK[0]
                         net (fo=1, routed)           0.310     0.310    rv32_top_i/ps7/inst/FCLK_CLK_unbuffered[0]
    BUFGCTRL_X0Y16       BUFG (Prop_bufg_I_O)         0.026     0.336 r  rv32_top_i/ps7/inst/buffer_fclk_clk_0.FCLK_CLK_0_BUFG/O
                         net (fo=12355, routed)       0.637     0.973    rv32_top_i/plat/U0/u_ctrl/S_AXI_ACLK
    SLICE_X33Y112        FDRE                                         r  rv32_top_i/plat/U0/u_ctrl/r_ctrl_reg[0]/C
  -------------------------------------------------------------------    -------------------
    SLICE_X33Y112        FDRE (Prop_fdre_C_Q)         0.141     1.114 f  rv32_top_i/plat/U0/u_ctrl/r_ctrl_reg[0]/Q
                         net (fo=10, routed)          0.230     1.344    rv32_top_i/plat/U0/u_ctrl/cpu_reset
    SLICE_X35Y112        LUT2 (Prop_lut2_I0_O)        0.045     1.389 f  rv32_top_i/plat/U0/u_ctrl/regs[1][31]_i_1/O
                         net (fo=1810, routed)        0.566     1.955    rv32_top_i/plat/U0/u_dcache/u_tag/valid_mem_reg[0]_0
    SLICE_X50Y112        FDCE                                         f  rv32_top_i/plat/U0/u_dcache/u_tag/dirty_mem_reg[36]/CLR
  -------------------------------------------------------------------    -------------------

                         (clock clk_fpga_0 rise edge)
                                                      0.000     0.000 r  
    PS7_X0Y0             PS7                          0.000     0.000 r  rv32_top_i/ps7/inst/PS7_i/FCLKCLK[0]
                         net (fo=1, routed)           0.337     0.337    rv32_top_i/ps7/inst/FCLK_CLK_unbuffered[0]
    BUFGCTRL_X0Y16       BUFG (Prop_bufg_I_O)         0.029     0.366 r  rv32_top_i/ps7/inst/buffer_fclk_clk_0.FCLK_CLK_0_BUFG/O
                         net (fo=12355, routed)       0.902     1.268    rv32_top_i/plat/U0/u_dcache/u_tag/S_AXI_ACLK
    SLICE_X50Y112        FDCE                                         r  rv32_top_i/plat/U0/u_dcache/u_tag/dirty_mem_reg[36]/C
                         clock pessimism             -0.039     1.229    
    SLICE_X50Y112        FDCE (Remov_fdce_C_CLR)     -0.067     1.162    rv32_top_i/plat/U0/u_dcache/u_tag/dirty_mem_reg[36]
  -------------------------------------------------------------------
                         required time                         -1.162    
                         arrival time                           1.955    
  -------------------------------------------------------------------
                         slack                                  0.793    

Slack (MET) :             0.818ns  (arrival time - required time)
  Source:                 rv32_top_i/plat/U0/u_ctrl/r_ctrl_reg[0]/C
                            (rising edge-triggered cell FDRE clocked by clk_fpga_0  {rise@0.000ns fall@4.000ns period=8.000ns})
  Destination:            rv32_top_i/plat/U0/u_dcache/u_axi/rbuf_reg[57]/CLR
                            (removal check against rising-edge clock clk_fpga_0  {rise@0.000ns fall@4.000ns period=8.000ns})
  Path Group:             **async_default**
  Path Type:              Removal (Min at Fast Process Corner)
  Requirement:            0.000ns  (clk_fpga_0 rise@0.000ns - clk_fpga_0 rise@0.000ns)
  Data Path Delay:        0.982ns  (logic 0.186ns (18.937%)  route 0.796ns (81.063%))
  Logic Levels:           1  (LUT2=1)
  Clock Path Skew:        0.256ns (DCD - SCD - CPR)
    Destination Clock Delay (DCD):    1.268ns
    Source Clock Delay      (SCD):    0.973ns
    Clock Pessimism Removal (CPR):    0.039ns

    Location             Delay type                Incr(ns)  Path(ns)    Netlist Resource(s)
  -------------------------------------------------------------------    -------------------
                         (clock clk_fpga_0 rise edge)
                                                      0.000     0.000 r  
    PS7_X0Y0             PS7                          0.000     0.000 r  rv32_top_i/ps7/inst/PS7_i/FCLKCLK[0]
                         net (fo=1, routed)           0.310     0.310    rv32_top_i/ps7/inst/FCLK_CLK_unbuffered[0]
    BUFGCTRL_X0Y16       BUFG (Prop_bufg_I_O)         0.026     0.336 r  rv32_top_i/ps7/inst/buffer_fclk_clk_0.FCLK_CLK_0_BUFG/O
                         net (fo=12355, routed)       0.637     0.973    rv32_top_i/plat/U0/u_ctrl/S_AXI_ACLK
    SLICE_X33Y112        FDRE                                         r  rv32_top_i/plat/U0/u_ctrl/r_ctrl_reg[0]/C
  -------------------------------------------------------------------    -------------------
    SLICE_X33Y112        FDRE (Prop_fdre_C_Q)         0.141     1.114 f  rv32_top_i/plat/U0/u_ctrl/r_ctrl_reg[0]/Q
                         net (fo=10, routed)          0.230     1.344    rv32_top_i/plat/U0/u_ctrl/cpu_reset
    SLICE_X35Y112        LUT2 (Prop_lut2_I0_O)        0.045     1.389 f  rv32_top_i/plat/U0/u_ctrl/regs[1][31]_i_1/O
                         net (fo=1810, routed)        0.566     1.955    rv32_top_i/plat/U0/u_dcache/u_axi/beat_reg[0]_1
    SLICE_X51Y112        FDCE                                         f  rv32_top_i/plat/U0/u_dcache/u_axi/rbuf_reg[57]/CLR
  -------------------------------------------------------------------    -------------------

                         (clock clk_fpga_0 rise edge)
                                                      0.000     0.000 r  
    PS7_X0Y0             PS7                          0.000     0.000 r  rv32_top_i/ps7/inst/PS7_i/FCLKCLK[0]
                         net (fo=1, routed)           0.337     0.337    rv32_top_i/ps7/inst/FCLK_CLK_unbuffered[0]
    BUFGCTRL_X0Y16       BUFG (Prop_bufg_I_O)         0.029     0.366 r  rv32_top_i/ps7/inst/buffer_fclk_clk_0.FCLK_CLK_0_BUFG/O
                         net (fo=12355, routed)       0.902     1.268    rv32_top_i/plat/U0/u_dcache/u_axi/S_AXI_ACLK
    SLICE_X51Y112        FDCE                                         r  rv32_top_i/plat/U0/u_dcache/u_axi/rbuf_reg[57]/C
                         clock pessimism             -0.039     1.229    
    SLICE_X51Y112        FDCE (Remov_fdce_C_CLR)     -0.092     1.137    rv32_top_i/plat/U0/u_dcache/u_axi/rbuf_reg[57]
  -------------------------------------------------------------------
                         required time                         -1.137    
                         arrival time                           1.955    
  -------------------------------------------------------------------
                         slack                                  0.818    

Slack (MET) :             0.826ns  (arrival time - required time)
  Source:                 rv32_top_i/plat/U0/u_ctrl/r_ctrl_reg[0]/C
                            (rising edge-triggered cell FDRE clocked by clk_fpga_0  {rise@0.000ns fall@4.000ns period=8.000ns})
  Destination:            rv32_top_i/plat/U0/u_core/idex_rs1d_reg[20]/CLR
                            (removal check against rising-edge clock clk_fpga_0  {rise@0.000ns fall@4.000ns period=8.000ns})
  Path Group:             **async_default**
  Path Type:              Removal (Min at Fast Process Corner)
  Requirement:            0.000ns  (clk_fpga_0 rise@0.000ns - clk_fpga_0 rise@0.000ns)
  Data Path Delay:        0.942ns  (logic 0.186ns (19.743%)  route 0.756ns (80.257%))
  Logic Levels:           1  (LUT2=1)
  Clock Path Skew:        0.183ns (DCD - SCD - CPR)
    Destination Clock Delay (DCD):    1.191ns
    Source Clock Delay      (SCD):    0.973ns
    Clock Pessimism Removal (CPR):    0.035ns

    Location             Delay type                Incr(ns)  Path(ns)    PBlock               Netlist Resource(s)
  -------------------------------------------------------------------    ----------------------------------------
                         (clock clk_fpga_0 rise edge)
                                                      0.000     0.000 r                       
    PS7_X0Y0             PS7                          0.000     0.000 r                       rv32_top_i/ps7/inst/PS7_i/FCLKCLK[0]
                         net (fo=1, routed)           0.310     0.310                         rv32_top_i/ps7/inst/FCLK_CLK_unbuffered[0]
    BUFGCTRL_X0Y16       BUFG (Prop_bufg_I_O)         0.026     0.336 r                       rv32_top_i/ps7/inst/buffer_fclk_clk_0.FCLK_CLK_0_BUFG/O
                         net (fo=12355, routed)       0.637     0.973                         rv32_top_i/plat/U0/u_ctrl/S_AXI_ACLK
    SLICE_X33Y112        FDRE                                         r                       rv32_top_i/plat/U0/u_ctrl/r_ctrl_reg[0]/C
  -------------------------------------------------------------------    ----------------------------------------
    SLICE_X33Y112        FDRE (Prop_fdre_C_Q)         0.141     1.114 f                       rv32_top_i/plat/U0/u_ctrl/r_ctrl_reg[0]/Q
                         net (fo=10, routed)          0.230     1.344                         rv32_top_i/plat/U0/u_ctrl/cpu_reset
    SLICE_X35Y112        LUT2 (Prop_lut2_I0_O)        0.045     1.389 f                       rv32_top_i/plat/U0/u_ctrl/regs[1][31]_i_1/O
                         net (fo=1810, routed)        0.526     1.915                         rv32_top_i/plat/U0/u_core/regs_reg[31][0]
    SLICE_X36Y98         FDCE                                         f  pb_core              rv32_top_i/plat/U0/u_core/idex_rs1d_reg[20]/CLR
  -------------------------------------------------------------------    ----------------------------------------

                         (clock clk_fpga_0 rise edge)
                                                      0.000     0.000 r                       
    PS7_X0Y0             PS7                          0.000     0.000 r                       rv32_top_i/ps7/inst/PS7_i/FCLKCLK[0]
                         net (fo=1, routed)           0.337     0.337                         rv32_top_i/ps7/inst/FCLK_CLK_unbuffered[0]
    BUFGCTRL_X0Y16       BUFG (Prop_bufg_I_O)         0.029     0.366 r                       rv32_top_i/ps7/inst/buffer_fclk_clk_0.FCLK_CLK_0_BUFG/O
                         net (fo=12355, routed)       0.825     1.191                         rv32_top_i/plat/U0/u_core/S_AXI_ACLK
    SLICE_X36Y98         FDCE                                         r  pb_core              rv32_top_i/plat/U0/u_core/idex_rs1d_reg[20]/C
                         clock pessimism             -0.035     1.156                           
    SLICE_X36Y98         FDCE (Remov_fdce_C_CLR)     -0.067     1.089    pb_core                rv32_top_i/plat/U0/u_core/idex_rs1d_reg[20]
  -------------------------------------------------------------------
                         required time                         -1.089                           
                         arrival time                           1.915                           
  -------------------------------------------------------------------
                         slack                                  0.826                           

Slack (MET) :             0.826ns  (arrival time - required time)
  Source:                 rv32_top_i/plat/U0/u_ctrl/r_ctrl_reg[0]/C
                            (rising edge-triggered cell FDRE clocked by clk_fpga_0  {rise@0.000ns fall@4.000ns period=8.000ns})
  Destination:            rv32_top_i/plat/U0/u_core/memwb_pc4_reg[17]/CLR
                            (removal check against rising-edge clock clk_fpga_0  {rise@0.000ns fall@4.000ns period=8.000ns})
  Path Group:             **async_default**
  Path Type:              Removal (Min at Fast Process Corner)
  Requirement:            0.000ns  (clk_fpga_0 rise@0.000ns - clk_fpga_0 rise@0.000ns)
  Data Path Delay:        0.942ns  (logic 0.186ns (19.743%)  route 0.756ns (80.257%))
  Logic Levels:           1  (LUT2=1)
  Clock Path Skew:        0.183ns (DCD - SCD - CPR)
    Destination Clock Delay (DCD):    1.191ns
    Source Clock Delay      (SCD):    0.973ns
    Clock Pessimism Removal (CPR):    0.035ns

    Location             Delay type                Incr(ns)  Path(ns)    PBlock               Netlist Resource(s)
  -------------------------------------------------------------------    ----------------------------------------
                         (clock clk_fpga_0 rise edge)
                                                      0.000     0.000 r                       
    PS7_X0Y0             PS7                          0.000     0.000 r                       rv32_top_i/ps7/inst/PS7_i/FCLKCLK[0]
                         net (fo=1, routed)           0.310     0.310                         rv32_top_i/ps7/inst/FCLK_CLK_unbuffered[0]
    BUFGCTRL_X0Y16       BUFG (Prop_bufg_I_O)         0.026     0.336 r                       rv32_top_i/ps7/inst/buffer_fclk_clk_0.FCLK_CLK_0_BUFG/O
                         net (fo=12355, routed)       0.637     0.973                         rv32_top_i/plat/U0/u_ctrl/S_AXI_ACLK
    SLICE_X33Y112        FDRE                                         r                       rv32_top_i/plat/U0/u_ctrl/r_ctrl_reg[0]/C
  -------------------------------------------------------------------    ----------------------------------------
    SLICE_X33Y112        FDRE (Prop_fdre_C_Q)         0.141     1.114 f                       rv32_top_i/plat/U0/u_ctrl/r_ctrl_reg[0]/Q
                         net (fo=10, routed)          0.230     1.344                         rv32_top_i/plat/U0/u_ctrl/cpu_reset
    SLICE_X35Y112        LUT2 (Prop_lut2_I0_O)        0.045     1.389 f                       rv32_top_i/plat/U0/u_ctrl/regs[1][31]_i_1/O
                         net (fo=1810, routed)        0.526     1.915                         rv32_top_i/plat/U0/u_core/regs_reg[31][0]
    SLICE_X36Y98         FDCE                                         f  pb_core              rv32_top_i/plat/U0/u_core/memwb_pc4_reg[17]/CLR
  -------------------------------------------------------------------    ----------------------------------------

                         (clock clk_fpga_0 rise edge)
                                                      0.000     0.000 r                       
    PS7_X0Y0             PS7                          0.000     0.000 r                       rv32_top_i/ps7/inst/PS7_i/FCLKCLK[0]
                         net (fo=1, routed)           0.337     0.337                         rv32_top_i/ps7/inst/FCLK_CLK_unbuffered[0]
    BUFGCTRL_X0Y16       BUFG (Prop_bufg_I_O)         0.029     0.366 r                       rv32_top_i/ps7/inst/buffer_fclk_clk_0.FCLK_CLK_0_BUFG/O
                         net (fo=12355, routed)       0.825     1.191                         rv32_top_i/plat/U0/u_core/S_AXI_ACLK
    SLICE_X36Y98         FDCE                                         r  pb_core              rv32_top_i/plat/U0/u_core/memwb_pc4_reg[17]/C
                         clock pessimism             -0.035     1.156                           
    SLICE_X36Y98         FDCE (Remov_fdce_C_CLR)     -0.067     1.089    pb_core                rv32_top_i/plat/U0/u_core/memwb_pc4_reg[17]
  -------------------------------------------------------------------
                         required time                         -1.089                           
                         arrival time                           1.915                           
  -------------------------------------------------------------------
                         slack                                  0.826                           

Slack (MET) :             0.830ns  (arrival time - required time)
  Source:                 rv32_top_i/plat/U0/u_ctrl/r_ctrl_reg[0]/C
                            (rising edge-triggered cell FDRE clocked by clk_fpga_0  {rise@0.000ns fall@4.000ns period=8.000ns})
  Destination:            rv32_top_i/plat/U0/u_dcache/u_tag/dirty_mem_reg[108]/CLR
                            (removal check against rising-edge clock clk_fpga_0  {rise@0.000ns fall@4.000ns period=8.000ns})
  Path Group:             **async_default**
  Path Type:              Removal (Min at Fast Process Corner)
  Requirement:            0.000ns  (clk_fpga_0 rise@0.000ns - clk_fpga_0 rise@0.000ns)
  Data Path Delay:        0.993ns  (logic 0.186ns (18.725%)  route 0.807ns (81.275%))
  Logic Levels:           1  (LUT2=1)
  Clock Path Skew:        0.255ns (DCD - SCD - CPR)
    Destination Clock Delay (DCD):    1.267ns
    Source Clock Delay      (SCD):    0.973ns
    Clock Pessimism Removal (CPR):    0.039ns

    Location             Delay type                Incr(ns)  Path(ns)    Netlist Resource(s)
  -------------------------------------------------------------------    -------------------
                         (clock clk_fpga_0 rise edge)
                                                      0.000     0.000 r  
    PS7_X0Y0             PS7                          0.000     0.000 r  rv32_top_i/ps7/inst/PS7_i/FCLKCLK[0]
                         net (fo=1, routed)           0.310     0.310    rv32_top_i/ps7/inst/FCLK_CLK_unbuffered[0]
    BUFGCTRL_X0Y16       BUFG (Prop_bufg_I_O)         0.026     0.336 r  rv32_top_i/ps7/inst/buffer_fclk_clk_0.FCLK_CLK_0_BUFG/O
                         net (fo=12355, routed)       0.637     0.973    rv32_top_i/plat/U0/u_ctrl/S_AXI_ACLK
    SLICE_X33Y112        FDRE                                         r  rv32_top_i/plat/U0/u_ctrl/r_ctrl_reg[0]/C
  -------------------------------------------------------------------    -------------------
    SLICE_X33Y112        FDRE (Prop_fdre_C_Q)         0.141     1.114 f  rv32_top_i/plat/U0/u_ctrl/r_ctrl_reg[0]/Q
                         net (fo=10, routed)          0.230     1.344    rv32_top_i/plat/U0/u_ctrl/cpu_reset
    SLICE_X35Y112        LUT2 (Prop_lut2_I0_O)        0.045     1.389 f  rv32_top_i/plat/U0/u_ctrl/regs[1][31]_i_1/O
                         net (fo=1810, routed)        0.577     1.966    rv32_top_i/plat/U0/u_dcache/u_tag/valid_mem_reg[0]_0
    SLICE_X52Y113        FDCE                                         f  rv32_top_i/plat/U0/u_dcache/u_tag/dirty_mem_reg[108]/CLR
  -------------------------------------------------------------------    -------------------

                         (clock clk_fpga_0 rise edge)
                                                      0.000     0.000 r  
    PS7_X0Y0             PS7                          0.000     0.000 r  rv32_top_i/ps7/inst/PS7_i/FCLKCLK[0]
                         net (fo=1, routed)           0.337     0.337    rv32_top_i/ps7/inst/FCLK_CLK_unbuffered[0]
    BUFGCTRL_X0Y16       BUFG (Prop_bufg_I_O)         0.029     0.366 r  rv32_top_i/ps7/inst/buffer_fclk_clk_0.FCLK_CLK_0_BUFG/O
                         net (fo=12355, routed)       0.901     1.267    rv32_top_i/plat/U0/u_dcache/u_tag/S_AXI_ACLK
    SLICE_X52Y113        FDCE                                         r  rv32_top_i/plat/U0/u_dcache/u_tag/dirty_mem_reg[108]/C
                         clock pessimism             -0.039     1.228    
    SLICE_X52Y113        FDCE (Remov_fdce_C_CLR)     -0.092     1.136    rv32_top_i/plat/U0/u_dcache/u_tag/dirty_mem_reg[108]
  -------------------------------------------------------------------
                         required time                         -1.136    
                         arrival time                           1.966    
  -------------------------------------------------------------------
                         slack                                  0.830    

Slack (MET) :             0.839ns  (arrival time - required time)
  Source:                 rv32_top_i/plat/U0/u_ctrl/r_ctrl_reg[0]/C
                            (rising edge-triggered cell FDRE clocked by clk_fpga_0  {rise@0.000ns fall@4.000ns period=8.000ns})
  Destination:            rv32_top_i/plat/U0/u_dcache/u_tag/dirty_mem_reg[51]/CLR
                            (removal check against rising-edge clock clk_fpga_0  {rise@0.000ns fall@4.000ns period=8.000ns})
  Path Group:             **async_default**
  Path Type:              Removal (Min at Fast Process Corner)
  Requirement:            0.000ns  (clk_fpga_0 rise@0.000ns - clk_fpga_0 rise@0.000ns)
  Data Path Delay:        1.024ns  (logic 0.186ns (18.165%)  route 0.838ns (81.835%))
  Logic Levels:           1  (LUT2=1)
  Clock Path Skew:        0.252ns (DCD - SCD - CPR)
    Destination Clock Delay (DCD):    1.264ns
    Source Clock Delay      (SCD):    0.973ns
    Clock Pessimism Removal (CPR):    0.039ns

    Location             Delay type                Incr(ns)  Path(ns)    Netlist Resource(s)
  -------------------------------------------------------------------    -------------------
                         (clock clk_fpga_0 rise edge)
                                                      0.000     0.000 r  
    PS7_X0Y0             PS7                          0.000     0.000 r  rv32_top_i/ps7/inst/PS7_i/FCLKCLK[0]
                         net (fo=1, routed)           0.310     0.310    rv32_top_i/ps7/inst/FCLK_CLK_unbuffered[0]
    BUFGCTRL_X0Y16       BUFG (Prop_bufg_I_O)         0.026     0.336 r  rv32_top_i/ps7/inst/buffer_fclk_clk_0.FCLK_CLK_0_BUFG/O
                         net (fo=12355, routed)       0.637     0.973    rv32_top_i/plat/U0/u_ctrl/S_AXI_ACLK
    SLICE_X33Y112        FDRE                                         r  rv32_top_i/plat/U0/u_ctrl/r_ctrl_reg[0]/C
  -------------------------------------------------------------------    -------------------
    SLICE_X33Y112        FDRE (Prop_fdre_C_Q)         0.141     1.114 f  rv32_top_i/plat/U0/u_ctrl/r_ctrl_reg[0]/Q
                         net (fo=10, routed)          0.230     1.344    rv32_top_i/plat/U0/u_ctrl/cpu_reset
    SLICE_X35Y112        LUT2 (Prop_lut2_I0_O)        0.045     1.389 f  rv32_top_i/plat/U0/u_ctrl/regs[1][31]_i_1/O
                         net (fo=1810, routed)        0.607     1.997    rv32_top_i/plat/U0/u_dcache/u_tag/valid_mem_reg[0]_0
    SLICE_X50Y117        FDCE                                         f  rv32_top_i/plat/U0/u_dcache/u_tag/dirty_mem_reg[51]/CLR
  -------------------------------------------------------------------    -------------------

                         (clock clk_fpga_0 rise edge)
                                                      0.000     0.000 r  
    PS7_X0Y0             PS7                          0.000     0.000 r  rv32_top_i/ps7/inst/PS7_i/FCLKCLK[0]
                         net (fo=1, routed)           0.337     0.337    rv32_top_i/ps7/inst/FCLK_CLK_unbuffered[0]
    BUFGCTRL_X0Y16       BUFG (Prop_bufg_I_O)         0.029     0.366 r  rv32_top_i/ps7/inst/buffer_fclk_clk_0.FCLK_CLK_0_BUFG/O
                         net (fo=12355, routed)       0.898     1.264    rv32_top_i/plat/U0/u_dcache/u_tag/S_AXI_ACLK
    SLICE_X50Y117        FDCE                                         r  rv32_top_i/plat/U0/u_dcache/u_tag/dirty_mem_reg[51]/C
                         clock pessimism             -0.039     1.225    
    SLICE_X50Y117        FDCE (Remov_fdce_C_CLR)     -0.067     1.158    rv32_top_i/plat/U0/u_dcache/u_tag/dirty_mem_reg[51]
  -------------------------------------------------------------------
                         required time                         -1.158    
                         arrival time                           1.997    
  -------------------------------------------------------------------
                         slack                                  0.839    

Slack (MET) :             0.839ns  (arrival time - required time)
  Source:                 rv32_top_i/plat/U0/u_ctrl/r_ctrl_reg[0]/C
                            (rising edge-triggered cell FDRE clocked by clk_fpga_0  {rise@0.000ns fall@4.000ns period=8.000ns})
  Destination:            rv32_top_i/plat/U0/u_dcache/u_tag/dirty_mem_reg[53]/CLR
                            (removal check against rising-edge clock clk_fpga_0  {rise@0.000ns fall@4.000ns period=8.000ns})
  Path Group:             **async_default**
  Path Type:              Removal (Min at Fast Process Corner)
  Requirement:            0.000ns  (clk_fpga_0 rise@0.000ns - clk_fpga_0 rise@0.000ns)
  Data Path Delay:        1.024ns  (logic 0.186ns (18.165%)  route 0.838ns (81.835%))
  Logic Levels:           1  (LUT2=1)
  Clock Path Skew:        0.252ns (DCD - SCD - CPR)
    Destination Clock Delay (DCD):    1.264ns
    Source Clock Delay      (SCD):    0.973ns
    Clock Pessimism Removal (CPR):    0.039ns

    Location             Delay type                Incr(ns)  Path(ns)    Netlist Resource(s)
  -------------------------------------------------------------------    -------------------
                         (clock clk_fpga_0 rise edge)
                                                      0.000     0.000 r  
    PS7_X0Y0             PS7                          0.000     0.000 r  rv32_top_i/ps7/inst/PS7_i/FCLKCLK[0]
                         net (fo=1, routed)           0.310     0.310    rv32_top_i/ps7/inst/FCLK_CLK_unbuffered[0]
    BUFGCTRL_X0Y16       BUFG (Prop_bufg_I_O)         0.026     0.336 r  rv32_top_i/ps7/inst/buffer_fclk_clk_0.FCLK_CLK_0_BUFG/O
                         net (fo=12355, routed)       0.637     0.973    rv32_top_i/plat/U0/u_ctrl/S_AXI_ACLK
    SLICE_X33Y112        FDRE                                         r  rv32_top_i/plat/U0/u_ctrl/r_ctrl_reg[0]/C
  -------------------------------------------------------------------    -------------------
    SLICE_X33Y112        FDRE (Prop_fdre_C_Q)         0.141     1.114 f  rv32_top_i/plat/U0/u_ctrl/r_ctrl_reg[0]/Q
                         net (fo=10, routed)          0.230     1.344    rv32_top_i/plat/U0/u_ctrl/cpu_reset
    SLICE_X35Y112        LUT2 (Prop_lut2_I0_O)        0.045     1.389 f  rv32_top_i/plat/U0/u_ctrl/regs[1][31]_i_1/O
                         net (fo=1810, routed)        0.607     1.997    rv32_top_i/plat/U0/u_dcache/u_tag/valid_mem_reg[0]_0
    SLICE_X50Y117        FDCE                                         f  rv32_top_i/plat/U0/u_dcache/u_tag/dirty_mem_reg[53]/CLR
  -------------------------------------------------------------------    -------------------

                         (clock clk_fpga_0 rise edge)
                                                      0.000     0.000 r  
    PS7_X0Y0             PS7                          0.000     0.000 r  rv32_top_i/ps7/inst/PS7_i/FCLKCLK[0]
                         net (fo=1, routed)           0.337     0.337    rv32_top_i/ps7/inst/FCLK_CLK_unbuffered[0]
    BUFGCTRL_X0Y16       BUFG (Prop_bufg_I_O)         0.029     0.366 r  rv32_top_i/ps7/inst/buffer_fclk_clk_0.FCLK_CLK_0_BUFG/O
                         net (fo=12355, routed)       0.898     1.264    rv32_top_i/plat/U0/u_dcache/u_tag/S_AXI_ACLK
    SLICE_X50Y117        FDCE                                         r  rv32_top_i/plat/U0/u_dcache/u_tag/dirty_mem_reg[53]/C
                         clock pessimism             -0.039     1.225    
    SLICE_X50Y117        FDCE (Remov_fdce_C_CLR)     -0.067     1.158    rv32_top_i/plat/U0/u_dcache/u_tag/dirty_mem_reg[53]
  -------------------------------------------------------------------
                         required time                         -1.158    
                         arrival time                           1.997    
  -------------------------------------------------------------------
                         slack                                  0.839    





