Copyright 1986-2022 Xilinx, Inc. All Rights Reserved. Copyright 2022-2025 Advanced Micro Devices, Inc. All Rights Reserved.
---------------------------------------------------------------------------------------------------------------------------------------------
| Tool Version : Vivado v.2025.2 (win64) Build 6299465 Fri Nov 14 19:35:11 GMT 2025
| Date         : Tue Jun 23 08:39:26 2026
| Host         : devot-soul-to-hw running 64-bit major release  (build 9200)
| Command      : report_timing_summary -max_paths 8 -file C:/work/github/RV32-FullStack/flash/timing_100mhz.rpt
| Design       : rv32_top_wrapper
| Device       : 7z020-clg400
| Speed File   : -1  PRODUCTION 1.12 2019-11-22
| Design State : Physopt postRoute
---------------------------------------------------------------------------------------------------------------------------------------------

Timing Summary Report

------------------------------------------------------------------------------------------------
| Timer Settings
| --------------
------------------------------------------------------------------------------------------------

  Enable Multi Corner Analysis               :  Yes
  Enable Pessimism Removal                   :  Yes
  Pessimism Removal Resolution               :  Nearest Common Node
  Enable Input Delay Default Clock           :  No
  Enable Preset / Clear Arcs                 :  No
  Disable Flight Delays                      :  No
  Ignore I/O Paths                           :  No
  Timing Early Launch at Borrowing Latches   :  No
  Borrow Time for Max Delay Exceptions       :  Yes
  Merge Timing Exceptions                    :  Yes
  Inter-SLR Compensation                     :  Conservative

  Corner  Analyze    Analyze    
  Name    Max Paths  Min Paths  
  ------  ---------  ---------  
  Slow    Yes        Yes        
  Fast    Yes        Yes        


------------------------------------------------------------------------------------------------
| Report Methodology
| ------------------
------------------------------------------------------------------------------------------------

Rule       Severity  Description                       Violations  
---------  --------  --------------------------------  ----------  
HPDR-1     Warning   Port pin direction inconsistency  11          
HPDR-2     Warning   Port pin INOUT inconsistency      28          
LUTAR-1    Warning   LUT drives async reset alert      1           
TIMING-18  Warning   Missing input or output delay     92          

Note: This report is based on the most recent report_methodology run and may not be up-to-date. Run report_methodology on the current design for the latest report.



check_timing report

Table of Contents
-----------------
1. checking no_clock (0)
2. checking constant_clock (0)
3. checking pulse_width_clock (0)
4. checking unconstrained_internal_endpoints (0)
5. checking no_input_delay (37)
6. checking no_output_delay (41)
7. checking multiple_clock (0)
8. checking generated_clocks (0)
9. checking loops (0)
10. checking partial_input_delay (0)
11. checking partial_output_delay (0)
12. checking latch_loops (0)

1. checking no_clock (0)
------------------------
 There are 0 register/latch pins with no clock.


2. checking constant_clock (0)
------------------------------
 There are 0 register/latch pins with constant_clock.


3. checking pulse_width_clock (0)
---------------------------------
 There are 0 register/latch pins which need pulse_width check


4. checking unconstrained_internal_endpoints (0)
------------------------------------------------
 There are 0 pins that are not constrained for maximum delay.

 There are 0 pins that are not constrained for maximum delay due to constant clock.


5. checking no_input_delay (37)
-------------------------------
 There are 37 input ports with no input delay specified. (HIGH)

 There are 0 input ports with no input delay but user has a false path constraint.


6. checking no_output_delay (41)
--------------------------------
 There are 41 ports with no output delay specified. (HIGH)

 There are 0 ports with no output delay but user has a false path constraint

 There are 0 ports with no output delay but with a timing clock defined on it or propagating through it


7. checking multiple_clock (0)
------------------------------
 There are 0 register/latch pins with multiple clocks.


8. checking generated_clocks (0)
--------------------------------
 There are 0 generated clocks that are not connected to a clock source.


9. checking loops (0)
---------------------
 There are 0 combinational loops in the design.


10. checking partial_input_delay (0)
------------------------------------
 There are 0 input ports with partial input delay specified.


11. checking partial_output_delay (0)
-------------------------------------
 There are 0 ports with partial output delay specified.


12. checking latch_loops (0)
----------------------------
 There are 0 combinational latch loops in the design through latch input



------------------------------------------------------------------------------------------------
| Design Timing Summary
| ---------------------
------------------------------------------------------------------------------------------------

    WNS(ns)      TNS(ns)  TNS Failing Endpoints  TNS Total Endpoints      WHS(ns)      THS(ns)  THS Failing Endpoints  THS Total Endpoints     WPWS(ns)     TPWS(ns)  TPWS Failing Endpoints  TPWS Total Endpoints  
    -------      -------  ---------------------  -------------------      -------      -------  ---------------------  -------------------     --------     --------  ----------------------  --------------------  
      0.085        0.000                      0                51751        0.034        0.000                      0                51751        3.750        0.000                       0                 12130  


All user specified timing constraints are met.


------------------------------------------------------------------------------------------------
| Clock Summary
| -------------
------------------------------------------------------------------------------------------------

Clock       Waveform(ns)       Period(ns)      Frequency(MHz)
-----       ------------       ----------      --------------
clk_fpga_0  {0.000 5.000}      10.000          100.000         


------------------------------------------------------------------------------------------------
| Intra Clock Table
| -----------------
------------------------------------------------------------------------------------------------

Clock             WNS(ns)      TNS(ns)  TNS Failing Endpoints  TNS Total Endpoints      WHS(ns)      THS(ns)  THS Failing Endpoints  THS Total Endpoints     WPWS(ns)     TPWS(ns)  TPWS Failing Endpoints  TPWS Total Endpoints  
-----             -------      -------  ---------------------  -------------------      -------      -------  ---------------------  -------------------     --------     --------  ----------------------  --------------------  
clk_fpga_0          0.085        0.000                      0                48782        0.034        0.000                      0                48782        3.750        0.000                       0                 12130  


------------------------------------------------------------------------------------------------
| Inter Clock Table
| -----------------
------------------------------------------------------------------------------------------------

From Clock    To Clock          WNS(ns)      TNS(ns)  TNS Failing Endpoints  TNS Total Endpoints      WHS(ns)      THS(ns)  THS Failing Endpoints  THS Total Endpoints  
----------    --------          -------      -------  ---------------------  -------------------      -------      -------  ---------------------  -------------------  


------------------------------------------------------------------------------------------------
| Other Path Groups Table
| -----------------------
------------------------------------------------------------------------------------------------

Path Group         From Clock         To Clock               WNS(ns)      TNS(ns)  TNS Failing Endpoints  TNS Total Endpoints      WHS(ns)      THS(ns)  THS Failing Endpoints  THS Total Endpoints  
----------         ----------         --------               -------      -------  ---------------------  -------------------      -------      -------  ---------------------  -------------------  
**async_default**  clk_fpga_0         clk_fpga_0               1.606        0.000                      0                 2969        0.748        0.000                      0                 2969  


------------------------------------------------------------------------------------------------
| Timing Details
| --------------
------------------------------------------------------------------------------------------------


---------------------------------------------------------------------------------------------------
From Clock:  clk_fpga_0
  To Clock:  clk_fpga_0

Setup :            0  Failing Endpoints,  Worst Slack        0.085ns,  Total Violation        0.000ns
Hold  :            0  Failing Endpoints,  Worst Slack        0.034ns,  Total Violation        0.000ns
PW    :            0  Failing Endpoints,  Worst Slack        3.750ns,  Total Violation        0.000ns
---------------------------------------------------------------------------------------------------


Max Delay Paths
--------------------------------------------------------------------------------------
Slack (MET) :             0.085ns  (required time - arrival time)
  Source:                 rv32_top_i/plat/U0/u_core/exmem_store_reg[6]/C
                            (rising edge-triggered cell FDCE clocked by clk_fpga_0  {rise@0.000ns fall@5.000ns period=10.000ns})
  Destination:            rv32_top_i/plat/U0/u_mmio/u_npu/u_npu/gen_bank[14].bmem_reg[14][0]_0_63_6_7/RAMA/I
                            (rising edge-triggered cell RAMD64E clocked by clk_fpga_0  {rise@0.000ns fall@5.000ns period=10.000ns})
  Path Group:             clk_fpga_0
  Path Type:              Setup (Max at Slow Process Corner)
  Requirement:            10.000ns  (clk_fpga_0 rise@10.000ns - clk_fpga_0 rise@0.000ns)
  Data Path Delay:        8.958ns  (logic 0.419ns (4.677%)  route 8.539ns (95.323%))
  Logic Levels:           0  
  Clock Path Skew:        -0.300ns (DCD - SCD + CPR)
    Destination Clock Delay (DCD):    2.693ns = ( 12.693 - 10.000 ) 
    Source Clock Delay      (SCD):    3.122ns
    Clock Pessimism Removal (CPR):    0.129ns
  Clock Uncertainty:      0.154ns  ((TSJ^2 + TIJ^2)^1/2 + DJ) / 2 + PE
    Total System Jitter     (TSJ):    0.071ns
    Total Input Jitter      (TIJ):    0.300ns
    Discrete Jitter          (DJ):    0.000ns
    Phase Error              (PE):    0.000ns

    Location             Delay type                Incr(ns)  Path(ns)    Netlist Resource(s)
  -------------------------------------------------------------------    -------------------
                         (clock clk_fpga_0 rise edge)
                                                      0.000     0.000 r  
    PS7_X0Y0             PS7                          0.000     0.000 r  rv32_top_i/ps7/inst/PS7_i/FCLKCLK[0]
                         net (fo=1, routed)           1.193     1.193    rv32_top_i/ps7/inst/FCLK_CLK_unbuffered[0]
    BUFGCTRL_X0Y16       BUFG (Prop_bufg_I_O)         0.101     1.294 r  rv32_top_i/ps7/inst/buffer_fclk_clk_0.FCLK_CLK_0_BUFG/O
                         net (fo=12131, routed)       1.828     3.122    rv32_top_i/plat/U0/u_core/S_AXI_ACLK
    SLICE_X49Y121        FDCE                                         r  rv32_top_i/plat/U0/u_core/exmem_store_reg[6]/C
  -------------------------------------------------------------------    -------------------
    SLICE_X49Y121        FDCE (Prop_fdce_C_Q)         0.419     3.541 r  rv32_top_i/plat/U0/u_core/exmem_store_reg[6]/Q
                         net (fo=63, routed)          8.539    12.080    rv32_top_i/plat/U0/u_mmio/u_npu/u_npu/gen_bank[14].bmem_reg[14][0]_0_63_6_7/DIA
    SLICE_X30Y70         RAMD64E                                      r  rv32_top_i/plat/U0/u_mmio/u_npu/u_npu/gen_bank[14].bmem_reg[14][0]_0_63_6_7/RAMA/I
  -------------------------------------------------------------------    -------------------

                         (clock clk_fpga_0 rise edge)
                                                     10.000    10.000 r  
    PS7_X0Y0             PS7                          0.000    10.000 r  rv32_top_i/ps7/inst/PS7_i/FCLKCLK[0]
                         net (fo=1, routed)           1.088    11.088    rv32_top_i/ps7/inst/FCLK_CLK_unbuffered[0]
    BUFGCTRL_X0Y16       BUFG (Prop_bufg_I_O)         0.091    11.179 r  rv32_top_i/ps7/inst/buffer_fclk_clk_0.FCLK_CLK_0_BUFG/O
                         net (fo=12131, routed)       1.514    12.693    rv32_top_i/plat/U0/u_mmio/u_npu/u_npu/gen_bank[14].bmem_reg[14][0]_0_63_6_7/WCLK
    SLICE_X30Y70         RAMD64E                                      r  rv32_top_i/plat/U0/u_mmio/u_npu/u_npu/gen_bank[14].bmem_reg[14][0]_0_63_6_7/RAMA/CLK
                         clock pessimism              0.129    12.822    
                         clock uncertainty           -0.154    12.668    
    SLICE_X30Y70         RAMD64E (Setup_ramd64e_CLK_I)
                                                     -0.502    12.166    rv32_top_i/plat/U0/u_mmio/u_npu/u_npu/gen_bank[14].bmem_reg[14][0]_0_63_6_7/RAMA
  -------------------------------------------------------------------
                         required time                         12.166    
                         arrival time                         -12.080    
  -------------------------------------------------------------------
                         slack                                  0.085    

Slack (MET) :             0.087ns  (required time - arrival time)
  Source:                 rv32_top_i/plat/U0/u_mmio/u_npu/u_npu/FSM_onehot_st_reg[2]/C
                            (rising edge-triggered cell FDRE clocked by clk_fpga_0  {rise@0.000ns fall@5.000ns period=10.000ns})
  Destination:            rv32_top_i/plat/U0/u_mmio/u_npu/u_npu/u_array/gen_row[2].gen_col[7].u_pe/p_reg/CEB1
                            (rising edge-triggered cell DSP48E1 clocked by clk_fpga_0  {rise@0.000ns fall@5.000ns period=10.000ns})
  Path Group:             clk_fpga_0
  Path Type:              Setup (Max at Slow Process Corner)
  Requirement:            10.000ns  (clk_fpga_0 rise@10.000ns - clk_fpga_0 rise@0.000ns)
  Data Path Delay:        9.257ns  (logic 0.518ns (5.596%)  route 8.739ns (94.404%))
  Logic Levels:           0  
  Clock Path Skew:        0.012ns (DCD - SCD + CPR)
    Destination Clock Delay (DCD):    2.843ns = ( 12.843 - 10.000 ) 
    Source Clock Delay      (SCD):    2.946ns
    Clock Pessimism Removal (CPR):    0.115ns
  Clock Uncertainty:      0.154ns  ((TSJ^2 + TIJ^2)^1/2 + DJ) / 2 + PE
    Total System Jitter     (TSJ):    0.071ns
    Total Input Jitter      (TIJ):    0.300ns
    Discrete Jitter          (DJ):    0.000ns
    Phase Error              (PE):    0.000ns

    Location             Delay type                Incr(ns)  Path(ns)    Netlist Resource(s)
  -------------------------------------------------------------------    -------------------
                         (clock clk_fpga_0 rise edge)
                                                      0.000     0.000 r  
    PS7_X0Y0             PS7                          0.000     0.000 r  rv32_top_i/ps7/inst/PS7_i/FCLKCLK[0]
                         net (fo=1, routed)           1.193     1.193    rv32_top_i/ps7/inst/FCLK_CLK_unbuffered[0]
    BUFGCTRL_X0Y16       BUFG (Prop_bufg_I_O)         0.101     1.294 r  rv32_top_i/ps7/inst/buffer_fclk_clk_0.FCLK_CLK_0_BUFG/O
                         net (fo=12131, routed)       1.652     2.946    rv32_top_i/plat/U0/u_mmio/u_npu/u_npu/S_AXI_ACLK
    SLICE_X32Y93         FDRE                                         r  rv32_top_i/plat/U0/u_mmio/u_npu/u_npu/FSM_onehot_st_reg[2]/C
  -------------------------------------------------------------------    -------------------
    SLICE_X32Y93         FDRE (Prop_fdre_C_Q)         0.518     3.464 r  rv32_top_i/plat/U0/u_mmio/u_npu/u_npu/FSM_onehot_st_reg[2]/Q
                         net (fo=4691, routed)        8.739    12.203    rv32_top_i/plat/U0/u_mmio/u_npu/u_npu/u_array/gen_row[2].gen_col[7].u_pe/Q[0]
    DSP48_X1Y5           DSP48E1                                      r  rv32_top_i/plat/U0/u_mmio/u_npu/u_npu/u_array/gen_row[2].gen_col[7].u_pe/p_reg/CEB1
  -------------------------------------------------------------------    -------------------

                         (clock clk_fpga_0 rise edge)
                                                     10.000    10.000 r  
    PS7_X0Y0             PS7                          0.000    10.000 r  rv32_top_i/ps7/inst/PS7_i/FCLKCLK[0]
                         net (fo=1, routed)           1.088    11.088    rv32_top_i/ps7/inst/FCLK_CLK_unbuffered[0]
    BUFGCTRL_X0Y16       BUFG (Prop_bufg_I_O)         0.091    11.179 r  rv32_top_i/ps7/inst/buffer_fclk_clk_0.FCLK_CLK_0_BUFG/O
                         net (fo=12131, routed)       1.664    12.843    rv32_top_i/plat/U0/u_mmio/u_npu/u_npu/u_array/gen_row[2].gen_col[7].u_pe/S_AXI_ACLK
    DSP48_X1Y5           DSP48E1                                      r  rv32_top_i/plat/U0/u_mmio/u_npu/u_npu/u_array/gen_row[2].gen_col[7].u_pe/p_reg/CLK
                         clock pessimism              0.115    12.958    
                         clock uncertainty           -0.154    12.804    
    DSP48_X1Y5           DSP48E1 (Setup_dsp48e1_CLK_CEB1)
                                                     -0.514    12.290    rv32_top_i/plat/U0/u_mmio/u_npu/u_npu/u_array/gen_row[2].gen_col[7].u_pe/p_reg
  -------------------------------------------------------------------
                         required time                         12.290    
                         arrival time                         -12.203    
  -------------------------------------------------------------------
                         slack                                  0.087    

Slack (MET) :             0.087ns  (required time - arrival time)
  Source:                 rv32_top_i/plat/U0/u_mmio/u_npu/u_npu/FSM_onehot_st_reg[2]/C
                            (rising edge-triggered cell FDRE clocked by clk_fpga_0  {rise@0.000ns fall@5.000ns period=10.000ns})
  Destination:            rv32_top_i/plat/U0/u_mmio/u_npu/u_npu/u_array/gen_row[2].gen_col[7].u_pe/p_reg/CEB2
                            (rising edge-triggered cell DSP48E1 clocked by clk_fpga_0  {rise@0.000ns fall@5.000ns period=10.000ns})
  Path Group:             clk_fpga_0
  Path Type:              Setup (Max at Slow Process Corner)
  Requirement:            10.000ns  (clk_fpga_0 rise@10.000ns - clk_fpga_0 rise@0.000ns)
  Data Path Delay:        9.257ns  (logic 0.518ns (5.596%)  route 8.739ns (94.404%))
  Logic Levels:           0  
  Clock Path Skew:        0.012ns (DCD - SCD + CPR)
    Destination Clock Delay (DCD):    2.843ns = ( 12.843 - 10.000 ) 
    Source Clock Delay      (SCD):    2.946ns
    Clock Pessimism Removal (CPR):    0.115ns
  Clock Uncertainty:      0.154ns  ((TSJ^2 + TIJ^2)^1/2 + DJ) / 2 + PE
    Total System Jitter     (TSJ):    0.071ns
    Total Input Jitter      (TIJ):    0.300ns
    Discrete Jitter          (DJ):    0.000ns
    Phase Error              (PE):    0.000ns

    Location             Delay type                Incr(ns)  Path(ns)    Netlist Resource(s)
  -------------------------------------------------------------------    -------------------
                         (clock clk_fpga_0 rise edge)
                                                      0.000     0.000 r  
    PS7_X0Y0             PS7                          0.000     0.000 r  rv32_top_i/ps7/inst/PS7_i/FCLKCLK[0]
                         net (fo=1, routed)           1.193     1.193    rv32_top_i/ps7/inst/FCLK_CLK_unbuffered[0]
    BUFGCTRL_X0Y16       BUFG (Prop_bufg_I_O)         0.101     1.294 r  rv32_top_i/ps7/inst/buffer_fclk_clk_0.FCLK_CLK_0_BUFG/O
                         net (fo=12131, routed)       1.652     2.946    rv32_top_i/plat/U0/u_mmio/u_npu/u_npu/S_AXI_ACLK
    SLICE_X32Y93         FDRE                                         r  rv32_top_i/plat/U0/u_mmio/u_npu/u_npu/FSM_onehot_st_reg[2]/C
  -------------------------------------------------------------------    -------------------
    SLICE_X32Y93         FDRE (Prop_fdre_C_Q)         0.518     3.464 r  rv32_top_i/plat/U0/u_mmio/u_npu/u_npu/FSM_onehot_st_reg[2]/Q
                         net (fo=4691, routed)        8.739    12.203    rv32_top_i/plat/U0/u_mmio/u_npu/u_npu/u_array/gen_row[2].gen_col[7].u_pe/Q[0]
    DSP48_X1Y5           DSP48E1                                      r  rv32_top_i/plat/U0/u_mmio/u_npu/u_npu/u_array/gen_row[2].gen_col[7].u_pe/p_reg/CEB2
  -------------------------------------------------------------------    -------------------

                         (clock clk_fpga_0 rise edge)
                                                     10.000    10.000 r  
    PS7_X0Y0             PS7                          0.000    10.000 r  rv32_top_i/ps7/inst/PS7_i/FCLKCLK[0]
                         net (fo=1, routed)           1.088    11.088    rv32_top_i/ps7/inst/FCLK_CLK_unbuffered[0]
    BUFGCTRL_X0Y16       BUFG (Prop_bufg_I_O)         0.091    11.179 r  rv32_top_i/ps7/inst/buffer_fclk_clk_0.FCLK_CLK_0_BUFG/O
                         net (fo=12131, routed)       1.664    12.843    rv32_top_i/plat/U0/u_mmio/u_npu/u_npu/u_array/gen_row[2].gen_col[7].u_pe/S_AXI_ACLK
    DSP48_X1Y5           DSP48E1                                      r  rv32_top_i/plat/U0/u_mmio/u_npu/u_npu/u_array/gen_row[2].gen_col[7].u_pe/p_reg/CLK
                         clock pessimism              0.115    12.958    
                         clock uncertainty           -0.154    12.804    
    DSP48_X1Y5           DSP48E1 (Setup_dsp48e1_CLK_CEB2)
                                                     -0.514    12.290    rv32_top_i/plat/U0/u_mmio/u_npu/u_npu/u_array/gen_row[2].gen_col[7].u_pe/p_reg
  -------------------------------------------------------------------
                         required time                         12.290    
                         arrival time                         -12.203    
  -------------------------------------------------------------------
                         slack                                  0.087    

Slack (MET) :             0.089ns  (required time - arrival time)
  Source:                 rv32_top_i/plat/U0/u_core/exmem_store_reg[6]/C
                            (rising edge-triggered cell FDCE clocked by clk_fpga_0  {rise@0.000ns fall@5.000ns period=10.000ns})
  Destination:            rv32_top_i/plat/U0/u_mmio/u_npu/u_npu/gen_bank[6].bmem_reg[6][0]_0_63_6_7/RAMA/I
                            (rising edge-triggered cell RAMD64E clocked by clk_fpga_0  {rise@0.000ns fall@5.000ns period=10.000ns})
  Path Group:             clk_fpga_0
  Path Type:              Setup (Max at Slow Process Corner)
  Requirement:            10.000ns  (clk_fpga_0 rise@10.000ns - clk_fpga_0 rise@0.000ns)
  Data Path Delay:        8.920ns  (logic 0.419ns (4.697%)  route 8.501ns (95.303%))
  Logic Levels:           0  
  Clock Path Skew:        -0.335ns (DCD - SCD + CPR)
    Destination Clock Delay (DCD):    2.658ns = ( 12.658 - 10.000 ) 
    Source Clock Delay      (SCD):    3.122ns
    Clock Pessimism Removal (CPR):    0.129ns
  Clock Uncertainty:      0.154ns  ((TSJ^2 + TIJ^2)^1/2 + DJ) / 2 + PE
    Total System Jitter     (TSJ):    0.071ns
    Total Input Jitter      (TIJ):    0.300ns
    Discrete Jitter          (DJ):    0.000ns
    Phase Error              (PE):    0.000ns

    Location             Delay type                Incr(ns)  Path(ns)    Netlist Resource(s)
  -------------------------------------------------------------------    -------------------
                         (clock clk_fpga_0 rise edge)
                                                      0.000     0.000 r  
    PS7_X0Y0             PS7                          0.000     0.000 r  rv32_top_i/ps7/inst/PS7_i/FCLKCLK[0]
                         net (fo=1, routed)           1.193     1.193    rv32_top_i/ps7/inst/FCLK_CLK_unbuffered[0]
    BUFGCTRL_X0Y16       BUFG (Prop_bufg_I_O)         0.101     1.294 r  rv32_top_i/ps7/inst/buffer_fclk_clk_0.FCLK_CLK_0_BUFG/O
                         net (fo=12131, routed)       1.828     3.122    rv32_top_i/plat/U0/u_core/S_AXI_ACLK
    SLICE_X49Y121        FDCE                                         r  rv32_top_i/plat/U0/u_core/exmem_store_reg[6]/C
  -------------------------------------------------------------------    -------------------
    SLICE_X49Y121        FDCE (Prop_fdce_C_Q)         0.419     3.541 r  rv32_top_i/plat/U0/u_core/exmem_store_reg[6]/Q
                         net (fo=63, routed)          8.501    12.042    rv32_top_i/plat/U0/u_mmio/u_npu/u_npu/gen_bank[6].bmem_reg[6][0]_0_63_6_7/DIA
    SLICE_X32Y56         RAMD64E                                      r  rv32_top_i/plat/U0/u_mmio/u_npu/u_npu/gen_bank[6].bmem_reg[6][0]_0_63_6_7/RAMA/I
  -------------------------------------------------------------------    -------------------

                         (clock clk_fpga_0 rise edge)
                                                     10.000    10.000 r  
    PS7_X0Y0             PS7                          0.000    10.000 r  rv32_top_i/ps7/inst/PS7_i/FCLKCLK[0]
                         net (fo=1, routed)           1.088    11.088    rv32_top_i/ps7/inst/FCLK_CLK_unbuffered[0]
    BUFGCTRL_X0Y16       BUFG (Prop_bufg_I_O)         0.091    11.179 r  rv32_top_i/ps7/inst/buffer_fclk_clk_0.FCLK_CLK_0_BUFG/O
                         net (fo=12131, routed)       1.479    12.658    rv32_top_i/plat/U0/u_mmio/u_npu/u_npu/gen_bank[6].bmem_reg[6][0]_0_63_6_7/WCLK
    SLICE_X32Y56         RAMD64E                                      r  rv32_top_i/plat/U0/u_mmio/u_npu/u_npu/gen_bank[6].bmem_reg[6][0]_0_63_6_7/RAMA/CLK
                         clock pessimism              0.129    12.787    
                         clock uncertainty           -0.154    12.633    
    SLICE_X32Y56         RAMD64E (Setup_ramd64e_CLK_I)
                                                     -0.502    12.131    rv32_top_i/plat/U0/u_mmio/u_npu/u_npu/gen_bank[6].bmem_reg[6][0]_0_63_6_7/RAMA
  -------------------------------------------------------------------
                         required time                         12.131    
                         arrival time                         -12.042    
  -------------------------------------------------------------------
                         slack                                  0.089    

Slack (MET) :             0.093ns  (required time - arrival time)
  Source:                 rv32_top_i/plat/U0/u_mmio/u_npu/u_npu/FSM_onehot_st_reg[2]/C
                            (rising edge-triggered cell FDRE clocked by clk_fpga_0  {rise@0.000ns fall@5.000ns period=10.000ns})
  Destination:            rv32_top_i/plat/U0/u_mmio/u_npu/u_npu/u_array/gen_row[2].gen_col[5].u_pe/p_reg/CEB1
                            (rising edge-triggered cell DSP48E1 clocked by clk_fpga_0  {rise@0.000ns fall@5.000ns period=10.000ns})
  Path Group:             clk_fpga_0
  Path Type:              Setup (Max at Slow Process Corner)
  Requirement:            10.000ns  (clk_fpga_0 rise@10.000ns - clk_fpga_0 rise@0.000ns)
  Data Path Delay:        9.254ns  (logic 0.518ns (5.597%)  route 8.736ns (94.403%))
  Logic Levels:           0  
  Clock Path Skew:        0.016ns (DCD - SCD + CPR)
    Destination Clock Delay (DCD):    2.847ns = ( 12.847 - 10.000 ) 
    Source Clock Delay      (SCD):    2.946ns
    Clock Pessimism Removal (CPR):    0.115ns
  Clock Uncertainty:      0.154ns  ((TSJ^2 + TIJ^2)^1/2 + DJ) / 2 + PE
    Total System Jitter     (TSJ):    0.071ns
    Total Input Jitter      (TIJ):    0.300ns
    Discrete Jitter          (DJ):    0.000ns
    Phase Error              (PE):    0.000ns

    Location             Delay type                Incr(ns)  Path(ns)    Netlist Resource(s)
  -------------------------------------------------------------------    -------------------
                         (clock clk_fpga_0 rise edge)
                                                      0.000     0.000 r  
    PS7_X0Y0             PS7                          0.000     0.000 r  rv32_top_i/ps7/inst/PS7_i/FCLKCLK[0]
                         net (fo=1, routed)           1.193     1.193    rv32_top_i/ps7/inst/FCLK_CLK_unbuffered[0]
    BUFGCTRL_X0Y16       BUFG (Prop_bufg_I_O)         0.101     1.294 r  rv32_top_i/ps7/inst/buffer_fclk_clk_0.FCLK_CLK_0_BUFG/O
                         net (fo=12131, routed)       1.652     2.946    rv32_top_i/plat/U0/u_mmio/u_npu/u_npu/S_AXI_ACLK
    SLICE_X32Y93         FDRE                                         r  rv32_top_i/plat/U0/u_mmio/u_npu/u_npu/FSM_onehot_st_reg[2]/C
  -------------------------------------------------------------------    -------------------
    SLICE_X32Y93         FDRE (Prop_fdre_C_Q)         0.518     3.464 r  rv32_top_i/plat/U0/u_mmio/u_npu/u_npu/FSM_onehot_st_reg[2]/Q
                         net (fo=4691, routed)        8.736    12.200    rv32_top_i/plat/U0/u_mmio/u_npu/u_npu/u_array/gen_row[2].gen_col[5].u_pe/Q[0]
    DSP48_X1Y3           DSP48E1                                      r  rv32_top_i/plat/U0/u_mmio/u_npu/u_npu/u_array/gen_row[2].gen_col[5].u_pe/p_reg/CEB1
  -------------------------------------------------------------------    -------------------

                         (clock clk_fpga_0 rise edge)
                                                     10.000    10.000 r  
    PS7_X0Y0             PS7                          0.000    10.000 r  rv32_top_i/ps7/inst/PS7_i/FCLKCLK[0]
                         net (fo=1, routed)           1.088    11.088    rv32_top_i/ps7/inst/FCLK_CLK_unbuffered[0]
    BUFGCTRL_X0Y16       BUFG (Prop_bufg_I_O)         0.091    11.179 r  rv32_top_i/ps7/inst/buffer_fclk_clk_0.FCLK_CLK_0_BUFG/O
                         net (fo=12131, routed)       1.668    12.847    rv32_top_i/plat/U0/u_mmio/u_npu/u_npu/u_array/gen_row[2].gen_col[5].u_pe/S_AXI_ACLK
    DSP48_X1Y3           DSP48E1                                      r  rv32_top_i/plat/U0/u_mmio/u_npu/u_npu/u_array/gen_row[2].gen_col[5].u_pe/p_reg/CLK
                         clock pessimism              0.115    12.962    
                         clock uncertainty           -0.154    12.808    
    DSP48_X1Y3           DSP48E1 (Setup_dsp48e1_CLK_CEB1)
                                                     -0.514    12.294    rv32_top_i/plat/U0/u_mmio/u_npu/u_npu/u_array/gen_row[2].gen_col[5].u_pe/p_reg
  -------------------------------------------------------------------
                         required time                         12.294    
                         arrival time                         -12.200    
  -------------------------------------------------------------------
                         slack                                  0.093    

Slack (MET) :             0.093ns  (required time - arrival time)
  Source:                 rv32_top_i/plat/U0/u_mmio/u_npu/u_npu/FSM_onehot_st_reg[2]/C
                            (rising edge-triggered cell FDRE clocked by clk_fpga_0  {rise@0.000ns fall@5.000ns period=10.000ns})
  Destination:            rv32_top_i/plat/U0/u_mmio/u_npu/u_npu/u_array/gen_row[2].gen_col[5].u_pe/p_reg/CEB2
                            (rising edge-triggered cell DSP48E1 clocked by clk_fpga_0  {rise@0.000ns fall@5.000ns period=10.000ns})
  Path Group:             clk_fpga_0
  Path Type:              Setup (Max at Slow Process Corner)
  Requirement:            10.000ns  (clk_fpga_0 rise@10.000ns - clk_fpga_0 rise@0.000ns)
  Data Path Delay:        9.254ns  (logic 0.518ns (5.597%)  route 8.736ns (94.403%))
  Logic Levels:           0  
  Clock Path Skew:        0.016ns (DCD - SCD + CPR)
    Destination Clock Delay (DCD):    2.847ns = ( 12.847 - 10.000 ) 
    Source Clock Delay      (SCD):    2.946ns
    Clock Pessimism Removal (CPR):    0.115ns
  Clock Uncertainty:      0.154ns  ((TSJ^2 + TIJ^2)^1/2 + DJ) / 2 + PE
    Total System Jitter     (TSJ):    0.071ns
    Total Input Jitter      (TIJ):    0.300ns
    Discrete Jitter          (DJ):    0.000ns
    Phase Error              (PE):    0.000ns

    Location             Delay type                Incr(ns)  Path(ns)    Netlist Resource(s)
  -------------------------------------------------------------------    -------------------
                         (clock clk_fpga_0 rise edge)
                                                      0.000     0.000 r  
    PS7_X0Y0             PS7                          0.000     0.000 r  rv32_top_i/ps7/inst/PS7_i/FCLKCLK[0]
                         net (fo=1, routed)           1.193     1.193    rv32_top_i/ps7/inst/FCLK_CLK_unbuffered[0]
    BUFGCTRL_X0Y16       BUFG (Prop_bufg_I_O)         0.101     1.294 r  rv32_top_i/ps7/inst/buffer_fclk_clk_0.FCLK_CLK_0_BUFG/O
                         net (fo=12131, routed)       1.652     2.946    rv32_top_i/plat/U0/u_mmio/u_npu/u_npu/S_AXI_ACLK
    SLICE_X32Y93         FDRE                                         r  rv32_top_i/plat/U0/u_mmio/u_npu/u_npu/FSM_onehot_st_reg[2]/C
  -------------------------------------------------------------------    -------------------
    SLICE_X32Y93         FDRE (Prop_fdre_C_Q)         0.518     3.464 r  rv32_top_i/plat/U0/u_mmio/u_npu/u_npu/FSM_onehot_st_reg[2]/Q
                         net (fo=4691, routed)        8.736    12.200    rv32_top_i/plat/U0/u_mmio/u_npu/u_npu/u_array/gen_row[2].gen_col[5].u_pe/Q[0]
    DSP48_X1Y3           DSP48E1                                      r  rv32_top_i/plat/U0/u_mmio/u_npu/u_npu/u_array/gen_row[2].gen_col[5].u_pe/p_reg/CEB2
  -------------------------------------------------------------------    -------------------

                         (clock clk_fpga_0 rise edge)
                                                     10.000    10.000 r  
    PS7_X0Y0             PS7                          0.000    10.000 r  rv32_top_i/ps7/inst/PS7_i/FCLKCLK[0]
                         net (fo=1, routed)           1.088    11.088    rv32_top_i/ps7/inst/FCLK_CLK_unbuffered[0]
    BUFGCTRL_X0Y16       BUFG (Prop_bufg_I_O)         0.091    11.179 r  rv32_top_i/ps7/inst/buffer_fclk_clk_0.FCLK_CLK_0_BUFG/O
                         net (fo=12131, routed)       1.668    12.847    rv32_top_i/plat/U0/u_mmio/u_npu/u_npu/u_array/gen_row[2].gen_col[5].u_pe/S_AXI_ACLK
    DSP48_X1Y3           DSP48E1                                      r  rv32_top_i/plat/U0/u_mmio/u_npu/u_npu/u_array/gen_row[2].gen_col[5].u_pe/p_reg/CLK
                         clock pessimism              0.115    12.962    
                         clock uncertainty           -0.154    12.808    
    DSP48_X1Y3           DSP48E1 (Setup_dsp48e1_CLK_CEB2)
                                                     -0.514    12.294    rv32_top_i/plat/U0/u_mmio/u_npu/u_npu/u_array/gen_row[2].gen_col[5].u_pe/p_reg
  -------------------------------------------------------------------
                         required time                         12.294    
                         arrival time                         -12.200    
  -------------------------------------------------------------------
                         slack                                  0.093    

Slack (MET) :             0.096ns  (required time - arrival time)
  Source:                 rv32_top_i/plat/U0/u_core/exmem_store_reg[6]/C
                            (rising edge-triggered cell FDCE clocked by clk_fpga_0  {rise@0.000ns fall@5.000ns period=10.000ns})
  Destination:            rv32_top_i/plat/U0/u_mmio/u_npu/u_npu/gen_bank[11].bmem_reg[11][0]_0_63_6_7/RAMA/I
                            (rising edge-triggered cell RAMD64E clocked by clk_fpga_0  {rise@0.000ns fall@5.000ns period=10.000ns})
  Path Group:             clk_fpga_0
  Path Type:              Setup (Max at Slow Process Corner)
  Requirement:            10.000ns  (clk_fpga_0 rise@10.000ns - clk_fpga_0 rise@0.000ns)
  Data Path Delay:        8.908ns  (logic 0.419ns (4.704%)  route 8.489ns (95.296%))
  Logic Levels:           0  
  Clock Path Skew:        -0.340ns (DCD - SCD + CPR)
    Destination Clock Delay (DCD):    2.653ns = ( 12.653 - 10.000 ) 
    Source Clock Delay      (SCD):    3.122ns
    Clock Pessimism Removal (CPR):    0.129ns
  Clock Uncertainty:      0.154ns  ((TSJ^2 + TIJ^2)^1/2 + DJ) / 2 + PE
    Total System Jitter     (TSJ):    0.071ns
    Total Input Jitter      (TIJ):    0.300ns
    Discrete Jitter          (DJ):    0.000ns
    Phase Error              (PE):    0.000ns

    Location             Delay type                Incr(ns)  Path(ns)    Netlist Resource(s)
  -------------------------------------------------------------------    -------------------
                         (clock clk_fpga_0 rise edge)
                                                      0.000     0.000 r  
    PS7_X0Y0             PS7                          0.000     0.000 r  rv32_top_i/ps7/inst/PS7_i/FCLKCLK[0]
                         net (fo=1, routed)           1.193     1.193    rv32_top_i/ps7/inst/FCLK_CLK_unbuffered[0]
    BUFGCTRL_X0Y16       BUFG (Prop_bufg_I_O)         0.101     1.294 r  rv32_top_i/ps7/inst/buffer_fclk_clk_0.FCLK_CLK_0_BUFG/O
                         net (fo=12131, routed)       1.828     3.122    rv32_top_i/plat/U0/u_core/S_AXI_ACLK
    SLICE_X49Y121        FDCE                                         r  rv32_top_i/plat/U0/u_core/exmem_store_reg[6]/C
  -------------------------------------------------------------------    -------------------
    SLICE_X49Y121        FDCE (Prop_fdce_C_Q)         0.419     3.541 r  rv32_top_i/plat/U0/u_core/exmem_store_reg[6]/Q
                         net (fo=63, routed)          8.489    12.030    rv32_top_i/plat/U0/u_mmio/u_npu/u_npu/gen_bank[11].bmem_reg[11][0]_0_63_6_7/DIA
    SLICE_X32Y63         RAMD64E                                      r  rv32_top_i/plat/U0/u_mmio/u_npu/u_npu/gen_bank[11].bmem_reg[11][0]_0_63_6_7/RAMA/I
  -------------------------------------------------------------------    -------------------

                         (clock clk_fpga_0 rise edge)
                                                     10.000    10.000 r  
    PS7_X0Y0             PS7                          0.000    10.000 r  rv32_top_i/ps7/inst/PS7_i/FCLKCLK[0]
                         net (fo=1, routed)           1.088    11.088    rv32_top_i/ps7/inst/FCLK_CLK_unbuffered[0]
    BUFGCTRL_X0Y16       BUFG (Prop_bufg_I_O)         0.091    11.179 r  rv32_top_i/ps7/inst/buffer_fclk_clk_0.FCLK_CLK_0_BUFG/O
                         net (fo=12131, routed)       1.474    12.653    rv32_top_i/plat/U0/u_mmio/u_npu/u_npu/gen_bank[11].bmem_reg[11][0]_0_63_6_7/WCLK
    SLICE_X32Y63         RAMD64E                                      r  rv32_top_i/plat/U0/u_mmio/u_npu/u_npu/gen_bank[11].bmem_reg[11][0]_0_63_6_7/RAMA/CLK
                         clock pessimism              0.129    12.782    
                         clock uncertainty           -0.154    12.628    
    SLICE_X32Y63         RAMD64E (Setup_ramd64e_CLK_I)
                                                     -0.502    12.126    rv32_top_i/plat/U0/u_mmio/u_npu/u_npu/gen_bank[11].bmem_reg[11][0]_0_63_6_7/RAMA
  -------------------------------------------------------------------
                         required time                         12.126    
                         arrival time                         -12.030    
  -------------------------------------------------------------------
                         slack                                  0.096    

Slack (MET) :             0.096ns  (required time - arrival time)
  Source:                 rv32_top_i/plat/U0/u_mmio/u_npu/u_npu/FSM_onehot_st_reg[2]/C
                            (rising edge-triggered cell FDRE clocked by clk_fpga_0  {rise@0.000ns fall@5.000ns period=10.000ns})
  Destination:            rv32_top_i/plat/U0/u_mmio/u_npu/u_npu/u_array/gen_row[1].gen_col[6].u_pe/p_reg/CEB2
                            (rising edge-triggered cell DSP48E1 clocked by clk_fpga_0  {rise@0.000ns fall@5.000ns period=10.000ns})
  Path Group:             clk_fpga_0
  Path Type:              Setup (Max at Slow Process Corner)
  Requirement:            10.000ns  (clk_fpga_0 rise@10.000ns - clk_fpga_0 rise@0.000ns)
  Data Path Delay:        9.166ns  (logic 0.518ns (5.651%)  route 8.648ns (94.349%))
  Logic Levels:           0  
  Clock Path Skew:        -0.069ns (DCD - SCD + CPR)
    Destination Clock Delay (DCD):    2.762ns = ( 12.762 - 10.000 ) 
    Source Clock Delay      (SCD):    2.946ns
    Clock Pessimism Removal (CPR):    0.115ns
  Clock Uncertainty:      0.154ns  ((TSJ^2 + TIJ^2)^1/2 + DJ) / 2 + PE
    Total System Jitter     (TSJ):    0.071ns
    Total Input Jitter      (TIJ):    0.300ns
    Discrete Jitter          (DJ):    0.000ns
    Phase Error              (PE):    0.000ns

    Location             Delay type                Incr(ns)  Path(ns)    Netlist Resource(s)
  -------------------------------------------------------------------    -------------------
                         (clock clk_fpga_0 rise edge)
                                                      0.000     0.000 r  
    PS7_X0Y0             PS7                          0.000     0.000 r  rv32_top_i/ps7/inst/PS7_i/FCLKCLK[0]
                         net (fo=1, routed)           1.193     1.193    rv32_top_i/ps7/inst/FCLK_CLK_unbuffered[0]
    BUFGCTRL_X0Y16       BUFG (Prop_bufg_I_O)         0.101     1.294 r  rv32_top_i/ps7/inst/buffer_fclk_clk_0.FCLK_CLK_0_BUFG/O
                         net (fo=12131, routed)       1.652     2.946    rv32_top_i/plat/U0/u_mmio/u_npu/u_npu/S_AXI_ACLK
    SLICE_X32Y93         FDRE                                         r  rv32_top_i/plat/U0/u_mmio/u_npu/u_npu/FSM_onehot_st_reg[2]/C
  -------------------------------------------------------------------    -------------------
    SLICE_X32Y93         FDRE (Prop_fdre_C_Q)         0.518     3.464 r  rv32_top_i/plat/U0/u_mmio/u_npu/u_npu/FSM_onehot_st_reg[2]/Q
                         net (fo=4691, routed)        8.648    12.112    rv32_top_i/plat/U0/u_mmio/u_npu/u_npu/u_array/gen_row[1].gen_col[6].u_pe/Q[0]
    DSP48_X2Y4           DSP48E1                                      r  rv32_top_i/plat/U0/u_mmio/u_npu/u_npu/u_array/gen_row[1].gen_col[6].u_pe/p_reg/CEB2
  -------------------------------------------------------------------    -------------------

                         (clock clk_fpga_0 rise edge)
                                                     10.000    10.000 r  
    PS7_X0Y0             PS7                          0.000    10.000 r  rv32_top_i/ps7/inst/PS7_i/FCLKCLK[0]
                         net (fo=1, routed)           1.088    11.088    rv32_top_i/ps7/inst/FCLK_CLK_unbuffered[0]
    BUFGCTRL_X0Y16       BUFG (Prop_bufg_I_O)         0.091    11.179 r  rv32_top_i/ps7/inst/buffer_fclk_clk_0.FCLK_CLK_0_BUFG/O
                         net (fo=12131, routed)       1.583    12.762    rv32_top_i/plat/U0/u_mmio/u_npu/u_npu/u_array/gen_row[1].gen_col[6].u_pe/S_AXI_ACLK
    DSP48_X2Y4           DSP48E1                                      r  rv32_top_i/plat/U0/u_mmio/u_npu/u_npu/u_array/gen_row[1].gen_col[6].u_pe/p_reg/CLK
                         clock pessimism              0.115    12.877    
                         clock uncertainty           -0.154    12.723    
    DSP48_X2Y4           DSP48E1 (Setup_dsp48e1_CLK_CEB2)
                                                     -0.514    12.209    rv32_top_i/plat/U0/u_mmio/u_npu/u_npu/u_array/gen_row[1].gen_col[6].u_pe/p_reg
  -------------------------------------------------------------------
                         required time                         12.209    
                         arrival time                         -12.112    
  -------------------------------------------------------------------
                         slack                                  0.096    





Min Delay Paths
--------------------------------------------------------------------------------------
Slack (MET) :             0.034ns  (arrival time - required time)
  Source:                 rv32_top_i/plat/U0/u_icache/u_adp/buf_reg[81]/C
                            (rising edge-triggered cell FDCE clocked by clk_fpga_0  {rise@0.000ns fall@5.000ns period=10.000ns})
  Destination:            rv32_top_i/plat/U0/u_icache/u_data/mem_reg_0_255_81_81/RAMS64E_D/I
                            (rising edge-triggered cell RAMS64E clocked by clk_fpga_0  {rise@0.000ns fall@5.000ns period=10.000ns})
  Path Group:             clk_fpga_0
  Path Type:              Hold (Min at Fast Process Corner)
  Requirement:            0.000ns  (clk_fpga_0 rise@0.000ns - clk_fpga_0 rise@0.000ns)
  Data Path Delay:        0.437ns  (logic 0.141ns (32.264%)  route 0.296ns (67.736%))
  Logic Levels:           0  
  Clock Path Skew:        0.259ns (DCD - SCD - CPR)
    Destination Clock Delay (DCD):    1.267ns
    Source Clock Delay      (SCD):    0.969ns
    Clock Pessimism Removal (CPR):    0.039ns

    Location             Delay type                Incr(ns)  Path(ns)    Netlist Resource(s)
  -------------------------------------------------------------------    -------------------
                         (clock clk_fpga_0 rise edge)
                                                      0.000     0.000 r  
    PS7_X0Y0             PS7                          0.000     0.000 r  rv32_top_i/ps7/inst/PS7_i/FCLKCLK[0]
                         net (fo=1, routed)           0.310     0.310    rv32_top_i/ps7/inst/FCLK_CLK_unbuffered[0]
    BUFGCTRL_X0Y16       BUFG (Prop_bufg_I_O)         0.026     0.336 r  rv32_top_i/ps7/inst/buffer_fclk_clk_0.FCLK_CLK_0_BUFG/O
                         net (fo=12131, routed)       0.633     0.969    rv32_top_i/plat/U0/u_icache/u_adp/S_AXI_ACLK
    SLICE_X41Y133        FDCE                                         r  rv32_top_i/plat/U0/u_icache/u_adp/buf_reg[81]/C
  -------------------------------------------------------------------    -------------------
    SLICE_X41Y133        FDCE (Prop_fdce_C_Q)         0.141     1.110 r  rv32_top_i/plat/U0/u_icache/u_adp/buf_reg[81]/Q
                         net (fo=4, routed)           0.296     1.406    rv32_top_i/plat/U0/u_icache/u_data/mem_reg_0_255_81_81/D
    SLICE_X50Y135        RAMS64E                                      r  rv32_top_i/plat/U0/u_icache/u_data/mem_reg_0_255_81_81/RAMS64E_D/I
  -------------------------------------------------------------------    -------------------

                         (clock clk_fpga_0 rise edge)
                                                      0.000     0.000 r  
    PS7_X0Y0             PS7                          0.000     0.000 r  rv32_top_i/ps7/inst/PS7_i/FCLKCLK[0]
                         net (fo=1, routed)           0.337     0.337    rv32_top_i/ps7/inst/FCLK_CLK_unbuffered[0]
    BUFGCTRL_X0Y16       BUFG (Prop_bufg_I_O)         0.029     0.366 r  rv32_top_i/ps7/inst/buffer_fclk_clk_0.FCLK_CLK_0_BUFG/O
                         net (fo=12131, routed)       0.901     1.267    rv32_top_i/plat/U0/u_icache/u_data/mem_reg_0_255_81_81/WCLK
    SLICE_X50Y135        RAMS64E                                      r  rv32_top_i/plat/U0/u_icache/u_data/mem_reg_0_255_81_81/RAMS64E_D/CLK
                         clock pessimism             -0.039     1.228    
    SLICE_X50Y135        RAMS64E (Hold_rams64e_CLK_I)
                                                      0.144     1.372    rv32_top_i/plat/U0/u_icache/u_data/mem_reg_0_255_81_81/RAMS64E_D
  -------------------------------------------------------------------
                         required time                         -1.372    
                         arrival time                           1.406    
  -------------------------------------------------------------------
                         slack                                  0.034    

Slack (MET) :             0.039ns  (arrival time - required time)
  Source:                 rv32_top_i/plat/U0/u_mmio/u_npu/u_npu/u_array/gen_row[12].gen_col[14].u_pe/p_reg[27]/C
                            (rising edge-triggered cell FDRE clocked by clk_fpga_0  {rise@0.000ns fall@5.000ns period=10.000ns})
  Destination:            rv32_top_i/plat/U0/u_mmio/u_npu/u_npu/u_array/gen_row[12].gen_col[14].u_pe/p_reg[28]/D
                            (rising edge-triggered cell FDRE clocked by clk_fpga_0  {rise@0.000ns fall@5.000ns period=10.000ns})
  Path Group:             clk_fpga_0
  Path Type:              Hold (Min at Fast Process Corner)
  Requirement:            0.000ns  (clk_fpga_0 rise@0.000ns - clk_fpga_0 rise@0.000ns)
  Data Path Delay:        0.523ns  (logic 0.371ns (70.915%)  route 0.152ns (29.085%))
  Logic Levels:           3  (CARRY4=2 LUT2=1)
  Clock Path Skew:        0.350ns (DCD - SCD - CPR)
    Destination Clock Delay (DCD):    1.298ns
    Source Clock Delay      (SCD):    0.913ns
    Clock Pessimism Removal (CPR):    0.035ns

    Location             Delay type                Incr(ns)  Path(ns)    Netlist Resource(s)
  -------------------------------------------------------------------    -------------------
                         (clock clk_fpga_0 rise edge)
                                                      0.000     0.000 r  
    PS7_X0Y0             PS7                          0.000     0.000 r  rv32_top_i/ps7/inst/PS7_i/FCLKCLK[0]
                         net (fo=1, routed)           0.310     0.310    rv32_top_i/ps7/inst/FCLK_CLK_unbuffered[0]
    BUFGCTRL_X0Y16       BUFG (Prop_bufg_I_O)         0.026     0.336 r  rv32_top_i/ps7/inst/buffer_fclk_clk_0.FCLK_CLK_0_BUFG/O
                         net (fo=12131, routed)       0.577     0.913    rv32_top_i/plat/U0/u_mmio/u_npu/u_npu/u_array/gen_row[12].gen_col[14].u_pe/S_AXI_ACLK
    SLICE_X54Y99         FDRE                                         r  rv32_top_i/plat/U0/u_mmio/u_npu/u_npu/u_array/gen_row[12].gen_col[14].u_pe/p_reg[27]/C
  -------------------------------------------------------------------    -------------------
    SLICE_X54Y99         FDRE (Prop_fdre_C_Q)         0.164     1.077 r  rv32_top_i/plat/U0/u_mmio/u_npu/u_npu/u_array/gen_row[12].gen_col[14].u_pe/p_reg[27]/Q
                         net (fo=2, routed)           0.151     1.228    rv32_top_i/plat/U0/u_mmio/u_npu/u_npu/u_array/gen_row[11].gen_col[14].u_pe/acc_flat[15]
    SLICE_X54Y99         LUT2 (Prop_lut2_I1_O)        0.045     1.273 r  rv32_top_i/plat/U0/u_mmio/u_npu/u_npu/u_array/gen_row[11].gen_col[14].u_pe/p[24]_i_2__5/O
                         net (fo=1, routed)           0.000     1.273    rv32_top_i/plat/U0/u_mmio/u_npu/u_npu/u_array/gen_row[11].gen_col[14].u_pe/p[24]_i_2__5_n_0
    SLICE_X54Y99         CARRY4 (Prop_carry4_S[3]_CO[3])
                                                      0.109     1.382 r  rv32_top_i/plat/U0/u_mmio/u_npu/u_npu/u_array/gen_row[11].gen_col[14].u_pe/p_reg[24]_i_1__5/CO[3]
                         net (fo=1, routed)           0.001     1.383    rv32_top_i/plat/U0/u_mmio/u_npu/u_npu/u_array/gen_row[11].gen_col[14].u_pe/p_reg[24]_i_1__5_n_0
    SLICE_X54Y100        CARRY4 (Prop_carry4_CI_O[0])
                                                      0.053     1.436 r  rv32_top_i/plat/U0/u_mmio/u_npu/u_npu/u_array/gen_row[11].gen_col[14].u_pe/p_reg[28]_i_1__5/O[0]
                         net (fo=1, routed)           0.000     1.436    rv32_top_i/plat/U0/u_mmio/u_npu/u_npu/u_array/gen_row[12].gen_col[14].u_pe/p_reg[31]_1[0]
    SLICE_X54Y100        FDRE                                         r  rv32_top_i/plat/U0/u_mmio/u_npu/u_npu/u_array/gen_row[12].gen_col[14].u_pe/p_reg[28]/D
  -------------------------------------------------------------------    -------------------

                         (clock clk_fpga_0 rise edge)
                                                      0.000     0.000 r  
    PS7_X0Y0             PS7                          0.000     0.000 r  rv32_top_i/ps7/inst/PS7_i/FCLKCLK[0]
                         net (fo=1, routed)           0.337     0.337    rv32_top_i/ps7/inst/FCLK_CLK_unbuffered[0]
    BUFGCTRL_X0Y16       BUFG (Prop_bufg_I_O)         0.029     0.366 r  rv32_top_i/ps7/inst/buffer_fclk_clk_0.FCLK_CLK_0_BUFG/O
                         net (fo=12131, routed)       0.932     1.298    rv32_top_i/plat/U0/u_mmio/u_npu/u_npu/u_array/gen_row[12].gen_col[14].u_pe/S_AXI_ACLK
    SLICE_X54Y100        FDRE                                         r  rv32_top_i/plat/U0/u_mmio/u_npu/u_npu/u_array/gen_row[12].gen_col[14].u_pe/p_reg[28]/C
                         clock pessimism             -0.035     1.263    
    SLICE_X54Y100        FDRE (Hold_fdre_C_D)         0.134     1.397    rv32_top_i/plat/U0/u_mmio/u_npu/u_npu/u_array/gen_row[12].gen_col[14].u_pe/p_reg[28]
  -------------------------------------------------------------------
                         required time                         -1.397    
                         arrival time                           1.436    
  -------------------------------------------------------------------
                         slack                                  0.039    

Slack (MET) :             0.049ns  (arrival time - required time)
  Source:                 rv32_top_i/plat/U0/u_dcache/u_axi/rbuf_reg[16]/C
                            (rising edge-triggered cell FDCE clocked by clk_fpga_0  {rise@0.000ns fall@5.000ns period=10.000ns})
  Destination:            rv32_top_i/plat/u_data/gen_lanes[2].lane_reg_0_255_0_0/RAMS64E_D/I
                            (rising edge-triggered cell RAMS64E clocked by clk_fpga_0  {rise@0.000ns fall@5.000ns period=10.000ns})
  Path Group:             clk_fpga_0
  Path Type:              Hold (Min at Fast Process Corner)
  Requirement:            0.000ns  (clk_fpga_0 rise@0.000ns - clk_fpga_0 rise@0.000ns)
  Data Path Delay:        0.461ns  (logic 0.186ns (40.339%)  route 0.275ns (59.661%))
  Logic Levels:           1  (LUT6=1)
  Clock Path Skew:        0.268ns (DCD - SCD - CPR)
    Destination Clock Delay (DCD):    1.276ns
    Source Clock Delay      (SCD):    0.969ns
    Clock Pessimism Removal (CPR):    0.039ns

    Location             Delay type                Incr(ns)  Path(ns)    Netlist Resource(s)
  -------------------------------------------------------------------    -------------------
                         (clock clk_fpga_0 rise edge)
                                                      0.000     0.000 r  
    PS7_X0Y0             PS7                          0.000     0.000 r  rv32_top_i/ps7/inst/PS7_i/FCLKCLK[0]
                         net (fo=1, routed)           0.310     0.310    rv32_top_i/ps7/inst/FCLK_CLK_unbuffered[0]
    BUFGCTRL_X0Y16       BUFG (Prop_bufg_I_O)         0.026     0.336 r  rv32_top_i/ps7/inst/buffer_fclk_clk_0.FCLK_CLK_0_BUFG/O
                         net (fo=12131, routed)       0.633     0.969    rv32_top_i/plat/U0/u_dcache/u_axi/S_AXI_ACLK
    SLICE_X52Y109        FDCE                                         r  rv32_top_i/plat/U0/u_dcache/u_axi/rbuf_reg[16]/C
  -------------------------------------------------------------------    -------------------
    SLICE_X52Y109        FDCE (Prop_fdce_C_Q)         0.141     1.110 r  rv32_top_i/plat/U0/u_dcache/u_axi/rbuf_reg[16]/Q
                         net (fo=1, routed)           0.086     1.196    rv32_top_i/plat/U0/u_core/u_data/gen_lanes[14].lane_reg_0_255_7_7[0]
    SLICE_X53Y109        LUT6 (Prop_lut6_I4_O)        0.045     1.241 r  rv32_top_i/plat/U0/u_core/gen_lanes[2].lane_reg_0_255_0_0_i_1/O
                         net (fo=4, routed)           0.189     1.430    rv32_top_i/plat/u_data/gen_lanes[2].lane_reg_0_255_0_0/D
    SLICE_X46Y106        RAMS64E                                      r  rv32_top_i/plat/u_data/gen_lanes[2].lane_reg_0_255_0_0/RAMS64E_D/I
  -------------------------------------------------------------------    -------------------

                         (clock clk_fpga_0 rise edge)
                                                      0.000     0.000 r  
    PS7_X0Y0             PS7                          0.000     0.000 r  rv32_top_i/ps7/inst/PS7_i/FCLKCLK[0]
                         net (fo=1, routed)           0.337     0.337    rv32_top_i/ps7/inst/FCLK_CLK_unbuffered[0]
    BUFGCTRL_X0Y16       BUFG (Prop_bufg_I_O)         0.029     0.366 r  rv32_top_i/ps7/inst/buffer_fclk_clk_0.FCLK_CLK_0_BUFG/O
                         net (fo=12131, routed)       0.910     1.276    rv32_top_i/plat/u_data/gen_lanes[2].lane_reg_0_255_0_0/WCLK
    SLICE_X46Y106        RAMS64E                                      r  rv32_top_i/plat/u_data/gen_lanes[2].lane_reg_0_255_0_0/RAMS64E_D/CLK
                         clock pessimism             -0.039     1.237    
    SLICE_X46Y106        RAMS64E (Hold_rams64e_CLK_I)
                                                      0.144     1.381    rv32_top_i/plat/u_data/gen_lanes[2].lane_reg_0_255_0_0/RAMS64E_D
  -------------------------------------------------------------------
                         required time                         -1.381    
                         arrival time                           1.430    
  -------------------------------------------------------------------
                         slack                                  0.049    

Slack (MET) :             0.050ns  (arrival time - required time)
  Source:                 rv32_top_i/plat/U0/u_mmio/u_npu/u_npu/u_array/gen_row[0].gen_col[1].u_pe/b_r_reg[6]/C
                            (rising edge-triggered cell FDRE clocked by clk_fpga_0  {rise@0.000ns fall@5.000ns period=10.000ns})
  Destination:            rv32_top_i/plat/U0/u_mmio/u_npu/u_npu/u_array/gen_row[11].gen_col[1].u_pe/b_r_reg[6]_srl11/D
                            (rising edge-triggered cell SRL16E clocked by clk_fpga_0  {rise@0.000ns fall@5.000ns period=10.000ns})
  Path Group:             clk_fpga_0
  Path Type:              Hold (Min at Fast Process Corner)
  Requirement:            0.000ns  (clk_fpga_0 rise@0.000ns - clk_fpga_0 rise@0.000ns)
  Data Path Delay:        0.422ns  (logic 0.164ns (38.892%)  route 0.258ns (61.108%))
  Logic Levels:           0  
  Clock Path Skew:        0.262ns (DCD - SCD - CPR)
    Destination Clock Delay (DCD):    1.180ns
    Source Clock Delay      (SCD):    0.883ns
    Clock Pessimism Removal (CPR):    0.035ns

    Location             Delay type                Incr(ns)  Path(ns)    Netlist Resource(s)
  -------------------------------------------------------------------    -------------------
                         (clock clk_fpga_0 rise edge)
                                                      0.000     0.000 r  
    PS7_X0Y0             PS7                          0.000     0.000 r  rv32_top_i/ps7/inst/PS7_i/FCLKCLK[0]
                         net (fo=1, routed)           0.310     0.310    rv32_top_i/ps7/inst/FCLK_CLK_unbuffered[0]
    BUFGCTRL_X0Y16       BUFG (Prop_bufg_I_O)         0.026     0.336 r  rv32_top_i/ps7/inst/buffer_fclk_clk_0.FCLK_CLK_0_BUFG/O
                         net (fo=12131, routed)       0.547     0.883    rv32_top_i/plat/U0/u_mmio/u_npu/u_npu/u_array/gen_row[0].gen_col[1].u_pe/S_AXI_ACLK
    SLICE_X50Y66         FDRE                                         r  rv32_top_i/plat/U0/u_mmio/u_npu/u_npu/u_array/gen_row[0].gen_col[1].u_pe/b_r_reg[6]/C
  -------------------------------------------------------------------    -------------------
    SLICE_X50Y66         FDRE (Prop_fdre_C_Q)         0.164     1.047 r  rv32_top_i/plat/U0/u_mmio/u_npu/u_npu/u_array/gen_row[0].gen_col[1].u_pe/b_r_reg[6]/Q
                         net (fo=2, routed)           0.258     1.304    rv32_top_i/plat/U0/u_mmio/u_npu/u_npu/u_array/gen_row[11].gen_col[1].u_pe/b_r_reg[7]__0[6]
    SLICE_X42Y69         SRL16E                                       r  rv32_top_i/plat/U0/u_mmio/u_npu/u_npu/u_array/gen_row[11].gen_col[1].u_pe/b_r_reg[6]_srl11/D
  -------------------------------------------------------------------    -------------------

                         (clock clk_fpga_0 rise edge)
                                                      0.000     0.000 r  
    PS7_X0Y0             PS7                          0.000     0.000 r  rv32_top_i/ps7/inst/PS7_i/FCLKCLK[0]
                         net (fo=1, routed)           0.337     0.337    rv32_top_i/ps7/inst/FCLK_CLK_unbuffered[0]
    BUFGCTRL_X0Y16       BUFG (Prop_bufg_I_O)         0.029     0.366 r  rv32_top_i/ps7/inst/buffer_fclk_clk_0.FCLK_CLK_0_BUFG/O
                         net (fo=12131, routed)       0.814     1.180    rv32_top_i/plat/U0/u_mmio/u_npu/u_npu/u_array/gen_row[11].gen_col[1].u_pe/S_AXI_ACLK
    SLICE_X42Y69         SRL16E                                       r  rv32_top_i/plat/U0/u_mmio/u_npu/u_npu/u_array/gen_row[11].gen_col[1].u_pe/b_r_reg[6]_srl11/CLK
                         clock pessimism             -0.035     1.145    
    SLICE_X42Y69         SRL16E (Hold_srl16e_CLK_D)
                                                      0.109     1.254    rv32_top_i/plat/U0/u_mmio/u_npu/u_npu/u_array/gen_row[11].gen_col[1].u_pe/b_r_reg[6]_srl11
  -------------------------------------------------------------------
                         required time                         -1.254    
                         arrival time                           1.304    
  -------------------------------------------------------------------
                         slack                                  0.050    

Slack (MET) :             0.050ns  (arrival time - required time)
  Source:                 rv32_top_i/plat/U0/u_mmio/u_npu/u_npu/u_array/gen_row[2].gen_col[6].u_pe/b_r_reg[4]/C
                            (rising edge-triggered cell FDRE clocked by clk_fpga_0  {rise@0.000ns fall@5.000ns period=10.000ns})
  Destination:            rv32_top_i/plat/U0/u_mmio/u_npu/u_npu/u_array/gen_row[3].gen_col[6].u_pe/b_r_reg[4]/D
                            (rising edge-triggered cell FDRE clocked by clk_fpga_0  {rise@0.000ns fall@5.000ns period=10.000ns})
  Path Group:             clk_fpga_0
  Path Type:              Hold (Min at Fast Process Corner)
  Requirement:            0.000ns  (clk_fpga_0 rise@0.000ns - clk_fpga_0 rise@0.000ns)
  Data Path Delay:        0.385ns  (logic 0.141ns (36.643%)  route 0.244ns (63.357%))
  Logic Levels:           0  
  Clock Path Skew:        0.264ns (DCD - SCD - CPR)
    Destination Clock Delay (DCD):    1.214ns
    Source Clock Delay      (SCD):    0.920ns
    Clock Pessimism Removal (CPR):    0.030ns

    Location             Delay type                Incr(ns)  Path(ns)    Netlist Resource(s)
  -------------------------------------------------------------------    -------------------
                         (clock clk_fpga_0 rise edge)
                                                      0.000     0.000 r  
    PS7_X0Y0             PS7                          0.000     0.000 r  rv32_top_i/ps7/inst/PS7_i/FCLKCLK[0]
                         net (fo=1, routed)           0.310     0.310    rv32_top_i/ps7/inst/FCLK_CLK_unbuffered[0]
    BUFGCTRL_X0Y16       BUFG (Prop_bufg_I_O)         0.026     0.336 r  rv32_top_i/ps7/inst/buffer_fclk_clk_0.FCLK_CLK_0_BUFG/O
                         net (fo=12131, routed)       0.584     0.920    rv32_top_i/plat/U0/u_mmio/u_npu/u_npu/u_array/gen_row[2].gen_col[6].u_pe/S_AXI_ACLK
    SLICE_X57Y49         FDRE                                         r  rv32_top_i/plat/U0/u_mmio/u_npu/u_npu/u_array/gen_row[2].gen_col[6].u_pe/b_r_reg[4]/C
  -------------------------------------------------------------------    -------------------
    SLICE_X57Y49         FDRE (Prop_fdre_C_Q)         0.141     1.061 r  rv32_top_i/plat/U0/u_mmio/u_npu/u_npu/u_array/gen_row[2].gen_col[6].u_pe/b_r_reg[4]/Q
                         net (fo=2, routed)           0.244     1.304    rv32_top_i/plat/U0/u_mmio/u_npu/u_npu/u_array/gen_row[3].gen_col[6].u_pe/D[4]
    SLICE_X57Y51         FDRE                                         r  rv32_top_i/plat/U0/u_mmio/u_npu/u_npu/u_array/gen_row[3].gen_col[6].u_pe/b_r_reg[4]/D
  -------------------------------------------------------------------    -------------------

                         (clock clk_fpga_0 rise edge)
                                                      0.000     0.000 r  
    PS7_X0Y0             PS7                          0.000     0.000 r  rv32_top_i/ps7/inst/PS7_i/FCLKCLK[0]
                         net (fo=1, routed)           0.337     0.337    rv32_top_i/ps7/inst/FCLK_CLK_unbuffered[0]
    BUFGCTRL_X0Y16       BUFG (Prop_bufg_I_O)         0.029     0.366 r  rv32_top_i/ps7/inst/buffer_fclk_clk_0.FCLK_CLK_0_BUFG/O
                         net (fo=12131, routed)       0.848     1.214    rv32_top_i/plat/U0/u_mmio/u_npu/u_npu/u_array/gen_row[3].gen_col[6].u_pe/S_AXI_ACLK
    SLICE_X57Y51         FDRE                                         r  rv32_top_i/plat/U0/u_mmio/u_npu/u_npu/u_array/gen_row[3].gen_col[6].u_pe/b_r_reg[4]/C
                         clock pessimism             -0.030     1.184    
    SLICE_X57Y51         FDRE (Hold_fdre_C_D)         0.070     1.254    rv32_top_i/plat/U0/u_mmio/u_npu/u_npu/u_array/gen_row[3].gen_col[6].u_pe/b_r_reg[4]
  -------------------------------------------------------------------
                         required time                         -1.254    
                         arrival time                           1.304    
  -------------------------------------------------------------------
                         slack                                  0.050    

Slack (MET) :             0.052ns  (arrival time - required time)
  Source:                 rv32_top_i/plat/U0/u_mmio/u_npu/u_npu/u_array/gen_row[12].gen_col[14].u_pe/p_reg[27]/C
                            (rising edge-triggered cell FDRE clocked by clk_fpga_0  {rise@0.000ns fall@5.000ns period=10.000ns})
  Destination:            rv32_top_i/plat/U0/u_mmio/u_npu/u_npu/u_array/gen_row[12].gen_col[14].u_pe/p_reg[30]/D
                            (rising edge-triggered cell FDRE clocked by clk_fpga_0  {rise@0.000ns fall@5.000ns period=10.000ns})
  Path Group:             clk_fpga_0
  Path Type:              Hold (Min at Fast Process Corner)
  Requirement:            0.000ns  (clk_fpga_0 rise@0.000ns - clk_fpga_0 rise@0.000ns)
  Data Path Delay:        0.536ns  (logic 0.384ns (71.620%)  route 0.152ns (28.380%))
  Logic Levels:           3  (CARRY4=2 LUT2=1)
  Clock Path Skew:        0.350ns (DCD - SCD - CPR)
    Destination Clock Delay (DCD):    1.298ns
    Source Clock Delay      (SCD):    0.913ns
    Clock Pessimism Removal (CPR):    0.035ns

    Location             Delay type                Incr(ns)  Path(ns)    Netlist Resource(s)
  -------------------------------------------------------------------    -------------------
                         (clock clk_fpga_0 rise edge)
                                                      0.000     0.000 r  
    PS7_X0Y0             PS7                          0.000     0.000 r  rv32_top_i/ps7/inst/PS7_i/FCLKCLK[0]
                         net (fo=1, routed)           0.310     0.310    rv32_top_i/ps7/inst/FCLK_CLK_unbuffered[0]
    BUFGCTRL_X0Y16       BUFG (Prop_bufg_I_O)         0.026     0.336 r  rv32_top_i/ps7/inst/buffer_fclk_clk_0.FCLK_CLK_0_BUFG/O
                         net (fo=12131, routed)       0.577     0.913    rv32_top_i/plat/U0/u_mmio/u_npu/u_npu/u_array/gen_row[12].gen_col[14].u_pe/S_AXI_ACLK
    SLICE_X54Y99         FDRE                                         r  rv32_top_i/plat/U0/u_mmio/u_npu/u_npu/u_array/gen_row[12].gen_col[14].u_pe/p_reg[27]/C
  -------------------------------------------------------------------    -------------------
    SLICE_X54Y99         FDRE (Prop_fdre_C_Q)         0.164     1.077 r  rv32_top_i/plat/U0/u_mmio/u_npu/u_npu/u_array/gen_row[12].gen_col[14].u_pe/p_reg[27]/Q
                         net (fo=2, routed)           0.151     1.228    rv32_top_i/plat/U0/u_mmio/u_npu/u_npu/u_array/gen_row[11].gen_col[14].u_pe/acc_flat[15]
    SLICE_X54Y99         LUT2 (Prop_lut2_I1_O)        0.045     1.273 r  rv32_top_i/plat/U0/u_mmio/u_npu/u_npu/u_array/gen_row[11].gen_col[14].u_pe/p[24]_i_2__5/O
                         net (fo=1, routed)           0.000     1.273    rv32_top_i/plat/U0/u_mmio/u_npu/u_npu/u_array/gen_row[11].gen_col[14].u_pe/p[24]_i_2__5_n_0
    SLICE_X54Y99         CARRY4 (Prop_carry4_S[3]_CO[3])
                                                      0.109     1.382 r  rv32_top_i/plat/U0/u_mmio/u_npu/u_npu/u_array/gen_row[11].gen_col[14].u_pe/p_reg[24]_i_1__5/CO[3]
                         net (fo=1, routed)           0.001     1.383    rv32_top_i/plat/U0/u_mmio/u_npu/u_npu/u_array/gen_row[11].gen_col[14].u_pe/p_reg[24]_i_1__5_n_0
    SLICE_X54Y100        CARRY4 (Prop_carry4_CI_O[2])
                                                      0.066     1.449 r  rv32_top_i/plat/U0/u_mmio/u_npu/u_npu/u_array/gen_row[11].gen_col[14].u_pe/p_reg[28]_i_1__5/O[2]
                         net (fo=1, routed)           0.000     1.449    rv32_top_i/plat/U0/u_mmio/u_npu/u_npu/u_array/gen_row[12].gen_col[14].u_pe/p_reg[31]_1[2]
    SLICE_X54Y100        FDRE                                         r  rv32_top_i/plat/U0/u_mmio/u_npu/u_npu/u_array/gen_row[12].gen_col[14].u_pe/p_reg[30]/D
  -------------------------------------------------------------------    -------------------

                         (clock clk_fpga_0 rise edge)
                                                      0.000     0.000 r  
    PS7_X0Y0             PS7                          0.000     0.000 r  rv32_top_i/ps7/inst/PS7_i/FCLKCLK[0]
                         net (fo=1, routed)           0.337     0.337    rv32_top_i/ps7/inst/FCLK_CLK_unbuffered[0]
    BUFGCTRL_X0Y16       BUFG (Prop_bufg_I_O)         0.029     0.366 r  rv32_top_i/ps7/inst/buffer_fclk_clk_0.FCLK_CLK_0_BUFG/O
                         net (fo=12131, routed)       0.932     1.298    rv32_top_i/plat/U0/u_mmio/u_npu/u_npu/u_array/gen_row[12].gen_col[14].u_pe/S_AXI_ACLK
    SLICE_X54Y100        FDRE                                         r  rv32_top_i/plat/U0/u_mmio/u_npu/u_npu/u_array/gen_row[12].gen_col[14].u_pe/p_reg[30]/C
                         clock pessimism             -0.035     1.263    
    SLICE_X54Y100        FDRE (Hold_fdre_C_D)         0.134     1.397    rv32_top_i/plat/U0/u_mmio/u_npu/u_npu/u_array/gen_row[12].gen_col[14].u_pe/p_reg[30]
  -------------------------------------------------------------------
                         required time                         -1.397    
                         arrival time                           1.449    
  -------------------------------------------------------------------
                         slack                                  0.052    

Slack (MET) :             0.055ns  (arrival time - required time)
  Source:                 rv32_top_i/plat/U0/u_mmio/u_npu/u_npu/u_array/gen_row[5].gen_col[8].u_pe/b_r_reg[6]/C
                            (rising edge-triggered cell FDRE clocked by clk_fpga_0  {rise@0.000ns fall@5.000ns period=10.000ns})
  Destination:            rv32_top_i/plat/U0/u_mmio/u_npu/u_npu/u_array/gen_row[6].gen_col[8].u_pe/b_r_reg[6]/D
                            (rising edge-triggered cell FDRE clocked by clk_fpga_0  {rise@0.000ns fall@5.000ns period=10.000ns})
  Path Group:             clk_fpga_0
  Path Type:              Hold (Min at Fast Process Corner)
  Requirement:            0.000ns  (clk_fpga_0 rise@0.000ns - clk_fpga_0 rise@0.000ns)
  Data Path Delay:        0.314ns  (logic 0.141ns (44.839%)  route 0.173ns (55.161%))
  Logic Levels:           0  
  Clock Path Skew:        0.182ns (DCD - SCD - CPR)
    Destination Clock Delay (DCD):    1.215ns
    Source Clock Delay      (SCD):    0.998ns
    Clock Pessimism Removal (CPR):    0.035ns

    Location             Delay type                Incr(ns)  Path(ns)    Netlist Resource(s)
  -------------------------------------------------------------------    -------------------
                         (clock clk_fpga_0 rise edge)
                                                      0.000     0.000 r  
    PS7_X0Y0             PS7                          0.000     0.000 r  rv32_top_i/ps7/inst/PS7_i/FCLKCLK[0]
                         net (fo=1, routed)           0.310     0.310    rv32_top_i/ps7/inst/FCLK_CLK_unbuffered[0]
    BUFGCTRL_X0Y16       BUFG (Prop_bufg_I_O)         0.026     0.336 r  rv32_top_i/ps7/inst/buffer_fclk_clk_0.FCLK_CLK_0_BUFG/O
                         net (fo=12131, routed)       0.662     0.998    rv32_top_i/plat/U0/u_mmio/u_npu/u_npu/u_array/gen_row[5].gen_col[8].u_pe/S_AXI_ACLK
    SLICE_X65Y101        FDRE                                         r  rv32_top_i/plat/U0/u_mmio/u_npu/u_npu/u_array/gen_row[5].gen_col[8].u_pe/b_r_reg[6]/C
  -------------------------------------------------------------------    -------------------
    SLICE_X65Y101        FDRE (Prop_fdre_C_Q)         0.141     1.139 r  rv32_top_i/plat/U0/u_mmio/u_npu/u_npu/u_array/gen_row[5].gen_col[8].u_pe/b_r_reg[6]/Q
                         net (fo=2, routed)           0.173     1.312    rv32_top_i/plat/U0/u_mmio/u_npu/u_npu/u_array/gen_row[6].gen_col[8].u_pe/D[6]
    SLICE_X67Y99         FDRE                                         r  rv32_top_i/plat/U0/u_mmio/u_npu/u_npu/u_array/gen_row[6].gen_col[8].u_pe/b_r_reg[6]/D
  -------------------------------------------------------------------    -------------------

                         (clock clk_fpga_0 rise edge)
                                                      0.000     0.000 r  
    PS7_X0Y0             PS7                          0.000     0.000 r  rv32_top_i/ps7/inst/PS7_i/FCLKCLK[0]
                         net (fo=1, routed)           0.337     0.337    rv32_top_i/ps7/inst/FCLK_CLK_unbuffered[0]
    BUFGCTRL_X0Y16       BUFG (Prop_bufg_I_O)         0.029     0.366 r  rv32_top_i/ps7/inst/buffer_fclk_clk_0.FCLK_CLK_0_BUFG/O
                         net (fo=12131, routed)       0.849     1.215    rv32_top_i/plat/U0/u_mmio/u_npu/u_npu/u_array/gen_row[6].gen_col[8].u_pe/S_AXI_ACLK
    SLICE_X67Y99         FDRE                                         r  rv32_top_i/plat/U0/u_mmio/u_npu/u_npu/u_array/gen_row[6].gen_col[8].u_pe/b_r_reg[6]/C
                         clock pessimism             -0.035     1.180    
    SLICE_X67Y99         FDRE (Hold_fdre_C_D)         0.078     1.258    rv32_top_i/plat/U0/u_mmio/u_npu/u_npu/u_array/gen_row[6].gen_col[8].u_pe/b_r_reg[6]
  -------------------------------------------------------------------
                         required time                         -1.258    
                         arrival time                           1.312    
  -------------------------------------------------------------------
                         slack                                  0.055    

Slack (MET) :             0.060ns  (arrival time - required time)
  Source:                 rv32_top_i/plat/U0/u_mmio/u_npu/u_npu/u_array/gen_row[5].gen_col[8].u_pe/b_r_reg[5]/C
                            (rising edge-triggered cell FDRE clocked by clk_fpga_0  {rise@0.000ns fall@5.000ns period=10.000ns})
  Destination:            rv32_top_i/plat/U0/u_mmio/u_npu/u_npu/u_array/gen_row[6].gen_col[8].u_pe/b_r_reg[5]/D
                            (rising edge-triggered cell FDRE clocked by clk_fpga_0  {rise@0.000ns fall@5.000ns period=10.000ns})
  Path Group:             clk_fpga_0
  Path Type:              Hold (Min at Fast Process Corner)
  Requirement:            0.000ns  (clk_fpga_0 rise@0.000ns - clk_fpga_0 rise@0.000ns)
  Data Path Delay:        0.318ns  (logic 0.141ns (44.353%)  route 0.177ns (55.647%))
  Logic Levels:           0  
  Clock Path Skew:        0.182ns (DCD - SCD - CPR)
    Destination Clock Delay (DCD):    1.215ns
    Source Clock Delay      (SCD):    0.998ns
    Clock Pessimism Removal (CPR):    0.035ns

    Location             Delay type                Incr(ns)  Path(ns)    Netlist Resource(s)
  -------------------------------------------------------------------    -------------------
                         (clock clk_fpga_0 rise edge)
                                                      0.000     0.000 r  
    PS7_X0Y0             PS7                          0.000     0.000 r  rv32_top_i/ps7/inst/PS7_i/FCLKCLK[0]
                         net (fo=1, routed)           0.310     0.310    rv32_top_i/ps7/inst/FCLK_CLK_unbuffered[0]
    BUFGCTRL_X0Y16       BUFG (Prop_bufg_I_O)         0.026     0.336 r  rv32_top_i/ps7/inst/buffer_fclk_clk_0.FCLK_CLK_0_BUFG/O
                         net (fo=12131, routed)       0.662     0.998    rv32_top_i/plat/U0/u_mmio/u_npu/u_npu/u_array/gen_row[5].gen_col[8].u_pe/S_AXI_ACLK
    SLICE_X65Y101        FDRE                                         r  rv32_top_i/plat/U0/u_mmio/u_npu/u_npu/u_array/gen_row[5].gen_col[8].u_pe/b_r_reg[5]/C
  -------------------------------------------------------------------    -------------------
    SLICE_X65Y101        FDRE (Prop_fdre_C_Q)         0.141     1.139 r  rv32_top_i/plat/U0/u_mmio/u_npu/u_npu/u_array/gen_row[5].gen_col[8].u_pe/b_r_reg[5]/Q
                         net (fo=2, routed)           0.177     1.316    rv32_top_i/plat/U0/u_mmio/u_npu/u_npu/u_array/gen_row[6].gen_col[8].u_pe/D[5]
    SLICE_X67Y99         FDRE                                         r  rv32_top_i/plat/U0/u_mmio/u_npu/u_npu/u_array/gen_row[6].gen_col[8].u_pe/b_r_reg[5]/D
  -------------------------------------------------------------------    -------------------

                         (clock clk_fpga_0 rise edge)
                                                      0.000     0.000 r  
    PS7_X0Y0             PS7                          0.000     0.000 r  rv32_top_i/ps7/inst/PS7_i/FCLKCLK[0]
                         net (fo=1, routed)           0.337     0.337    rv32_top_i/ps7/inst/FCLK_CLK_unbuffered[0]
    BUFGCTRL_X0Y16       BUFG (Prop_bufg_I_O)         0.029     0.366 r  rv32_top_i/ps7/inst/buffer_fclk_clk_0.FCLK_CLK_0_BUFG/O
                         net (fo=12131, routed)       0.849     1.215    rv32_top_i/plat/U0/u_mmio/u_npu/u_npu/u_array/gen_row[6].gen_col[8].u_pe/S_AXI_ACLK
    SLICE_X67Y99         FDRE                                         r  rv32_top_i/plat/U0/u_mmio/u_npu/u_npu/u_array/gen_row[6].gen_col[8].u_pe/b_r_reg[5]/C
                         clock pessimism             -0.035     1.180    
    SLICE_X67Y99         FDRE (Hold_fdre_C_D)         0.076     1.256    rv32_top_i/plat/U0/u_mmio/u_npu/u_npu/u_array/gen_row[6].gen_col[8].u_pe/b_r_reg[5]
  -------------------------------------------------------------------
                         required time                         -1.256    
                         arrival time                           1.316    
  -------------------------------------------------------------------
                         slack                                  0.060    





Pulse Width Checks
--------------------------------------------------------------------------------------
Clock Name:         clk_fpga_0
Waveform(ns):       { 0.000 5.000 }
Period(ns):         10.000
Sources:            { rv32_top_i/ps7/inst/PS7_i/FCLKCLK[0] }

Check Type        Corner  Lib Pin      Reference Pin  Required(ns)  Actual(ns)  Slack(ns)  Location       Pin
Min Period        n/a     DSP48E1/CLK  n/a            3.884         10.000      6.116      DSP48_X3Y58    rv32_top_i/plat/U0/u_mmio/u_npu/u_npu/prod_q_reg/CLK
Min Period        n/a     DSP48E1/CLK  n/a            3.884         10.000      6.116      DSP48_X4Y39    rv32_top_i/plat/U0/u_mmio/u_npu/u_npu/u_array/gen_row[0].gen_col[0].u_pe/p_reg/CLK
Min Period        n/a     DSP48E1/CLK  n/a            3.884         10.000      6.116      DSP48_X0Y8     rv32_top_i/plat/U0/u_mmio/u_npu/u_npu/u_array/gen_row[0].gen_col[10].u_pe/p_reg/CLK
Min Period        n/a     DSP48E1/CLK  n/a            3.884         10.000      6.116      DSP48_X0Y9     rv32_top_i/plat/U0/u_mmio/u_npu/u_npu/u_array/gen_row[0].gen_col[11].u_pe/p_reg/CLK
Min Period        n/a     DSP48E1/CLK  n/a            3.884         10.000      6.116      DSP48_X0Y10    rv32_top_i/plat/U0/u_mmio/u_npu/u_npu/u_array/gen_row[0].gen_col[12].u_pe/p_reg/CLK
Min Period        n/a     DSP48E1/CLK  n/a            3.884         10.000      6.116      DSP48_X0Y11    rv32_top_i/plat/U0/u_mmio/u_npu/u_npu/u_array/gen_row[0].gen_col[13].u_pe/p_reg/CLK
Min Period        n/a     DSP48E1/CLK  n/a            3.884         10.000      6.116      DSP48_X0Y12    rv32_top_i/plat/U0/u_mmio/u_npu/u_npu/u_array/gen_row[0].gen_col[14].u_pe/p_reg/CLK
Min Period        n/a     DSP48E1/CLK  n/a            3.884         10.000      6.116      DSP48_X0Y13    rv32_top_i/plat/U0/u_mmio/u_npu/u_npu/u_array/gen_row[0].gen_col[15].u_pe/p_reg/CLK
Low Pulse Width   Slow    RAMS64E/CLK  n/a            1.250         5.000       3.750      SLICE_X46Y114  rv32_top_i/plat/U0/u_dcache/u_tag/tag_mem_reg_0_255_0_0/RAMS64E_A/CLK
Low Pulse Width   Fast    RAMS64E/CLK  n/a            1.250         5.000       3.750      SLICE_X46Y114  rv32_top_i/plat/U0/u_dcache/u_tag/tag_mem_reg_0_255_0_0/RAMS64E_A/CLK
Low Pulse Width   Slow    RAMS64E/CLK  n/a            1.250         5.000       3.750      SLICE_X46Y114  rv32_top_i/plat/U0/u_dcache/u_tag/tag_mem_reg_0_255_0_0/RAMS64E_B/CLK
Low Pulse Width   Fast    RAMS64E/CLK  n/a            1.250         5.000       3.750      SLICE_X46Y114  rv32_top_i/plat/U0/u_dcache/u_tag/tag_mem_reg_0_255_0_0/RAMS64E_B/CLK
Low Pulse Width   Slow    RAMS64E/CLK  n/a            1.250         5.000       3.750      SLICE_X46Y114  rv32_top_i/plat/U0/u_dcache/u_tag/tag_mem_reg_0_255_0_0/RAMS64E_C/CLK
Low Pulse Width   Fast    RAMS64E/CLK  n/a            1.250         5.000       3.750      SLICE_X46Y114  rv32_top_i/plat/U0/u_dcache/u_tag/tag_mem_reg_0_255_0_0/RAMS64E_C/CLK
Low Pulse Width   Slow    RAMS64E/CLK  n/a            1.250         5.000       3.750      SLICE_X46Y114  rv32_top_i/plat/U0/u_dcache/u_tag/tag_mem_reg_0_255_0_0/RAMS64E_D/CLK
Low Pulse Width   Fast    RAMS64E/CLK  n/a            1.250         5.000       3.750      SLICE_X46Y114  rv32_top_i/plat/U0/u_dcache/u_tag/tag_mem_reg_0_255_0_0/RAMS64E_D/CLK
High Pulse Width  Slow    RAMS64E/CLK  n/a            1.250         5.000       3.750      SLICE_X46Y114  rv32_top_i/plat/U0/u_dcache/u_tag/tag_mem_reg_0_255_0_0/RAMS64E_A/CLK
High Pulse Width  Fast    RAMS64E/CLK  n/a            1.250         5.000       3.750      SLICE_X46Y114  rv32_top_i/plat/U0/u_dcache/u_tag/tag_mem_reg_0_255_0_0/RAMS64E_A/CLK
High Pulse Width  Slow    RAMS64E/CLK  n/a            1.250         5.000       3.750      SLICE_X46Y114  rv32_top_i/plat/U0/u_dcache/u_tag/tag_mem_reg_0_255_0_0/RAMS64E_B/CLK
High Pulse Width  Fast    RAMS64E/CLK  n/a            1.250         5.000       3.750      SLICE_X46Y114  rv32_top_i/plat/U0/u_dcache/u_tag/tag_mem_reg_0_255_0_0/RAMS64E_B/CLK
High Pulse Width  Slow    RAMS64E/CLK  n/a            1.250         5.000       3.750      SLICE_X46Y114  rv32_top_i/plat/U0/u_dcache/u_tag/tag_mem_reg_0_255_0_0/RAMS64E_C/CLK
High Pulse Width  Fast    RAMS64E/CLK  n/a            1.250         5.000       3.750      SLICE_X46Y114  rv32_top_i/plat/U0/u_dcache/u_tag/tag_mem_reg_0_255_0_0/RAMS64E_C/CLK
High Pulse Width  Slow    RAMS64E/CLK  n/a            1.250         5.000       3.750      SLICE_X46Y114  rv32_top_i/plat/U0/u_dcache/u_tag/tag_mem_reg_0_255_0_0/RAMS64E_D/CLK
High Pulse Width  Fast    RAMS64E/CLK  n/a            1.250         5.000       3.750      SLICE_X46Y114  rv32_top_i/plat/U0/u_dcache/u_tag/tag_mem_reg_0_255_0_0/RAMS64E_D/CLK



---------------------------------------------------------------------------------------------------
Path Group:  **async_default**
From Clock:  clk_fpga_0
  To Clock:  clk_fpga_0

Setup :            0  Failing Endpoints,  Worst Slack        1.606ns,  Total Violation        0.000ns
Hold  :            0  Failing Endpoints,  Worst Slack        0.748ns,  Total Violation        0.000ns
---------------------------------------------------------------------------------------------------


Max Delay Paths
--------------------------------------------------------------------------------------
Slack (MET) :             1.606ns  (required time - arrival time)
  Source:                 rv32_top_i/rst_ps7_50M/U0/ACTIVE_LOW_PR_OUT_DFF[0].FDRE_PER_N/C
                            (rising edge-triggered cell FDRE clocked by clk_fpga_0  {rise@0.000ns fall@5.000ns period=10.000ns})
  Destination:            rv32_top_i/plat/U0/u_core/shadow_reg[16][22]/CLR
                            (recovery check against rising-edge clock clk_fpga_0  {rise@0.000ns fall@5.000ns period=10.000ns})
  Path Group:             **async_default**
  Path Type:              Recovery (Max at Slow Process Corner)
  Requirement:            10.000ns  (clk_fpga_0 rise@10.000ns - clk_fpga_0 rise@0.000ns)
  Data Path Delay:        7.884ns  (logic 0.580ns (7.356%)  route 7.304ns (92.644%))
  Logic Levels:           1  (LUT2=1)
  Clock Path Skew:        0.049ns (DCD - SCD + CPR)
    Destination Clock Delay (DCD):    2.895ns = ( 12.895 - 10.000 ) 
    Source Clock Delay      (SCD):    2.975ns
    Clock Pessimism Removal (CPR):    0.129ns
  Clock Uncertainty:      0.154ns  ((TSJ^2 + TIJ^2)^1/2 + DJ) / 2 + PE
    Total System Jitter     (TSJ):    0.071ns
    Total Input Jitter      (TIJ):    0.300ns
    Discrete Jitter          (DJ):    0.000ns
    Phase Error              (PE):    0.000ns

    Location             Delay type                Incr(ns)  Path(ns)    Netlist Resource(s)
  -------------------------------------------------------------------    -------------------
                         (clock clk_fpga_0 rise edge)
                                                      0.000     0.000 r  
    PS7_X0Y0             PS7                          0.000     0.000 r  rv32_top_i/ps7/inst/PS7_i/FCLKCLK[0]
                         net (fo=1, routed)           1.193     1.193    rv32_top_i/ps7/inst/FCLK_CLK_unbuffered[0]
    BUFGCTRL_X0Y16       BUFG (Prop_bufg_I_O)         0.101     1.294 r  rv32_top_i/ps7/inst/buffer_fclk_clk_0.FCLK_CLK_0_BUFG/O
                         net (fo=12131, routed)       1.681     2.975    rv32_top_i/rst_ps7_50M/U0/slowest_sync_clk
    SLICE_X28Y73         FDRE                                         r  rv32_top_i/rst_ps7_50M/U0/ACTIVE_LOW_PR_OUT_DFF[0].FDRE_PER_N/C
  -------------------------------------------------------------------    -------------------
    SLICE_X28Y73         FDRE (Prop_fdre_C_Q)         0.456     3.431 r  rv32_top_i/rst_ps7_50M/U0/ACTIVE_LOW_PR_OUT_DFF[0].FDRE_PER_N/Q
                         net (fo=31, routed)          2.329     5.760    rv32_top_i/plat/U0/u_ctrl/S_AXI_ARESETN
    SLICE_X26Y107        LUT2 (Prop_lut2_I1_O)        0.124     5.884 f  rv32_top_i/plat/U0/u_ctrl/regs[1][31]_i_1/O
                         net (fo=3969, routed)        4.976    10.859    rv32_top_i/plat/U0/u_core/regs_reg[31][0]
    SLICE_X67Y147        FDCE                                         f  rv32_top_i/plat/U0/u_core/shadow_reg[16][22]/CLR
  -------------------------------------------------------------------    -------------------

                         (clock clk_fpga_0 rise edge)
                                                     10.000    10.000 r  
    PS7_X0Y0             PS7                          0.000    10.000 r  rv32_top_i/ps7/inst/PS7_i/FCLKCLK[0]
                         net (fo=1, routed)           1.088    11.088    rv32_top_i/ps7/inst/FCLK_CLK_unbuffered[0]
    BUFGCTRL_X0Y16       BUFG (Prop_bufg_I_O)         0.091    11.179 r  rv32_top_i/ps7/inst/buffer_fclk_clk_0.FCLK_CLK_0_BUFG/O
                         net (fo=12131, routed)       1.716    12.895    rv32_top_i/plat/U0/u_core/S_AXI_ACLK
    SLICE_X67Y147        FDCE                                         r  rv32_top_i/plat/U0/u_core/shadow_reg[16][22]/C
                         clock pessimism              0.129    13.024    
                         clock uncertainty           -0.154    12.870    
    SLICE_X67Y147        FDCE (Recov_fdce_C_CLR)     -0.405    12.465    rv32_top_i/plat/U0/u_core/shadow_reg[16][22]
  -------------------------------------------------------------------
                         required time                         12.465    
                         arrival time                         -10.859    
  -------------------------------------------------------------------
                         slack                                  1.606    

Slack (MET) :             1.634ns  (required time - arrival time)
  Source:                 rv32_top_i/rst_ps7_50M/U0/ACTIVE_LOW_PR_OUT_DFF[0].FDRE_PER_N/C
                            (rising edge-triggered cell FDRE clocked by clk_fpga_0  {rise@0.000ns fall@5.000ns period=10.000ns})
  Destination:            rv32_top_i/plat/U0/u_dcache/u_tag/dirty_mem_reg[186]/CLR
                            (recovery check against rising-edge clock clk_fpga_0  {rise@0.000ns fall@5.000ns period=10.000ns})
  Path Group:             **async_default**
  Path Type:              Recovery (Max at Slow Process Corner)
  Requirement:            10.000ns  (clk_fpga_0 rise@10.000ns - clk_fpga_0 rise@0.000ns)
  Data Path Delay:        7.905ns  (logic 0.580ns (7.337%)  route 7.325ns (92.663%))
  Logic Levels:           1  (LUT2=1)
  Clock Path Skew:        0.098ns (DCD - SCD + CPR)
    Destination Clock Delay (DCD):    2.944ns = ( 12.944 - 10.000 ) 
    Source Clock Delay      (SCD):    2.975ns
    Clock Pessimism Removal (CPR):    0.129ns
  Clock Uncertainty:      0.154ns  ((TSJ^2 + TIJ^2)^1/2 + DJ) / 2 + PE
    Total System Jitter     (TSJ):    0.071ns
    Total Input Jitter      (TIJ):    0.300ns
    Discrete Jitter          (DJ):    0.000ns
    Phase Error              (PE):    0.000ns

    Location             Delay type                Incr(ns)  Path(ns)    Netlist Resource(s)
  -------------------------------------------------------------------    -------------------
                         (clock clk_fpga_0 rise edge)
                                                      0.000     0.000 r  
    PS7_X0Y0             PS7                          0.000     0.000 r  rv32_top_i/ps7/inst/PS7_i/FCLKCLK[0]
                         net (fo=1, routed)           1.193     1.193    rv32_top_i/ps7/inst/FCLK_CLK_unbuffered[0]
    BUFGCTRL_X0Y16       BUFG (Prop_bufg_I_O)         0.101     1.294 r  rv32_top_i/ps7/inst/buffer_fclk_clk_0.FCLK_CLK_0_BUFG/O
                         net (fo=12131, routed)       1.681     2.975    rv32_top_i/rst_ps7_50M/U0/slowest_sync_clk
    SLICE_X28Y73         FDRE                                         r  rv32_top_i/rst_ps7_50M/U0/ACTIVE_LOW_PR_OUT_DFF[0].FDRE_PER_N/C
  -------------------------------------------------------------------    -------------------
    SLICE_X28Y73         FDRE (Prop_fdre_C_Q)         0.456     3.431 r  rv32_top_i/rst_ps7_50M/U0/ACTIVE_LOW_PR_OUT_DFF[0].FDRE_PER_N/Q
                         net (fo=31, routed)          2.329     5.760    rv32_top_i/plat/U0/u_ctrl/S_AXI_ARESETN
    SLICE_X26Y107        LUT2 (Prop_lut2_I1_O)        0.124     5.884 f  rv32_top_i/plat/U0/u_ctrl/regs[1][31]_i_1/O
                         net (fo=3969, routed)        4.996    10.880    rv32_top_i/plat/U0/u_dcache/u_tag/valid_mem_reg[0]_0
    SLICE_X93Y123        FDCE                                         f  rv32_top_i/plat/U0/u_dcache/u_tag/dirty_mem_reg[186]/CLR
  -------------------------------------------------------------------    -------------------

                         (clock clk_fpga_0 rise edge)
                                                     10.000    10.000 r  
    PS7_X0Y0             PS7                          0.000    10.000 r  rv32_top_i/ps7/inst/PS7_i/FCLKCLK[0]
                         net (fo=1, routed)           1.088    11.088    rv32_top_i/ps7/inst/FCLK_CLK_unbuffered[0]
    BUFGCTRL_X0Y16       BUFG (Prop_bufg_I_O)         0.091    11.179 r  rv32_top_i/ps7/inst/buffer_fclk_clk_0.FCLK_CLK_0_BUFG/O
                         net (fo=12131, routed)       1.765    12.944    rv32_top_i/plat/U0/u_dcache/u_tag/S_AXI_ACLK
    SLICE_X93Y123        FDCE                                         r  rv32_top_i/plat/U0/u_dcache/u_tag/dirty_mem_reg[186]/C
                         clock pessimism              0.129    13.073    
                         clock uncertainty           -0.154    12.919    
    SLICE_X93Y123        FDCE (Recov_fdce_C_CLR)     -0.405    12.514    rv32_top_i/plat/U0/u_dcache/u_tag/dirty_mem_reg[186]
  -------------------------------------------------------------------
                         required time                         12.514    
                         arrival time                         -10.880    
  -------------------------------------------------------------------
                         slack                                  1.634    

Slack (MET) :             1.634ns  (required time - arrival time)
  Source:                 rv32_top_i/rst_ps7_50M/U0/ACTIVE_LOW_PR_OUT_DFF[0].FDRE_PER_N/C
                            (rising edge-triggered cell FDRE clocked by clk_fpga_0  {rise@0.000ns fall@5.000ns period=10.000ns})
  Destination:            rv32_top_i/plat/U0/u_dcache/u_tag/dirty_mem_reg[187]/CLR
                            (recovery check against rising-edge clock clk_fpga_0  {rise@0.000ns fall@5.000ns period=10.000ns})
  Path Group:             **async_default**
  Path Type:              Recovery (Max at Slow Process Corner)
  Requirement:            10.000ns  (clk_fpga_0 rise@10.000ns - clk_fpga_0 rise@0.000ns)
  Data Path Delay:        7.905ns  (logic 0.580ns (7.337%)  route 7.325ns (92.663%))
  Logic Levels:           1  (LUT2=1)
  Clock Path Skew:        0.098ns (DCD - SCD + CPR)
    Destination Clock Delay (DCD):    2.944ns = ( 12.944 - 10.000 ) 
    Source Clock Delay      (SCD):    2.975ns
    Clock Pessimism Removal (CPR):    0.129ns
  Clock Uncertainty:      0.154ns  ((TSJ^2 + TIJ^2)^1/2 + DJ) / 2 + PE
    Total System Jitter     (TSJ):    0.071ns
    Total Input Jitter      (TIJ):    0.300ns
    Discrete Jitter          (DJ):    0.000ns
    Phase Error              (PE):    0.000ns

    Location             Delay type                Incr(ns)  Path(ns)    Netlist Resource(s)
  -------------------------------------------------------------------    -------------------
                         (clock clk_fpga_0 rise edge)
                                                      0.000     0.000 r  
    PS7_X0Y0             PS7                          0.000     0.000 r  rv32_top_i/ps7/inst/PS7_i/FCLKCLK[0]
                         net (fo=1, routed)           1.193     1.193    rv32_top_i/ps7/inst/FCLK_CLK_unbuffered[0]
    BUFGCTRL_X0Y16       BUFG (Prop_bufg_I_O)         0.101     1.294 r  rv32_top_i/ps7/inst/buffer_fclk_clk_0.FCLK_CLK_0_BUFG/O
                         net (fo=12131, routed)       1.681     2.975    rv32_top_i/rst_ps7_50M/U0/slowest_sync_clk
    SLICE_X28Y73         FDRE                                         r  rv32_top_i/rst_ps7_50M/U0/ACTIVE_LOW_PR_OUT_DFF[0].FDRE_PER_N/C
  -------------------------------------------------------------------    -------------------
    SLICE_X28Y73         FDRE (Prop_fdre_C_Q)         0.456     3.431 r  rv32_top_i/rst_ps7_50M/U0/ACTIVE_LOW_PR_OUT_DFF[0].FDRE_PER_N/Q
                         net (fo=31, routed)          2.329     5.760    rv32_top_i/plat/U0/u_ctrl/S_AXI_ARESETN
    SLICE_X26Y107        LUT2 (Prop_lut2_I1_O)        0.124     5.884 f  rv32_top_i/plat/U0/u_ctrl/regs[1][31]_i_1/O
                         net (fo=3969, routed)        4.996    10.880    rv32_top_i/plat/U0/u_dcache/u_tag/valid_mem_reg[0]_0
    SLICE_X93Y123        FDCE                                         f  rv32_top_i/plat/U0/u_dcache/u_tag/dirty_mem_reg[187]/CLR
  -------------------------------------------------------------------    -------------------

                         (clock clk_fpga_0 rise edge)
                                                     10.000    10.000 r  
    PS7_X0Y0             PS7                          0.000    10.000 r  rv32_top_i/ps7/inst/PS7_i/FCLKCLK[0]
                         net (fo=1, routed)           1.088    11.088    rv32_top_i/ps7/inst/FCLK_CLK_unbuffered[0]
    BUFGCTRL_X0Y16       BUFG (Prop_bufg_I_O)         0.091    11.179 r  rv32_top_i/ps7/inst/buffer_fclk_clk_0.FCLK_CLK_0_BUFG/O
                         net (fo=12131, routed)       1.765    12.944    rv32_top_i/plat/U0/u_dcache/u_tag/S_AXI_ACLK
    SLICE_X93Y123        FDCE                                         r  rv32_top_i/plat/U0/u_dcache/u_tag/dirty_mem_reg[187]/C
                         clock pessimism              0.129    13.073    
                         clock uncertainty           -0.154    12.919    
    SLICE_X93Y123        FDCE (Recov_fdce_C_CLR)     -0.405    12.514    rv32_top_i/plat/U0/u_dcache/u_tag/dirty_mem_reg[187]
  -------------------------------------------------------------------
                         required time                         12.514    
                         arrival time                         -10.880    
  -------------------------------------------------------------------
                         slack                                  1.634    

Slack (MET) :             1.634ns  (required time - arrival time)
  Source:                 rv32_top_i/rst_ps7_50M/U0/ACTIVE_LOW_PR_OUT_DFF[0].FDRE_PER_N/C
                            (rising edge-triggered cell FDRE clocked by clk_fpga_0  {rise@0.000ns fall@5.000ns period=10.000ns})
  Destination:            rv32_top_i/plat/U0/u_dcache/u_tag/dirty_mem_reg[189]/CLR
                            (recovery check against rising-edge clock clk_fpga_0  {rise@0.000ns fall@5.000ns period=10.000ns})
  Path Group:             **async_default**
  Path Type:              Recovery (Max at Slow Process Corner)
  Requirement:            10.000ns  (clk_fpga_0 rise@10.000ns - clk_fpga_0 rise@0.000ns)
  Data Path Delay:        7.905ns  (logic 0.580ns (7.337%)  route 7.325ns (92.663%))
  Logic Levels:           1  (LUT2=1)
  Clock Path Skew:        0.098ns (DCD - SCD + CPR)
    Destination Clock Delay (DCD):    2.944ns = ( 12.944 - 10.000 ) 
    Source Clock Delay      (SCD):    2.975ns
    Clock Pessimism Removal (CPR):    0.129ns
  Clock Uncertainty:      0.154ns  ((TSJ^2 + TIJ^2)^1/2 + DJ) / 2 + PE
    Total System Jitter     (TSJ):    0.071ns
    Total Input Jitter      (TIJ):    0.300ns
    Discrete Jitter          (DJ):    0.000ns
    Phase Error              (PE):    0.000ns

    Location             Delay type                Incr(ns)  Path(ns)    Netlist Resource(s)
  -------------------------------------------------------------------    -------------------
                         (clock clk_fpga_0 rise edge)
                                                      0.000     0.000 r  
    PS7_X0Y0             PS7                          0.000     0.000 r  rv32_top_i/ps7/inst/PS7_i/FCLKCLK[0]
                         net (fo=1, routed)           1.193     1.193    rv32_top_i/ps7/inst/FCLK_CLK_unbuffered[0]
    BUFGCTRL_X0Y16       BUFG (Prop_bufg_I_O)         0.101     1.294 r  rv32_top_i/ps7/inst/buffer_fclk_clk_0.FCLK_CLK_0_BUFG/O
                         net (fo=12131, routed)       1.681     2.975    rv32_top_i/rst_ps7_50M/U0/slowest_sync_clk
    SLICE_X28Y73         FDRE                                         r  rv32_top_i/rst_ps7_50M/U0/ACTIVE_LOW_PR_OUT_DFF[0].FDRE_PER_N/C
  -------------------------------------------------------------------    -------------------
    SLICE_X28Y73         FDRE (Prop_fdre_C_Q)         0.456     3.431 r  rv32_top_i/rst_ps7_50M/U0/ACTIVE_LOW_PR_OUT_DFF[0].FDRE_PER_N/Q
                         net (fo=31, routed)          2.329     5.760    rv32_top_i/plat/U0/u_ctrl/S_AXI_ARESETN
    SLICE_X26Y107        LUT2 (Prop_lut2_I1_O)        0.124     5.884 f  rv32_top_i/plat/U0/u_ctrl/regs[1][31]_i_1/O
                         net (fo=3969, routed)        4.996    10.880    rv32_top_i/plat/U0/u_dcache/u_tag/valid_mem_reg[0]_0
    SLICE_X93Y123        FDCE                                         f  rv32_top_i/plat/U0/u_dcache/u_tag/dirty_mem_reg[189]/CLR
  -------------------------------------------------------------------    -------------------

                         (clock clk_fpga_0 rise edge)
                                                     10.000    10.000 r  
    PS7_X0Y0             PS7                          0.000    10.000 r  rv32_top_i/ps7/inst/PS7_i/FCLKCLK[0]
                         net (fo=1, routed)           1.088    11.088    rv32_top_i/ps7/inst/FCLK_CLK_unbuffered[0]
    BUFGCTRL_X0Y16       BUFG (Prop_bufg_I_O)         0.091    11.179 r  rv32_top_i/ps7/inst/buffer_fclk_clk_0.FCLK_CLK_0_BUFG/O
                         net (fo=12131, routed)       1.765    12.944    rv32_top_i/plat/U0/u_dcache/u_tag/S_AXI_ACLK
    SLICE_X93Y123        FDCE                                         r  rv32_top_i/plat/U0/u_dcache/u_tag/dirty_mem_reg[189]/C
                         clock pessimism              0.129    13.073    
                         clock uncertainty           -0.154    12.919    
    SLICE_X93Y123        FDCE (Recov_fdce_C_CLR)     -0.405    12.514    rv32_top_i/plat/U0/u_dcache/u_tag/dirty_mem_reg[189]
  -------------------------------------------------------------------
                         required time                         12.514    
                         arrival time                         -10.880    
  -------------------------------------------------------------------
                         slack                                  1.634    

Slack (MET) :             1.634ns  (required time - arrival time)
  Source:                 rv32_top_i/rst_ps7_50M/U0/ACTIVE_LOW_PR_OUT_DFF[0].FDRE_PER_N/C
                            (rising edge-triggered cell FDRE clocked by clk_fpga_0  {rise@0.000ns fall@5.000ns period=10.000ns})
  Destination:            rv32_top_i/plat/U0/u_dcache/u_tag/dirty_mem_reg[191]/CLR
                            (recovery check against rising-edge clock clk_fpga_0  {rise@0.000ns fall@5.000ns period=10.000ns})
  Path Group:             **async_default**
  Path Type:              Recovery (Max at Slow Process Corner)
  Requirement:            10.000ns  (clk_fpga_0 rise@10.000ns - clk_fpga_0 rise@0.000ns)
  Data Path Delay:        7.905ns  (logic 0.580ns (7.337%)  route 7.325ns (92.663%))
  Logic Levels:           1  (LUT2=1)
  Clock Path Skew:        0.098ns (DCD - SCD + CPR)
    Destination Clock Delay (DCD):    2.944ns = ( 12.944 - 10.000 ) 
    Source Clock Delay      (SCD):    2.975ns
    Clock Pessimism Removal (CPR):    0.129ns
  Clock Uncertainty:      0.154ns  ((TSJ^2 + TIJ^2)^1/2 + DJ) / 2 + PE
    Total System Jitter     (TSJ):    0.071ns
    Total Input Jitter      (TIJ):    0.300ns
    Discrete Jitter          (DJ):    0.000ns
    Phase Error              (PE):    0.000ns

    Location             Delay type                Incr(ns)  Path(ns)    Netlist Resource(s)
  -------------------------------------------------------------------    -------------------
                         (clock clk_fpga_0 rise edge)
                                                      0.000     0.000 r  
    PS7_X0Y0             PS7                          0.000     0.000 r  rv32_top_i/ps7/inst/PS7_i/FCLKCLK[0]
                         net (fo=1, routed)           1.193     1.193    rv32_top_i/ps7/inst/FCLK_CLK_unbuffered[0]
    BUFGCTRL_X0Y16       BUFG (Prop_bufg_I_O)         0.101     1.294 r  rv32_top_i/ps7/inst/buffer_fclk_clk_0.FCLK_CLK_0_BUFG/O
                         net (fo=12131, routed)       1.681     2.975    rv32_top_i/rst_ps7_50M/U0/slowest_sync_clk
    SLICE_X28Y73         FDRE                                         r  rv32_top_i/rst_ps7_50M/U0/ACTIVE_LOW_PR_OUT_DFF[0].FDRE_PER_N/C
  -------------------------------------------------------------------    -------------------
    SLICE_X28Y73         FDRE (Prop_fdre_C_Q)         0.456     3.431 r  rv32_top_i/rst_ps7_50M/U0/ACTIVE_LOW_PR_OUT_DFF[0].FDRE_PER_N/Q
                         net (fo=31, routed)          2.329     5.760    rv32_top_i/plat/U0/u_ctrl/S_AXI_ARESETN
    SLICE_X26Y107        LUT2 (Prop_lut2_I1_O)        0.124     5.884 f  rv32_top_i/plat/U0/u_ctrl/regs[1][31]_i_1/O
                         net (fo=3969, routed)        4.996    10.880    rv32_top_i/plat/U0/u_dcache/u_tag/valid_mem_reg[0]_0
    SLICE_X93Y123        FDCE                                         f  rv32_top_i/plat/U0/u_dcache/u_tag/dirty_mem_reg[191]/CLR
  -------------------------------------------------------------------    -------------------

                         (clock clk_fpga_0 rise edge)
                                                     10.000    10.000 r  
    PS7_X0Y0             PS7                          0.000    10.000 r  rv32_top_i/ps7/inst/PS7_i/FCLKCLK[0]
                         net (fo=1, routed)           1.088    11.088    rv32_top_i/ps7/inst/FCLK_CLK_unbuffered[0]
    BUFGCTRL_X0Y16       BUFG (Prop_bufg_I_O)         0.091    11.179 r  rv32_top_i/ps7/inst/buffer_fclk_clk_0.FCLK_CLK_0_BUFG/O
                         net (fo=12131, routed)       1.765    12.944    rv32_top_i/plat/U0/u_dcache/u_tag/S_AXI_ACLK
    SLICE_X93Y123        FDCE                                         r  rv32_top_i/plat/U0/u_dcache/u_tag/dirty_mem_reg[191]/C
                         clock pessimism              0.129    13.073    
                         clock uncertainty           -0.154    12.919    
    SLICE_X93Y123        FDCE (Recov_fdce_C_CLR)     -0.405    12.514    rv32_top_i/plat/U0/u_dcache/u_tag/dirty_mem_reg[191]
  -------------------------------------------------------------------
                         required time                         12.514    
                         arrival time                         -10.880    
  -------------------------------------------------------------------
                         slack                                  1.634    

Slack (MET) :             1.634ns  (required time - arrival time)
  Source:                 rv32_top_i/rst_ps7_50M/U0/ACTIVE_LOW_PR_OUT_DFF[0].FDRE_PER_N/C
                            (rising edge-triggered cell FDRE clocked by clk_fpga_0  {rise@0.000ns fall@5.000ns period=10.000ns})
  Destination:            rv32_top_i/plat/U0/u_core/shadow_reg[12][4]/CLR
                            (recovery check against rising-edge clock clk_fpga_0  {rise@0.000ns fall@5.000ns period=10.000ns})
  Path Group:             **async_default**
  Path Type:              Recovery (Max at Slow Process Corner)
  Requirement:            10.000ns  (clk_fpga_0 rise@10.000ns - clk_fpga_0 rise@0.000ns)
  Data Path Delay:        7.854ns  (logic 0.580ns (7.385%)  route 7.274ns (92.615%))
  Logic Levels:           1  (LUT2=1)
  Clock Path Skew:        0.047ns (DCD - SCD + CPR)
    Destination Clock Delay (DCD):    2.893ns = ( 12.893 - 10.000 ) 
    Source Clock Delay      (SCD):    2.975ns
    Clock Pessimism Removal (CPR):    0.129ns
  Clock Uncertainty:      0.154ns  ((TSJ^2 + TIJ^2)^1/2 + DJ) / 2 + PE
    Total System Jitter     (TSJ):    0.071ns
    Total Input Jitter      (TIJ):    0.300ns
    Discrete Jitter          (DJ):    0.000ns
    Phase Error              (PE):    0.000ns

    Location             Delay type                Incr(ns)  Path(ns)    Netlist Resource(s)
  -------------------------------------------------------------------    -------------------
                         (clock clk_fpga_0 rise edge)
                                                      0.000     0.000 r  
    PS7_X0Y0             PS7                          0.000     0.000 r  rv32_top_i/ps7/inst/PS7_i/FCLKCLK[0]
                         net (fo=1, routed)           1.193     1.193    rv32_top_i/ps7/inst/FCLK_CLK_unbuffered[0]
    BUFGCTRL_X0Y16       BUFG (Prop_bufg_I_O)         0.101     1.294 r  rv32_top_i/ps7/inst/buffer_fclk_clk_0.FCLK_CLK_0_BUFG/O
                         net (fo=12131, routed)       1.681     2.975    rv32_top_i/rst_ps7_50M/U0/slowest_sync_clk
    SLICE_X28Y73         FDRE                                         r  rv32_top_i/rst_ps7_50M/U0/ACTIVE_LOW_PR_OUT_DFF[0].FDRE_PER_N/C
  -------------------------------------------------------------------    -------------------
    SLICE_X28Y73         FDRE (Prop_fdre_C_Q)         0.456     3.431 r  rv32_top_i/rst_ps7_50M/U0/ACTIVE_LOW_PR_OUT_DFF[0].FDRE_PER_N/Q
                         net (fo=31, routed)          2.329     5.760    rv32_top_i/plat/U0/u_ctrl/S_AXI_ARESETN
    SLICE_X26Y107        LUT2 (Prop_lut2_I1_O)        0.124     5.884 f  rv32_top_i/plat/U0/u_ctrl/regs[1][31]_i_1/O
                         net (fo=3969, routed)        4.945    10.829    rv32_top_i/plat/U0/u_core/regs_reg[31][0]
    SLICE_X64Y141        FDCE                                         f  rv32_top_i/plat/U0/u_core/shadow_reg[12][4]/CLR
  -------------------------------------------------------------------    -------------------

                         (clock clk_fpga_0 rise edge)
                                                     10.000    10.000 r  
    PS7_X0Y0             PS7                          0.000    10.000 r  rv32_top_i/ps7/inst/PS7_i/FCLKCLK[0]
                         net (fo=1, routed)           1.088    11.088    rv32_top_i/ps7/inst/FCLK_CLK_unbuffered[0]
    BUFGCTRL_X0Y16       BUFG (Prop_bufg_I_O)         0.091    11.179 r  rv32_top_i/ps7/inst/buffer_fclk_clk_0.FCLK_CLK_0_BUFG/O
                         net (fo=12131, routed)       1.714    12.893    rv32_top_i/plat/U0/u_core/S_AXI_ACLK
    SLICE_X64Y141        FDCE                                         r  rv32_top_i/plat/U0/u_core/shadow_reg[12][4]/C
                         clock pessimism              0.129    13.022    
                         clock uncertainty           -0.154    12.868    
    SLICE_X64Y141        FDCE (Recov_fdce_C_CLR)     -0.405    12.463    rv32_top_i/plat/U0/u_core/shadow_reg[12][4]
  -------------------------------------------------------------------
                         required time                         12.463    
                         arrival time                         -10.829    
  -------------------------------------------------------------------
                         slack                                  1.634    

Slack (MET) :             1.634ns  (required time - arrival time)
  Source:                 rv32_top_i/rst_ps7_50M/U0/ACTIVE_LOW_PR_OUT_DFF[0].FDRE_PER_N/C
                            (rising edge-triggered cell FDRE clocked by clk_fpga_0  {rise@0.000ns fall@5.000ns period=10.000ns})
  Destination:            rv32_top_i/plat/U0/u_core/shadow_reg[12][7]/CLR
                            (recovery check against rising-edge clock clk_fpga_0  {rise@0.000ns fall@5.000ns period=10.000ns})
  Path Group:             **async_default**
  Path Type:              Recovery (Max at Slow Process Corner)
  Requirement:            10.000ns  (clk_fpga_0 rise@10.000ns - clk_fpga_0 rise@0.000ns)
  Data Path Delay:        7.854ns  (logic 0.580ns (7.385%)  route 7.274ns (92.615%))
  Logic Levels:           1  (LUT2=1)
  Clock Path Skew:        0.047ns (DCD - SCD + CPR)
    Destination Clock Delay (DCD):    2.893ns = ( 12.893 - 10.000 ) 
    Source Clock Delay      (SCD):    2.975ns
    Clock Pessimism Removal (CPR):    0.129ns
  Clock Uncertainty:      0.154ns  ((TSJ^2 + TIJ^2)^1/2 + DJ) / 2 + PE
    Total System Jitter     (TSJ):    0.071ns
    Total Input Jitter      (TIJ):    0.300ns
    Discrete Jitter          (DJ):    0.000ns
    Phase Error              (PE):    0.000ns

    Location             Delay type                Incr(ns)  Path(ns)    Netlist Resource(s)
  -------------------------------------------------------------------    -------------------
                         (clock clk_fpga_0 rise edge)
                                                      0.000     0.000 r  
    PS7_X0Y0             PS7                          0.000     0.000 r  rv32_top_i/ps7/inst/PS7_i/FCLKCLK[0]
                         net (fo=1, routed)           1.193     1.193    rv32_top_i/ps7/inst/FCLK_CLK_unbuffered[0]
    BUFGCTRL_X0Y16       BUFG (Prop_bufg_I_O)         0.101     1.294 r  rv32_top_i/ps7/inst/buffer_fclk_clk_0.FCLK_CLK_0_BUFG/O
                         net (fo=12131, routed)       1.681     2.975    rv32_top_i/rst_ps7_50M/U0/slowest_sync_clk
    SLICE_X28Y73         FDRE                                         r  rv32_top_i/rst_ps7_50M/U0/ACTIVE_LOW_PR_OUT_DFF[0].FDRE_PER_N/C
  -------------------------------------------------------------------    -------------------
    SLICE_X28Y73         FDRE (Prop_fdre_C_Q)         0.456     3.431 r  rv32_top_i/rst_ps7_50M/U0/ACTIVE_LOW_PR_OUT_DFF[0].FDRE_PER_N/Q
                         net (fo=31, routed)          2.329     5.760    rv32_top_i/plat/U0/u_ctrl/S_AXI_ARESETN
    SLICE_X26Y107        LUT2 (Prop_lut2_I1_O)        0.124     5.884 f  rv32_top_i/plat/U0/u_ctrl/regs[1][31]_i_1/O
                         net (fo=3969, routed)        4.945    10.829    rv32_top_i/plat/U0/u_core/regs_reg[31][0]
    SLICE_X64Y141        FDCE                                         f  rv32_top_i/plat/U0/u_core/shadow_reg[12][7]/CLR
  -------------------------------------------------------------------    -------------------

                         (clock clk_fpga_0 rise edge)
                                                     10.000    10.000 r  
    PS7_X0Y0             PS7                          0.000    10.000 r  rv32_top_i/ps7/inst/PS7_i/FCLKCLK[0]
                         net (fo=1, routed)           1.088    11.088    rv32_top_i/ps7/inst/FCLK_CLK_unbuffered[0]
    BUFGCTRL_X0Y16       BUFG (Prop_bufg_I_O)         0.091    11.179 r  rv32_top_i/ps7/inst/buffer_fclk_clk_0.FCLK_CLK_0_BUFG/O
                         net (fo=12131, routed)       1.714    12.893    rv32_top_i/plat/U0/u_core/S_AXI_ACLK
    SLICE_X64Y141        FDCE                                         r  rv32_top_i/plat/U0/u_core/shadow_reg[12][7]/C
                         clock pessimism              0.129    13.022    
                         clock uncertainty           -0.154    12.868    
    SLICE_X64Y141        FDCE (Recov_fdce_C_CLR)     -0.405    12.463    rv32_top_i/plat/U0/u_core/shadow_reg[12][7]
  -------------------------------------------------------------------
                         required time                         12.463    
                         arrival time                         -10.829    
  -------------------------------------------------------------------
                         slack                                  1.634    

Slack (MET) :             1.638ns  (required time - arrival time)
  Source:                 rv32_top_i/rst_ps7_50M/U0/ACTIVE_LOW_PR_OUT_DFF[0].FDRE_PER_N/C
                            (rising edge-triggered cell FDRE clocked by clk_fpga_0  {rise@0.000ns fall@5.000ns period=10.000ns})
  Destination:            rv32_top_i/plat/U0/u_core/shadow_reg[4][4]/CLR
                            (recovery check against rising-edge clock clk_fpga_0  {rise@0.000ns fall@5.000ns period=10.000ns})
  Path Group:             **async_default**
  Path Type:              Recovery (Max at Slow Process Corner)
  Requirement:            10.000ns  (clk_fpga_0 rise@10.000ns - clk_fpga_0 rise@0.000ns)
  Data Path Delay:        7.850ns  (logic 0.580ns (7.389%)  route 7.270ns (92.611%))
  Logic Levels:           1  (LUT2=1)
  Clock Path Skew:        0.047ns (DCD - SCD + CPR)
    Destination Clock Delay (DCD):    2.893ns = ( 12.893 - 10.000 ) 
    Source Clock Delay      (SCD):    2.975ns
    Clock Pessimism Removal (CPR):    0.129ns
  Clock Uncertainty:      0.154ns  ((TSJ^2 + TIJ^2)^1/2 + DJ) / 2 + PE
    Total System Jitter     (TSJ):    0.071ns
    Total Input Jitter      (TIJ):    0.300ns
    Discrete Jitter          (DJ):    0.000ns
    Phase Error              (PE):    0.000ns

    Location             Delay type                Incr(ns)  Path(ns)    Netlist Resource(s)
  -------------------------------------------------------------------    -------------------
                         (clock clk_fpga_0 rise edge)
                                                      0.000     0.000 r  
    PS7_X0Y0             PS7                          0.000     0.000 r  rv32_top_i/ps7/inst/PS7_i/FCLKCLK[0]
                         net (fo=1, routed)           1.193     1.193    rv32_top_i/ps7/inst/FCLK_CLK_unbuffered[0]
    BUFGCTRL_X0Y16       BUFG (Prop_bufg_I_O)         0.101     1.294 r  rv32_top_i/ps7/inst/buffer_fclk_clk_0.FCLK_CLK_0_BUFG/O
                         net (fo=12131, routed)       1.681     2.975    rv32_top_i/rst_ps7_50M/U0/slowest_sync_clk
    SLICE_X28Y73         FDRE                                         r  rv32_top_i/rst_ps7_50M/U0/ACTIVE_LOW_PR_OUT_DFF[0].FDRE_PER_N/C
  -------------------------------------------------------------------    -------------------
    SLICE_X28Y73         FDRE (Prop_fdre_C_Q)         0.456     3.431 r  rv32_top_i/rst_ps7_50M/U0/ACTIVE_LOW_PR_OUT_DFF[0].FDRE_PER_N/Q
                         net (fo=31, routed)          2.329     5.760    rv32_top_i/plat/U0/u_ctrl/S_AXI_ARESETN
    SLICE_X26Y107        LUT2 (Prop_lut2_I1_O)        0.124     5.884 f  rv32_top_i/plat/U0/u_ctrl/regs[1][31]_i_1/O
                         net (fo=3969, routed)        4.941    10.825    rv32_top_i/plat/U0/u_core/regs_reg[31][0]
    SLICE_X65Y141        FDCE                                         f  rv32_top_i/plat/U0/u_core/shadow_reg[4][4]/CLR
  -------------------------------------------------------------------    -------------------

                         (clock clk_fpga_0 rise edge)
                                                     10.000    10.000 r  
    PS7_X0Y0             PS7                          0.000    10.000 r  rv32_top_i/ps7/inst/PS7_i/FCLKCLK[0]
                         net (fo=1, routed)           1.088    11.088    rv32_top_i/ps7/inst/FCLK_CLK_unbuffered[0]
    BUFGCTRL_X0Y16       BUFG (Prop_bufg_I_O)         0.091    11.179 r  rv32_top_i/ps7/inst/buffer_fclk_clk_0.FCLK_CLK_0_BUFG/O
                         net (fo=12131, routed)       1.714    12.893    rv32_top_i/plat/U0/u_core/S_AXI_ACLK
    SLICE_X65Y141        FDCE                                         r  rv32_top_i/plat/U0/u_core/shadow_reg[4][4]/C
                         clock pessimism              0.129    13.022    
                         clock uncertainty           -0.154    12.868    
    SLICE_X65Y141        FDCE (Recov_fdce_C_CLR)     -0.405    12.463    rv32_top_i/plat/U0/u_core/shadow_reg[4][4]
  -------------------------------------------------------------------
                         required time                         12.463    
                         arrival time                         -10.825    
  -------------------------------------------------------------------
                         slack                                  1.638    





Min Delay Paths
--------------------------------------------------------------------------------------
Slack (MET) :             0.748ns  (arrival time - required time)
  Source:                 rv32_top_i/plat/U0/u_ctrl/r_ctrl_reg[0]/C
                            (rising edge-triggered cell FDRE clocked by clk_fpga_0  {rise@0.000ns fall@5.000ns period=10.000ns})
  Destination:            rv32_top_i/plat/U0/u_dcache/u_axi/rbuf_reg[13]/CLR
                            (removal check against rising-edge clock clk_fpga_0  {rise@0.000ns fall@5.000ns period=10.000ns})
  Path Group:             **async_default**
  Path Type:              Removal (Min at Fast Process Corner)
  Requirement:            0.000ns  (clk_fpga_0 rise@0.000ns - clk_fpga_0 rise@0.000ns)
  Data Path Delay:        0.692ns  (logic 0.209ns (30.206%)  route 0.483ns (69.794%))
  Logic Levels:           1  (LUT2=1)
  Clock Path Skew:        0.036ns (DCD - SCD - CPR)
    Destination Clock Delay (DCD):    1.294ns
    Source Clock Delay      (SCD):    0.990ns
    Clock Pessimism Removal (CPR):    0.268ns

    Location             Delay type                Incr(ns)  Path(ns)    Netlist Resource(s)
  -------------------------------------------------------------------    -------------------
                         (clock clk_fpga_0 rise edge)
                                                      0.000     0.000 r  
    PS7_X0Y0             PS7                          0.000     0.000 r  rv32_top_i/ps7/inst/PS7_i/FCLKCLK[0]
                         net (fo=1, routed)           0.310     0.310    rv32_top_i/ps7/inst/FCLK_CLK_unbuffered[0]
    BUFGCTRL_X0Y16       BUFG (Prop_bufg_I_O)         0.026     0.336 r  rv32_top_i/ps7/inst/buffer_fclk_clk_0.FCLK_CLK_0_BUFG/O
                         net (fo=12131, routed)       0.654     0.990    rv32_top_i/plat/U0/u_ctrl/S_AXI_ACLK
    SLICE_X26Y107        FDRE                                         r  rv32_top_i/plat/U0/u_ctrl/r_ctrl_reg[0]/C
  -------------------------------------------------------------------    -------------------
    SLICE_X26Y107        FDRE (Prop_fdre_C_Q)         0.164     1.154 f  rv32_top_i/plat/U0/u_ctrl/r_ctrl_reg[0]/Q
                         net (fo=2, routed)           0.293     1.447    rv32_top_i/plat/U0/u_ctrl/cpu_reset
    SLICE_X26Y107        LUT2 (Prop_lut2_I0_O)        0.045     1.492 f  rv32_top_i/plat/U0/u_ctrl/regs[1][31]_i_1/O
                         net (fo=3969, routed)        0.190     1.682    rv32_top_i/plat/U0/u_dcache/u_axi/beat_reg[0]_1
    SLICE_X31Y111        FDCE                                         f  rv32_top_i/plat/U0/u_dcache/u_axi/rbuf_reg[13]/CLR
  -------------------------------------------------------------------    -------------------

                         (clock clk_fpga_0 rise edge)
                                                      0.000     0.000 r  
    PS7_X0Y0             PS7                          0.000     0.000 r  rv32_top_i/ps7/inst/PS7_i/FCLKCLK[0]
                         net (fo=1, routed)           0.337     0.337    rv32_top_i/ps7/inst/FCLK_CLK_unbuffered[0]
    BUFGCTRL_X0Y16       BUFG (Prop_bufg_I_O)         0.029     0.366 r  rv32_top_i/ps7/inst/buffer_fclk_clk_0.FCLK_CLK_0_BUFG/O
                         net (fo=12131, routed)       0.928     1.294    rv32_top_i/plat/U0/u_dcache/u_axi/S_AXI_ACLK
    SLICE_X31Y111        FDCE                                         r  rv32_top_i/plat/U0/u_dcache/u_axi/rbuf_reg[13]/C
                         clock pessimism             -0.268     1.026    
    SLICE_X31Y111        FDCE (Remov_fdce_C_CLR)     -0.092     0.934    rv32_top_i/plat/U0/u_dcache/u_axi/rbuf_reg[13]
  -------------------------------------------------------------------
                         required time                         -0.934    
                         arrival time                           1.682    
  -------------------------------------------------------------------
                         slack                                  0.748    

Slack (MET) :             0.803ns  (arrival time - required time)
  Source:                 rv32_top_i/plat/U0/u_ctrl/r_ctrl_reg[0]/C
                            (rising edge-triggered cell FDRE clocked by clk_fpga_0  {rise@0.000ns fall@5.000ns period=10.000ns})
  Destination:            rv32_top_i/plat/U0/u_dcache/u_axi/rbuf_reg[45]/CLR
                            (removal check against rising-edge clock clk_fpga_0  {rise@0.000ns fall@5.000ns period=10.000ns})
  Path Group:             **async_default**
  Path Type:              Removal (Min at Fast Process Corner)
  Requirement:            0.000ns  (clk_fpga_0 rise@0.000ns - clk_fpga_0 rise@0.000ns)
  Data Path Delay:        0.745ns  (logic 0.209ns (28.042%)  route 0.536ns (71.958%))
  Logic Levels:           1  (LUT2=1)
  Clock Path Skew:        0.034ns (DCD - SCD - CPR)
    Destination Clock Delay (DCD):    1.292ns
    Source Clock Delay      (SCD):    0.990ns
    Clock Pessimism Removal (CPR):    0.268ns

    Location             Delay type                Incr(ns)  Path(ns)    Netlist Resource(s)
  -------------------------------------------------------------------    -------------------
                         (clock clk_fpga_0 rise edge)
                                                      0.000     0.000 r  
    PS7_X0Y0             PS7                          0.000     0.000 r  rv32_top_i/ps7/inst/PS7_i/FCLKCLK[0]
                         net (fo=1, routed)           0.310     0.310    rv32_top_i/ps7/inst/FCLK_CLK_unbuffered[0]
    BUFGCTRL_X0Y16       BUFG (Prop_bufg_I_O)         0.026     0.336 r  rv32_top_i/ps7/inst/buffer_fclk_clk_0.FCLK_CLK_0_BUFG/O
                         net (fo=12131, routed)       0.654     0.990    rv32_top_i/plat/U0/u_ctrl/S_AXI_ACLK
    SLICE_X26Y107        FDRE                                         r  rv32_top_i/plat/U0/u_ctrl/r_ctrl_reg[0]/C
  -------------------------------------------------------------------    -------------------
    SLICE_X26Y107        FDRE (Prop_fdre_C_Q)         0.164     1.154 f  rv32_top_i/plat/U0/u_ctrl/r_ctrl_reg[0]/Q
                         net (fo=2, routed)           0.293     1.447    rv32_top_i/plat/U0/u_ctrl/cpu_reset
    SLICE_X26Y107        LUT2 (Prop_lut2_I0_O)        0.045     1.492 f  rv32_top_i/plat/U0/u_ctrl/regs[1][31]_i_1/O
                         net (fo=3969, routed)        0.244     1.735    rv32_top_i/plat/U0/u_dcache/u_axi/beat_reg[0]_1
    SLICE_X31Y112        FDCE                                         f  rv32_top_i/plat/U0/u_dcache/u_axi/rbuf_reg[45]/CLR
  -------------------------------------------------------------------    -------------------

                         (clock clk_fpga_0 rise edge)
                                                      0.000     0.000 r  
    PS7_X0Y0             PS7                          0.000     0.000 r  rv32_top_i/ps7/inst/PS7_i/FCLKCLK[0]
                         net (fo=1, routed)           0.337     0.337    rv32_top_i/ps7/inst/FCLK_CLK_unbuffered[0]
    BUFGCTRL_X0Y16       BUFG (Prop_bufg_I_O)         0.029     0.366 r  rv32_top_i/ps7/inst/buffer_fclk_clk_0.FCLK_CLK_0_BUFG/O
                         net (fo=12131, routed)       0.926     1.292    rv32_top_i/plat/U0/u_dcache/u_axi/S_AXI_ACLK
    SLICE_X31Y112        FDCE                                         r  rv32_top_i/plat/U0/u_dcache/u_axi/rbuf_reg[45]/C
                         clock pessimism             -0.268     1.024    
    SLICE_X31Y112        FDCE (Remov_fdce_C_CLR)     -0.092     0.932    rv32_top_i/plat/U0/u_dcache/u_axi/rbuf_reg[45]
  -------------------------------------------------------------------
                         required time                         -0.932    
                         arrival time                           1.735    
  -------------------------------------------------------------------
                         slack                                  0.803    

Slack (MET) :             0.816ns  (arrival time - required time)
  Source:                 rv32_top_i/plat/U0/u_ctrl/r_ctrl_reg[0]/C
                            (rising edge-triggered cell FDRE clocked by clk_fpga_0  {rise@0.000ns fall@5.000ns period=10.000ns})
  Destination:            rv32_top_i/plat/U0/u_dcache/u_axi/rbuf_reg[77]/CLR
                            (removal check against rising-edge clock clk_fpga_0  {rise@0.000ns fall@5.000ns period=10.000ns})
  Path Group:             **async_default**
  Path Type:              Removal (Min at Fast Process Corner)
  Requirement:            0.000ns  (clk_fpga_0 rise@0.000ns - clk_fpga_0 rise@0.000ns)
  Data Path Delay:        0.761ns  (logic 0.209ns (27.462%)  route 0.552ns (72.538%))
  Logic Levels:           1  (LUT2=1)
  Clock Path Skew:        0.037ns (DCD - SCD - CPR)
    Destination Clock Delay (DCD):    1.295ns
    Source Clock Delay      (SCD):    0.990ns
    Clock Pessimism Removal (CPR):    0.268ns

    Location             Delay type                Incr(ns)  Path(ns)    Netlist Resource(s)
  -------------------------------------------------------------------    -------------------
                         (clock clk_fpga_0 rise edge)
                                                      0.000     0.000 r  
    PS7_X0Y0             PS7                          0.000     0.000 r  rv32_top_i/ps7/inst/PS7_i/FCLKCLK[0]
                         net (fo=1, routed)           0.310     0.310    rv32_top_i/ps7/inst/FCLK_CLK_unbuffered[0]
    BUFGCTRL_X0Y16       BUFG (Prop_bufg_I_O)         0.026     0.336 r  rv32_top_i/ps7/inst/buffer_fclk_clk_0.FCLK_CLK_0_BUFG/O
                         net (fo=12131, routed)       0.654     0.990    rv32_top_i/plat/U0/u_ctrl/S_AXI_ACLK
    SLICE_X26Y107        FDRE                                         r  rv32_top_i/plat/U0/u_ctrl/r_ctrl_reg[0]/C
  -------------------------------------------------------------------    -------------------
    SLICE_X26Y107        FDRE (Prop_fdre_C_Q)         0.164     1.154 f  rv32_top_i/plat/U0/u_ctrl/r_ctrl_reg[0]/Q
                         net (fo=2, routed)           0.293     1.447    rv32_top_i/plat/U0/u_ctrl/cpu_reset
    SLICE_X26Y107        LUT2 (Prop_lut2_I0_O)        0.045     1.492 f  rv32_top_i/plat/U0/u_ctrl/regs[1][31]_i_1/O
                         net (fo=3969, routed)        0.260     1.751    rv32_top_i/plat/U0/u_dcache/u_axi/beat_reg[0]_1
    SLICE_X31Y109        FDCE                                         f  rv32_top_i/plat/U0/u_dcache/u_axi/rbuf_reg[77]/CLR
  -------------------------------------------------------------------    -------------------

                         (clock clk_fpga_0 rise edge)
                                                      0.000     0.000 r  
    PS7_X0Y0             PS7                          0.000     0.000 r  rv32_top_i/ps7/inst/PS7_i/FCLKCLK[0]
                         net (fo=1, routed)           0.337     0.337    rv32_top_i/ps7/inst/FCLK_CLK_unbuffered[0]
    BUFGCTRL_X0Y16       BUFG (Prop_bufg_I_O)         0.029     0.366 r  rv32_top_i/ps7/inst/buffer_fclk_clk_0.FCLK_CLK_0_BUFG/O
                         net (fo=12131, routed)       0.929     1.295    rv32_top_i/plat/U0/u_dcache/u_axi/S_AXI_ACLK
    SLICE_X31Y109        FDCE                                         r  rv32_top_i/plat/U0/u_dcache/u_axi/rbuf_reg[77]/C
                         clock pessimism             -0.268     1.027    
    SLICE_X31Y109        FDCE (Remov_fdce_C_CLR)     -0.092     0.935    rv32_top_i/plat/U0/u_dcache/u_axi/rbuf_reg[77]
  -------------------------------------------------------------------
                         required time                         -0.935    
                         arrival time                           1.751    
  -------------------------------------------------------------------
                         slack                                  0.816    

Slack (MET) :             0.849ns  (arrival time - required time)
  Source:                 rv32_top_i/plat/U0/u_ctrl/r_ctrl_reg[0]/C
                            (rising edge-triggered cell FDRE clocked by clk_fpga_0  {rise@0.000ns fall@5.000ns period=10.000ns})
  Destination:            rv32_top_i/plat/U0/u_dcache/u_axi/rbuf_reg[9]/CLR
                            (removal check against rising-edge clock clk_fpga_0  {rise@0.000ns fall@5.000ns period=10.000ns})
  Path Group:             **async_default**
  Path Type:              Removal (Min at Fast Process Corner)
  Requirement:            0.000ns  (clk_fpga_0 rise@0.000ns - clk_fpga_0 rise@0.000ns)
  Data Path Delay:        0.775ns  (logic 0.209ns (26.961%)  route 0.566ns (73.039%))
  Logic Levels:           1  (LUT2=1)
  Clock Path Skew:        0.018ns (DCD - SCD - CPR)
    Destination Clock Delay (DCD):    1.276ns
    Source Clock Delay      (SCD):    0.990ns
    Clock Pessimism Removal (CPR):    0.268ns

    Location             Delay type                Incr(ns)  Path(ns)    Netlist Resource(s)
  -------------------------------------------------------------------    -------------------
                         (clock clk_fpga_0 rise edge)
                                                      0.000     0.000 r  
    PS7_X0Y0             PS7                          0.000     0.000 r  rv32_top_i/ps7/inst/PS7_i/FCLKCLK[0]
                         net (fo=1, routed)           0.310     0.310    rv32_top_i/ps7/inst/FCLK_CLK_unbuffered[0]
    BUFGCTRL_X0Y16       BUFG (Prop_bufg_I_O)         0.026     0.336 r  rv32_top_i/ps7/inst/buffer_fclk_clk_0.FCLK_CLK_0_BUFG/O
                         net (fo=12131, routed)       0.654     0.990    rv32_top_i/plat/U0/u_ctrl/S_AXI_ACLK
    SLICE_X26Y107        FDRE                                         r  rv32_top_i/plat/U0/u_ctrl/r_ctrl_reg[0]/C
  -------------------------------------------------------------------    -------------------
    SLICE_X26Y107        FDRE (Prop_fdre_C_Q)         0.164     1.154 f  rv32_top_i/plat/U0/u_ctrl/r_ctrl_reg[0]/Q
                         net (fo=2, routed)           0.293     1.447    rv32_top_i/plat/U0/u_ctrl/cpu_reset
    SLICE_X26Y107        LUT2 (Prop_lut2_I0_O)        0.045     1.492 f  rv32_top_i/plat/U0/u_ctrl/regs[1][31]_i_1/O
                         net (fo=3969, routed)        0.274     1.765    rv32_top_i/plat/U0/u_dcache/u_axi/beat_reg[0]_1
    SLICE_X33Y107        FDCE                                         f  rv32_top_i/plat/U0/u_dcache/u_axi/rbuf_reg[9]/CLR
  -------------------------------------------------------------------    -------------------

                         (clock clk_fpga_0 rise edge)
                                                      0.000     0.000 r  
    PS7_X0Y0             PS7                          0.000     0.000 r  rv32_top_i/ps7/inst/PS7_i/FCLKCLK[0]
                         net (fo=1, routed)           0.337     0.337    rv32_top_i/ps7/inst/FCLK_CLK_unbuffered[0]
    BUFGCTRL_X0Y16       BUFG (Prop_bufg_I_O)         0.029     0.366 r  rv32_top_i/ps7/inst/buffer_fclk_clk_0.FCLK_CLK_0_BUFG/O
                         net (fo=12131, routed)       0.910     1.276    rv32_top_i/plat/U0/u_dcache/u_axi/S_AXI_ACLK
    SLICE_X33Y107        FDCE                                         r  rv32_top_i/plat/U0/u_dcache/u_axi/rbuf_reg[9]/C
                         clock pessimism             -0.268     1.008    
    SLICE_X33Y107        FDCE (Remov_fdce_C_CLR)     -0.092     0.916    rv32_top_i/plat/U0/u_dcache/u_axi/rbuf_reg[9]
  -------------------------------------------------------------------
                         required time                         -0.916    
                         arrival time                           1.765    
  -------------------------------------------------------------------
                         slack                                  0.849    

Slack (MET) :             0.870ns  (arrival time - required time)
  Source:                 rv32_top_i/plat/U0/u_ctrl/r_ctrl_reg[0]/C
                            (rising edge-triggered cell FDRE clocked by clk_fpga_0  {rise@0.000ns fall@5.000ns period=10.000ns})
  Destination:            rv32_top_i/plat/U0/u_dcache/u_axi/rbuf_reg[109]/CLR
                            (removal check against rising-edge clock clk_fpga_0  {rise@0.000ns fall@5.000ns period=10.000ns})
  Path Group:             **async_default**
  Path Type:              Removal (Min at Fast Process Corner)
  Requirement:            0.000ns  (clk_fpga_0 rise@0.000ns - clk_fpga_0 rise@0.000ns)
  Data Path Delay:        0.814ns  (logic 0.209ns (25.661%)  route 0.605ns (74.339%))
  Logic Levels:           1  (LUT2=1)
  Clock Path Skew:        0.036ns (DCD - SCD - CPR)
    Destination Clock Delay (DCD):    1.294ns
    Source Clock Delay      (SCD):    0.990ns
    Clock Pessimism Removal (CPR):    0.268ns

    Location             Delay type                Incr(ns)  Path(ns)    Netlist Resource(s)
  -------------------------------------------------------------------    -------------------
                         (clock clk_fpga_0 rise edge)
                                                      0.000     0.000 r  
    PS7_X0Y0             PS7                          0.000     0.000 r  rv32_top_i/ps7/inst/PS7_i/FCLKCLK[0]
                         net (fo=1, routed)           0.310     0.310    rv32_top_i/ps7/inst/FCLK_CLK_unbuffered[0]
    BUFGCTRL_X0Y16       BUFG (Prop_bufg_I_O)         0.026     0.336 r  rv32_top_i/ps7/inst/buffer_fclk_clk_0.FCLK_CLK_0_BUFG/O
                         net (fo=12131, routed)       0.654     0.990    rv32_top_i/plat/U0/u_ctrl/S_AXI_ACLK
    SLICE_X26Y107        FDRE                                         r  rv32_top_i/plat/U0/u_ctrl/r_ctrl_reg[0]/C
  -------------------------------------------------------------------    -------------------
    SLICE_X26Y107        FDRE (Prop_fdre_C_Q)         0.164     1.154 f  rv32_top_i/plat/U0/u_ctrl/r_ctrl_reg[0]/Q
                         net (fo=2, routed)           0.293     1.447    rv32_top_i/plat/U0/u_ctrl/cpu_reset
    SLICE_X26Y107        LUT2 (Prop_lut2_I0_O)        0.045     1.492 f  rv32_top_i/plat/U0/u_ctrl/regs[1][31]_i_1/O
                         net (fo=3969, routed)        0.313     1.804    rv32_top_i/plat/U0/u_dcache/u_axi/beat_reg[0]_1
    SLICE_X31Y110        FDCE                                         f  rv32_top_i/plat/U0/u_dcache/u_axi/rbuf_reg[109]/CLR
  -------------------------------------------------------------------    -------------------

                         (clock clk_fpga_0 rise edge)
                                                      0.000     0.000 r  
    PS7_X0Y0             PS7                          0.000     0.000 r  rv32_top_i/ps7/inst/PS7_i/FCLKCLK[0]
                         net (fo=1, routed)           0.337     0.337    rv32_top_i/ps7/inst/FCLK_CLK_unbuffered[0]
    BUFGCTRL_X0Y16       BUFG (Prop_bufg_I_O)         0.029     0.366 r  rv32_top_i/ps7/inst/buffer_fclk_clk_0.FCLK_CLK_0_BUFG/O
                         net (fo=12131, routed)       0.928     1.294    rv32_top_i/plat/U0/u_dcache/u_axi/S_AXI_ACLK
    SLICE_X31Y110        FDCE                                         r  rv32_top_i/plat/U0/u_dcache/u_axi/rbuf_reg[109]/C
                         clock pessimism             -0.268     1.026    
    SLICE_X31Y110        FDCE (Remov_fdce_C_CLR)     -0.092     0.934    rv32_top_i/plat/U0/u_dcache/u_axi/rbuf_reg[109]
  -------------------------------------------------------------------
                         required time                         -0.934    
                         arrival time                           1.804    
  -------------------------------------------------------------------
                         slack                                  0.870    

Slack (MET) :             0.944ns  (arrival time - required time)
  Source:                 rv32_top_i/plat/U0/u_ctrl/r_ctrl_reg[0]/C
                            (rising edge-triggered cell FDRE clocked by clk_fpga_0  {rise@0.000ns fall@5.000ns period=10.000ns})
  Destination:            rv32_top_i/plat/U0/u_dcache/u_axi/rbuf_reg[78]/CLR
                            (removal check against rising-edge clock clk_fpga_0  {rise@0.000ns fall@5.000ns period=10.000ns})
  Path Group:             **async_default**
  Path Type:              Removal (Min at Fast Process Corner)
  Requirement:            0.000ns  (clk_fpga_0 rise@0.000ns - clk_fpga_0 rise@0.000ns)
  Data Path Delay:        0.869ns  (logic 0.209ns (24.043%)  route 0.660ns (75.957%))
  Logic Levels:           1  (LUT2=1)
  Clock Path Skew:        0.017ns (DCD - SCD - CPR)
    Destination Clock Delay (DCD):    1.275ns
    Source Clock Delay      (SCD):    0.990ns
    Clock Pessimism Removal (CPR):    0.268ns

    Location             Delay type                Incr(ns)  Path(ns)    Netlist Resource(s)
  -------------------------------------------------------------------    -------------------
                         (clock clk_fpga_0 rise edge)
                                                      0.000     0.000 r  
    PS7_X0Y0             PS7                          0.000     0.000 r  rv32_top_i/ps7/inst/PS7_i/FCLKCLK[0]
                         net (fo=1, routed)           0.310     0.310    rv32_top_i/ps7/inst/FCLK_CLK_unbuffered[0]
    BUFGCTRL_X0Y16       BUFG (Prop_bufg_I_O)         0.026     0.336 r  rv32_top_i/ps7/inst/buffer_fclk_clk_0.FCLK_CLK_0_BUFG/O
                         net (fo=12131, routed)       0.654     0.990    rv32_top_i/plat/U0/u_ctrl/S_AXI_ACLK
    SLICE_X26Y107        FDRE                                         r  rv32_top_i/plat/U0/u_ctrl/r_ctrl_reg[0]/C
  -------------------------------------------------------------------    -------------------
    SLICE_X26Y107        FDRE (Prop_fdre_C_Q)         0.164     1.154 f  rv32_top_i/plat/U0/u_ctrl/r_ctrl_reg[0]/Q
                         net (fo=2, routed)           0.293     1.447    rv32_top_i/plat/U0/u_ctrl/cpu_reset
    SLICE_X26Y107        LUT2 (Prop_lut2_I0_O)        0.045     1.492 f  rv32_top_i/plat/U0/u_ctrl/regs[1][31]_i_1/O
                         net (fo=3969, routed)        0.368     1.859    rv32_top_i/plat/U0/u_dcache/u_axi/beat_reg[0]_1
    SLICE_X39Y107        FDCE                                         f  rv32_top_i/plat/U0/u_dcache/u_axi/rbuf_reg[78]/CLR
  -------------------------------------------------------------------    -------------------

                         (clock clk_fpga_0 rise edge)
                                                      0.000     0.000 r  
    PS7_X0Y0             PS7                          0.000     0.000 r  rv32_top_i/ps7/inst/PS7_i/FCLKCLK[0]
                         net (fo=1, routed)           0.337     0.337    rv32_top_i/ps7/inst/FCLK_CLK_unbuffered[0]
    BUFGCTRL_X0Y16       BUFG (Prop_bufg_I_O)         0.029     0.366 r  rv32_top_i/ps7/inst/buffer_fclk_clk_0.FCLK_CLK_0_BUFG/O
                         net (fo=12131, routed)       0.909     1.275    rv32_top_i/plat/U0/u_dcache/u_axi/S_AXI_ACLK
    SLICE_X39Y107        FDCE                                         r  rv32_top_i/plat/U0/u_dcache/u_axi/rbuf_reg[78]/C
                         clock pessimism             -0.268     1.007    
    SLICE_X39Y107        FDCE (Remov_fdce_C_CLR)     -0.092     0.915    rv32_top_i/plat/U0/u_dcache/u_axi/rbuf_reg[78]
  -------------------------------------------------------------------
                         required time                         -0.915    
                         arrival time                           1.859    
  -------------------------------------------------------------------
                         slack                                  0.944    

Slack (MET) :             0.974ns  (arrival time - required time)
  Source:                 rv32_top_i/plat/U0/u_ctrl/r_ctrl_reg[0]/C
                            (rising edge-triggered cell FDRE clocked by clk_fpga_0  {rise@0.000ns fall@5.000ns period=10.000ns})
  Destination:            rv32_top_i/plat/U0/u_dcache/u_axi/rbuf_reg[73]/CLR
                            (removal check against rising-edge clock clk_fpga_0  {rise@0.000ns fall@5.000ns period=10.000ns})
  Path Group:             **async_default**
  Path Type:              Removal (Min at Fast Process Corner)
  Requirement:            0.000ns  (clk_fpga_0 rise@0.000ns - clk_fpga_0 rise@0.000ns)
  Data Path Delay:        0.900ns  (logic 0.209ns (23.228%)  route 0.691ns (76.772%))
  Logic Levels:           1  (LUT2=1)
  Clock Path Skew:        0.018ns (DCD - SCD - CPR)
    Destination Clock Delay (DCD):    1.276ns
    Source Clock Delay      (SCD):    0.990ns
    Clock Pessimism Removal (CPR):    0.268ns

    Location             Delay type                Incr(ns)  Path(ns)    Netlist Resource(s)
  -------------------------------------------------------------------    -------------------
                         (clock clk_fpga_0 rise edge)
                                                      0.000     0.000 r  
    PS7_X0Y0             PS7                          0.000     0.000 r  rv32_top_i/ps7/inst/PS7_i/FCLKCLK[0]
                         net (fo=1, routed)           0.310     0.310    rv32_top_i/ps7/inst/FCLK_CLK_unbuffered[0]
    BUFGCTRL_X0Y16       BUFG (Prop_bufg_I_O)         0.026     0.336 r  rv32_top_i/ps7/inst/buffer_fclk_clk_0.FCLK_CLK_0_BUFG/O
                         net (fo=12131, routed)       0.654     0.990    rv32_top_i/plat/U0/u_ctrl/S_AXI_ACLK
    SLICE_X26Y107        FDRE                                         r  rv32_top_i/plat/U0/u_ctrl/r_ctrl_reg[0]/C
  -------------------------------------------------------------------    -------------------
    SLICE_X26Y107        FDRE (Prop_fdre_C_Q)         0.164     1.154 f  rv32_top_i/plat/U0/u_ctrl/r_ctrl_reg[0]/Q
                         net (fo=2, routed)           0.293     1.447    rv32_top_i/plat/U0/u_ctrl/cpu_reset
    SLICE_X26Y107        LUT2 (Prop_lut2_I0_O)        0.045     1.492 f  rv32_top_i/plat/U0/u_ctrl/regs[1][31]_i_1/O
                         net (fo=3969, routed)        0.398     1.890    rv32_top_i/plat/U0/u_dcache/u_axi/beat_reg[0]_1
    SLICE_X35Y107        FDCE                                         f  rv32_top_i/plat/U0/u_dcache/u_axi/rbuf_reg[73]/CLR
  -------------------------------------------------------------------    -------------------

                         (clock clk_fpga_0 rise edge)
                                                      0.000     0.000 r  
    PS7_X0Y0             PS7                          0.000     0.000 r  rv32_top_i/ps7/inst/PS7_i/FCLKCLK[0]
                         net (fo=1, routed)           0.337     0.337    rv32_top_i/ps7/inst/FCLK_CLK_unbuffered[0]
    BUFGCTRL_X0Y16       BUFG (Prop_bufg_I_O)         0.029     0.366 r  rv32_top_i/ps7/inst/buffer_fclk_clk_0.FCLK_CLK_0_BUFG/O
                         net (fo=12131, routed)       0.910     1.276    rv32_top_i/plat/U0/u_dcache/u_axi/S_AXI_ACLK
    SLICE_X35Y107        FDCE                                         r  rv32_top_i/plat/U0/u_dcache/u_axi/rbuf_reg[73]/C
                         clock pessimism             -0.268     1.008    
    SLICE_X35Y107        FDCE (Remov_fdce_C_CLR)     -0.092     0.916    rv32_top_i/plat/U0/u_dcache/u_axi/rbuf_reg[73]
  -------------------------------------------------------------------
                         required time                         -0.916    
                         arrival time                           1.890    
  -------------------------------------------------------------------
                         slack                                  0.974    

Slack (MET) :             1.008ns  (arrival time - required time)
  Source:                 rv32_top_i/plat/U0/u_ctrl/r_ctrl_reg[0]/C
                            (rising edge-triggered cell FDRE clocked by clk_fpga_0  {rise@0.000ns fall@5.000ns period=10.000ns})
  Destination:            rv32_top_i/plat/U0/u_dcache/u_axi/rbuf_reg[14]/CLR
                            (removal check against rising-edge clock clk_fpga_0  {rise@0.000ns fall@5.000ns period=10.000ns})
  Path Group:             **async_default**
  Path Type:              Removal (Min at Fast Process Corner)
  Requirement:            0.000ns  (clk_fpga_0 rise@0.000ns - clk_fpga_0 rise@0.000ns)
  Data Path Delay:        0.933ns  (logic 0.209ns (22.412%)  route 0.724ns (77.588%))
  Logic Levels:           1  (LUT2=1)
  Clock Path Skew:        0.017ns (DCD - SCD - CPR)
    Destination Clock Delay (DCD):    1.275ns
    Source Clock Delay      (SCD):    0.990ns
    Clock Pessimism Removal (CPR):    0.268ns

    Location             Delay type                Incr(ns)  Path(ns)    Netlist Resource(s)
  -------------------------------------------------------------------    -------------------
                         (clock clk_fpga_0 rise edge)
                                                      0.000     0.000 r  
    PS7_X0Y0             PS7                          0.000     0.000 r  rv32_top_i/ps7/inst/PS7_i/FCLKCLK[0]
                         net (fo=1, routed)           0.310     0.310    rv32_top_i/ps7/inst/FCLK_CLK_unbuffered[0]
    BUFGCTRL_X0Y16       BUFG (Prop_bufg_I_O)         0.026     0.336 r  rv32_top_i/ps7/inst/buffer_fclk_clk_0.FCLK_CLK_0_BUFG/O
                         net (fo=12131, routed)       0.654     0.990    rv32_top_i/plat/U0/u_ctrl/S_AXI_ACLK
    SLICE_X26Y107        FDRE                                         r  rv32_top_i/plat/U0/u_ctrl/r_ctrl_reg[0]/C
  -------------------------------------------------------------------    -------------------
    SLICE_X26Y107        FDRE (Prop_fdre_C_Q)         0.164     1.154 f  rv32_top_i/plat/U0/u_ctrl/r_ctrl_reg[0]/Q
                         net (fo=2, routed)           0.293     1.447    rv32_top_i/plat/U0/u_ctrl/cpu_reset
    SLICE_X26Y107        LUT2 (Prop_lut2_I0_O)        0.045     1.492 f  rv32_top_i/plat/U0/u_ctrl/regs[1][31]_i_1/O
                         net (fo=3969, routed)        0.431     1.923    rv32_top_i/plat/U0/u_dcache/u_axi/beat_reg[0]_1
    SLICE_X39Y108        FDCE                                         f  rv32_top_i/plat/U0/u_dcache/u_axi/rbuf_reg[14]/CLR
  -------------------------------------------------------------------    -------------------

                         (clock clk_fpga_0 rise edge)
                                                      0.000     0.000 r  
    PS7_X0Y0             PS7                          0.000     0.000 r  rv32_top_i/ps7/inst/PS7_i/FCLKCLK[0]
                         net (fo=1, routed)           0.337     0.337    rv32_top_i/ps7/inst/FCLK_CLK_unbuffered[0]
    BUFGCTRL_X0Y16       BUFG (Prop_bufg_I_O)         0.029     0.366 r  rv32_top_i/ps7/inst/buffer_fclk_clk_0.FCLK_CLK_0_BUFG/O
                         net (fo=12131, routed)       0.909     1.275    rv32_top_i/plat/U0/u_dcache/u_axi/S_AXI_ACLK
    SLICE_X39Y108        FDCE                                         r  rv32_top_i/plat/U0/u_dcache/u_axi/rbuf_reg[14]/C
                         clock pessimism             -0.268     1.007    
    SLICE_X39Y108        FDCE (Remov_fdce_C_CLR)     -0.092     0.915    rv32_top_i/plat/U0/u_dcache/u_axi/rbuf_reg[14]
  -------------------------------------------------------------------
                         required time                         -0.915    
                         arrival time                           1.923    
  -------------------------------------------------------------------
                         slack                                  1.008    





